commit id,author,date,comment,changed files,lines added,lines deleted

c805418,dependabot-preview[bot],Tue Sep 15 06:07:35 2020,"Bump pytest from 5.4.1 to 6.0.2",   1, 1, 1 
5fb73f7,dependabot-preview[bot],Tue Sep 8 06:01:46 2020,"Bump streamlit from 0.56.0 to 0.66.0",   1, 1, 1 
9e472d7,dependabot-preview[bot],Tue Sep 1 05:24:34 2020,"Bump jupyter-client from 6.1.0 to 6.1.7",   1, 1, 1 
c172937,dependabot-preview[bot],Tue Sep 1 05:17:39 2020,"Bump ipython from 7.13.0 to 7.18.1",   1, 1, 1 
d3fbe21,Ricardo Giglio,Sat Aug 1 00:33:05 2020,"Merge pull request #126 from 3778/pillow_version", 
077f9b5,rgiglio,Thu Jul 30 12:36:41 2020,"pillow version",   1, 1, 1 
17e25f8,dependabot-preview[bot],Wed Jul 29 07:59:49 2020,"Bump tornado from 5.1.1 to 6.0.4",   1, 1, 1 
addfec0,dependabot-preview[bot],Wed Jul 29 07:41:29 2020,"Bump pytz from 2019.3 to 2020.1",   1, 1, 1 
3abd6fd,dependabot-preview[bot],Wed Jul 29 07:41:07 2020,"Bump jedi from 0.16.0 to 0.17.2",   1, 1, 1 
74d01a9,dependabot-preview[bot],Wed Jul 29 07:40:47 2020,"Bump toml from 0.10.0 to 0.10.1",   1, 1, 1 
583710e,dependabot-preview[bot],Wed Jul 29 07:39:35 2020,"Bump urllib3 from 1.25.8 to 1.25.10",   1, 1, 1 
df9f67b,dependabot-preview[bot],Wed Jul 29 07:39:16 2020,"Bump ipykernel from 5.2.0 to 5.3.4",   1, 1, 1 
66c4b83,dsevero,Thu Jul 9 00:54:35 2020,"Remove comments from ntoebook",   1, 13, 13 
3942fd0,dsevero,Thu Jul 9 00:50:29 2020,"Merge branch 'master' of github.com:3778/COVID-19", 
b0d377c,dsevero,Thu Jul 9 00:50:19 2020,"Add Backtest notebook",   1, 487 
2d746b1,Renato Maciel,Tue May 26 23:58:13 2020,"add option to change Rt",   2, 53, 6 
8fa79d0,Ricardo Giglio,Fri May 22 00:01:19 2020,"Merge pull request #111 from m4rcelofs/update_figure_hide_nbrs", 
b960893,Daniel Severo,Thu May 21 00:40:24 2020,"Add files via upload",   1, 0, 0 
e9844f3,Daniel Severo,Fri May 1 06:52:58 2020,"Merge pull request #109 from 3778/developer_licence", 
b2bc32e,dsevero,Tue Apr 28 00:38:44 2020,"Update ms data",   1, 2376, 2025 
70ac467,Daniel Severo,Mon Apr 20 23:57:39 2020,"Merge pull request #106 from KZTN/my-branch", 
94ba3ff,Daniel Severo,Thu Apr 16 11:30:50 2020,"Merge pull request #103 from 3778/issue-102", 
505e990,Daniel Severo,Thu Apr 16 03:34:20 2020,"Merge pull request #104 from 3778/cloudbuild-test-check", 
29ae0fb,dsevero,Thu Apr 16 01:34:40 2020,"Remove UNKOWN from requirements.txt",   1, 1 
e3c520a,dsevero,Thu Apr 16 01:27:00 2020,"Fix requirements and covid19/data.py tests",   2, 10, 2 
d68fefe,dsevero,Tue Apr 14 23:02:26 2020,"Update MS data",   1, 2026, 1864 
a51d6df,rgiglio,Fri Apr 10 04:42:01 2020,"disclaimer and texts",   2, 17, 8 
5436074,rgiglio,Fri Apr 10 04:15:12 2020,"fix simpy capacity",   1, 2, 2 
0f56e5f,rgiglio,Fri Apr 10 04:10:53 2020,"csv viz",   1, 12, 1 
eb2082a,rgiglio,Fri Apr 10 04:10:33 2020,"dont populate capacity fields",   1, 4, 2 
14f2a4e,Francisco Vicenzi,Thu Apr 9 07:52:06 2020,"Add plotly simulation charts with capacity horizontal line",   2, 104, 42 
80a4d0f,dsevero,Wed Apr 8 23:47:50 2020,"Update MS data",   1, 2, 2 
ffff7da,dsevero,Wed Apr 8 23:02:24 2020,"Update MS data",   2, 1864, 3674 
b6eca3a,dsevero,Wed Apr 8 22:57:23 2020,"Merge branch 'dsevero-patch-1' of github.com:3778/COVID19-SP into dsevero-patch-1", 
6ecf0dc,dsevero,Wed Apr 8 22:56:40 2020,"Update MS data",   2, 117, 20 
3b1b3c2,dsevero,Wed Apr 8 22:56:20 2020,"Merge branch 'master' into dsevero-patch-1", 
f34f2d5,rgiglio,Wed Apr 8 21:07:30 2020,"fix begin",   1, 2, 1 
bb5c061,rgiglio,Wed Apr 8 20:56:21 2020,"typos",   2, 1, 2 
274d6b0,Francisco Vicenzi,Wed Apr 8 08:34:31 2020,"Add support to ploty charts with translated dates and x axis navigation",   3, 171, 26 
6b8122c,Francisco Vicenzi,Tue Apr 7 00:06:36 2020,"Fix data.py again and add state cases file from 04/05/2020",   2, 1833, 6 
10c6395,rgiglio,Mon Apr 6 21:16:18 2020,"fix",   1, 1 
0a2c098,rgiglio,Mon Apr 6 12:16:40 2020,"remove text",   1, 4 
611ac6a,rgiglio,Mon Apr 6 12:06:50 2020,"wip",   2, 3, 5 
ebb14d6,rgiglio,Mon Apr 6 12:06:30 2020,"Merge branch 'master' of github.com:3778/COVID-19 into ms3", 
24f20c3,rgiglio,Mon Apr 6 10:27:54 2020,"state in the main panel",   1, 1, 1 
73e1638,rgiglio,Mon Apr 6 10:20:30 2020,"Merge branch 'ms-state_support' of github.com:3778/COVID-19 into ms2", 
70eabc4,rgiglio,Mon Apr 6 10:14:28 2020,"wip",   1, 5, 3 
f0eed31,Daniel Severo,Sat Apr 4 09:43:46 2020,"Update data.py",   1, 6, 3 
46d6d86,Daniel Severo,Sat Apr 4 09:33:08 2020,"Add files via upload",   1, 1756 
41b4551,Francisco Vicenzi,Sat Apr 4 05:55:05 2020,"Fix download csv filename and date column",   1, 10, 3 
b79cad5,Francisco Vicenzi,Sat Apr 4 04:22:50 2020,"Change load_age_data() to get data from API and make age_share = 1 when data is missing",   3, 76, 13 
ffa0ddd,Francisco Vicenzi,Fri Apr 3 07:27:28 2020,"Add support to group by state and refactor some code",   3, 186, 127 
5914907,dsevero,Fri Apr 3 07:11:24 2020,"hot fix r0_dist",   1, 6, 6 
879d962,dsevero,Fri Apr 3 03:48:22 2020,"Add new r0 estimation",   2, 53, 12 
1fea864,rgiglio,Thu Apr 2 10:01:57 2020,"fix req",   1, 1 
8574473,rgiglio,Thu Apr 2 09:34:33 2020,"wip",   6, 278, 207 
277c5a1,Edgar Valente,Wed Apr 1 23:19:12 2020,"Add .vscode to .gitignore",   1, 3 
0325515,Edgar Valente,Wed Apr 1 12:03:34 2020,"Join UF and Municipio columns as municipio/uf",   1, 3, 2 
5ff9b70,Edgar Valente,Wed Apr 1 11:48:06 2020,"Add UF to capacity df",   1, 4, 6 
11c7e4b,Edgar Valente,Wed Apr 1 11:45:51 2020,"Rename param titles",   1, 8, 8 
93e636f,rgiglio,Tue Mar 31 03:46:04 2020,"wip",   5, 55692, 1 
05dcd4a,rgiglio,Wed Apr 1 14:21:21 2020,"wip",   3, 220, 234 
12b31ee,dsevero,Wed Apr 1 13:14:38 2020,"Remove some widgets",   1, 4, 9 
8844967,dsevero,Wed Apr 1 12:37:19 2020,"Adicionar referencia covid.saude.gov.br",   1, 2, 1 
258cdd5,dsevero,Wed Apr 1 12:25:04 2020,"Hot fix data",   2, 6, 2 
68e349d,dsevero,Wed Apr 1 12:19:02 2020,"Hot fix data",   1, 14, 14 
8c5242c,Daniel Severo,Wed Apr 1 12:13:54 2020,"Merge pull request #92 from cchenzi/issue_91", 
fdb3349,dsevero,Wed Apr 1 07:00:43 2020,"Update window for r0 estimate",   2, 28, 32 
dfe3bd6,rgiglio,Tue Mar 31 03:46:04 2020,"wip",   5, 55692, 1 
696f73e,Daniel Severo,Tue Mar 31 23:13:34 2020,"Merge pull request #88 from 3778/dependabot/pip/bleach-3.1.4", 
a3ad86d,dsevero,Tue Mar 31 05:14:11 2020,"Update SI prior",   1, 1, 1 
4426e72,dsevero,Tue Mar 31 04:06:37 2020,"Use brazil data if not enough",   1, 1, 1 
e7c29b5,dsevero,Tue Mar 31 04:01:53 2020,"Use brazil data if not enough",   3, 64, 17 
d62cf0f,dsevero,Tue Mar 31 01:53:03 2020,"Change subreportagem to subnotificacao",   1, 1, 1 
6e895b5,dsevero,Tue Mar 31 01:44:03 2020,"Add r0 estimation to simulator",   2, 15, 9 
0397fb4,dsevero,Tue Mar 31 01:28:58 2020,"Add r0 estimation to simulator",   3, 171, 68 
910f554,dsevero,Mon Mar 30 23:45:03 2020,"Merge branch 'master' of github.com:3778/COVID19-SP", 
79e67f2,dsevero,Mon Mar 30 23:43:25 2020,"Update SEIRBayes",   2, 75, 60 
e8cfb68,dsevero,Mon Mar 30 09:08:28 2020,"Move r0 estimation to estimation.py",   1, 0, 0 
68ac29f,dsevero,Mon Mar 30 08:58:49 2020,"Fix docs",   1, 30, 33 
c346ff2,Daniel Severo,Mon Mar 30 08:24:51 2020,"Merge pull request #80 from giulianonetto/par_estimation", 
1363399,Daniel Severo,Mon Mar 30 03:46:38 2020,"Merge pull request #82 from AAntunesNDS/master", 
bc6ffc9,dsevero,Mon Mar 30 03:11:21 2020,"SEIRBayes.init_from_intervals now has nullable params",   1, 26, 10 
2a7765e,dsevero,Sat Mar 28 16:05:24 2020,"Update README",   2, 1, 1 
f3ff7ef,dsevero,Sat Mar 28 16:02:15 2020,"Update README",   1, 2, 2 
955339f,dsevero,Sat Mar 28 15:58:37 2020,"Update README",   1, 8, 32 
f58e613,Daniel Severo,Sat Mar 28 15:51:58 2020,"Merge pull request #81 from 3778/v2", 
2b6c147,dsevero,Sat Mar 28 15:46:10 2020,"Merge branch 'master' into v2", 
d5e81da,dsevero,Sat Mar 28 15:39:09 2020,"Fix init 0",   2, 10, 12 
1d629ca,dsevero,Sat Mar 28 15:29:09 2020,"Remove trash",   16, 2, 7530 
225dd85,dsevero,Sat Mar 28 15:25:04 2020,"Add altair plot",   2, 156, 26 
9728f56,dsevero,Sat Mar 28 15:12:14 2020,"Add altair plot",   1, 39, 13 
dfe1508,dsevero,Sat Mar 28 14:35:22 2020,"Update simulator/app.py",   4, 233, 10 
ee74dbf,dsevero,Sat Mar 28 11:01:27 2020,"Add ln -s",   1, 1 
2f5e84d,dsevero,Sat Mar 28 10:55:15 2020,"Update scripts",   1, 8, 5 
14ab19b,dsevero,Sat Mar 28 04:17:48 2020,"Update scripts",   1, 26, 24 
904703f,dsevero,Sat Mar 28 04:13:58 2020,"Parse date in data.py",   1, 1, 1 
62d8eeb,dsevero,Sat Mar 28 04:13:31 2020,"Update scripts",   1, 28, 25 
df58343,Daniel Severo,Fri Mar 27 09:29:54 2020,"Merge pull request #70 from 3778/simulacao-filas-hospital", 
7111aaf,dsevero,Fri Mar 27 05:07:55 2020,"Add scripts",   2, 5, 3 
890525d,dsevero,Fri Mar 27 03:21:19 2020,"Add scripts",   1, 1 
3aad0a3,dsevero,Fri Mar 27 03:19:59 2020,"Add scripts",   1, 29 
b45ef05,dsevero,Fri Mar 27 00:15:55 2020,"Fix fator_subr to multiply R(0) also",   3, 1135, 572 
43ad497,dsevero,Thu Mar 26 23:53:20 2020,"Add simulator",   5, 40, 4 
beb791b,Renato Maciel,Thu Mar 26 22:00:35 2020,"remove print(p) from generate_patients",   1, 1 
9e7498d,rgiglio,Thu Mar 26 12:19:03 2020,"Merge branch 'master' of github.com:3778/COVID-19 into simapp", 
0db1c3e,rgiglio,Thu Mar 26 12:18:12 2020,"wip integracao seir+simpy",   3, 132, 10 
1c6d3ab,Lui Pillmann,Thu Mar 26 12:02:29 2020,"Merge pull request #77 from 3778/issue-76", 
44d84c6,Lui Pillmann,Thu Mar 26 11:58:25 2020,"Adjust chart top padding and width",   1, 5, 3 
7f1c9b1,dsevero,Thu Mar 26 11:47:54 2020,"Remove commented code",   1, 146 
6f570a3,dsevero,Thu Mar 26 11:44:46 2020,"Add covid19/data.py and csvs",   2, 5602, 3 
e4e72ad,dsevero,Thu Mar 26 10:57:54 2020,"Update docs",   1, 5, 2 
4f9c9c2,dsevero,Thu Mar 26 10:54:19 2020,"Update docs",   3, 186, 275 
1d69601,Daniel Severo,Thu Mar 26 10:53:47 2020,"Update README.md",   1, 2 
4561a14,dsevero,Thu Mar 26 04:45:24 2020,"Update docs",   1, 109, 31 
03412f2,dsevero,Thu Mar 26 04:06:25 2020,"Update docs",   2, 25, 1 
6292121,Daniel Severo,Thu Mar 26 02:13:50 2020,"Update README.md",   1, 1 
c643040,Renato Maciel,Thu Mar 26 00:36:10 2020,"data_params to covid19/data.py",   2, 181, 1 
0ea6afb,dsevero,Wed Mar 25 23:57:46 2020,"Update docs",   3, 51, 28 
6286f50,Daniel Severo,Wed Mar 25 23:40:45 2020,"Merge pull request #65 from andre-msantos/master", 
83efc57,Ricardo Giglio,Wed Mar 25 16:31:47 2020,"Created using Colaboratory",   1, 34, 34 
aaf7d79,Ricardo Giglio,Wed Mar 25 16:30:09 2020,"Created using Colaboratory",   1, 641 
14b35b8,dsevero,Wed Mar 25 12:18:37 2020,"Update docs",   1, 5 
d250afd,dsevero,Wed Mar 25 12:15:46 2020,"Update docs",   3, 57, 5 
409f404,Lui Pillmann,Wed Mar 25 11:19:09 2020,"Simplify charts combination",   1, 2, 6 
a749fdd,dsevero,Wed Mar 25 11:13:37 2020,"Add tests",   8, 138 
c2c1b7d,Lui Pillmann,Wed Mar 25 11:01:21 2020,"Add app with queue simulator viz prototype",   3, 395, 14 
b5d35fa,Renato Cotrim Maciel,Wed Mar 25 06:22:41 2020,"Merge pull request #68 from papb/patch-2", 
2dc8e68,Daniel Severo,Tue Mar 24 22:24:26 2020,"Update README.md",   1, 1, 1 
832ea1f,Daniel Severo,Tue Mar 24 22:23:43 2020,"Add files via upload",   1, 0, 0 
3231fbf,dsevero,Tue Mar 24 13:05:51 2020,"Update README.md",   1, 5, 3 
4f7717b,dsevero,Tue Mar 24 13:02:26 2020,"Update model defaults",   3, 46, 22 
37b06b2,Ricardo Giglio,Tue Mar 24 10:13:55 2020,"Created using Colaboratory",   1, 55, 35 
1404d53,dsevero,Tue Mar 24 07:11:52 2020,"Add subreporting factor",   2, 18, 5 
3d068fb,Ricardo Giglio,Tue Mar 24 03:53:24 2020,"Created using Colaboratory",   1, 446 
28be9f4,rgiglio,Tue Mar 24 03:52:34 2020,"wrong link",   1, 446 
9f8be3d,rgiglio,Tue Mar 24 03:51:46 2020,"typo",   1, 446 
7532720,Ricardo Giglio,Tue Mar 24 03:50:13 2020,"Created using Colaboratory",   1, 446 
1088235,rgiglio,Tue Mar 24 03:47:46 2020,"mv notebook",   1, 0, 0 
b3a785e,Ricardo Giglio,Tue Mar 24 03:46:06 2020,"Created using Colaboratory",   1, 446 
62eaa1c,Renato Maciel,Tue Mar 24 03:05:03 2020,"fix typo",   1, 3, 3 
c3ba715,Renato Maciel,Tue Mar 24 03:03:42 2020,"fix typo",   1, 4, 4 
4d90cbe,Renato Maciel,Tue Mar 24 03:02:51 2020,"load data from github raw",   1, 21, 5 
2623e6e,Renato Maciel,Tue Mar 24 00:46:15 2020,"sort ufs",   1, 16, 16 
3c486ff,Renato Maciel,Tue Mar 24 00:41:57 2020,"refactored data_params.py",   1, 66, 94 
1749819,dsevero,Mon Mar 23 23:09:07 2020,"Update default R0_",   1, 2, 2 
02edcec,dsevero,Mon Mar 23 23:01:48 2020,"Update data",   1, 2, 1 
02a4d5b,Daniel Severo,Mon Mar 23 10:54:09 2020,"Merge pull request #59 from 3778/issue-58", 
9b8ca21,dsevero,Mon Mar 23 10:52:03 2020,"Update data",   5, 207, 50 
fa75811,Lui Pillmann,Mon Mar 23 10:22:12 2020,"Add treatment on negative values to plot area chart",   1, 7, 1 
9286749,dsevero,Mon Mar 23 08:28:14 2020,"Update README.md",   1, 9, 34 
ea7d0b9,Daniel Severo,Mon Mar 23 07:14:45 2020,"Merge pull request #57 from 3778/issue-54", 
80129ec,Daniel Severo,Mon Mar 23 07:01:39 2020,"Merge pull request #55 from 3778/issue-52", 
4477298,Daniel Severo,Sun Mar 22 12:13:41 2020,"Update README.md",   1, 3 
80e99d4,Daniel Severo,Sun Mar 22 09:27:44 2020,"Merge pull request #51 from zelacerda/global-data-from-JHU", 
f5faa82,Daniel Severo,Sun Mar 22 08:42:49 2020,"Merge pull request #48 from giulianonetto/seir-bayes", 
d55b6d0,Daniel Severo,Sun Mar 22 01:15:41 2020,"Merge pull request #47 from 3778/issue-45", 
071e2e2,Daniel Severo,Sat Mar 21 05:00:16 2020,"Merge pull request #44 from 3778/issue-40", 
88ce03f,dsevero,Fri Mar 20 10:04:11 2020,"Add print to data/collectors.py",   1, 3 
94d36a5,dsevero,Fri Mar 20 10:03:58 2020,"Update README",   1, 1, 1 
3f434d5,Vito,Fri Mar 20 07:31:44 2020,"Update README.md",   1, 2, 2 
55b6515,dsevero,Fri Mar 20 05:37:11 2020,"Update app",   1, 2, 2 
ec714c5,dsevero,Fri Mar 20 05:35:30 2020,"Update app",   1, 5, 5 
35d233b,Vito,Fri Mar 20 04:49:04 2020,"Update README.md",   1, 5, 1 
ff8f1e8,Daniel Severo,Fri Mar 20 03:06:36 2020,"Update README.md",   1, 1 
d826490,Daniel Severo,Fri Mar 20 02:04:16 2020,"Update README.md",   1, 5 
e809ad5,Daniel Severo,Fri Mar 20 01:52:09 2020,"Created using Colaboratory",   1, 22, 19 
5df8d6b,Daniel Severo,Fri Mar 20 01:41:26 2020,"Created using Colaboratory",   1, 613 
f2d5954,Vito,Fri Mar 20 01:08:43 2020,"Update README.md",   1, 11, 1 
fd392f2,dsevero,Thu Mar 19 23:16:56 2020,"Add notebooks dir",   1, 0, 0 
a37fe6a,Ricardo Giglio,Thu Mar 19 21:41:56 2020,"Update README.md",   1, 4, 4 
f2f4728,dsevero,Thu Mar 19 15:18:38 2020,"Update README.md",   1, 1, 1 
39f7432,dsevero,Thu Mar 19 15:17:43 2020,"Update README.md",   1, 3, 3 
011348f,Ricardo Giglio,Thu Mar 19 14:16:40 2020,"Merge pull request #35 from 3778/collectors", 
82d957c,Daniel Severo,Thu Mar 19 13:38:16 2020,"Update README.md",   1, 1, 1 
673ae0f,dsevero,Thu Mar 19 13:37:37 2020,"Update SEIR-Bayes",   1, 0, 0 
2f0fd09,dsevero,Thu Mar 19 13:36:34 2020,"Update SEIR-Bayes",   2, 1, 1 
4c07a06,dsevero,Thu Mar 19 13:31:22 2020,"Update SEIR-Bayes",   1, 1, 1 
a0e75fc,dsevero,Thu Mar 19 13:30:37 2020,"Update SEIR-Bayes",   2, 104, 79 
9ae972d,Daniel Severo,Thu Mar 19 11:15:50 2020,"Merge pull request #33 from 3778/viz/interactive-chart", 
ef76210,Luiz Berti,Thu Mar 19 06:51:25 2020,"Update app.yaml",   1, 1 
e1ec26f,Luiz Berti,Thu Mar 19 06:51:15 2020,"Update app.yaml",   1, 2 
e151741,Luiz Berti,Thu Mar 19 06:50:24 2020,"Create app.yaml",   1, 1 
cde7033,dsevero,Thu Mar 19 06:11:21 2020,"Update README TOC",   1, 5, 1 
4257285,dsevero,Thu Mar 19 06:09:59 2020,"Update README TOC",   1, 2, 1 
af3e469,Daniel Severo,Thu Mar 19 06:00:19 2020,"Update README.md",   1, 4, 1 
a2c703a,Bruno Herrera,Thu Mar 19 03:56:45 2020,"Change CC0 to MIT license.",   1, 19, 121 
e18231f,Daniel Severo,Thu Mar 19 03:52:33 2020,"Merge pull request #27 from 3778/app/add-text-to-interface", 
d92c9aa,Daniel Severo,Thu Mar 19 03:25:31 2020,"Merge pull request #28 from 3778/docker-content", 
cb12953,Daniel Severo,Thu Mar 19 00:03:32 2020,"Merge pull request #25 from 3778/fix-nejm-url", 
a92e163,Daniel Severo,Wed Mar 18 23:28:07 2020,"Merge pull request #24 from 3778/docker-streamlit", 
821e524,dsevero,Wed Mar 18 13:52:10 2020,"Update README",   1, 1, 1 
49e7aa0,dsevero,Wed Mar 18 13:25:17 2020,"Update README",   1, 1 
425991c,dsevero,Wed Mar 18 13:07:14 2020,"Update README",   1, 2, 1 
e7020ab,dsevero,Wed Mar 18 13:06:27 2020,"Merge branch 'master' of github.com:3778/COVID19-SP", 
b885481,dsevero,Wed Mar 18 13:06:08 2020,"Update README",   1, 3 
ce99ae3,dsevero,Wed Mar 18 12:51:55 2020,"Update README",   1, 1, 1 
d6a1fd1,dsevero,Wed Mar 18 12:50:59 2020,"Update README",   1, 14, 3 
5e98eb9,Daniel Severo,Wed Mar 18 12:45:23 2020,"Merge pull request #18 from 3778/streamlit", 
b999cd9,dsevero,Wed Mar 18 12:12:38 2020,"Update SEIR-Bayes",   2, 4, 3 
5d7e438,dsevero,Wed Mar 18 12:05:55 2020,"Update README",   1, 2, 3 
8ff57b2,dsevero,Wed Mar 18 12:03:24 2020,"Update README",   1, 3 
74bee8f,dsevero,Wed Mar 18 12:00:36 2020,"Update README",   1, 1, 1 
eb318c9,dsevero,Wed Mar 18 11:58:41 2020,"Update README",   1, 1, 1 
255f6ca,dsevero,Wed Mar 18 11:55:23 2020,"Update README",   1, 8, 5 
a166666,dsevero,Wed Mar 18 11:39:24 2020,"Update README",   1, 7, 3 
0693ac0,dsevero,Wed Mar 18 11:23:32 2020,"Update README",   1, 23, 14 
ccff359,dsevero,Wed Mar 18 11:17:54 2020,"Update README",   1, 2, 2 
34925a5,dsevero,Wed Mar 18 11:13:56 2020,"Update README",   1, 5 
68b5677,dsevero,Wed Mar 18 11:02:45 2020,"Update README",   1, 5, 5 
69ff973,dsevero,Wed Mar 18 11:00:40 2020,"Merge branch 'master' of github.com:3778/COVID19-SP", 
02fd698,dsevero,Wed Mar 18 10:47:21 2020,"Merge branch 'master' of github.com:3778/COVID19-SP", 
72401f7,dsevero,Wed Mar 18 10:12:11 2020,"Update SEIR-Bayes model",   1, 2, 2 
408e471,dsevero,Wed Mar 18 10:02:57 2020,"Update README",   1, 0, 0 
62986e8,dsevero,Wed Mar 18 09:50:12 2020,"Update README",   3, 76, 8 
b89654b,dsevero,Wed Mar 18 08:21:10 2020,"Update SEIR-Bayes",   1, 1, 1 
336071e,dsevero,Wed Mar 18 06:53:04 2020,"Update SIER-Bayes",   1, 26, 29 
ba4398c,dsevero,Wed Mar 18 04:20:27 2020,"Update SIER-Bayes",   1, 7, 5 
0913b54,dsevero,Wed Mar 18 04:06:32 2020,"Update SIER-Bayes",   2, 51, 26 
2e5395c,dsevero,Wed Mar 18 00:41:06 2020,"Add incomplete SERI-bayes model",   1, 102 
a1d985e,dsevero,Tue Mar 17 15:57:58 2020,"Update SIER-SDE",   1, 6, 6 
e194593,dsevero,Tue Mar 17 15:41:13 2020,"Add SIER-SDE",   2, 102, 4 
7cb64fd,dsevero,Tue Mar 17 10:12:08 2020,"Update README",   1, 9, 1 
03b4c6a,dsevero,Tue Mar 17 10:11:16 2020,"Add requirements",   2, 45, 4 
e6921c4,dsevero,Tue Mar 17 09:59:22 2020,"Update README",   1, 2, 2 
8fe6b63,dsevero,Tue Mar 17 09:57:56 2020,"Update README",   1, 1 
fdd52c3,dsevero,Tue Mar 17 09:57:28 2020,"Add SEIR (ODE) model",   2, 71, 1 
7d5be24,dsevero,Tue Mar 17 07:14:59 2020,"Update README",   1, 5, 4 
8893297,Ricardo Giglio,Tue Mar 17 05:27:43 2020,"Update README.md",   1, 1 
16f64c2,Ricardo Giglio,Tue Mar 17 05:26:28 2020,"Update README.md",   1, 1, 1 
ec9dd55,Ricardo Giglio,Tue Mar 17 05:26:01 2020,"Update README.md",   1, 1 
e19752c,dsevero,Tue Mar 17 04:23:57 2020,"Update README",   1, 1 
3ec6a2e,dsevero,Tue Mar 17 04:22:37 2020,"Add README",   1, 2 
7a63d88,dsevero,Tue Mar 17 04:20:51 2020,"Add README",   3, 307, 1 
5a119d4,Daniel Severo,Tue Mar 17 04:01:46 2020,"Initial commit",   3, 252 