commit id,author,date,comment,changed files,lines added,lines deleted

4e625fa,Andrey Akhmetzhanov,Wed Jun 3 01:52:44 2020,"Merge branch 'master' of https://github.com/aakhmetz/nCoVSerialInterval2020", 
4760a42,Andrey Akhmetzhanov,Wed Jun 3 01:52:39 2020,"removing dependence on internal data_master file",   5, 996, 1673 
f4ab3ee,Andrei R. Akhmetzhanov,Sat May 23 01:55:20 2020,"Update B1-model_selection.png",   1, 0, 0 
22748b2,Andrei R. Akhmetzhanov,Sat May 23 01:53:08 2020,"Update B1-model_selection.png",   1, 0, 0 
94507f0,Andrei R. Akhmetzhanov,Sat May 23 00:18:09 2020,"Update README.md",   1, 3, 5 
3ea712b,Andrei R. Akhmetzhanov,Sat May 23 00:16:48 2020,"Update README.md",   1, 1, 2 
f8dcb54,Andrei R. Akhmetzhanov,Sat May 23 00:15:51 2020,"Update C0a-result.png",   1, 0, 0 
65559c1,Andrei R. Akhmetzhanov,Sat May 23 00:14:46 2020,"Update README.md",   1, 2, 1 
5b2ebca,Andrei R. Akhmetzhanov,Sat May 23 00:12:54 2020,"Update C0a-result.png",   1, 0, 0 
c229d1b,Andrei R. Akhmetzhanov,Sat May 23 00:11:50 2020,"Update README.md",   1, 8, 3 
5ee1f8d,Andrei R. Akhmetzhanov,Sat May 23 00:09:57 2020,"Merge branch 'master' of https://github.com/aakhmetz/nCoVSerialInterval2020", 
cdbd146,Andrei R. Akhmetzhanov,Sat May 23 00:09:46 2020,"adding two more figures",   3, 0, 0 
b2f1be4,Andrei R. Akhmetzhanov,Fri May 22 23:59:26 2020,"Update C0-result.png",   1, 0, 0 
ab078e1,Andrei R. Akhmetzhanov,Fri May 22 23:57:45 2020,"Merge branch 'master' of https://github.com/aakhmetz/nCoVSerialInterval2020", 
57fe65c,Andrei R. Akhmetzhanov,Fri May 22 23:57:34 2020,"updating one figure",   1, 0, 0 
ec21eac,Andrei R. Akhmetzhanov,Fri May 22 23:55:36 2020,"Update C2-result.png",   1, 0, 0 
74a0365,Andrei R. Akhmetzhanov,Fri May 22 23:54:30 2020,"Merge branch 'master' of https://github.com/aakhmetz/nCoVSerialInterval2020", 
d95693e,Andrei R. Akhmetzhanov,Fri May 22 23:54:20 2020,"Update C2-result.png",   1, 0, 0 
3d8e473,Andrei R. Akhmetzhanov,Fri May 22 23:46:32 2020,"Update A1-model_selection.png",   1, 0, 0 
93bc0e4,Andrei R. Akhmetzhanov,Fri May 22 23:46:31 2020,"Merge branch 'master' of https://github.com/aakhmetz/nCoVSerialInterval2020", 
d704fd0,Andrei R. Akhmetzhanov,Fri May 22 23:44:09 2020,"updating figures",   9, 0, 0 
aff56f4,Andrei R. Akhmetzhanov,Fri May 22 23:37:46 2020,"Merge branch 'master' of https://github.com/aakhmetz/nCoVSerialInterval2020", 
4f64ac2,Andrei R. Akhmetzhanov,Fri May 22 23:37:42 2020,"Adding one more figure for README",   2, 0, 0 
36b6c6d,Andrei R. Akhmetzhanov,Fri May 22 23:34:31 2020,"Correcting a typo in the header of the data-file",   1, 1, 1 
62f43d3,Andrei R. Akhmetzhanov,Fri May 22 23:20:50 2020,"adding few figures",   3, 0, 0 
c49388d,Andrei R. Akhmetzhanov,Fri May 22 22:55:21 2020,"Update README.md",   1, 1, 1 
8b08889,Andrei R. Akhmetzhanov,Fri May 22 22:54:47 2020,"Update README.md",   1, 1 
84e2473,Andrei R. Akhmetzhanov,Fri May 22 22:43:04 2020,"Update: adding cov and precision matrices",   5, 2711, 150 
fe010c2,Andrei R. Akhmetzhanov,Fri May 22 20:41:57 2020,"Update README.md",   1, 2, 35 
8a9b76b,Andrei R. Akhmetzhanov,Fri May 22 20:35:01 2020,"revert for additional testing",   5, 392, 4398 
3f2005e,Andrei R. Akhmetzhanov,Fri May 22 18:19:11 2020,"Merge branch 'master' of https://github.com/aakhmetz/nCoVSerialInterval2020", 
7bc4bd9,Andrei R. Akhmetzhanov,Fri May 22 18:18:58 2020,"Previously I copied the wrong notebooks",   2, 393, 393 
c03e99d,Andrei R. Akhmetzhanov,Fri May 22 17:28:00 2020,"Adding cov and precision matrices to the estimates",   7, 4795, 789 
42f676f,Andrei R. Akhmetzhanov,Sat Feb 15 23:20:58 2020,"Update README.md",   1, 1, 1 
bdf0372,Andrei R. Akhmetzhanov,Sat Feb 15 23:10:35 2020,"Delete supplemetary table.xlsx",   1, 0, 0 
0d4b40d,Andrey Akhmetzhanov,Sat Feb 15 23:09:59 2020,"Merge branch 'master' of https://github.com/aakhmetz/nCoVSerialInterval2020", 
38627e3,Andrey Akhmetzhanov,Sat Feb 15 23:09:43 2020,"Create supplemetary table.csv",   1, 29 
2911baf,Andrey Akhmetzhanov,Sat Feb 15 23:06:56 2020,"Create .gitignore",   1, 1 
16e24b3,Andrey Akhmetzhanov,Sat Feb 15 23:05:43 2020,"Merge branch 'master' of https://github.com/aakhmetz/nCoVSerialInterval2020", 
82366a1,Andrey Akhmetzhanov,Sat Feb 15 23:05:20 2020,"adding supplementary table",   1, 0, 0 
07c2ed7,Andrey Akhmetzhanov,Sat Feb 15 22:45:49 2020,"Merge branch 'master' of https://github.com/aakhmetz/nCoVSerialInterval2020", 
359f8f1,Andrey Akhmetzhanov,Sat Feb 15 22:45:37 2020,"adding more details about Figure 1",   44, 1200575, 438 
51ab667,Andrey Akhmetzhanov,Fri Feb 14 02:55:47 2020,"First commit",   22, 7521 
c44c29b,Andrey Akhmetzhanov,Fri Feb 14 02:49:26 2020,"Initial commit",   2, 4 