commit id,author,date,comment,changed files,lines added,lines deleted

1e8288e,dependabot[bot],Mon Jul 20 23:34:04 2020,"Bump lodash from 4.17.15 to 4.17.19",   1, 3, 3 
ae9ff1a,Mustafa Paksoy,Fri May 22 03:10:12 2020,"wip",   2, 8, 2 
a715631,Mustafa Paksoy,Fri May 22 02:53:18 2020,"wip",   2, 3, 7 
64859d6,Aatish Bhatia,Sun May 17 03:21:47 2020,"Merge pull request #187 from MrSpiffyClean/hide-doubling-time-alt", 
10cb8ae,Aatish Bhatia,Wed May 13 08:13:08 2020,"Merge pull request #176 from aatishb/all-contributors/add-bchurchill", 
a3f6c83,Aatish Bhatia,Wed May 13 08:12:49 2020,"Merge branch 'master' into all-contributors/add-bchurchill", 
3571761,Aatish Bhatia,Wed May 13 07:37:00 2020,"Merge pull request #184 from aatishb/all-contributors/add-MrSpiffyClean", 
4c83835,allcontributors[bot],Wed May 13 07:34:47 2020,"docs: update .all-contributorsrc [skip ci]",   1, 9 
8ef2467,allcontributors[bot],Wed May 13 07:34:46 2020,"docs: update README.md [skip ci]",   1, 2, 1 
0888cdc,Aatish Bhatia,Wed May 13 07:34:09 2020,"Merge pull request #182 from aatishb/auto-update-url", 
5af56f7,allcontributors[bot],Fri May 8 10:30:32 2020,"docs: update .all-contributorsrc [skip ci]",   1, 9 
ca7551b,allcontributors[bot],Fri May 8 10:30:31 2020,"docs: update README.md [skip ci]",   1, 2, 1 
984fdb2,Aatish Bhatia,Fri May 8 04:30:05 2020,"Merge pull request #174 from aatishb/lighthouse-audit", 
fe38b40,Aatish Bhatia,Sun May 3 03:22:12 2020,"Merge pull request #169 from aatishb/all-contributors/add-edg2s", 
f4cfafa,Aatish Bhatia,Sun May 3 03:21:57 2020,"Merge pull request #168 from aatishb/all-contributors/add-CharsiBabu", 
1359071,Aatish Bhatia,Sun May 3 03:17:56 2020,"Merge pull request #167 from aatishb/merge3", 
8b10ddf,Aatish Bhatia,Sat May 2 09:36:56 2020,"Merge pull request #165 from aatishb/add-nodejs-action", 
84a31af,Aatish Bhatia,Sat May 2 09:24:54 2020,"Merge pull request #159 from edg2s/lint", 
ca3264d,Aatish Bhatia,Fri May 1 22:46:25 2020,"Merge pull request #141 from kant/patch-1", 
6c07676,Aatish Bhatia,Fri May 1 22:39:23 2020,"Merge pull request #160 from aatishb/all-contributors/add-reaganch", 
7bba7bc,Aatish Bhatia,Fri May 1 22:35:30 2020,"Merge pull request #158 from edg2s/date-utc", 
a13c026,Aatish Bhatia,Fri May 1 02:33:45 2020,"Merge pull request #142 from edg2s/double-line", 
a2500f6,Aatish Bhatia,Mon Apr 27 09:49:29 2020,"Merge pull request #144 from aatishb/all-contributors/add-rpkoller", 
0a91cf7,Aatish Bhatia,Mon Apr 27 09:44:24 2020,"Merge pull request #143 from aatishb/accessibility", 
21e8e81,Aatish Bhatia,Sun Apr 26 00:43:17 2020,"Merge pull request #138 from aatishb/all-contributors/add-rpkoller", 
e44fe25,Aatish Bhatia,Sun Apr 26 00:38:23 2020,"Merge pull request #130 from aatishb/add-reference-line", 
27d67f4,Aatish Bhatia,Fri Apr 24 04:23:21 2020,"Update CONTRIBUTING.md",   1, 3, 1 
266a627,Aatish Bhatia,Fri Apr 24 04:20:48 2020,"Update CONTRIBUTING.md",   1, 6, 3 
3c16dad,Aatish Bhatia,Fri Apr 24 03:16:26 2020,"Update README.md",   1, 2 
5733ecd,Aatish Bhatia,Fri Apr 24 03:14:39 2020,"Merge pull request #122 from aatishb/all-contributors/add-archiewood", 
7c39481,Aatish Bhatia,Fri Apr 24 03:10:07 2020,"Update .all-contributorsrc",   1, 7, 4 
04a8861,Aatish Bhatia,Fri Apr 24 03:06:52 2020,"Merge pull request #126 from rpkoller/master", 
1093944,Mustafa "Moose" Paksoy,Thu Apr 23 07:51:53 2020,"Merge pull request #124 from aatishb/all-contributors/via-email", 
3781ae4,Aatish Bhatia,Thu Apr 23 00:30:41 2020,"Merge pull request #121 from aatishb/merge1", 
dba4da6,Aatish Bhatia,Wed Apr 22 00:11:11 2020,"Merge pull request #109 from rpkoller/master", 
24d4065,Aatish Bhatia,Mon Apr 20 00:07:23 2020,"Merge pull request #108 from aatishb/all-contributors/add-rpkoller", 
bc40089,Aatish Bhatia,Mon Apr 20 00:06:56 2020,"Merge pull request #107 from aatishb/all-contributors/add-bdarfler", 
6ecd83f,Aatish Bhatia,Mon Apr 20 00:02:59 2020,"Merge pull request #105 from aatishb/all-contributors/add-waldyrious", 
152b832,Aatish Bhatia,Mon Apr 20 00:01:30 2020,"Merge pull request #106 from aatishb/all-contributors/add-Kojoley", 
87b8580,Aatish Bhatia,Sun Apr 19 23:58:12 2020,"Merge pull request #104 from aatishb/all-contributors/add-thisIsTheFoxe", 
43a97a1,Aatish Bhatia,Sun Apr 19 23:48:32 2020,"Merge pull request #99 from aatishb/refactor-graph", 
1bcdfe1,Mustafa "Moose" Paksoy,Tue Apr 7 11:14:49 2020,"Merge pull request #69 from aatishb/all-contributors/manual/lucy-xu", 
fb7b9a0,Aatish Bhatia,Tue Apr 7 03:34:10 2020,"Update README.md",   1, 2 
30eda75,Aatish Bhatia,Tue Apr 7 02:30:50 2020,"empty search field on selected data change",   1, 1 
fe6ab0a,Aatish Bhatia,Tue Apr 7 02:27:26 2020,"empty search field on region change",   1, 1 
f4b966d,Aatish Bhatia,Tue Apr 7 02:22:13 2020,"rolling back formatdate",   2, 7, 2 
8b56ece,Aatish Bhatia,Tue Apr 7 01:03:28 2020,"Merge pull request #68 from aatishb/all-contributors/add-arjo129", 
8324fdf,Aatish Bhatia,Tue Apr 7 01:03:06 2020,"Update .all-contributorsrc",   1, 9 
b9e06a7,Aatish Bhatia,Tue Apr 7 00:58:28 2020,"Merge pull request #59 from arjo129/master", 
9234472,Aatish Bhatia,Tue Apr 7 00:11:14 2020,"Merge pull request #67 from aatishb/internationalize-date", 
eacc7db,Aatish Bhatia,Sun Apr 5 06:25:42 2020,"Merge pull request #56 from aatishb/all-contributors/add-NeverFearTheasHere", 
a550712,Aatish Bhatia,Sun Apr 5 06:19:23 2020,"Merge pull request #55 from aatishb/update-vue", 
50d5dc0,Aatish Bhatia,Sun Apr 5 01:08:08 2020,"Merge pull request #53 from aatishb/all-contributors/add-neon-ninja", 
96abba6,Aatish Bhatia,Sun Apr 5 00:53:32 2020,"Merge pull request #48 from aatishb/disaggregate-HK-MO", 
7d76f60,Mustafa "Moose" Paksoy,Sat Apr 4 04:56:33 2020,"Merge pull request #50 from aatishb/all-contributors-resolve", 
e0d94ec,Mustafa "Moose" Paksoy,Sat Apr 4 04:49:24 2020,"Merge pull request #49 from aatishb/contrib-henry", 
bad3fcd,Mustafa "Moose" Paksoy,Fri Apr 3 03:01:02 2020,"Merge pull request #43 from aatishb/contributors-coc", 
68ddf1f,Aatish Bhatia,Thu Apr 2 08:27:04 2020,"Merge pull request #13 from exclipy/master", 
9332ba9,Aatish Bhatia,Wed Apr 1 06:43:49 2020,"Merge pull request #17 from edg2s/patch-1", 
0ee1edc,Mustafa "Moose" Paksoy,Wed Apr 1 06:41:57 2020,"Merge pull request #34 from aatishb/allcontributors", 
6b7c7d6,Aatish Bhatia,Wed Apr 1 06:35:02 2020,"Merge pull request #19 from edg2s/patch-2", 
989abce,Aatish Bhatia,Wed Apr 1 06:31:33 2020,"Merge pull request #20 from edg2s/patch-3", 
9582799,Aatish Bhatia,Wed Apr 1 06:12:23 2020,"Merge pull request #35 from saufrecht/master", 
70452b4,Mustafa "Moose" Paksoy,Wed Apr 1 02:17:04 2020,"Merge pull request #31 from aatishb/license", 
03751cd,Aatish Bhatia,Sun Mar 29 08:34:14 2020,"Update README.md",   1, 1, 1 
a45a6ba,Aatish Bhatia,Sat Mar 28 03:15:30 2020,"added video to explainer under fold",   1, 6, 1 
15dfef9,Aatish Bhatia,Sat Mar 28 01:38:11 2020,"social tweaks",   2, 2, 2 
a6a7b03,Aatish Bhatia,Sat Mar 28 01:31:29 2020,"Update covid-trends-logo.png",   1, 0, 0 
e50f7b3,Aatish Bhatia,Sat Mar 28 01:26:11 2020,"Update covid-trends-logo.png",   1, 0, 0 
598f3b3,Aatish Bhatia,Sat Mar 28 01:19:53 2020,"Update covid-trends-logo.png",   1, 0, 0 
2a7a91b,Aatish Bhatia,Sat Mar 28 01:16:21 2020,"social stuff",   1, 1, 1 
b903b75,Aatish Bhatia,Sat Mar 28 01:13:13 2020,"social stuff",   2, 2, 2 
2a4651c,Aatish Bhatia,Sat Mar 28 01:08:20 2020,"social stuff",   1, 4, 4 
9bb9365,Aatish Bhatia,Sat Mar 28 00:04:15 2020,"social media banner",   2, 19, 1 
350b459,Aatish Bhatia,Fri Mar 27 13:29:35 2020,"adjust zoom",   2, 2, 2 
f0c8010,Aatish Bhatia,Fri Mar 27 13:03:11 2020,"Update style.css",   1, 1, 1 
42be6d2,Aatish Bhatia,Fri Mar 27 12:56:32 2020,"create URL bugfix?",   1, 1, 1 
af63888,Aatish Bhatia,Fri Mar 27 11:58:04 2020,"leave out cruise ship",   1, 1, 1 
4ce296a,Aatish Bhatia,Fri Mar 27 11:54:36 2020,"Update style.css",   1, 1, 1 
5fa76f3,Aatish Bhatia,Fri Mar 27 11:51:29 2020,"updated text",   2, 6, 8 
ed09e49,Aatish Bhatia,Fri Mar 27 11:17:38 2020,"safari bugfix",   2, 2, 3 
1f7c82e,Aatish Bhatia,Fri Mar 27 10:54:51 2020,"css changes",   2, 17, 9 
67f59ce,Aatish Bhatia,Fri Mar 27 08:58:48 2020,"font size tweak",   1, 1, 1 
d4cd829,Aatish Bhatia,Fri Mar 27 08:51:59 2020,"Update README.md",   1, 3, 1 
b5392f1,Aatish Bhatia,Fri Mar 27 08:46:49 2020,"Update README.md",   1, 1, 1 
ab5b959,Aatish Bhatia,Fri Mar 27 08:30:05 2020,"stylin'",   9, 66, 25 
56bab75,Aatish Bhatia,Fri Mar 27 04:17:00 2020,"updated design, added copy url to clipboard button",   3, 170, 35 
0c86bc1,Aatish Bhatia,Thu Mar 26 07:43:59 2020,"graph shouldn't disappear when no data selected",   2, 24, 18 
d8e0149,Aatish Bhatia,Thu Mar 26 03:55:32 2020,"fix to autoset date slider min",   2, 16, 13 
6225acc,Aatish Bhatia,Thu Mar 26 03:25:25 2020,"auto calculate earliest date on range slider",   2, 16, 2 
6caf21d,Aatish Bhatia,Thu Mar 26 02:58:26 2020,"added custom URL create & load",   2, 88, 10 
68160dd,Aatish Bhatia,Thu Mar 26 00:33:07 2020,"add markers if only 1-2 curves, deaths => reported deaths",   2, 7, 5 
18bb3a3,Aatish Bhatia,Wed Mar 25 08:54:05 2020,"fixed range bug",   2, 23, 16 
d4ee01c,Aatish Bhatia,Wed Mar 25 07:02:22 2020,"override autoscale with custom code",   2, 40, 15 
cf9ee47,Aatish Bhatia,Wed Mar 25 03:12:05 2020,"axis range fix, refactor graph component",   2, 120, 98 
20200c3,Aatish Bhatia,Tue Mar 24 13:59:18 2020,"updated data source link",   1, 2, 2 
555b8a6,Aatish Bhatia,Mon Mar 23 10:50:56 2020,"Merge branch 'master' of https://github.com/aatishb/covidtrends", 
26def42,Aatish Bhatia,Mon Mar 23 10:50:53 2020,"fix",   1, 1, 1 
b5d6644,Aatish Bhatia,Mon Mar 23 08:02:41 2020,"Merge branch 'master' of https://github.com/aatishb/covidtrends", 
ba8d317,Aatish Bhatia,Mon Mar 23 08:02:30 2020,"Update index.html",   1, 1, 1 
620e426,Aatish Bhatia,Mon Mar 23 07:46:50 2020,"Update index.html",   1, 1, 1 
bb5b319,Aatish Bhatia,Mon Mar 23 07:43:46 2020,"Update index.html",   1, 1, 1 
ee0d00b,Aatish Bhatia,Mon Mar 23 07:36:41 2020,"wording tweaks & safari bugfix",   3, 4, 5 
1b98606,Aatish Bhatia,Mon Mar 23 07:06:06 2020,"wording tweaks and country name fix",   2, 11, 2 
fe5880b,Aatish Bhatia,Mon Mar 23 06:51:49 2020,"UI fix",   1, 1, 1 
cb8cd5b,Aatish Bhatia,Mon Mar 23 06:47:41 2020,"link fix",   1, 2, 2 
462bb06,Aatish Bhatia,Mon Mar 23 06:46:02 2020,"bugfix",   2, 6, 3 
4da1ccd,Aatish Bhatia,Mon Mar 23 06:24:16 2020,"Update index.html",   1, 1, 1 
b13ef7c,Aatish Bhatia,Mon Mar 23 06:15:46 2020,"autoplay animation, styling changes",   4, 56, 33 
16e7251,Aatish Bhatia,Mon Mar 23 03:20:15 2020,"updated header",   2, 5 
16a6868,Aatish Bhatia,Mon Mar 23 03:18:39 2020,"updated header",   3, 11, 6 
21b31d1,Aatish Bhatia,Mon Mar 23 02:44:34 2020,"Update index.html",   1, 3, 1 
976022a,Aatish Bhatia,Mon Mar 23 02:30:59 2020,"resize graph on header show/hide",   2, 6, 3 
0d68c66,Aatish Bhatia,Mon Mar 23 00:53:33 2020,"cleanup",   1, 1, 6 
7c9bc59,Aatish Bhatia,Mon Mar 23 00:51:28 2020,"collapsible header",   3, 45, 6 
3a67bb9,Aatish Bhatia,Mon Mar 23 00:19:43 2020,"Update index.html",   1, 1, 1 
f013f68,Aatish Bhatia,Mon Mar 23 00:14:50 2020,"updated text",   3, 19, 1 
475627a,Aatish Bhatia,Sun Mar 22 15:40:47 2020,"link fix",   1, 4, 4 
07ed391,Aatish Bhatia,Sun Mar 22 15:38:30 2020,"cleanup",   2, 2 
5812b97,Aatish Bhatia,Sun Mar 22 15:37:03 2020,"play icon",   7, 36, 20 
70c9440,Aatish Bhatia,Sun Mar 22 14:34:49 2020,"stylin'",   3, 32, 44 
2bc8c7f,Aatish Bhatia,Sun Mar 22 11:39:17 2020,"design & code improvements",   3, 109, 95 
6f7cae4,Aatish Bhatia,Sun Mar 22 06:09:15 2020,"possible ios fix?",   1, 1 
10c7f96,Aatish Bhatia,Sun Mar 22 06:07:35 2020,"slider spacing fix",   1, 1 
3646de1,Aatish Bhatia,Sun Mar 22 06:02:48 2020,"axes labels in red",   1, 6 
f43ce58,Aatish Bhatia,Sun Mar 22 05:21:06 2020,"Update index.html",   1, 1, 1 
24beed0,Aatish Bhatia,Sun Mar 22 05:17:45 2020,"added +/- key navigation",   2, 20, 2 
23cdef0,Aatish Bhatia,Sun Mar 22 04:59:36 2020,"improved hover",   4, 24, 11 
2ce2da5,Aatish Bhatia,Sun Mar 22 00:18:31 2020,"scale selector and autoscale axes",   3, 60, 17 
09f554c,Aatish Bhatia,Sat Mar 21 16:07:32 2020,"added highlighting",   3, 67, 20 
132999c,Aatish Bhatia,Sat Mar 21 09:07:42 2020,"Initial commit",   7, 12457 