commit id,author,date,comment,changed files,lines added,lines deleted

942b8c0,abilinski,Wed Aug 26 04:25:45 2020,"Update README.md",   1, 1, 1 
162c6f5,abilinski,Wed May 20 19:12:18 2020,"Update README.md",   1, 1, 1 
84e3a32,abilinski,Wed May 20 19:10:54 2020,"Update README.md",   1, 1, 1 
225986f,abilinski,Wed May 20 19:10:35 2020,"Update README.md",   1, 2, 2 
7e8b758,abilinski,Wed May 20 16:09:25 2020,"Update README.md",   1, 2, 2 
7814358,abilinski,Wed May 20 16:07:32 2020,"Add replication code + paper",   15, 305, 82 
ecea222,abilinski,Sat May 16 11:31:26 2020,"Merge branch 'master' of https://github.com/abilinski/spark_control", 
c6b1126,abilinski,Sat May 16 11:31:14 2020,"App documentation updates",   3, 124, 61 
094d352,abilinski,Wed May 13 18:24:30 2020,"GitHub link, typos, additional graph pointers",   4, 25, 21 
53ef86d,abilinski,Wed May 13 17:52:07 2020,"Push model files",   7, 605 
969f3af,abilinski,Wed May 13 17:49:51 2020,"first commit",   1, 1 