commit id,author,date,comment,changed files,lines added,lines deleted

9abbfba,Ahmad Hassan,Wed Jun 10 21:51:25 2020,"Added path for trained model",   6, 2848, 70 
1fadd53,Ahmad Hassan,Wed Jun 10 21:28:54 2020,"Updated Files",   526, 628, 186 
a358ea2,Ahmad Hassan,Sun May 17 23:26:28 2020,"Create tests.yml",   1, 36 
272d459,Ahmad Hassan,Sun May 17 23:26:12 2020,"Added new",   15, 0, 0 
ebb888e,Ahmad Hassan,Sun May 17 23:25:29 2020,"update test to output stats",   1, 7, 1 
e380672,Ahmad Hassan,Sun May 17 23:24:51 2020," 	add missing Y for patient 173",   1, 373, 361 
09400d4,Ahmad Hassan,Sun May 17 23:22:54 2020,"Updated",   1, 0, 0 
7a07220,Ahmad Hassan,Sun May 17 23:21:51 2020,"Added Notebook",   1, 240 
22526cb,Ahmad Hassan,Sun May 17 22:21:20 2020,"Added Files",   1045, 6203 
e53dc0c,Ahmad Hassan,Sun May 17 22:16:59 2020,"Added metainfo files",   2, 398 
144c192,Ahmad Hassan,Sun May 17 22:16:41 2020,"Updated README.md",   1, 25 
bb75f5b,Ahmad Hassan,Sat May 9 04:39:14 2020,"Update README.md",   1, 1, 1 
d35b778,Ahmad Hassan,Sat May 9 04:35:40 2020,"Updated README.md",   1, 5 
18e07f6,Ahmad Hassan,Thu May 7 05:47:42 2020,"Updated",   1, 21, 5 
1c29869,Ahmad Hassan,Thu May 7 05:41:39 2020,"Updated",   1, 1, 3 
2c88d01,Ahmad Hassan,Thu May 7 05:39:10 2020,"Updated",   1, 10 
f121654,Ahmad Hassan,Thu May 7 05:35:09 2020,"Merge branch 'master' of https://github.com/ahmadhassan7/Covid-19-Xray-Dataset", 
85a94c3,Ahmad Hassan,Thu May 7 05:34:02 2020,"Updated",   1, 0, 0 
134b2cd,Ahmad Hassan,Thu May 7 05:10:19 2020,"fix select covid patient script",   1, 5, 7 
090ef14,Ahmad Hassan,Thu May 7 05:09:34 2020,"incorporate images and metadata",   22, 0, 0 
c67ac7e,Ahmad Hassan,Thu May 7 05:08:02 2020,"removed newlines from clinical notes",   1, 22 
0dfb7c6,Ahmad Hassan,Mon Apr 20 05:27:28 2020,"Updated README",   1, 2, 2 
1ae6301,Ahmad Hassan,Sun Apr 19 03:49:00 2020,"Updated README",   1, 1, 1 
eec36d6,Ahmad Hassan,Sun Apr 19 03:48:22 2020,"Update README.md",   1, 2, 2 
20a5586,Ahmad Hassan,Sun Apr 19 01:25:57 2020,"Merge branch 'master' of https://github.com/ahmadhassan7/Covid-19-Xray-Dataset", 
6fb5494,Ahmad Hassan,Sun Apr 19 01:21:26 2020,"Added Thorax folder and images",   1163, 0, 0 
c99b2d0,Ahmad Hassan,Sun Apr 19 01:15:32 2020,"Updated README",   1, 11 
d29212f,Ahmad Hassan,Sun Apr 19 01:13:15 2020,"Added gitignore",   1, 1 
bb46af9,Ahmad Hassan,Sun Apr 19 01:11:43 2020,"Added gitignore and SE4 file",   24, 0, 0 
b6b2dde,Ahmad Hassan,Sun Apr 19 01:04:03 2020,"Added DICOM folder",   159, 0, 0 
fac860d,Ahmad Hassan,Sun Apr 19 01:02:39 2020,"Added DICOM folder",   51, 0, 0 
e21e26c,Ahmad Hassan,Sat Apr 18 23:06:36 2020,"Added DICOM folder",   643, 0, 0 
18830b9,Ahmad Hassan,Sat Apr 18 08:52:06 2020,"Added DICOM folders",   614, 0, 0 
11808c1,Ahmad Hassan,Sat Apr 18 08:30:12 2020,"Add files via upload",   66, 0, 0 
578439c,Ahmad Hassan,Sat Apr 18 08:26:16 2020,"Add files via upload",   69, 0, 0 
57eda2e,Ahmad Hassan,Sat Apr 18 08:21:19 2020,"Updated",   135, 0, 0 
438b487,Ahmad Hassan,Sat Apr 18 08:19:15 2020,"Merge branch 'master' of https://github.com/ahmadhassan7/Covid-19-Xray-Dataset", 
388d583,Ahmad Hassan,Sat Apr 18 08:18:24 2020,"Added Files",   135, 0, 0 
8c17752,Ahmad Hassan,Sat Apr 18 07:50:04 2020,"Cleaned up scripts",   1, 4 
6eb855a,Ahmad Hassan,Sat Apr 18 07:49:21 2020,"Added",   3, 373, 120 
650be47,Ahmad Hassan,Sat Apr 18 07:48:23 2020,"run test script in reverse",   4, 787 
129d373,Ahmad Hassan,Sat Apr 18 07:47:56 2020,"Updated",   199, 0, 0 
d73ba42,Ahmad Hassan,Sat Apr 18 07:45:49 2020,"bounding boxes from ImageAnnotation.AI",   1, 12767 
94f53dd,Ahmad Hassan,Sat Apr 18 07:42:47 2020,"Updated",   6, 0, 0 
c09ad2d,Ahmad Hassan,Sat Apr 18 07:41:21 2020,"Added new files",   1, 0, 0 
b06aaa4,Ahmad Hassan,Sat Apr 18 07:40:22 2020,"Create dataset.py",   1, 133 
fef3400,Ahmad Hassan,Sat Apr 18 07:39:44 2020,"New file added",   1, 687 
8253ffc,Ahmad Hassan,Tue Apr 7 06:36:07 2020,"Updated READ.ME",   1, 3, 2 
9b310bd,Ahmad Hassan,Mon Apr 6 18:00:43 2020,"Added file",   1, 0, 0 
192ce3f,Ahmad Hassan,Mon Apr 6 18:00:18 2020,"deleted extra files",   1, 0, 0 
2c304bf,Ahmad Hassan,Mon Apr 6 17:56:39 2020,"Added file",   1, 0, 0 
6076114,Ahmad Hassan,Mon Apr 6 17:53:08 2020,"Added file",   1, 0, 0 
5f1a51f,Ahmad Hassan,Mon Apr 6 17:45:44 2020,"updated",   2, 0, 0 
9151a16,Ahmad Hassan,Mon Apr 6 16:48:29 2020,"Added files",   2, 0, 0 
f4c66e4,Ahmad Hassan,Mon Apr 6 16:47:38 2020,"Added files",   2, 59 
c8ea83c,Ahmad Hassan,Mon Apr 6 16:22:40 2020,"Added files",   5, 779 
1fe5845,Ahmad Hassan,Mon Apr 6 16:16:44 2020,"Added Dataset",   40, 539537 
aeddefe,Ahmad Hassan,Tue Mar 17 06:16:53 2020,"Update README.md",   1, 1, 1 
385b763,Ahmad Hassan,Tue Mar 17 06:16:31 2020,"Update README.md",   1, 6, 60 
dd28027,Ahmad Hassan,Tue Mar 17 06:15:11 2020,"Create README.md",   1, 12 
28f5a34,Ahmad Hassan,Tue Mar 17 06:13:21 2020,"Add files via upload",   29, 0, 0 
dede84b,Ahmad Hassan,Tue Mar 17 06:11:39 2020,"Add files via upload",   98, 187 
31d66c4,Ahmad Hassan,Tue Mar 17 05:42:40 2020,"Initial commit",   1, 21 