commit id,author,date,comment,changed files,lines added,lines deleted

f4380c1,AhmetFurkanDEMIR,Tue Apr 7 01:30:52 2020,"Update README.md",   1, 2 
1f67e50,AhmetFurkanDEMIR,Tue Apr 7 01:28:40 2020,"Update README.md",   1, 2, 2 
864d741,AhmetFurkanDEMIR,Tue Apr 7 01:28:22 2020,"Update README.md",   1, 2 
7c47283,AhmetFurkanDEMIR,Tue Apr 7 01:27:58 2020,"Update README.md",   1, 1, 1 
5333391,AhmetFurkanDEMIR,Sat Apr 4 18:57:24 2020,"Merge pull request #1 from AhmetFurkanDEMIR/add-license-1", 
40b92da,AhmetFurkanDEMIR,Sat Apr 4 18:56:53 2020,"Create LICENSE",   1, 21 
b4911cc,AhmetFurkanDEMIR,Sat Apr 4 18:54:43 2020,"Update README.md",   1, 5 
2071e3f,AhmetFurkanDEMIR,Sat Apr 4 00:08:57 2020,"Update README.md",   1, 1, 1 
8d9df76,AhmetFurkanDEMIR,Thu Apr 2 21:44:08 2020,"Update README.md",   1, 12 
d8aa88c,AhmetFurkanDEMIR,Thu Apr 2 21:42:36 2020,"Update README.md",   1, 4 
a5a5c90,AhmetFurkanDEMIR,Thu Apr 2 21:42:02 2020,"Update README.md",   1, 3, 1 
069d6b3,AhmetFurkanDEMIR,Thu Apr 2 21:41:45 2020,"Update README.md",   1, 2, 1 
76ca6b0,AhmetFurkanDEMIR,Thu Apr 2 21:41:18 2020,"Update README.md",   1, 10, 1 
ce88fa9,AhmetFurkanDEMIR,Thu Apr 2 21:28:01 2020,"Update main.py",   1, 2, 2 
cbac3b4,AhmetFurkanDEMIR,Thu Apr 2 20:41:32 2020,"demir",   1269, 375 