commit id,author,date,comment,changed files,lines added,lines deleted

0584ba5,AlaeddineMessadi,Sun Sep 13 00:14:26 2020,"Merge branch 'master' of github.com:AlaeddineMessadi/CODIV-19-REPORT-API", 
421014c,AlaeddineMessadi,Sun Sep 13 00:14:18 2020,"update",   2, 3, 3 
d584576,AlaeddineMessadi,Fri Mar 27 12:52:31 2020,"Update csv paths",   4, 14, 10 
f4e130d,AlaeddineMessadi,Wed Mar 25 12:35:19 2020,"Update README.md",   1, 3 
59c8b04,AlaeddineMessadi,Wed Mar 25 12:33:05 2020,"Refactor selfupdate when needed",   1, 17, 42 
b250a92,AlaeddineMessadi,Wed Mar 25 12:25:56 2020,"briefseries implementation + refactoring",   5, 37, 6 
dd7dac8,AlaeddineMessadi,Wed Mar 25 11:15:36 2020,"update README",   4, 1, 6 
46f0e21,AlaeddineMessadi,Wed Mar 25 11:11:05 2020,"update readme",   6, 19, 4 
289b376,AlaeddineMessadi,Wed Mar 25 10:37:05 2020,"Fix response dtata type when byProvince param is provided",   2, 3, 2 
30b92d6,AlaeddineMessadi,Wed Mar 25 10:18:12 2020,"filter timeseries byProvince",   1, 8 
3b2f6f6,AlaeddineMessadi,Wed Mar 25 10:14:37 2020,"Use province state for filtering data",   6, 44, 237194 
d04d95a,Alaeddine,Tue Mar 24 14:18:41 2020,"Update README.md",   1, 4, 1 
1fd03f6,AlaeddineMessadi,Tue Mar 24 09:51:43 2020,"Rename typo CORS",   2, 3, 3 
4ca95ce,AlaeddineMessadi,Tue Mar 24 09:49:49 2020,"Add CORS Middelware",   3, 15, 5 
4eb2075,AlaeddineMessadi,Tue Mar 24 07:20:29 2020,"Add countries list endpoint",   5, 40, 4 
1f21c8e,AlaeddineMessadi,Mon Mar 23 23:05:13 2020,"Update README",   1, 1, 1 
e5dbca6,AlaeddineMessadi,Mon Mar 23 23:01:38 2020,"Merge branch 'master' of github.com:AlaeddineMessadi/CODIV-19-REPORT-API", 
e32326f,AlaeddineMessadi,Mon Mar 23 23:01:29 2020,"Fix timeseries endpoint",   5, 10, 9 
bc31154,AlaeddineMessadi,Mon Mar 23 06:55:33 2020,"Fix delay parsing",   2, 94, 70 
8b9063f,AlaeddineMessadi,Sun Mar 22 23:08:02 2020,"update",   1, 9, 8 
a9e3f1c,AlaeddineMessadi,Sun Mar 22 22:49:47 2020,"Merge branch 'master' of github.com:AlaeddineMessadi/CODIV-19-REPORT-API", 
8f5ed90,AlaeddineMessadi,Sun Mar 22 22:49:12 2020,"Force upate",   2, 38, 18 
afc9d9c,Alaeddine,Sun Mar 22 11:27:17 2020,"Update README.md",   1, 2, 2 
1e18791,Alaeddine,Sun Mar 22 11:25:52 2020,"Update README.md",   1, 1, 1 
13bffaa,Alaeddine,Sun Mar 22 11:15:06 2020,"Create CONTRIBUTING.md",   1, 92 
7b7d22a,Alaeddine,Sun Mar 22 11:09:09 2020,"Delete custom.md",   1, 53 
ab6f7cf,Alaeddine,Sun Mar 22 11:08:36 2020,"Update issue templates",   3, 100 
b987330,Alaeddine,Sun Mar 22 11:00:47 2020,"Create CODE_OF_CONDUCT.md",   1, 76 
e6b5ad5,AlaeddineMessadi,Sun Mar 22 10:49:39 2020,"Linter",   10, 167, 142 
9c4ab81,AlaeddineMessadi,Sun Mar 22 10:16:26 2020,"Execute a cron job every 2 hours",   4, 50, 4 
416f97f,AlaeddineMessadi,Sun Mar 22 09:27:07 2020,"set result from service as response",   1, 1, 1 
05d9781,AlaeddineMessadi,Sun Mar 22 09:17:14 2020,"selfUpdate",   1, 4, 6 
63d9a35,AlaeddineMessadi,Sun Mar 22 09:16:20 2020,"Update server listenere + Handle Promise rejection",   5, 15, 12 
d408165,AlaeddineMessadi,Sun Mar 22 09:00:18 2020,"Update README.md",   2, 66, 60 
34bc07b,AlaeddineMessadi,Sun Mar 22 08:47:10 2020,"Remove unused route",   1, 1, 2 
c556e44,AlaeddineMessadi,Sun Mar 22 08:11:34 2020,"Remove Swagger + api.yml",   2, 153 
7ab011c,AlaeddineMessadi,Sun Mar 22 08:08:08 2020,"Tests",   1, 5, 5 
cdaffb0,AlaeddineMessadi,Sun Mar 22 08:05:47 2020,"remove public folder",   14, 4, 322 
649a321,AlaeddineMessadi,Sun Mar 22 07:56:53 2020,"update",   3, 17, 237 
2200bdc,AlaeddineMessadi,Sun Mar 22 07:41:04 2020,"set environments for deployement",   10, 460, 7282 
6946e03,AlaeddineMessadi,Sun Mar 22 03:02:44 2020,".gitignore build",   2, 4, 3 
3431549,AlaeddineMessadi,Sun Mar 22 03:00:25 2020,"update",   3, 18, 2 
baf906d,AlaeddineMessadi,Sun Mar 22 02:27:43 2020,"add route timeseries =",   4, 13, 2 
dc7506b,AlaeddineMessadi,Sun Mar 22 02:19:22 2020,"Update type name",   6, 45, 46 
80ab61c,AlaeddineMessadi,Sun Mar 22 02:13:40 2020,"Implement search by iso",   4, 18, 27 
77ae030,AlaeddineMessadi,Sun Mar 22 01:08:43 2020,"implement latest endpoint",   5, 40, 2 
bdd5272,AlaeddineMessadi,Sun Mar 22 00:31:15 2020,"Resolve result and prepare latest service",   3, 9, 5 
a972450,AlaeddineMessadi,Sun Mar 22 00:20:39 2020,"setup local database + brief endpoint",   7, 206210, 29 
9575171,AlaeddineMessadi,Sat Mar 21 23:44:53 2020,"Switch soreData parameters",   1, 1, 19 
bbcc0ba,AlaeddineMessadi,Sat Mar 21 23:42:46 2020,"restructuring functions",   6, 68, 38 
3a89f5a,AlaeddineMessadi,Sat Mar 21 23:31:19 2020,"Implement CSV Parser",   21, 151703, 287 
10252ff,AlaeddineMessadi,Fri Mar 20 23:36:59 2020,"INIT",   36, 12971, 104 
771e918,Alaeddine,Fri Mar 20 23:15:49 2020,"Initial commit",   3, 780 