commit id,author,date,comment,changed files,lines added,lines deleted

e3ab6e3,AleGiovanardi,Sun Mar 22 19:17:57 2020,"Add images to dataset & cleaning",   46, 6, 3 
0abc8d0,Ale,Sat Mar 21 23:54:42 2020,"update README with email",   1, 2 
93ee204,Ale,Sat Mar 21 23:52:32 2020,"update README",   1, 1, 1 
6416529,Ale,Fri Mar 20 22:23:18 2020,"Delete CAM_debug.jpeg",   1, 2 
b4fb775,AleGiovanardi,Fri Mar 20 22:01:40 2020,"add resources & CT scans in covidct dataset",   11, 95, 7 
8cc955b,AleGiovanardi,Fri Mar 20 21:12:03 2020,"add resources.txt",   1, 17 
e9eafd1,AleGiovanardi,Fri Mar 20 21:03:49 2020,"Merge branch 'master' of github.com:AleGiovanardi/covidhelper", 
660f7ce,AleGiovanardi,Fri Mar 20 21:02:45 2020,"add original ieee8023 dataset",   19, 12, 6 
0ad581e,AleGiovanardi,Fri Mar 20 07:53:32 2020,"Train CT model + add images to datasets",   254, 179 
970df6b,Ale,Fri Mar 20 06:00:03 2020,"Update TODOs",   1, 1 
39a696c,Ale,Fri Mar 20 00:14:54 2020,"added TODOs",   1, 8 
183a97c,AleGiovanardi,Thu Mar 19 00:32:51 2020,"Add Normal cases in training dataset",   232, 3, 3 
158ce18,AleGiovanardi,Wed Mar 18 19:19:07 2020,"Order dataset folders for CT and RX",   273, 0, 0 
5a3323e,AleGiovanardi,Wed Mar 18 19:14:55 2020,"Merge branch 'master' of github.com:AleGiovanardi/covidhelper", 
23d91dd,AleGiovanardi,Wed Mar 18 19:14:15 2020,"Add CT Scans datasets 3",   179, 0, 0 
f5a833e,AleGiovanardi,Wed Mar 18 01:54:45 2020,"Add CT Scans dataset",   82, 0, 0 
bb6c556,AleGiovanardi,Wed Mar 18 01:01:34 2020,"Add CT Scans dataset",   20, 0, 0 
1d90108,AleGiovanardi,Wed Mar 18 00:29:46 2020,"First Commit",   115, 308 