commit id,author,date,comment,changed files,lines added,lines deleted

9b1c3fb,dependabot[bot],Sun Sep 13 04:02:07 2020,"Bump node-fetch from 2.6.0 to 2.6.1 in /firestore/functions",   1, 3, 3 
be56d31,dependabot[bot],Mon Jul 20 12:29:43 2020,"Bump lodash from 4.17.15 to 4.17.19 in /firestore/functions",   1, 3, 3 
1de41b2,Alexandru Meterez,Mon Jun 29 00:58:12 2020,"Merge pull request #7 from alexandrumeterez/dependabot/npm_and_yarn/firestore/functions/websocket-extensions-0.1.4", 
9474584,Alexandru Meterez,Thu Apr 9 07:47:27 2020,"updated README",   1, 11, 37 
1e2ce7e,Alexandru Meterez,Thu Apr 9 07:06:55 2020,"updated with nicolaa modifications",   20, 54, 93 
ec2c70b,Alexandru Meterez,Mon Apr 6 18:17:55 2020,"Merge pull request #6 from nicolaa5/master", 
371f2f7,Alexandru Meterez,Fri Apr 3 04:42:01 2020,"added license",   1, 201 
5ae4c82,Alexandru Meterez,Fri Apr 3 04:17:40 2020,"resized photos",   3, 0, 0 
fbb56aa,Alexandru Meterez,Fri Apr 3 04:12:32 2020,"added photos and readme",   4, 6 
09df3e6,Alexandru Meterez,Fri Apr 3 02:38:58 2020,"another readme update",   1, 1, 1 
467b3cc,Alexandru Meterez,Fri Apr 3 02:36:46 2020,"updated readme",   3, 21, 7 
6c7d4e1,Alexandru Meterez,Thu Apr 2 23:21:00 2020,"Merge pull request #5 from alexandrumeterez/feature-material-design", 
6bc6685,Alexandru Meterez,Thu Apr 2 04:46:05 2020,"fixed issue with status staying Sanatos after restarting app",   1, 9, 4 
1f788c0,Alexandru Meterez,Thu Apr 2 04:27:31 2020,"Merge pull request #4 from alexandrumeterez/feature-phone-auth", 
386ec68,Alexandru Meterez,Tue Mar 31 20:31:42 2020,"Merge pull request #1 from alexandrumeterez/change-uid", 
cf54e64,Alexandru Meterez,Tue Mar 31 03:21:29 2020,"added notifications. still have to work on the freaking id because it's not unique",   17, 3394, 4 
a5df3ba,Alexandru Meterez,Mon Mar 30 20:06:56 2020,"added capability to change your status in the app",   4, 70, 15 
fb0ae95,Alexandru Meterez,Mon Mar 30 19:34:34 2020,"updated readme",   1, 16, 7 
40af458,Alexandru Meterez,Mon Mar 30 19:32:15 2020,"added meetup data in firebase. working on callbacks sending push notifications when status changes",   5, 137, 12 
de4a738,Alexandru Meterez,Mon Mar 30 09:42:02 2020,"added service on destroy to stop the service when the app is closed",   2, 12 
6032c7b,Alexandru Meterez,Mon Mar 30 09:37:03 2020,"setup service and continuous publish/receive",   3, 106, 1 
2260ca1,Alexandru Meterez,Mon Mar 30 06:30:56 2020,"setup api key",   3, 8, 2 
02ce7ab,Alexandru Meterez,Mon Mar 30 06:21:39 2020,"removed gradle properties",   1, 20 
e0685ba,Alexandru Meterez,Mon Mar 30 06:20:37 2020,"got splashscreen working",   12, 192, 13 
bcdad0a,Alexandru Meterez,Mon Mar 30 04:26:19 2020,"got firebase working and adding users",   8, 174, 14 
e1bda01,Alexandru Meterez,Sun Mar 29 09:22:46 2020,"updated readme",   1, 65, 1 
b9dfa10,Alexandru Meterez,Sun Mar 29 08:42:15 2020,"set up firebase",   3, 4, 3 
e49c52f,Alexandru Meterez,Sun Mar 29 08:08:23 2020,"got basic app working",   9, 222, 79 
fabf8f4,Alexandru Meterez,Sun Mar 29 06:34:11 2020,"added a few fragments and activity",   13, 239, 6 
3d2fd8a,Alexandru Meterez,Sun Mar 29 04:06:57 2020,"first commit",   37, 866 
d59e47a,Alexandru Meterez,Sun Mar 29 04:00:44 2020,"first commit",   1, 1 