commit id,author,date,comment,changed files,lines added,lines deleted

5d32aed,Alfian Losari,Wed Mar 11 13:13:01 2020,"Fix null value issue for state",   3, 10, 9 
e15e400,Alfian Losari,Tue Mar 10 11:44:39 2020,"Merge branch 'master' of github.com:alfianlosari/CoronaVirustTrackerFlutter", 
98d5b98,Alfian Losari,Tue Mar 10 11:44:29 2020,"Update README",   1, 4, 3 
73376e9,Alfian Losari,Tue Mar 10 10:57:53 2020,"Ipdate readme",   1, 1, 1 
d1d3c5e,Alfian Losari,Tue Mar 10 10:56:21 2020,"Ipdate readme",   1, 3 
056a4e6,Alfian Losari,Tue Mar 10 10:54:10 2020,"Initial Commit",   138, 5394 