commit id,author,date,comment,changed files,lines added,lines deleted

7399b6c,Aman Gupta,Mon May 11 08:01:54 2020,"Update README.md",   1, 2 
32ddc1b,Aman Gupta,Mon May 11 08:00:55 2020,"Update issue templates",   3, 68 
4b9fb90,Aman Gupta,Mon May 11 08:00:31 2020,"Create LICENSE",   1, 21 
2bc12b8,Aman Gupta,Mon May 11 07:58:09 2020,"Merge pull request #5 from Aman9026/add-code-of-conduct-1", 
f2ce37b,Aman Gupta,Mon May 11 07:57:56 2020,"Create CODE_OF_CONDUCT.md",   1, 76 
700def9,Aman Gupta,Mon May 11 07:57:27 2020,"Create CONTRIBUTING.md",   1, 57 
7131a39,Aman Gupta,Mon May 11 07:55:56 2020,"Update README.md",   1, 1, 1 
b38529c,Aman Gupta,Mon May 11 07:54:57 2020,"Update README.md",   1, 5 
504d669,Aman Gupta,Mon May 11 07:52:50 2020,"Add files via upload",   1, 0, 0 
40b5702,Aman Gupta,Mon May 11 07:52:31 2020,"Add files via upload",   1, 0, 0 
c5518d5,Aman Gupta,Mon May 11 07:42:31 2020,"Update README.md",   1, 1, 1 
61f4fd8,Aman Gupta,Mon May 11 07:41:48 2020,"Update README.md",   1, 4, 1 
7ccf97a,Aman Gupta,Mon May 11 07:40:39 2020,"Update README.md",   1, 1, 1 
34c4ed8,Aman Gupta,Mon May 11 07:39:44 2020,"Add files via upload",   1, 0, 0 
5421499,Aman Gupta,Mon May 11 07:30:46 2020,"Update README.md",   1, 16 
946c2ed,Aman Gupta,Mon May 11 07:28:15 2020,"Update README.md",   1, 1 
683716c,Aman Gupta,Mon May 11 07:25:31 2020,"Data added for demo",   1, 0, 0 
390d8f8,Aman Gupta,Mon May 11 07:21:27 2020,"Merge branch 'webui'", 
8f69c63,Aman Gupta,Mon May 11 07:07:33 2020,"Merge branch 'extractor'", 
6f76141,Aman Gupta,Mon May 11 00:23:08 2020,"removed indi.html",   1, 263 
b989b99,Aman Gupta,Mon May 11 00:22:51 2020,"removed indi.cc",   1, 1024 
2cdffc5,Aman Gupta,Sun May 10 21:38:19 2020,"Merge pull request #4 from surinder2000/extractor", 
63af453,Aman Gupta,Sun May 10 03:50:38 2020,"Merge pull request #3 from surinder2000/extractor", 
ad7d1b4,Aman Gupta,Sun May 10 01:33:47 2020,"Merge pull request #2 from Neelaksh-Singh/master", 
b66b1ab,Aman Gupta,Fri May 8 19:04:11 2020,"Merge pull request #1 from Neelaksh-Singh/webui", 
a52037c,Aman Gupta,Thu May 7 18:57:20 2020,"Update README.md",   1, 1, 1 
f35a204,Aman Gupta,Thu May 7 17:40:50 2020,"Initial commit",   1, 2 