commit id,author,date,comment,changed files,lines added,lines deleted

5ee6733,aman,Sun Jun 7 06:49:17 2020,"update README", 
e912533,aman,Sun Jun 7 06:36:34 2020,"update image",   2, 0, 0 
f0bcd56,aman,Sun May 17 19:35:21 2020,"fix on daily status",   2, 2, 3 
fec8d55,aman,Sun May 10 01:11:30 2020,"add recovered stat field",   6, 26, 12 
5319733,aman,Sun May 10 01:11:30 2020,"add recovered stat field",   5, 25, 12 
9337ca1,aman,Sat May 9 20:24:11 2020,"fix daily update",   1, 3 
9ce01fb,aman,Sat May 9 20:24:11 2020,"fix daily update",   1, 3 
c5aea44,aman,Sat May 9 19:54:25 2020,"fix daily update",   1, 5 
6413dd9,aman,Sat May 9 19:54:25 2020,"fix daily update",   1, 5 
2463b58,amenski,Thu May 7 23:24:54 2020,"Update README.md",   1, 6, 5 
800595c,aman,Thu May 7 23:17:46 2020,"fix attribute attribute convertor",   1, 3 
46fdf4a,aman,Thu May 7 23:17:46 2020,"fix attribute attribute convertor",   1, 9 
8e027d9,aman,Thu May 7 23:17:46 2020,"fix attribute attribute convertor",   1, 9 
98873b4,aman,Thu May 7 23:03:01 2020,"v1.0.2", 
dfb0aac,aman,Thu May 7 22:24:39 2020,"Merge remote-tracking branch 'remotes/origin/develop' into deploy", 
6aeb12e,aman,Thu May 7 22:15:09 2020,"update on recent travel history",   6, 24, 15 
52ba9ce,amenski,Tue May 5 22:10:23 2020,"delete questionnaire and small refactoring on workflow entity (#25)",   11, 370, 58 
50902df,amenski,Tue May 5 21:49:19 2020,"delete questionnaire and small refactoring on workflow entity", 
31ef160,amenski,Mon May 4 22:19:02 2020,"Merge pull request #23 from amenski/develop", 
d2caff4,amenski,Mon May 4 22:17:11 2020,"Merge pull request #22 from amenski/workflow", 
f1745e7,amenski,Sun May 3 20:25:04 2020,"Merge pull request #21 from amenski/develop", 
6209f03,amenski,Sun May 3 20:22:52 2020,"Case status update (#20)",   7, 152, 59 
a434e2e,amenski,Sat May 2 18:28:23 2020,"Merge pull request fix update case result", 
1a617f4,aman,Sat May 2 18:27:21 2020,"fix update case result",   1, 1, 1 
caaf664,aman,Sat May 2 18:21:24 2020,"fix update case result",   2, 2, 2 
ebb90b9,amenski,Sat May 2 03:54:48 2020,"Merge pull reques  contact tracing", 
0db8227,aman,Sat May 2 03:04:22 2020,"contact tracing tree with additional fields",   6, 122, 29 
bd40548,aman,Wed Apr 29 03:03:09 2020,"fix on followup missing fields",   2, 28, 2 
156a8ef,aman,Mon Apr 27 00:01:57 2020,"fix poolsize issue, consumed all",   2, 2 
5b35ae9,aman,Mon Apr 27 00:01:57 2020,"fix poolsize issue, consumed all",   2, 2 
a443ee1,aman,Sun Apr 26 02:35:43 2020,"Merge remote-tracking branch 'remotes/origin/develop' into deploy", 
6ceb7f7,aman,Sun Apr 26 02:34:46 2020,"sort daily status",   1, 1, 1 
1acadb3,aman,Sun Apr 26 02:30:02 2020,"update log improvement", 
deb65cc,aman,Sun Apr 26 02:26:31 2020,"update log config classes,",   5, 298, 10 
19d8ea2,aman,Sun Apr 26 01:39:38 2020,"Version 1.0.2", 
a17692e,amenski,Sun Apr 26 01:03:23 2020,"Merge pull request for edit questionnaire", 
83b3bcd,aman,Sat Apr 25 22:57:05 2020,"logging improvement",   4, 80, 43 
31b6900,amenski,Fri Apr 24 19:08:36 2020,"Merge pull request develop", 
6f39090,amenski,Fri Apr 24 18:58:09 2020,"add search by name", 
ac3310a,aman,Fri Apr 24 08:21:20 2020,"display parent case code",   5, 11, 13 
7385a16,aman,Tue Apr 21 20:48:52 2020,"fix permission issues",   5, 9, 5 
2f996e1,amenski,Tue Apr 21 19:27:45 2020,"release 1.0.1", 
deb4e81,aman,Tue Apr 21 19:26:27 2020,"update version",   3, 2, 4 
e6273d3,amenski,Tue Apr 21 19:18:08 2020,"Follow up update", 
b559c6f,amenski,Tue Apr 21 05:42:41 2020,"refactor followup flow", 
e55f060,amenski,Tue Apr 21 02:14:53 2020,"implement custom code generation", 
fba4ec9,aman,Sun Apr 19 04:04:35 2020,"Token enhancement and role definition",   15, 73, 35 
384b6bf,aman,Sun Apr 19 03:33:29 2020,"merge deploy",   1, 44, 1 
c0a55cc,amenski,Sun Apr 19 00:32:23 2020,"Merge pull request #8 from amenski/develop", 
74c8af4,aman,Sun Apr 19 00:30:39 2020,"fix questionnaire error",   4, 23, 14 
3655b80,aman,Sat Apr 18 06:28:31 2020,"improve logging",   3, 46, 3 
57ade10,aman,Sat Apr 18 06:10:07 2020,"improve logging",   2, 39, 5 
f61b29b,aman,Fri Apr 17 03:24:11 2020,"Merge branch 'develop' into deploy", 
f978f1b,aman,Fri Apr 17 03:13:26 2020,"add get-All-cases",   9, 565, 26 
c337b93,amenski,Thu Apr 16 04:16:43 2020,"Rumor endpoints (#7)",   27, 1386, 115 
3f2c2d5,amenski,Thu Apr 16 04:06:26 2020,"Merge pull request from fix-rumor", 
0efe701,amenski,Wed Apr 15 23:11:24 2020,"Case search",   18, 435, 104 
8b01fcb,faahta,Wed Apr 15 22:32:34 2020,"DDL and DML modified for rumor",   2, 9, 3 
5dc3b28,amenski,Wed Apr 15 08:22:06 2020,"Merge pull request #4 from amenski/develop", 
929b856,amenski,Wed Apr 15 08:19:51 2020,"Merge pull request  from amenski/rumors", 
45cffc7,amenski,Tue Apr 14 06:31:36 2020,"Merge pull request #2 from amenski/develop", 
75f5f26,amenski,Tue Apr 14 00:04:28 2020,"health facility bulk insert", 
cf61352,aman,Mon Apr 13 01:55:46 2020,"First release", 
c8d5226,amenski,Mon Apr 13 01:23:46 2020,"Merge pull request #17 from amenski/contact-tracing", 
e29a0bf,aman,Sun Apr 12 11:37:59 2020,"add contact tracing",   9, 532 
86e922c,amenski,Sun Apr 12 06:26:07 2020,"Merge pull request #16 from amenski/user-reg", 
d31d5a6,amenski,Sat Apr 11 05:41:44 2020,"small fix on daily cases", 
6958fee,aman,Sat Apr 11 05:38:56 2020,"small fix on daily cases",   2, 15, 15 
ec4c468,amenski,Sat Apr 11 05:16:06 2020,"Merge pull request #14 from amenski/develop", 
b8642fc,amenski,Sat Apr 11 05:04:55 2020,"Merge pull request #13 from amenski/daily-tests", 
5f73259,aman,Sat Apr 11 00:28:18 2020,"property file alignment",   2, 8, 6 
23a4990,aman,Fri Apr 10 23:52:11 2020,"Merge branch 'cors' into develop", 
9cab855,amenski,Fri Apr 10 20:03:06 2020,"add get-all-questionnaires", 
e7c78fd,aman,Wed Apr 8 05:53:05 2020,"update on daily status",   2, 23, 5 
d022abf,aman,Wed Apr 8 01:06:56 2020,"fetch daily status",   6, 447, 43 
a6aa1e5,aman,Mon Apr 6 02:24:20 2020,"disable cors",   1, 1, 1 
efdaf48,aman,Mon Apr 6 00:03:54 2020,"fix small issues on daily status",   2, 2, 2 
334abf3,amenski,Sun Apr 5 23:53:11 2020,"add daily status", 
4080c7b,aman,Sun Apr 5 07:05:51 2020,"allow cors",   1, 6 
6f6e714,aman,Sat Apr 4 06:21:27 2020,"model fix",   1, 2, 1 
fcf2564,aman,Sat Apr 4 04:57:23 2020,"config",   2, 8, 7 
e11cb6e,aman,Sat Apr 4 03:00:44 2020,"add get all cases",   5, 107, 10 
dfac9f1,aman,Sat Apr 4 00:38:49 2020,"add daily case status follow up",   9, 255, 1 
4b52c7c,aman,Fri Apr 3 23:40:56 2020,"swagger model",   1, 51 
7dea04e,aman,Fri Apr 3 04:43:43 2020,"Merge branch 'develop'", 
5ff36c0,aman,Fri Apr 3 01:47:51 2020,"Merge 'remotes/origin/postgres-port' into develop", 
112155b,amenski,Tue Mar 31 07:18:34 2020,"Token auth (#7)",   336, 1125, 303332 
f6da9f9,amenski,Mon Mar 30 19:37:13 2020,"Merge pull request #6 from amenski/fixconflict", 
c5381ac,faahta,Mon Mar 30 07:07:29 2020,"Fassil (#4)",   237, 29613, 9035 
c366401,aman,Mon Mar 30 04:57:34 2020,"add follow up implementation and refactoring",   21, 657, 184 
f5140f1,aman,Sun Mar 29 07:37:21 2020,"add followup logic",   25, 364, 136 
d096d18,aman,Sun Mar 29 01:26:34 2020,"sonar exclusion",   1, 1 
4e80c3f,aman,Sat Mar 28 23:36:28 2020,"Merge branch 'develop' into followup", 
58fae20,faahta,Sat Mar 28 20:51:31 2020,"Merge pull request #3 from amenski/fassil", 
ac24349,aman,Sat Mar 28 08:10:26 2020,"case follow up in progress",   2, 115 
5f2a998,aman,Sat Mar 28 06:10:05 2020,"small refactor",   8, 37, 42 
bac6116,amenski,Sat Mar 28 02:41:52 2020,"add attributes end-point",   13, 218, 9 
34e6687,aman,Fri Mar 27 21:44:50 2020,"add questionnier",   11, 85, 28 
c236611,aman,Fri Mar 27 09:18:22 2020,"add question registration and postman collection",   15, 852, 19 
9b4728e,aman,Fri Mar 27 03:55:32 2020,"add get case functionality",   144, 81, 5060 
0c2e305,aman,Thu Mar 26 21:56:14 2020,"Merge branch 'develop'", 
068ce19,aman,Thu Mar 26 21:28:49 2020,"add exception handler and log filter",   21, 507, 94 
c049be5,aman,Thu Mar 26 09:42:26 2020,"add base packages",   22, 1467, 601 
7dd1524,amenski,Thu Mar 26 04:24:22 2020,"refactoring",   288, 658, 11261 
fb216c1,amenski,Thu Mar 26 01:22:29 2020,"Update README.md",   1, 6 
b5cd37c,mdshi,Mon Mar 23 01:13:41 2020,"Removed the keys",   1, 1, 26 
f27253f,mdshi,Mon Mar 23 00:55:27 2020,"removed keys",   1, 1, 21 
3010d18,mdshi,Mon Mar 23 00:28:09 2020,"Initial commit",   17, 271 
2adba96,mdshi,Mon Mar 23 00:23:56 2020,"Initial commit of POJOs",   406, 16199 
996518e,Tigist,Sun Mar 22 16:31:13 2020,"Add initial commit with basic initial README",   1, 7 