commit id,author,date,comment,changed files,lines added,lines deleted

f58597d,dependabot[bot],Sun Aug 2 04:42:25 2020,"chore(deps): Bump elliptic from 6.5.2 to 6.5.3",   1, 6, 6 
8873c44,dependabot[bot],Mon Jul 20 11:36:47 2020,"chore(deps): Bump lodash from 4.17.15 to 4.17.19",   1, 3, 3 
030e9bc,André Lima,Mon Apr 6 19:05:33 2020,"chore: Update next to mitigate security breach",   2, 75, 68 
31a1721,Filipe Lima,Mon Mar 30 10:56:28 2020,"chore: Add fontawesome key as env var and build env var",   1, 7, 1 
d5e3414,Filipe Lima,Mon Mar 30 00:37:53 2020,"chore: Create variable size images so we can show a blurred small resolution fast on slow networks",   2, 14, 3 
e07e18a,Filipe Lima,Mon Mar 30 00:12:09 2020,"chore: Retrieve all photos from unsplash collection",   2, 24, 7 
37b5c0c,Filipe Lima,Sun Mar 29 13:22:02 2020,"feat: Add random unsplash photo to contact form",   4, 30, 4 
a847720,Filipe Lima,Sun Mar 29 12:37:50 2020,"chore: Moved unsplash fetch to a utils file",   2, 30, 17 
56e53e2,Filipe Lima,Sun Mar 29 12:18:35 2020,"chore: Create now environment variables",   3, 13, 15322 
45b88bd,André Lima,Sun Mar 29 10:34:53 2020,"Merge pull request #1 from andrefagl/fix/gitignore-and-readme", 
1494629,André Lima,Sun Mar 29 09:39:03 2020,"Fix: Add .now to gitignore and  change readme",   2, 5, 2 
0ff5dc9,Filipe Lima,Sun Mar 29 09:28:39 2020,"Initial commit",   32, 22140 