commit id,author,date,comment,changed files,lines added,lines deleted

34e5911,AndyYue1893,Tue Mar 31 22:38:33 2020,"Add files via upload",   1, 0, 0 
2c16fcb,AndyYue1893,Tue Mar 31 22:24:28 2020,"Create 1.png",   1, 1 
523877b,AndyYue1893,Tue Mar 31 22:23:24 2020,"Delete SEIR_basic.png",   1, 1 
3661bd7,AndyYue1893,Tue Mar 31 22:13:20 2020,"删除了image",   1, 1 
f95d554,AndyYue1893,Tue Mar 31 20:13:28 2020,"Create SEIR_basic.png",   1, 1 
5d2eb3f,AndyYue1893,Tue Mar 31 20:12:18 2020,"Delete images",   1, 1 
7f0cf57,AndyYue1893,Tue Mar 31 20:09:29 2020,"Create images",   1, 1 
ac268dc,AndyYue1893,Tue Mar 31 20:06:40 2020,"Create 1.txt",   1, 1 
fb64e76,AndyYue1893,Tue Mar 31 20:05:48 2020,"Delete image",   1, 1 
d11198a,AndyYue1893,Tue Mar 31 20:03:26 2020,"Create image",   1, 1 
e7f7e0c,AndyYue1893,Tue Mar 31 19:56:45 2020,"Update README.md",   1, 1, 1 
1ae1627,AndyYue1893,Tue Mar 31 19:51:38 2020,"Delete Paper",   1, 1 
803a544,AndyYue1893,Tue Mar 31 19:50:26 2020,"Create Paper",   1, 1 
21a5f74,AndyYue1893,Tue Mar 31 19:49:12 2020,"Update README.md",   1, 1, 1 
2d05053,AndyYue1893,Tue Mar 31 19:46:40 2020,"Add files via upload",   1, 0, 0 
06b07fe,AndyYue1893,Tue Mar 31 19:41:01 2020,"Update README.md",   1, 6, 2 
b89fdae,AndyYue1893,Tue Mar 31 19:29:12 2020,"Add files via upload",   5, 0, 0 
879773a,AndyYue1893,Tue Mar 31 19:16:34 2020,"Delete SEIR.png",   1, 0, 0 
f022dc1,AndyYue1893,Tue Mar 31 19:12:09 2020,"Add files via upload",   6, 577 
4b95ff4,AndyYue1893,Tue Mar 31 18:56:40 2020,"Delete SEIR.py",   1, 67 
5d8a3b0,AndyYue1893,Sun Mar 8 23:56:01 2020,"Update README.md",   1, 2 
082980c,AndyYue1893,Sun Mar 8 23:55:08 2020,"Update README.md",   1, 1, 1 
67dc923,AndyYue1893,Sun Mar 8 23:39:34 2020,"Update README.md",   1, 1, 1 
d2378e8,AndyYue1893,Sun Mar 8 23:37:52 2020,"Add files via upload",   1, 0, 0 
ec0a5a5,AndyYue1893,Sun Mar 8 23:36:19 2020,"Update README.md",   1, 3 
9a3d83d,AndyYue1893,Sun Mar 8 23:26:54 2020,"Update README.md",   1, 1, 1 
ec09edc,AndyYue1893,Sun Mar 8 23:25:51 2020,"Add files via upload",   1, 67 
8d3b7da,AndyYue1893,Sun Mar 8 23:10:06 2020,"Delete SEIR2020.py",   1, 67 
c443df6,AndyYue1893,Sun Mar 8 23:07:01 2020,"Add files via upload",   1, 67 
1481162,AndyYue1893,Sun Mar 8 23:05:55 2020,"Initial commit",   1, 2 