commit id,author,date,comment,changed files,lines added,lines deleted

01e039d,Anish Viswanathan,Thu Apr 23 10:58:14 2020,"Final Commit",   2, 903, 866 
427dad0,Anish Viswanathan,Thu Apr 23 10:06:26 2020,"Merge branch 'master' of https://github.com/Anish-AV/COVID-19-Diagnosis-System Merge", 
2fbb8ec,Anish Viswanathan,Thu Apr 23 10:04:41 2020,"Final Commit",   1, 899 
e903629,Anish Viswanathan,Thu Apr 23 09:52:40 2020,"DATASET",   139, 147 
d4e9d99,Anish Viswanathan,Thu Apr 23 09:49:24 2020,"Create README.md",   1, 20 