commit id,author,date,comment,changed files,lines added,lines deleted

f9cea55,Nicholas Nadeau, Ph.D., P.Eng,Wed May 6 05:55:12 2020,"Fixed link to 3D model from README (#23)",   1, 1, 1 
a7f9dbb,Nicholas Nadeau, Ph.D., P.Eng,Sat Apr 18 01:22:38 2020,"Create DISCLAIMER.md (#22)",   2, 25, 11 
cb0dc17,Alexie LeBreux,Tue Apr 14 04:29:41 2020,"Update print instructions in README.md (#12)",   1, 64, 2 
001b8f6,Viv,Sat Apr 11 06:17:50 2020,"Add Disclaimer",   1, 10 
ccf26ea,Matt Silverstein,Fri Apr 10 00:09:48 2020,"Visor STEP + 1/8" CNC Mod + Revision # + date fix (#19)",   12, 22275, 12820 
d2017e1,dferrans,Thu Apr 9 03:15:15 2020,"Create msds-es.md (spanish translation) (#21)",   4, 123, 3 
985c8c3,Nicholas Nadeau, Ph.D., P.Eng,Wed Apr 8 05:47:30 2020,"Changelog (#20)",   1, 8 
0b87986,Viv,Mon Apr 6 09:53:22 2020,"Create draft of User Guide",   1, 39 
a79c73d,Nicholas Nadeau, Ph.D., P.Eng,Sat Apr 4 08:06:50 2020,"Create CONTRIBUTING.md (#15)",   1, 2, 2 
e3b6f11,Nicholas Nadeau, Ph.D., P.Eng,Sat Apr 4 05:46:38 2020,"changed image of elastic mounting (#18)",   1, 0, 0 
303411e,Nicholas Nadeau, Ph.D., P.Eng,Sat Apr 4 05:17:53 2020,"Updated elastics (#16)",   1, 30, 9 
c13bcef,Andrew Walker,Fri Apr 3 07:14:44 2020,"Modify packaging list (#17)",   1, 1, 2 
0ce0eca,Nicholas Nadeau, Ph.D., P.Eng,Fri Apr 3 06:08:07 2020,"Optimized images (#13)",   2, 0, 0 
8919286,Nicholas Nadeau, Ph.D., P.Eng,Fri Apr 3 06:07:56 2020,"Create CODE_OF_CONDUCT.md (#14)",   1, 76 
4ecef52,Nicholas Nadeau, Ph.D., P.Eng,Fri Apr 3 00:10:13 2020,"Update issue templates",   1, 20 
5260754,Matt Silverstein,Thu Apr 2 23:49:28 2020,"Added technical drawings (#11)",   2, 0, 0 
52643bc,Miklós Tusz,Thu Apr 2 13:38:34 2020,"Add link to github model preview in README (#1)",   1, 2 
f2e25c8,Miklós Tusz,Thu Apr 2 07:14:41 2020,"Add table of contents with links to README (#8)",   1, 12 
b65eb79,Nicholas Nadeau, Ph.D., P.Eng,Thu Apr 2 07:03:06 2020,"Smaller image (#10)",   1, 3, 1 
e3600c1,Nicholas Nadeau, Ph.D., P.Eng,Thu Apr 2 06:53:19 2020,"added CODEOWNERS (#9)",   1, 1 
cb06da4,Viv,Thu Apr 2 06:38:46 2020,"Add image of face shield to README (#3)",   2, 2 
1456921,Viv,Thu Apr 2 06:38:35 2020,"Add to Handling recommendations (#4)",   1, 3 
d9562ca,Viv,Thu Apr 2 06:38:24 2020,"Updated factory file settings (#5)",   1, 0, 0 
42e76a4,Nicholas,Thu Apr 2 06:21:47 2020,"added link",   1, 1, 1 
eb24f45,Nicholas,Thu Apr 2 05:47:34 2020,"removed footnote references",   1, 3, 3 
c284a82,Nicholas,Thu Apr 2 05:35:30 2020,"added handling and packaging",   1, 35 
e8ecef1,Nicholas,Thu Apr 2 05:22:05 2020,"updated readme",   1, 26 
fe9f1ac,Nicholas,Thu Apr 2 05:15:14 2020,"added factory file",   1, 0, 0 
7320f03,Nicholas,Thu Apr 2 04:59:28 2020,"updated reamde",   1, 24 
22d76ca,Nicholas,Thu Apr 2 04:53:44 2020,"updated readme",   1, 1 
51404c8,Nicholas,Thu Apr 2 04:52:14 2020,"added links to docs",   1, 4 
056ca09,Nicholas,Thu Apr 2 04:52:04 2020,"added pdf compression",   1, 2, 1 
c128bd7,Nicholas,Thu Apr 2 04:43:20 2020,"added ignore",   1, 1 
b205b9e,Nicholas,Thu Apr 2 04:33:04 2020,"updated readme",   1, 1, 1 
1a3d451,Nicholas,Thu Apr 2 04:32:18 2020,"added model files",   6, 12819 
d012aa6,Nicholas,Thu Apr 2 04:22:55 2020,"added makefile",   1, 13 
eee6e6b,Nicholas,Thu Apr 2 04:22:47 2020,"added readme",   1, 40 
3a03b74,Nicholas,Thu Apr 2 04:22:32 2020,"assembly images",   2, 0, 0 
01b5b8b,Nicholas,Thu Apr 2 04:22:24 2020,"added assembly instructions",   1, 15 
cf1cae1,Nicholas,Thu Apr 2 04:22:14 2020,"added msds",   2, 240 
8e6535e,Nicholas,Thu Apr 2 04:21:54 2020,"added logo",   1, 0, 0 
71b9662,Nicholas,Thu Apr 2 01:41:31 2020,"added template",   2, 4 
8e9eced,Nicholas Nadeau, Ph.D., P.Eng,Thu Apr 2 04:24:45 2020,"Initial commit",   1, 21 