commit id,author,date,comment,changed files,lines added,lines deleted

73faa95,armiro,Wed Aug 26 09:36:47 2020,"images from https://doi.org/10.3904/kjim.2020.180",   11, 0, 0 
fd867b7,armiro,Wed Aug 19 12:38:54 2020,"images from https://doi.org/10.21203/rs.3.rs-58296/v1",   3, 0, 0 
0925b5a,armiro,Wed Aug 19 12:05:22 2020,"image from https://link.springer.com/article/10.1007/s11239-020-02248-8",   1, 0, 0 
a5f0cf5,armiro,Wed Aug 19 10:07:02 2020,"images from https://doi.org/10.1111/ijlh.13307",   4, 0, 0 
30dd304,armiro,Wed Aug 19 03:19:46 2020,"Merge branch 'master' of https://github.com/armiro/Covid19-Detection", 
f6ace79,armiro,Wed Aug 19 03:18:18 2020,"image from http://www.annalskemu.org/journal/index.php/annals/article/view/3748",   1, 0, 0 
2186b3a,armiro,Wed Aug 12 11:19:22 2020,"images from https://www.eurorad.org/case/16953",   4, 0, 0 
1baa9f7,armiro,Sat Aug 1 13:21:17 2020,"image from https://dx.doi.org/10.1002%2Fjmv.26255",   1, 0, 0 
0987878,armiro,Sat Aug 1 09:30:02 2020,"image from https://www.eurorad.org/case/16903",   1, 0, 0 
a5c6cc4,armiro,Sat Aug 1 09:22:32 2020,"image from https://www.eurorad.org/case/16895",   1, 0, 0 
3d86e2a,armiro,Sat Aug 1 09:11:49 2020,"images from https://radiopaedia.org/cases/covid-pneumonia-and-recovery",   4, 0, 0 
90bd292,armiro,Sat Aug 1 05:58:56 2020,"image from https://radiopaedia.org/cases/covid-19-pneumonia-139",   1, 0, 0 
f25b974,armiro,Mon Jul 20 14:44:57 2020,"image from https://dx.doi.org/10.5812/ijp.103807",   1, 0, 0 
d5da179,armiro,Mon Jul 20 14:44:02 2020,"image from https://radiopaedia.org/cases/covid-19-pneumonia-with-pneumomediastinum-and-extensive-subcutaneous-emphysema",   1, 0, 0 
48d5ca7,armiro,Sun Jul 19 08:15:28 2020,"image from https://dx.doi.org/10.5812/ijp.103807",   1, 0, 0 
3511664,armiro,Fri Jul 17 19:04:57 2020,"image from https://www.eurorad.org/case/16892",   1, 0, 0 
ca32484,armiro,Wed Jul 15 04:16:27 2020,"images from https://doi-org.cyber.usask.ca/10.4269/ajtmh.20-0736",   3, 0, 0 
aa44bed,armiro,Wed Jul 15 03:58:36 2020,"add image from https://www.eurorad.org/case/16883",   1, 0, 0 
abdc5b6,armiro,Sat Jul 11 05:50:02 2020,"Merge branch 'master' of https://github.com/armiro/Covid19-Detection", 
7400063,armiro,Sat Jul 11 05:49:30 2020,"image from https://www.eurorad.org/case/16866",   1, 0, 0 
42a48bb,armiro,Fri Jul 10 03:37:36 2020,"image from https://www.eurorad.org/case/16865",   1, 0, 0 
140e8a4,armiro,Thu Jul 9 08:20:55 2020,"images from https://www.eurorad.org/case/16858",   2, 0, 0 
e6e6023,armiro,Tue Jul 7 11:36:29 2020,"image from https://www.indianpediatrics.net/june2020/june-577-578.htm",   1, 0, 0 
2561ac0,armiro,Tue Jul 7 11:29:39 2020,"images from http://doi.org/10.1183/13993003.01809-2020",   2, 0, 0 
50d603f,armiro,Tue Jul 7 11:17:45 2020,"image from https://doi.org/10.3390/diagnostics10070447",   1, 0, 0 
d551215,armiro,Mon Jul 6 18:22:22 2020,"images from https://doi.org/10.1159/000509507",   2, 0, 0 
0867e3f,armiro,Mon Jul 6 18:00:55 2020,"Merge branch 'master' of https://github.com/armiro/Covid19-Detection", 
f6b2f9e,armiro,Mon Jul 6 18:00:41 2020,"images from https://doi.org/10.1101/2020.06.29.20140632",   3, 0, 0 
230b8e8,armiro,Sat Jul 4 12:02:29 2020,"image from https://doi.org/10.1111/jpc.14994",   1, 0, 0 
dbcbacb,armiro,Sat Jul 4 12:01:16 2020,"image from http://www.academia.edu/download/63760191/D190611192220200627-29892-1ktk8cp.pdf",   1, 0, 0 
945ebf8,armiro,Sat Jul 4 05:57:02 2020,"images from https://dx.doi.org/10.1016/j.clim.2020.108518",   2, 0, 0 
7e23a6b,armiro,Fri Jul 3 04:52:50 2020,"add images from https://www.eurorad.org/case/16844",   2, 0, 0 
d17c446,armiro,Fri Jul 3 04:36:35 2020,"add pretrained u-net weights",   1, 0, 0 
7000f8b,armiro,Wed Jul 1 04:28:03 2020,"image from https://www.eurorad.org/case/16832",   1, 0, 0 
c73b8a1,armiro,Tue Jun 30 10:13:50 2020,"image from https://radiopaedia.org/cases/covid-19-pneumonia-103",   1, 0, 0 
ada872a,armiro,Tue Jun 30 04:02:48 2020,"Merge branch 'master' of https://github.com/armiro/Covid19-Detection", 
2d20d18,armiro,Tue Jun 30 04:02:41 2020,"images from https://dx.doi.org/10.1093%2Fjpids%2Fpiaa064",   2, 0, 0 
26d36ef,armiro,Tue Jun 30 03:54:41 2020,"image from https://dx.doi.org/10.1016%2FS1473-3099(20)30468-0",   1, 0, 0 
f48c381,Arman Haghanifar,Wed Jun 24 06:12:25 2020,"update num images and date",   1, 1, 1 
89b06a1,armiro,Wed Jun 24 06:00:40 2020,"image from https://doi.org/10.1007/s13730-020-00495-5",   1, 0, 0 
40aef9b,armiro,Mon Jun 22 11:08:25 2020,"Merge branch 'hc'", 
93990ca,armiro,Sat Jun 20 06:12:18 2020,"image from https://doi.org/10.1093/ehjci/jeaa181",   1, 0, 0 
19d1eb3,armiro,Tue Jun 16 05:47:21 2020,"Merge branch 'master' of https://github.com/armiro/Covid19-Detection", 
7c751a7,armiro,Tue Jun 16 05:47:03 2020,"image from https://dx.doi.org/10.21203/rs.3.rs-34617/v1",   1, 0, 0 
08de82f,Arman Haghanifar,Sat Jun 13 05:13:39 2020,"update num images and date",   1, 1, 1 
0ecdef4,armiro,Sat Jun 13 05:12:15 2020,"images from https://doi.org/10.1007/s11547-020-01232-9",   12, 0, 0 
8ba8032,armiro,Sat Jun 13 04:32:07 2020,"image from https://radiopaedia.org/cases/covid-19-pneumonia-108",   1, 0, 0 
6f679b0,armiro,Thu Jun 11 04:42:26 2020,"image from https://doi.org/10.1111/jdv.16622",   1, 0, 0 
2b6ad8d,Arman Haghanifar,Wed Jun 10 12:05:01 2020,"Delete case#4.png",   1, 0, 0 
20859b2,Arman Haghanifar,Wed Jun 10 12:04:52 2020,"Delete case#3.png",   1, 0, 0 
6fbc63c,Arman Haghanifar,Wed Jun 10 12:04:44 2020,"Delete case#2.png",   1, 0, 0 
57bee31,Arman Haghanifar,Wed Jun 10 12:04:37 2020,"Delete case#1.png",   1, 0, 0 
5cef840,Arman Haghanifar,Wed Jun 10 11:57:54 2020,"update title",   1, 2, 3 
e9da0ae,Arman Haghanifar,Wed Jun 10 11:55:04 2020,"update num images and citation title",   1, 2, 2 
7723379,Arman Haghanifar,Tue Jun 9 06:51:59 2020,"delete temp py file of multiclass cxnet",   1, 261 
b40a31b,Arman Haghanifar,Tue Jun 9 06:50:49 2020,"add segmentation test-code and plot confusion matrix",   1, 206, 110 
c63e950,armiro,Sun Jun 7 10:51:04 2020,"images from https://dx.doi.org/10.2139/ssrn.3588540",   5, 0, 0 
b251045,Arman Haghanifar,Thu Jun 4 10:31:52 2020,"improve memory usage reduction",   1, 136, 77 
7980b90,Arman Haghanifar,Thu Jun 4 10:13:20 2020,"update num images and date",   1, 1, 1 
8a83288,armiro,Thu Jun 4 10:12:12 2020,"images from https://doi.org/10.7759/cureus.7482",   2, 0, 0 
2142173,armiro,Thu Jun 4 10:07:01 2020,"images from https://doi.org/10.21203/rs.3.rs-32480/v1", 
0946bec,armiro,Thu Jun 4 09:56:00 2020,"images from https://doi.org/10.21203/rs.3.rs-32480/v1",   9, 0, 0 
5e14316,Arman Haghanifar,Tue Jun 2 09:02:17 2020,"update num images",   1, 1, 1 
a8b2135,armiro,Tue Jun 2 09:01:18 2020,"images from https://doi.org/10.1007/s00330-020-06967-7",   4, 0, 0 
fe6bdbb,armiro,Tue Jun 2 08:54:50 2020,"image from https://doi.org/10.1186/s13054-020-02973-9",   2, 0, 0 
ba5839f,armiro,Sun May 31 18:25:20 2020,"image from https://www.sirm.org/2020/05/31/covid-19-caso-112/",   2, 0, 0 
a73606b,armiro,Sun May 31 18:24:07 2020,"image from https://www.sirm.org/2020/05/31/covid-19-caso-111/",   1, 0, 0 
1e228de,armiro,Sun May 31 13:26:12 2020,"add CAP images as third class",   1, 13, 3 
c119584,armiro,Sun May 31 08:31:16 2020,"add conditions for excluding early stages and pediatrics",   1, 85 
df51ffe,armiro,Sat May 30 17:27:36 2020,"image from https://radiopaedia.org/cases/pneumonia-at-superior-segment-of-right-lower-lobe-hidden-area",   1, 0, 0 
0e7f156,armiro,Sat May 30 06:58:09 2020,"image from https://doi.org/10.1515/dx-2020-0046",   1, 0, 0 
6c1d862,armiro,Sat May 30 06:56:36 2020,"images from https://www.nejm.org/doi/10.1056/NEJMoa2004500",   2, 0, 0 
6d968d6,armiro,Sat May 30 06:45:18 2020,"image from https://doi.org/10.1093/ehjcr/ytaa157",   1, 0, 0 
4657267,armiro,Sat May 30 06:42:54 2020,"image from https://dx.doi.org/10.1007%2Fs00277-020-04098-z",   1, 0, 0 
5804792,armiro,Fri May 29 12:27:10 2020,"images from https://github.com/ml-workgroup/covid-19-image-repository",   11, 0, 0 
d161417,Arman Haghanifar,Fri May 29 09:30:29 2020,"update num images & citation details",   1, 2, 2 
6c829da,armiro,Fri May 29 09:28:44 2020,"images from https://www.eurorad.org/case/16755",   2, 0, 0 
383bd03,armiro,Fri May 29 09:17:18 2020,"Merge branch 'master' of https://github.com/armiro/Covid19-Detection", 
b4660c8,armiro,Fri May 29 09:16:55 2020,"new set of images from https://github.com/ml-workgroup/covid-19-image-repository",   21, 0, 0 
11e629a,armiro,Thu May 28 10:06:24 2020,"images from https://doi.org/10.1016/j.idcr.2020.e00834",   12, 0, 0 
98ba290,Arman Haghanifar,Wed May 27 19:35:41 2020,"update num images",   1, 2, 2 
e89ec35,armiro,Wed May 27 19:33:22 2020,"images from Hannover Medical School: https://github.com/ml-workgroup/covid-19-image-repository",   164, 0, 0 
b29500e,armiro,Wed May 27 19:32:28 2020,"load data from hannover medical school github repo",   1, 48 
c235bfa,armiro,Wed May 27 08:21:31 2020,"images from https://radiopaedia.org/cases/covid-19-pneumonia-92",   2, 0, 0 
78558e7,Arman Haghanifar,Wed May 27 08:07:31 2020,"delete misc file",   1, 4 
f53835f,armiro,Wed May 27 08:03:20 2020,"https://radiopaedia.org/cases/covid-19-pneumonia-92",   3, 4 
cfe841b,armiro,Mon May 25 09:22:43 2020,"image from https://radiopaedia.org/cases/covid-19-pneumonia-131",   1, 0, 0 
eccc016,armiro,Mon May 25 09:20:46 2020,"image from https://radiopaedia.org/cases/covid-19-pneumonia-130",   1, 0, 0 
0a1f23d,armiro,Sun May 24 09:03:16 2020,"update num images",   1, 1, 1 
377cffa,armiro,Sun May 24 09:02:15 2020,"image from https://www.ncbi.nlm.nih.gov/pmc/articles/PMC7235975/",   1, 0, 0 
dbb9bb1,armiro,Fri May 22 08:17:21 2020,"add required python packages",   1, 72 
e01969d,armiro,Thu May 21 09:41:54 2020,"images from https://doi.org/10.20862/0042-4676-2020-101-2-72-89",   4, 0, 0 
ee41e2d,armiro,Thu May 21 09:30:34 2020,"images from https://he01.tci-thaijo.org/index.php/jnkp/article/view/241976",   8, 0, 0 
2327dde,armiro,Thu May 21 07:18:16 2020,"update num images",   1, 1, 1 
35239fd,armiro,Thu May 21 07:16:07 2020,"images from https://www.sirm.org/2020/05/20/covid-19-caso-99/",   1, 0, 0 
c4619ac,armiro,Thu May 21 07:13:33 2020,"images from https://www.sirm.org/2020/05/20/covid-19-caso-95/",   2, 0, 0 
03d161d,armiro,Thu May 21 07:10:39 2020,"image from https://www.sirm.org/2020/05/20/covid-19-caso-94/",   1, 0, 0 
d91ff48,armiro,Thu May 21 07:09:03 2020,"images from https://www.sirm.org/2020/05/20/covid-19-caso-92-mini-review-pediatrica/",   5, 0, 0 
8f9bef8,armiro,Thu May 21 07:00:51 2020,"https://www.sirm.org/2020/05/20/covid-19-caso-91/",   1, 0, 0 
5c710f7,armiro,Thu May 21 06:57:36 2020,"https://www.sirm.org/2020/05/20/covid-19-caso-88/",   1, 0, 0 
391f38d,armiro,Thu May 21 06:56:16 2020,"https://www.sirm.org/2020/05/20/covid-19-caso-87/",   1, 0, 0 
a55308c,armiro,Thu May 21 06:54:54 2020,"https://www.sirm.org/2020/05/20/covid-19-caso-86/",   2, 0, 0 
ef0f2d2,armiro,Wed May 20 05:58:01 2020,"improve heatmap overlay to read grey-scale images directly",   1, 7, 1 
91aad2e,armiro,Tue May 19 17:25:29 2020,"update num images and date",   1, 1, 1 
2d8d625,armiro,Tue May 19 17:19:20 2020,"images from https://doi.org/10.4269/ajtmh.20-0357",   3, 0, 0 
2951a2f,armiro,Tue May 19 17:11:04 2020,"images from https://europepmc.org/article/med/32404797",   2, 0, 0 
d0225ee,armiro,Tue May 19 16:57:47 2020,"images from https://www.ncbi.nlm.nih.gov/pmc/articles/PMC7217591/",   2, 0, 0 
ff22b71,armiro,Tue May 19 16:51:12 2020,"image from https://radiopaedia.org/cases/covid-19-pneumonia-radiological-resolution",   1, 0, 0 
702d470,armiro,Sun May 17 06:21:35 2020,"Merge branch 'master' of https://github.com/armiro/Covid19-Detection", 
5ea5763,armiro,Sun May 17 06:21:29 2020,"images from https://radiopaedia.org/cases/covid-19-pneumonia-92",   3, 0, 0 
c579b61,armiro,Sat May 16 17:37:48 2020,"image from https://www.sciencedirect.com/science/article/pii/S2049080120300996",   1, 0, 0 
7bda69f,armiro,Sat May 16 17:36:36 2020,"image from https://www.sciencedirect.com/science/article/pii/S2049080120300996",   1, 0, 0 
c6f11ec,armiro,Sat May 16 17:35:42 2020,"image from https://link.springer.com/article/10.1007%2Fs11739-020-02362-8",   1, 0, 0 
5d0e3b3,armiro,Sat May 16 17:33:22 2020,"images from https://www.sciencedirect.com/science/article/pii/S1078817420300699",   4, 0, 0 
97119f1,armiro,Sat May 16 15:19:30 2020,"add images from https://app.figure1.com/images/5eaafd9d465f040606503ef2",   2, 0, 0 
c361b7b,armiro,Fri May 15 06:29:44 2020,"update num images",   1, 1, 1 
63172ed,armiro,Fri May 15 06:28:58 2020,"Merge branch 'master' of https://github.com/armiro/Covid19-Detection", 
0da6f85,armiro,Fri May 15 06:28:43 2020,"images from https://www.sirm.org/2020/05/14/covid-19-caso-85",   3, 0, 0 
a2c9ba6,armiro,Fri May 15 06:25:11 2020,"images from http://pjms.org.pk/index.php/pjms/article/view/2778",   1, 0, 0 
66519dd,armiro,Fri May 15 06:22:44 2020,"image from https://www.sirm.org/2020/05/14/covid-19-caso-83/",   1, 0, 0 
dc57b13,armiro,Fri May 15 06:19:32 2020,"image from https://www.sirm.org/2020/05/14/covid-19-caso-82",   1, 0, 0 
b811121,armiro,Wed May 13 07:18:03 2020,"image from https://www.sirm.org/2020/05/12/covid-19-caso-76",   1, 0, 0 
bd6d998,armiro,Wed May 13 07:14:48 2020,"image from https://www.sirm.org/2020/05/12/covid-19-caso-72",   1, 0, 0 
c3e4a45,armiro,Tue May 12 04:34:28 2020,"images from https://onlinelibrary.wiley.com/doi/abs/10.1111/ajt.15982",   4, 0, 0 
ab5407b,armiro,Tue May 12 04:13:13 2020,"images from http://pjms.org.pk/index.php/pjms/article/view/2778",   2, 0, 0 
15e873a,armiro,Tue May 12 04:04:53 2020,"image from https://www.eurorad.org/case/16751",   1, 0, 0 
0ed94d2,armiro,Mon May 11 14:35:30 2020,"Merge branch 'master' of https://github.com/armiro/Covid19-Detection", 
6a07e1d,armiro,Mon May 11 14:34:56 2020,"minor changes",   1, 11, 11 
0780ba9,armiro,Mon May 11 14:34:38 2020,"correct model function name",   1, 4, 4 
9a2bb61,Arman Haghanifar,Sat May 9 08:27:14 2020,"update num images",   1, 1, 1 
103a4e7,armiro,Sat May 9 08:25:39 2020,"Merge branch 'master' of https://github.com/armiro/Covid19-Detection", 
1cff28c,armiro,Sat May 9 08:25:30 2020,"images from https://www.eurorad.org/case/16745",   6, 0, 0 
55468b4,armiro,Sat May 9 08:20:01 2020,"images from https://www.eurorad.org/case/16747",   3, 0, 0 
504c5e1,armiro,Thu May 7 05:34:33 2020,"image from https://eurorad.org/case/16744",   1, 0, 0 
27212d7,armiro,Thu May 7 05:32:25 2020,"image from https://radiopaedia.org/cases/covid-19-pneumonia-119",   1, 0, 0 
3cd663a,armiro,Wed May 6 08:48:06 2020,"Merge branch 'master' of https://github.com/armiro/Covid19-Detection", 
806bd3d,armiro,Wed May 6 08:47:40 2020,"images from https://radiopaedia.org/cases/covid-19-pneumonia-serial-radiographs-1",   5, 0, 0 
3b7fe74,armiro,Mon May 4 16:56:26 2020,"add COVID-CXNet model and weights",   1, 11, 17 
60ef55a,Arman Haghanifar,Mon May 4 16:16:02 2020,"change title",   1, 1461 
be363ae,Arman Haghanifar,Mon May 4 16:15:29 2020,"add text blocks",   1, 1492 
122397f,Arman Haghanifar,Mon May 4 16:08:16 2020,"hands-on COVID-CXNet training and image explanation",   1, 1461 
6dab029,Arman Haghanifar,Mon May 4 10:25:50 2020,"update readme",   1, 2, 2 
429cd24,armiro,Sun May 3 18:18:06 2020,"update readme",   1, 2, 2 
8dc29e8,armiro,Sun May 3 18:16:24 2020,"add min-max rescaling for gradients",   1, 6, 4 
f96faca,armiro,Sun May 3 18:15:41 2020,"set last layer fn to softmax",   1, 0, 0 
8847a6c,armiro,Sun May 3 18:14:05 2020,"revise activation fn",   1, 2, 2 
0babb10,armiro,Sat May 2 19:09:04 2020,"add manual compilation",   1, 4, 4 
f847db9,armiro,Sat May 2 19:08:03 2020,"change GradCAM function",   1, 19, 24 
ab6c308,armiro,Sat May 2 19:07:44 2020,"implement GradCAM from scratch",   1, 95, 9 
eccecf2,armiro,Sat May 2 19:07:24 2020,"add tf-explain callback",   1, 10, 7 
08cb2dd,armiro,Sat May 2 19:07:03 2020,"add manual compilation",   1, 0, 0 
1a19a61,Arman Haghanifar,Fri May 1 18:21:44 2020,"update num images",   1, 1, 1 
e4f5184,armiro,Fri May 1 18:19:33 2020,"images from https://link.springer.com/article/10.1007/s00270-020-02470-0",   2, 0, 0 
405476b,armiro,Fri May 1 18:12:47 2020,"delete previous file",   1, 0, 0 
fb93a63,armiro,Fri May 1 18:12:02 2020,"images from https://nature.com/articles/s41394-020-0274-9",   2, 0, 0 
8b0eae3,armiro,Fri May 1 18:11:10 2020,"image from https://doi.org/10.1093/ageing/afaa068",   1, 0, 0 
378656c,armiro,Fri May 1 18:02:54 2020,"image from https://www.nature.com/articles/s41394-020-0274-9",   1, 0, 0 
0e3e453,armiro,Fri May 1 16:59:26 2020,"image from https://doi.org/10.1093/ageing/afaa068",   1, 0, 0 
e619aa0,armiro,Fri May 1 13:03:41 2020,"add higher resolution images from https://synapse.koreamed.org/DOIx.php?id=10.3348/kjr.2020.0132",   3, 0, 0 
a17f5bb,armiro,Fri May 1 05:49:56 2020,"pickled model file implemented in torch",   1, 0, 0 
7350c50,armiro,Fri May 1 05:49:30 2020,"pretrained model implemented in torch",   1, 0, 0 
1fe2975,armiro,Fri May 1 05:48:56 2020,"densenet-based model with pretrained weights",   1, 0, 0 
07c3799,armiro,Fri May 1 05:48:21 2020,"chexnet weights from keras-implemented model in https://github.com/brucechou1983/CheXNet-Keras",   1, 0, 0 
88dff7f,armiro,Fri May 1 05:45:53 2020,"teachable_machine results (overfitting)",   1, 0, 0 
0fcae97,armiro,Fri May 1 05:45:12 2020,"individual CNN results",   16, 3 
519f98d,armiro,Fri May 1 05:44:39 2020,"change directory'",   1, 0, 0 
0d3b9ba,armiro,Fri May 1 05:43:52 2020,"densenet finetuning results",   5, 1 
d2e70c6,armiro,Fri May 1 05:42:47 2020,"change directory'",   9, 3 
d3e0852,armiro,Fri May 1 05:41:15 2020,"chexnet model definition and weights import",   1, 31 
b5651ca,armiro,Fri May 1 04:59:14 2020,"add lime image explanation",   1, 49, 23 
3d93b13,armiro,Fri May 1 04:56:56 2020,"images from https://www.sciencedirect.com/science/article/pii/S1684118220300608",   2, 0, 0 
528d0fa,armiro,Fri May 1 04:52:44 2020,"add covid images",   22, 0, 0 
1b583f3,armiro,Fri May 1 04:52:14 2020,"images from https://twitter.com/ChestImaging/status/1243928581983670272",   4, 0, 0 
05fb6b2,armiro,Fri May 1 04:27:18 2020,"update num images",   1, 1, 1 
53b5198,armiro,Fri May 1 04:24:51 2020,"images from https://radiopaedia.org/cases/covid-19-pneumonia-progression-and-regression",   7, 0, 0 
74d46d6,armiro,Fri May 1 04:19:27 2020,"image from https://radiopaedia.org/cases/covid-19-pneumonia-97",   1, 0, 0 
25a7ddf,armiro,Thu Apr 30 19:47:38 2020,"initial result by CheXNet!",   1, 19, 46 
0c019f1,armiro,Thu Apr 30 19:47:17 2020,"rearrange densenet with avg_pooling",   1, 71, 25 
4db8e1c,armiro,Thu Apr 30 19:46:46 2020,"add class weights",   1, 16, 14 
41c7755,armiro,Thu Apr 30 04:12:27 2020,"images from https://instagram.com/radiology_case_reports/",   2, 0, 0 
8694909,armiro,Wed Apr 29 16:03:47 2020,"images from https://radiopaedia.org/cases/covid-19-pneumonia-progressive",   3, 0, 0 
7458866,Arman Haghanifar,Tue Apr 28 06:04:25 2020,"update readme",   1, 1, 1 
beb6361,armiro,Mon Apr 27 04:37:44 2020,"image from https://radiopaedia.org/cases/covid-19-pneumonia-101",   1, 0, 0 
191ea80,Arman Haghanifar,Mon Apr 27 04:30:02 2020,"update readme",   1, 1, 1 
e16d95e,armiro,Mon Apr 27 04:25:56 2020,"images from https://radiopaedia.org/cases/progression-of-covid-19-pneumonia",   5, 0, 0 
d90ba54,armiro,Sun Apr 26 05:59:09 2020,"https://radiopaedia.org/cases/covid-19-pneumonia-101",   1, 0, 0 
d8b5190,armiro,Sat Apr 25 18:32:35 2020,"Merge branch 'master' of https://github.com/armiro/Covid19-Detection", 
3233561,armiro,Sat Apr 25 18:32:17 2020,"define visualization functions",   1, 19 
0790af2,armiro,Sat Apr 25 18:31:58 2020,"plot ROC curve",   1, 18, 3 
371766f,armiro,Sat Apr 25 12:59:36 2020,"images from https://pubs.rsna.org/doi/full/10.1148/ryct.2020200033 (probably COVID-19 case, but rt-PCR not available)",   3, 0, 0 
4fe81db,armiro,Sat Apr 25 12:37:20 2020,"add covid images",   4, 0, 0 
552b0ab,armiro,Sat Apr 25 12:36:08 2020,"images from https://www.instagram.com/theradiologistpage",   2, 0, 0 
db1ca68,Arman Haghanifar,Sat Apr 25 06:12:17 2020,"update num images",   1, 1, 1 
7f539f0,armiro,Sat Apr 25 06:10:34 2020,"images from https://www.ncbi.nlm.nih.gov/pmc/articles/PMC7141645",   25, 0, 0 
814bcf0,armiro,Sat Apr 25 05:51:34 2020,"correct image name (no visible signs of pneumonia)",   1, 0, 0 
8a257f5,armiro,Sat Apr 25 05:39:13 2020,"update num images",   1, 1, 1 
44187e4,armiro,Sat Apr 25 05:36:32 2020,"Merge branch 'master' of https://github.com/armiro/Covid19-Detection", 
5015c42,armiro,Sat Apr 25 05:36:17 2020,"images from https://twitter.com/ChestImaging/status/1243928581983670272",   114, 0, 0 
2f1879e,armiro,Fri Apr 24 19:28:51 2020,"add covid images",   17, 0, 0 
9b13c9d,armiro,Fri Apr 24 16:15:07 2020,"update readme",   1, 2, 2 
a13bdef,armiro,Fri Apr 24 16:14:15 2020,"add covid images",   1, 0, 0 
30ba8db,armiro,Fri Apr 24 16:13:09 2020,"minor changes",   1, 15, 8 
4fef10a,armiro,Fri Apr 24 12:34:05 2020,"add complimentary features",   1, 65, 22 
631ae6e,armiro,Fri Apr 24 07:28:03 2020,"add covid images",   7, 0, 0 
4c460f4,armiro,Thu Apr 23 18:23:43 2020,"add covid images",   7, 0, 0 
a5d4319,armiro,Thu Apr 23 18:15:29 2020,"Merge branch 'master' of https://github.com/armiro/Covid19-Detection", 
2658e7a,armiro,Thu Apr 23 18:15:13 2020,"import chexpert normal cases",   1, 39 
d3242e3,armiro,Wed Apr 22 14:47:56 2020,"add covid images",   233, 0, 0 
ad2b928,Arman Haghanifar,Wed Apr 22 14:46:03 2020,"minor changes",   1, 2, 2 
f3fa2a6,Arman Haghanifar,Wed Apr 22 14:45:07 2020,"add citation part",   1, 16, 3 
e6e47b7,armiro,Mon Apr 13 14:06:48 2020,"update readme",   1, 1, 1 
fb11f73,armiro,Sun Apr 12 09:31:59 2020,"add base model trained on enhanced images",   3, 1 
053bb13,armiro,Sun Apr 12 09:31:11 2020,"add image enhancements and concat with org image",   1, 22, 14 
9b35e03,armiro,Fri Apr 10 04:31:44 2020,"temp test file",   1, 55 
58e9a58,armiro,Wed Apr 8 13:20:06 2020,"cross-validate result with ref paper, add credit",   1, 1, 1 
f3eaf45,armiro,Wed Apr 8 13:03:22 2020,"cross-validate result with the ref paper, add credit",   1, 46, 35 
92e4be3,armiro,Tue Apr 7 19:38:04 2020,"implement BEASF algorithm based on its MATLAB code",   1, 85 
c2993c4,armiro,Tue Apr 7 06:59:53 2020,"add model and weights for base model versions",   6, 2 
dc9e350,armiro,Sun Apr 5 13:46:02 2020,"fine tuning history for densenet121",   1, 0, 0 
8c8fde7,armiro,Sun Apr 5 13:44:47 2020,"minor changes",   1, 32, 27 
495b2f5,armiro,Sun Apr 5 13:44:31 2020,"minor changes",   1, 58, 49 
ab40b97,armiro,Sun Apr 5 13:44:12 2020,"add classification report",   1, 18, 6 
7ad473f,armiro,Sun Apr 5 13:43:51 2020,"change directory",   2, 1 
34267d6,armiro,Sat Apr 4 11:40:14 2020,"update readme",   1, 15, 1 
d01f661,armiro,Sat Apr 4 04:46:22 2020,"google teachable machine with acc~96% after 30 epochs (overfit) on 331 images",   1, 0, 0 
c0490fe,armiro,Sat Apr 4 04:45:14 2020,"base model and weights",   2, 1 
82beb11,armiro,Sat Apr 4 04:44:14 2020,"train resnet50",   1, 95 
761c135,armiro,Sat Apr 4 04:43:30 2020,"load model and weights from saved files",   1, 26, 26 
a35d192,armiro,Sat Apr 4 04:42:51 2020,"change directory",   2, 1 
746b82f,armiro,Fri Apr 3 16:51:31 2020,"add model loading segment",   1, 16, 23 
1613e21,armiro,Thu Apr 2 16:06:24 2020,"base model as a json file",   1, 1 
f789649,armiro,Thu Apr 2 08:03:35 2020,"update readme with case images",   1, 4, 6 
0da38f2,armiro,Thu Apr 2 08:01:46 2020,"update readme with case images",   1, 4, 4 
cbe9513,armiro,Thu Apr 2 07:59:03 2020,"add case images with predication label",   4, 0, 0 
c7495ec,armiro,Thu Apr 2 07:58:28 2020,"update readme with case images",   3, 9 
f95822f,armiro,Wed Apr 1 18:30:11 2020,"implement gradcam saliency map",   1, 69 
a59146a,armiro,Wed Apr 1 11:01:36 2020,"add icons to readme",   1, 3 
57ecf89,armiro,Mon Mar 30 19:32:20 2020,"best currently achieved weights",   1, 0, 0 
9ddab21,armiro,Mon Mar 30 19:31:25 2020,"training on ~300 images -> ~96% acc on test-set",   1, 105, 10 
919b1ce,armiro,Mon Mar 30 08:07:29 2020,"resolve pycharm problem with tf importing",   1, 20, 6 
0e026b6,armiro,Sun Mar 29 19:42:38 2020,"preprocess dataset images",   1, 54 
3079fa5,armiro,Sun Mar 29 06:05:17 2020,"update initial proposal version",   1, 0, 0 
9c8f24b,armiro,Sat Mar 28 18:41:20 2020,"update gitignore",   1, 3 
d7d54c2,Arman Haghanifar,Thu Mar 26 05:50:03 2020,"add expected-results section to project proposal",   1, 0, 0 
026af5b,Arman Haghanifar,Wed Mar 25 05:29:20 2020,"add project proposal pdf file",   1, 0, 0 
4284e7a,Arman Haghanifar,Wed Mar 25 05:28:10 2020,"Initial commit",   3, 152 