commit id,author,date,comment,changed files,lines added,lines deleted

b079782,suryakalia,Thu Jul 2 20:14:30 2020,"Support for KGP dataset, data augmentation, test ROC on folder",   24, 1072, 5 
bb83ea6,suryakalia,Wed May 27 05:36:59 2020,"Bug fix in RISE",   2, 3, 2 
7ea9f87,suryakalia,Thu Apr 30 18:31:24 2020,"Added support for BSTI-dataset, Focal loss",   7, 101, 30 
a54c771,suryakalia,Sun Apr 26 18:04:47 2020,"Updated contact",   1, 1 
6244485,suryakalia,Sun Apr 26 17:46:04 2020,"Revert "Restore master branch"",   3, 13, 73 
3f940db,suryakalia,Wed Apr 22 21:11:07 2020,"New support for BSTI, Removed COVID images without visual cues",   3, 73, 13 
78b04ef,Arpan Mangal,Wed Apr 22 19:19:30 2020,"Update README.md",   1, 11 
479d480,arpanmangal,Wed Apr 22 18:04:53 2020,"Update README",   2, 3, 3 
761573a,arpanmangal,Thu Apr 16 23:30:39 2020,"Code for F1; code refactoring and cleaning",   2, 99, 88 
8a11fc0,Surya Kalia,Wed Apr 15 06:22:39 2020,"Updated inference command for RISE",   1, 1, 1 
7e10c97,suryakalia,Wed Apr 15 06:16:46 2020,"Added missing files",   8, 465, 1 
0c1bfb9,suryakalia,Wed Apr 15 06:01:13 2020,"Added RISE folder",   1, 0, 0 
28fffd9,suryakalia,Wed Apr 15 05:51:13 2020,"Added visualization helper files",   1, 2, 1 
b085bdc,Surya Chandra Kalia,Wed Apr 15 05:36:58 2020,"Added RISE visualizations",   3, 9, 2 
71f0308,arpanmangal,Mon Apr 13 01:26:56 2020,"Cleaning print stmts",   2, 3, 3 
1785c86,arpanmangal,Mon Apr 13 01:01:29 2020,"Update README -- Added visualizations",   7, 39 
c513a47,arpanmangal,Sun Apr 12 22:25:19 2020,"Changed model name",   9, 23, 25 
95d6a94,arpanmangal,Sun Apr 12 21:02:52 2020,"Update README",   3, 99, 80 
8e26a0c,arpanmangal,Sun Apr 12 00:03:54 2020,"Update README",   8, 74, 18 
3d5f52b,arpanmangal,Sat Apr 11 22:51:17 2020,"Code for ROC curve",   1, 77, 4 
8449c24,arpanmangal,Fri Apr 10 13:35:07 2020,"Changes in plotting cm",   1, 15, 6 
9fcea2e,arpanmangal,Fri Apr 10 02:17:43 2020,"Resolved small bugs",   3, 7, 6 
6df072b,arpanmangal,Wed Apr 8 22:12:37 2020,"Added trained models",   3, 4 
c7f708d,arpanmangal,Wed Apr 8 21:25:45 2020,"Inference with combine_pneumonia, cm with proper heatmap",   2, 17, 11 
50a44a5,arpanmangal,Wed Apr 8 18:47:34 2020,"Changed sampling rate, added accuracy computation",   2, 7, 2 
d656852,arpanmangal,Tue Apr 7 19:21:12 2020,"Code for testing on unkown multiple images",   1, 118 
1547f70,arpanmangal,Tue Apr 7 13:08:43 2020,"Removed loss bug, added cuda cache clear",   2, 4, 1 
882b07a,arpanmangal,Tue Apr 7 01:27:28 2020,"Removed opposite loss weights bug",   2, 19, 23 
62d20fc,arpanmangal,Mon Apr 6 22:22:59 2020,"Loss function changed to weighted binary cross-entropy, optim to Adam",   3, 37, 5 
4663cb2,arpanmangal,Mon Apr 6 19:27:38 2020,"Updated covid-data code to pandas",   2, 23, 36 
6c15437,arpanmangal,Fri Apr 3 17:26:59 2020,"Changed pneumonia sampling rate for better results",   1, 1, 1 
ecb0b23,arpanmangal,Thu Apr 2 20:10:36 2020,"Removed label bug in test mode",   1, 4, 1 
dddb0fe,arpanmangal,Thu Apr 2 17:35:18 2020,"Code for 3 class classification by combining pneumonias",   6, 109, 34 
6c737f5,arpanmangal,Tue Mar 31 22:07:02 2020,"removed wrong covid path bug",   2, 4, 4 
8749006,arpanmangal,Tue Mar 31 20:36:37 2020,"Update README.md",   3, 98, 35 
73dc342,arpanmangal,Tue Mar 31 19:43:41 2020,"Added ROC computation, cm path in test",   4, 37, 157 
4db74bd,arpanmangal,Tue Mar 31 03:51:17 2020,"Code for weight transfer",   3, 12, 17 
8f14e30,arpanmangal,Tue Mar 31 03:39:29 2020,"Code for combined dataset preparation",   3, 22, 11 
d4a5761,arpanmangal,Tue Mar 31 03:16:30 2020,"Code for preparing covid dataset",   1, 83 
df94fd2,arpanmangal,Tue Mar 31 02:33:01 2020,"Restructuring",   9, 1 
313ee5b,arpanmangal,Tue Mar 31 02:23:46 2020,"Removed old data folder",   8, 112124 
e26a64d,arpanmangal,Tue Mar 31 02:20:31 2020,"Added covid xray dataset as submodule",   2, 4 
77f3034,arpanmangal,Mon Mar 30 19:59:20 2020,"More training options to freeze feature layers, increase recall",   2, 31, 7 
7beec2b,arpanmangal,Mon Mar 30 02:18:30 2020,"More training options",   2, 20, 11 
57ca204,arpanmangal,Sun Mar 29 23:40:44 2020,"Removed val_loader bugs",   2, 29, 24 
38e38a0,arpanmangal,Sun Mar 29 22:51:17 2020,"Dataloader for handling class imbalance",   2, 79, 26 
a3f8e40,arpanmangal,Sun Mar 29 20:30:50 2020,"Distributed training NOT working",   1, 50, 28 
f0f9fb4,arpanmangal,Sun Mar 29 19:52:19 2020,"Distributed training",   1, 49, 40 
fa1549e,arpanmangal,Sun Mar 29 18:58:06 2020,"code for single gpu training",   1, 110, 61 
c199e8e,arpanmangal,Sun Mar 29 17:38:42 2020,"Code for model testing and plotting conf matrix",   1, 197 
257a3bb,arpanmangal,Sun Mar 29 03:54:57 2020,"CovXNet and weight transfer",   2, 46, 3 
68bb10a,arpanmangal,Sun Mar 29 03:46:48 2020,"Changes to input file format",   2, 11, 6 
34b235d,arpanmangal,Sun Mar 29 03:04:04 2020,"Code for setting up data paths",   1, 37 
89738f5,arpanmangal,Sat Mar 28 23:06:24 2020,"Code for transfering weights to 14 class to 3 class",   1, 61 
f071d5c,arpanmangal,Sat Mar 28 21:50:43 2020,"Added gitignores",   2, 149 
0f68b72,arpanmangal,Wed Apr 22 17:52:14 2020,"Added CheXNet code",   11, 112357 