commit id,author,date,comment,changed files,lines added,lines deleted

d8980a1,Ashish Khuraishy,Sat Jun 6 18:54:05 2020,"Update README.md",   1, 1, 1 
fc94b3f,Ashish Khuraishy,Fri May 1 01:58:25 2020,"Update README.md",   1, 1 
199a400,Ashish,Wed Apr 22 01:15:37 2020,"Merge pull request #13 from shr1k4nt/master", 
65eefb4,Ashish,Fri Apr 10 17:37:16 2020,"Merge pull request #11 from sanket-vekariya/master", 
a316d0c,Ashish Khuraishy,Fri Apr 10 17:03:51 2020,"Merge branch 'master' of https://github.com/ashishkhuraishy/CovidUpdates", 
ae078d0,Ashish Khuraishy,Mon Apr 6 22:28:17 2020,"final build v1.1",   1, 0, 0 
c2977fd,Ashish Khuraishy,Mon Apr 6 21:48:17 2020,"new build V1.1",   2, 1, 1 
48042e9,Ashish Khuraishy,Mon Apr 6 21:15:49 2020,"Minor UI updates",   6, 7, 7 
4b4f4e7,Ashish Khuraishy,Mon Apr 6 21:02:40 2020,"updtaed the histogram",   4, 43, 39 
dd7b5ba,Ashish Khuraishy,Mon Apr 6 19:14:02 2020,"Fixed #10",   12, 14, 14 
2c6dde0,Ashish,Fri Apr 3 22:45:49 2020,"Merge pull request #7 from AbhayVAshokan/master", 
8b9f888,Ashish,Wed Mar 25 21:15:41 2020,"Merge pull request #5 from dangilbert/build-ios-release", 
7dc3e9a,Ashish,Wed Mar 25 21:14:51 2020,"Merge pull request #4 from dangilbert/master", 
85455e4,Ashish,Tue Mar 24 21:06:48 2020,"Merge pull request #3 from alceil/master", 
88a7025,Ashish,Tue Mar 24 13:09:52 2020,"Update README.md",   1, 24 
a0e214f,Ashish,Tue Mar 24 13:08:02 2020,"Create LICENSE",   1, 21 
506a901,Ashish,Tue Mar 24 04:13:01 2020,"Update README.md",   1, 4 
c310518,Ashish,Tue Mar 24 03:59:00 2020,"Merge pull request #2 from dangilbert/master", 
496aad4,Ashish,Mon Mar 23 17:58:25 2020,"Update README.md",   1, 1, 1 
92e3f1f,Ashish,Mon Mar 23 17:57:50 2020,"Update README.md",   1, 1, 1 
48e569d,Ashish,Mon Mar 23 17:57:18 2020,"Update README.md",   1, 3 
7a8a7a6,Ashish,Mon Mar 23 03:51:36 2020,"Update README.md",   1, 1, 1 
ab7e6c1,Ashish Khuraishy,Mon Mar 23 03:49:15 2020,"Merge branch 'master' of https://github.com/ashishkhuraishy/CovidUpdates", 
475c81f,Ashish Khuraishy,Mon Mar 23 03:48:47 2020,"Added app",   1, 0, 0 
716cc3a,Ashish Khuraishy,Mon Mar 23 03:42:04 2020,"Merge branch 'master' of https://github.com/ashishkhuraishy/CovidUpdates", 
2bdad5b,Ashish Khuraishy,Mon Mar 23 03:41:52 2020,"Added app",   1, 0, 0 
fc123d7,Ashish Khuraishy,Mon Mar 23 03:38:14 2020,"update readme",   1, 3, 3 
dfafbe0,Ashish Khuraishy,Mon Mar 23 03:34:26 2020,"First success build",   14, 35, 12 
0f127aa,Ashish Khuraishy,Mon Mar 23 02:02:42 2020,"v1 completed",   1, 1, 1 
60b73e6,Ashish Khuraishy,Mon Mar 23 02:01:11 2020,"v1 build complete",   14, 333, 68 
0587c70,Ashish Khuraishy,Sun Mar 22 17:31:18 2020,"Merge branch 'master' of https://github.com/ashishkhuraishy/CovidUpdates", 
09a5614,Ashish Khuraishy,Sun Mar 22 17:31:06 2020,"Completed Prevention and Symptoms",   9, 260, 120 
baf30f5,Ashish Khuraishy,Sun Mar 22 02:06:36 2020,"Symptoms pge main structure completed",   11, 130, 8 
49b62ee,Ashish Khuraishy,Sun Mar 22 00:43:31 2020,"HomePage Completed",   4, 2, 7 
0ca139a,Ashish Khuraishy,Sun Mar 22 00:41:58 2020,"homePage completed",   14, 205, 82 
8c49ef6,Ashish Khuraishy,Sat Mar 21 21:42:47 2020,"HomePage nav items done",   6, 162, 4 
be910e4,Ashish Khuraishy,Sat Mar 21 17:47:11 2020,"Report Page Completed",   1, 1, 2 
889b3d3,Ashish Khuraishy,Sat Mar 21 17:46:28 2020,"Report page Completed",   8, 229, 80 
4599915,Ashish Khuraishy,Sat Mar 21 16:00:50 2020,"implemented chart",   6, 248, 161 
b833fcf,Ashish Khuraishy,Fri Mar 20 22:55:04 2020,"Implemented Core Model",   6, 243, 49 
2e165c8,Ashish Khuraishy,Fri Mar 20 19:15:26 2020,"First Commit",   58, 1584 