commit id,author,date,comment,changed files,lines added,lines deleted

59bc15a,Ankush Patil,Wed Apr 22 01:39:35 2020,"added changelogs for 1.0.9",   3, 11, 2 
266d996,Ankush Patil,Wed Apr 22 01:36:33 2020,"world all countries status",   4, 82, 50 
6d1e125,Ankush Patil,Wed Apr 22 00:31:05 2020,"added all OA after india for fetching states",   2, 11 
13929ad,Ankush Patil,Wed Apr 22 00:24:41 2020,"Merge branch 'interactive_mode' into develop", 
066f076,Ankush Patil,Mon Apr 20 02:48:41 2020,"fixes #16 updated screenshot",   2, 1, 1 
a35a1be,Ankush,Mon Apr 20 02:34:43 2020,"Adding codes in CODES.md (#21)",   3, 342, 1 
8d11662,Ankush Patil,Mon Apr 20 02:33:46 2020,"Adding codes in CODES.md",   2, 341 
c9a89c3,Ankush Patil,Sun Apr 19 16:34:57 2020,"Considering iso1 iso2 for india",   1, 1, 1 
5a3cc62,Ankush Patil,Sun Apr 19 16:25:25 2020,"updating version 1.0.8",   3, 13, 5 
aa34b8c,Ankush Patil,Sun Apr 19 16:25:12 2020,"Fixed python styling according to pycodestyle",   2, 4, 4 
c5aea6c,KulkarniSuraj,Sun Apr 19 16:17:37 2020,"fixes #17 and #19",   2, 6, 16 
e42ca31,Ankush Patil,Sat Apr 18 18:52:01 2020,"Migrating to v2 api",   1, 2, 2 
26d9089,Ankush Patil,Tue Apr 14 14:55:43 2020,"Fixed bug in printing all states at once after formating",   1, 17, 12 
444708f,Ankush,Sun Apr 12 17:54:59 2020,"Add comma  to numbers",   3, 72, 30 
1d5cd32,Ankush Patil,Sun Apr 12 17:53:32 2020,"Changelog entry for #14",   1, 6, 1 
29845e8,Ankush Patil,Sun Apr 12 17:51:11 2020,"Fixes #14: improving readability by adding comma",   2, 65, 29 
c8b276d,Ankush,Fri Apr 10 16:38:25 2020,"Update README.md",   1, 8, 1 
6e4920d,Ankush Patil,Fri Apr 10 16:27:11 2020,"Version changed to v1.0.6",   2, 2, 2 
7b1b901,Ankush Patil,Fri Apr 10 16:21:39 2020,"Merge branch 'develop'", 
35d31f0,Ankush Patil,Fri Apr 10 15:04:17 2020,"Merge branch 'develop'", 
3880a11,Ankush Patil,Fri Apr 10 15:02:34 2020,"initialised sphinx for documentation",   4, 127 
fa2049e,Ankush Patil,Fri Apr 10 15:02:17 2020,"added usage for world status",   1, 5, 3 
67b1126,Ankush,Fri Apr 10 07:14:16 2020,"Added world counter + loader animation (#12)",   7, 75, 13 
e953f05,Ankush Patil,Fri Apr 10 07:07:51 2020,"Added world counter + loader animation",   7, 75, 13 
5a8b858,Ankush Patil,Fri Apr 10 06:01:09 2020,"Merge branch 'master' of github.com:asprazz/covid19-cli", 
34ac6a7,Ankush Patil,Fri Apr 10 05:59:39 2020,"Version changed to 1.0.5",   2, 2, 2 
79d6edf,Ankush Patil,Fri Apr 10 05:58:24 2020,"added capability for parsing all states",   3, 103, 47 
1d28bbb,Ankush Patil,Fri Apr 10 04:35:46 2020,"moved welcome greetings to printer",   2, 45, 3 
6c7c3d7,Ankush Patil,Fri Apr 10 04:29:33 2020,"Merge branch 'add_global_parser' into world_status_fetcher", 
3e1bc01,Ankush Patil,Fri Apr 10 04:27:53 2020,"Made only parser for India",   3, 38, 33 
724ed8d,Ankush Patil,Fri Apr 10 04:27:29 2020,"Merge branch 'master' into world_status_fetcher", 
fb8f4d4,Ankush,Fri Apr 10 01:16:32 2020,"Modification :grinning:",   1, 72, 44 
6c8e5dc,Ankush Patil,Fri Apr 10 00:01:33 2020,"ui update",   4, 27, 18 
d3559db,Ankush Patil,Thu Apr 9 23:09:17 2020,"added screenshot with contributors.md",   4, 21, 7 
94e5481,Ankush Patil,Thu Apr 9 23:09:17 2020,"updated contributors guidelines",   3, 21, 7 
77bfa11,Ankush Patil,Thu Apr 9 23:09:17 2020,"updated contributors guidelines",   1, 19, 3 
202aa71,Ankush Patil,Thu Apr 9 23:09:06 2020,"added dyanamic versioning from main",   2, 9, 2 
9eb8905,Ankush Patil,Thu Apr 9 23:07:19 2020,"combined creator intor contributor",   1, 11, 5 
8fc60e1,Ankush Patil,Thu Apr 9 22:42:11 2020,"Merge branch 'master' of github.com:asprazz/covid19-cli", 
12f3814,Ankush Patil,Sun Apr 5 16:32:21 2020,"Version change",   4, 6, 6 
25fc0c4,Ankush Patil,Sun Apr 5 16:32:21 2020,"Version change",   3, 3, 3 
0f4d7d6,Ankush Patil,Sun Apr 5 16:08:49 2020,"boring colouring on windows default white",   1, 29, 14 
d914b29,Ankush Patil,Sun Apr 5 16:08:16 2020,"log message modified in request exception",   1, 1, 2 
f4e76c8,Ankush Patil,Sun Apr 5 16:07:52 2020,"parsing updated according to updation in api",   2, 27, 11 
f6ff890,Ankush,Sat Apr 4 20:28:17 2020,"Update README.md",   1, 2, 2 
1d207eb,Ankush Patil,Sat Apr 4 20:25:17 2020,"Merge branch 'master' of github.com:asprazz/covid19-cli", 
978d5ab,Ankush Patil,Sat Apr 4 20:24:56 2020,"Updated setup.py for valid distribution",   7, 84, 32 
ffb29eb,Ankush,Sat Apr 4 05:04:34 2020,"Update README.md",   1, 13, 2 
c7d1f20,Ankush,Sat Apr 4 05:04:18 2020,"Update README.md",   1, 2, 1 
da5a82f,Ankush,Sat Apr 4 05:03:56 2020,"Update README.md",   1, 2, 2 
8bae67b,Ankush Patil,Sat Apr 4 05:00:03 2020,"Updated readme file",   2, 24, 6 
f6daab7,Ankush Patil,Sat Apr 4 04:46:31 2020,"Archive added",   21, 22, 6 
0fc3310,Ankush,Sat Apr 4 04:35:16 2020,"Create CODE_OF_CONDUCT.md",   1, 76 
c3cc721,Ankush,Sat Apr 4 04:34:38 2020,"Create CONTRIBUTORS.md",   1, 4 
8817963,Ankush,Sat Apr 4 04:33:00 2020,"Merge pull request #3 from asprazz/add-license-1", 
f1f5daf,Ankush,Sat Apr 4 04:32:05 2020,"Merge pull request #2 from asprazz/revert-1-add-license-1", 
e36a5ac,Ankush,Sat Apr 4 04:30:57 2020,"Merge pull request #1 from asprazz/add-license-1", 
3c7ab0f,Ankush Patil,Sat Apr 4 04:15:52 2020,"fetched, parsed cases for both country and specific state",   8, 293, 105 
39e57ce,Ankush Patil,Fri Apr 3 02:58:32 2020,"updated structre and functions",   9, 121, 106 
4da08b6,Ankush,Thu Apr 2 20:22:23 2020,"Update README.md",   1, 2, 2 
1179e97,Ankush Patil,Thu Apr 2 20:16:54 2020,"Fetched country count",   14, 191 
8752aec,Ankush Patil,Thu Apr 2 18:03:55 2020,"Init",   1, 0, 0 