commit id,author,date,comment,changed files,lines added,lines deleted

5fdca0a,Sabyasachi Ghosh,Tue Sep 8 12:04:12 2020,"Add LICENSE.txt",   1, 26 
555cc91,Sabyasachi Ghosh,Tue Sep 8 00:08:26 2020,"Fix failing test",   1, 12 
68960c0,Sabyasachi Ghosh,Mon Sep 7 23:49:11 2020,"Minor changes",   1, 90 
078a62d,Sabyasachi Ghosh,Sun Sep 6 21:37:11 2020,"Update README.md",   1, 1, 1 
99127fd,Sabyasachi Ghosh,Tue May 19 19:40:11 2020,"Fix bug in test run",   1, 1 
72ad16f,Sabyasachi Ghosh,Tue May 19 19:24:33 2020,"Merge branch 'master' into tapestry", 
22ab959,Sabyasachi Ghosh,Tue May 19 19:23:42 2020,"Remove some files",   2, 52 
e42cb0f,Sabyasachi Ghosh,Sun May 17 03:36:31 2020,"Merge pull request #54 from ssgosh/nimay", 
fe9da47,Sabyasachi Ghosh,Fri May 15 21:05:32 2020,"Merge pull request #53 from ssgosh/nimay", 
648eb08,Sabyasachi Ghosh,Fri May 15 20:54:37 2020,"Merge pull request #49 from ssgosh/precise_sbl", 
b39a461,Sabyasachi Ghosh,Wed May 13 03:19:22 2020,"Merge pull request #45 from ssgosh/data_model_changes", 
9844820,Sabyasachi Ghosh,Tue May 12 19:55:35 2020,"Add stats for massive pooling and 2% prevalance rate",   7, 536, 6 
34f2fbd,Sabyasachi Ghosh,Sat May 9 17:28:46 2020,"Merge pull request #43 from ssgosh/code_cleanup", 
dfec28c,Sabyasachi Ghosh,Sat May 9 14:35:01 2020,"Merge pull request #42 from ssgosh/core_folder", 
8223ed4,Sabyasachi Ghosh,Fri May 8 21:36:30 2020,"Update README",   1, 14 
668f038,Sabyasachi Ghosh,Fri May 8 21:15:56 2020,"Merge pull request #41 from ssgosh/core_folder", 
d6a1f79,Sabyasachi Ghosh,Thu May 7 14:40:49 2020,"Merge pull request #40 from cmurthyiisc/master", 
8c04870,Sabyasachi Ghosh,Thu May 7 14:39:02 2020,"Merge pull request #39 from ssgosh/core_folder", 
57d2a46,Sabyasachi Ghosh,Thu May 7 03:00:55 2020,"Merge pull request #38 from ssgosh/core_folder", 
479ecac,Sabyasachi Ghosh,Wed May 6 08:34:42 2020,"Merge pull request #37 from ssgosh/core_folder", 
09975ee,Sabyasachi Ghosh,Mon May 4 01:34:21 2020,"Merge pull request #36 from ssgosh/extra_mats", 
6ced19c,Sabyasachi Ghosh,Sun May 3 03:42:04 2020,"Merge pull request #35 from ssgosh/scomp", 
6d91906,Sabyasachi Ghosh,Sat May 2 14:26:46 2020,"Add kirkman stats",   1, 611 
03d2a17,Sabyasachi Ghosh,Thu Apr 30 16:05:02 2020,"Add generalStats.txt from branch rishiagarwal2000-patch-2",   1, 1470 
515f54f,Sabyasachi Ghosh,Thu Apr 30 14:50:55 2020,"Update some stats",   2, 126, 8 
d0fc8c5,Sabyasachi Ghosh,Thu Apr 30 00:13:04 2020,"Migrate stats from dict to directory structure",   1, 2, 1 
4d4d936,Sabyasachi Ghosh,Thu Apr 30 00:04:40 2020,"Migrate stats from single pickle to subdirs",   1, 9, 1 
8533a54,Sabyasachi Ghosh,Wed Apr 29 23:36:19 2020,"Verify stats manager working by generating confidence intervals for kirkman matrices",   1, 14, 2 
5903d5a,Sabyasachi Ghosh,Wed Apr 29 23:24:23 2020,"Save stats using stats_manager (directory structure)",   2, 36, 27 
dc8b4c6,Sabyasachi Ghosh,Wed Apr 29 22:36:07 2020,"Add stats_manager to save stats in different pickles under a subdir structure instead of dict",   2, 82, 5 
487312f,Sabyasachi Ghosh,Wed Apr 29 19:01:51 2020,"Merge branch 'master' into stats_management", 
dcd5f65,Sabyasachi Ghosh,Wed Apr 29 18:39:07 2020,"WIP: Directory Stats Manager",   2, 17, 3 
91f8a9c,Sabyasachi Ghosh,Wed Apr 29 16:17:52 2020,"Add massive pooling stats",   1, 1530 
cb61008,Sabyasachi Ghosh,Wed Apr 29 07:16:55 2020,"Add STS matrices for massive pooling",   3, 663 
e017622,Sabyasachi Ghosh,Wed Apr 29 06:22:15 2020,"Add STS matrices and list of massive pooling matrices",   3, 30, 14 
1492623,Sabyasachi Ghosh,Tue Apr 28 17:11:15 2020,"Deploy 27x117 kirkman matrix OTTER",   1, 4 
9941167,Sabyasachi Ghosh,Tue Apr 28 04:10:15 2020,"Merge pull request #33 from ssgosh/bootstrap_stats", 
19cab32,Sabyasachi Ghosh,Mon Apr 27 01:37:10 2020,"Merge pull request #30 from ssgosh/SConsul-patch-2", 
8f01729,Sabyasachi Ghosh,Mon Apr 27 01:36:19 2020,"Merge pull request #29 from ssgosh/SConsul-patch-1", 
1425362,Sabyasachi Ghosh,Sun Apr 19 19:46:34 2020,"Merge pull request #26 from ssgosh/matrix_codenames", 
5366f76,Sabyasachi Ghosh,Sun Apr 19 02:18:34 2020,"Merge pull request #25 from ssgosh/extensive_tests", 
0dafdc9,Sabyasachi Ghosh,Sat Apr 18 04:36:54 2020,"Separate out run_many_parallel_expts_internal()",   1, 5 
ae71597,Sabyasachi Ghosh,Sat Apr 18 01:57:43 2020,"Raise exception on division by zero to catch programmer errors",   1, 29, 19 
e68df19,Sabyasachi Ghosh,Fri Apr 17 20:56:17 2020,"Add some stats for 16x40 and 24x60",   1, 36 
aa85423,Sabyasachi Ghosh,Fri Apr 17 00:49:12 2020,"Add 21x70 STS matrix for deployment",   3, 22, 3 
7827d87,Sabyasachi Ghosh,Fri Apr 17 00:17:45 2020,"Add # of infections and infection rate for each matrix size in get_test_results.py",   1, 20, 9 
70572e7,Sabyasachi Ghosh,Thu Apr 16 21:17:51 2020,"Add 63x399 and 93x961 matrices for deployment",   1, 4, 2 
7869cc2,Sabyasachi Ghosh,Thu Apr 16 21:13:56 2020,"Add stats for 93x961 and 63x399",   1, 35 
becf2ae,Sabyasachi Ghosh,Thu Apr 16 20:25:23 2020,"Add 63x399 and 93x961 STS matrices",   3, 168, 1 
3cf8dc9,Sabyasachi Ghosh,Thu Apr 16 05:51:43 2020,"Merge pull request #23 from ssgosh/app_integration", 
6513d65,Sabyasachi Ghosh,Wed Apr 15 05:44:04 2020,"Increase default cycle time cutoff to 40",   1, 1, 1 
a333648,Sabyasachi Ghosh,Wed Apr 15 05:39:48 2020,"Remove sizes 46x96 and 46x192",   1, 5, 5 
125da3f,Sabyasachi Ghosh,Wed Apr 15 05:30:13 2020,"Add checks in get_test_results.py to ensure that algo has recall 1",   1, 6 
a23844c,Sabyasachi Ghosh,Wed Apr 15 05:24:55 2020,"Add 45x105 and 45x195 matrices",   1, 5, 3 
fe7f09e,Sabyasachi Ghosh,Wed Apr 15 05:11:01 2020,"Add 45x195 STS matrix generated by Rishi",   2, 51 
e60a55c,Sabyasachi Ghosh,Wed Apr 15 04:54:41 2020,"Add optimized_M_45_105_STS_1 to matrices.py",   2, 59, 6 
08d4437,Sabyasachi Ghosh,Wed Apr 15 00:40:38 2020,"Use 100 as default cycle time in Harvard data; Generate fake data on running experimental_data_manager.py",   1, 14, 2 
e0a054e,Sabyasachi Ghosh,Tue Apr 14 20:16:05 2020,"Return ground truth indices in read_harvard_data_cts() and get_random_fake_test_data()",   2, 7, 3 
76361f0,Sabyasachi Ghosh,Tue Apr 14 16:43:52 2020,"Merge pull request #21 from ssgosh/app_integration", 
e56d48b,Sabyasachi Ghosh,Sat Apr 11 17:51:30 2020,"Add score column to stats",   3, 26, 21 
56851c4,Sabyasachi Ghosh,Fri Apr 10 15:26:41 2020,"Minor changes",   1, 14, 6 
2758e95,Sabyasachi Ghosh,Fri Apr 10 14:11:48 2020,"Move Harvard tests to its own function",   1, 73, 66 
68079a2,Sabyasachi Ghosh,Fri Apr 10 14:05:23 2020,"Add Harvard data file",   1, 47 
d13640a,Sabyasachi Ghosh,Fri Apr 10 05:21:36 2020,"Add boilerplate modifications to cs_expts",   2, 15, 11 
adaa19f,Sabyasachi Ghosh,Fri Apr 10 05:20:28 2020,"Figure out cycle times from table and print quantitative results for Harvard data",   2, 99, 37 
73c3a7f,Sabyasachi Ghosh,Fri Apr 10 01:34:57 2020,"Add 93x960 STS matrix",   1, 4 
cc43c28,Sabyasachi Ghosh,Fri Apr 10 01:32:33 2020,"Merge remote-tracking branch 'origin/master' into rishiagarwal2000-patch-1", 
1113ff9,Sabyasachi Ghosh,Fri Apr 10 01:30:25 2020,"Merge branch 'master' into rishiagarwal2000-patch-1", 
d941271,Sabyasachi Ghosh,Fri Apr 10 01:29:43 2020,"Retab sts.py and add option to send only first n columns",   1, 42, 30 
fc2f748,rishiA,Fri Apr 10 00:14:35 2020,"Code to generate sts matrices",   1, 33 
c7f119d,Sabyasachi Ghosh,Thu Apr 9 20:27:03 2020,"Changes for running with quantitative data",   3, 83, 29 
3cadd4c,Sabyasachi Ghosh,Thu Apr 9 19:29:38 2020,"Add test[1-5].txt",   5, 80 
bb86476,Sabyasachi Ghosh,Thu Apr 9 19:29:00 2020,"Convert cycle times to y",   1, 44, 11 
b3c4482,Sabyasachi Ghosh,Thu Apr 9 18:50:18 2020,"Add optimized_M_16_40_ncbs",   4, 40, 8 
2130b79,Sabyasachi Ghosh,Thu Apr 9 17:49:48 2020,"Add new comp decoding method",   2, 43, 19 
3411321,Sabyasachi Ghosh,Thu Apr 9 17:41:41 2020,"Decode experimental results",   1, 59 
3c2f887,Sabyasachi Ghosh,Thu Apr 9 03:44:28 2020,"Update stats on specificity",   1, 24, 10 
1f81aff,Sabyasachi Ghosh,Thu Apr 9 03:44:00 2020,"Add l1ls",   2, 13, 2 
fe6d54d,Sabyasachi Ghosh,Thu Apr 9 03:43:06 2020,"Reverting to variable_gaussian as the default noise model",   1, 2, 1 
f7d4687,Sabyasachi Ghosh,Wed Apr 8 21:29:57 2020,"Adding specificity stats file",   1, 125 
c6e13c2,Sabyasachi Ghosh,Wed Apr 8 20:48:53 2020,"Add specificity",   1, 25, 25 
ac6ab85,Sabyasachi Ghosh,Wed Apr 8 05:44:49 2020,"Add many stats files",   4, 1312 
57a619d,Sabyasachi Ghosh,Wed Apr 8 05:35:03 2020,"Implement exponential Gaussian noise model",   4, 40, 37 
736e3c8,Sabyasachi Ghosh,Tue Apr 7 15:06:05 2020,"Fix computation of unsurep",   1, 4, 1 
1090935,Sabyasachi Ghosh,Tue Apr 7 04:38:31 2020,"Load matrix from text file under mats/",   1, 15, 2 
b002477,Sabyasachi Ghosh,Tue Apr 7 04:38:08 2020,"Fix SBL sigval",   1, 3, 1 
10a10f1,Sabyasachi Ghosh,Mon Apr 6 21:20:01 2020,"Add more matrices, minor touch-ups",   3, 6503, 8 
41a4415,Sabyasachi Ghosh,Mon Apr 6 16:16:45 2020,"Add 23x96 matrix",   1, 140 
a4d8345,Sabyasachi Ghosh,Mon Apr 6 05:15:45 2020,"Fix stats formatting",   1, 4, 4 
c9eff0b,Sabyasachi Ghosh,Mon Apr 6 05:15:22 2020,"Add optimized_M_46_192_1",   1, 509 
f601b0d,Sabyasachi Ghosh,Mon Apr 6 01:28:39 2020,"Code to print a matrix in technician readable format",   1, 29 
8139ef8,Sabyasachi Ghosh,Mon Apr 6 01:27:04 2020,"Return final infected after doing OR with definite defects",   3, 26, 23 
fd33f42,Sabyasachi Ghosh,Sun Apr 5 23:52:59 2020,"Add definite defects to all algorithms",   2, 25, 12 
ebf69a7,Sabyasachi Ghosh,Sun Apr 5 23:00:04 2020,"Also print surep",   1, 12, 8 
e02ba37,Sabyasachi Ghosh,Sun Apr 5 22:26:23 2020,"Add definite defects to COMP",   2, 49, 14 
aaecbeb,Sabyasachi Ghosh,Sun Apr 5 20:52:10 2020,"Add optimized matrix for 46x96",   1, 280 
6795998,Sabyasachi Ghosh,Sun Apr 5 20:51:24 2020,"Don't print extra info",   2, 62, 15 
342c2b3,Sabyasachi Ghosh,Sun Apr 5 02:01:54 2020,"Convert tabs to spaces",   1, 30, 30 
3913199,Sabyasachi Ghosh,Sun Apr 5 01:56:39 2020,"Add 16x96 matrix",   1, 97 
5f02f6a,Sabyasachi Ghosh,Sat Apr 4 23:50:14 2020,"Various stats collection",   4, 83, 26 
368c911,Sabyasachi Ghosh,Sat Apr 4 14:36:38 2020,"prefer_recall False by default",   1, 11, 8 
69f3dbb,Sabyasachi Ghosh,Sat Apr 4 14:35:42 2020,"Add 46x500 matrix",   1, 1289 
9578f3a,Sabyasachi Ghosh,Sat Apr 4 12:54:24 2020,"Add matrices1.py",   2, 1084 
35c96e2,Sabyasachi Ghosh,Sat Apr 4 12:50:41 2020,"Print row and col sparsity",   1, 12, 4 
fc01aa4,Sabyasachi Ghosh,Sat Apr 4 01:26:45 2020,"Report unconfident negatives as +ve",   2, 64, 35 
bc025ee,Sabyasachi Ghosh,Sat Apr 4 00:00:36 2020,"Add 46x200 and 46x300 matrices",   1, 1341, 1 
08aaaa2,Sabyasachi Ghosh,Fri Apr 3 23:58:14 2020,"Print total tests done by add t to d/precision",   1, 12, 7 
71b4522,Sabyasachi Ghosh,Fri Apr 3 18:09:26 2020,"Add 64x400 matrix",   1, 1477 
893bec6,Sabyasachi Ghosh,Fri Apr 3 18:07:35 2020,"Fix division by zero in SBL",   1, 2, 2 
ad32fd2,Sabyasachi Ghosh,Fri Apr 3 07:08:50 2020,"Add SBL algorithm to cs.py",   1, 9, 7 
5fb5d94,Sabyasachi Ghosh,Fri Apr 3 07:05:26 2020,"Add 16x64 matrices",   1, 145, 10 
2c36378,Sabyasachi Ghosh,Fri Apr 3 04:47:48 2020,"Convert dos to unix format; tabs to 2 space indents",   2, 185, 183 
f899fa5,Sabyasachi Ghosh,Fri Apr 3 00:13:31 2020,"Don't prefer recall by default - this is in testing mode",   1, 1, 1 
e4eda67,Sabyasachi Ghosh,Fri Apr 3 00:11:28 2020,"Add config parameter to stress higher recall",   2, 10 
ccd844e,Sabyasachi Ghosh,Thu Apr 2 19:57:56 2020,"Merge branch 'master' of github.com:ssgosh/group-test", 
4381b82,Sabyasachi Ghosh,Thu Apr 2 19:56:34 2020,"Much better stats printing in run_many_parallel_expts()",   1, 33, 13 
0c254fa,Sabyasachi Ghosh,Thu Apr 2 15:31:59 2020,"Merge branch 'master' of github.com:ssgosh/group-test", 
774841e,Sabyasachi Ghosh,Wed Apr 1 23:44:59 2020,"Merge branch 'master' of github.com:ssgosh/group-test", 
59b4256,Sabyasachi Ghosh,Wed Apr 1 22:27:17 2020,"Minor change in sel_matrix.py",   1, 1, 1 
edd414c,Sabyasachi Ghosh,Wed Apr 1 22:25:24 2020,"Skip cross-validation when t < 4; Allow running expts for multiple algorithms in do_many_expts",   2, 60, 39 
0101b1b,Sabyasachi Ghosh,Wed Apr 1 19:11:32 2020,"Add more combined_COMP tests",   2, 71, 18 
381bb41,Sabyasachi Ghosh,Wed Apr 1 18:26:31 2020,"Implement and test decoding with COMP plus NNOMP",   2, 45, 13 
c335637,Sabyasachi Ghosh,Wed Apr 1 17:53:26 2020,"Test deleting zero rows and columns",   3, 67, 8 
5ed22ca,Sabyasachi Ghosh,Wed Apr 1 14:34:05 2020,"Make changes to sel_matrix.py, disable running cs.py",   2, 12, 7 
443db21,Sabyasachi Ghosh,Wed Apr 1 14:28:39 2020,"Separate experiment setup to cs_expts.py",   2, 266, 262 
216bcb0,Sabyasachi Ghosh,Tue Mar 31 21:56:57 2020,"Use float instead of double. Pass mr in parallel tests",   1, 13, 12 
53a6707,Sabyasachi Ghosh,Tue Mar 31 20:20:05 2020,"Parallelize grid search of CV splits",   1, 26, 6 
3338c3f,Sabyasachi Ghosh,Tue Mar 31 19:55:58 2020,"Add mr stats for 24x60",   1, 81 
86f0c6d,Sabyasachi Ghosh,Tue Mar 31 17:34:49 2020,"Add stats for 16x40 NNOMP",   1, 89 
8838cb8,Sabyasachi Ghosh,Tue Mar 31 17:02:00 2020,"Quick-n-dirty parallel expts",   1, 30, 4 
2485433,Sabyasachi Ghosh,Tue Mar 31 16:04:00 2020,"Print some matrix stats",   1, 4, 4 
2dbda72,Sabyasachi Ghosh,Tue Mar 31 15:20:49 2020,"Specify split size (mr)",   1, 15, 8 
97b83e9,Sabyasachi Ghosh,Tue Mar 31 14:33:17 2020,"Add ability to specify integer split instead of fraction",   1, 32, 20 
2feec15,Sabyasachi Ghosh,Tue Mar 31 13:33:36 2020,"Add selection of d by min avg cv error in NNOMP",   2, 46, 20 
2f55130,Sabyasachi Ghosh,Tue Mar 31 12:21:15 2020,"Add leave-one-out and random-split cross-validation for NNOMP",   2, 55, 12 
b6ac9bb,Sabyasachi Ghosh,Tue Mar 31 11:32:37 2020,"Implement leave on out cross validation for NNOMP",   2, 67, 5 
4a89c23,Sabyasachi Ghosh,Tue Mar 31 09:53:33 2020,"Convert tabs to spaces",   1, 37, 37 
40cc138,Sabyasachi Ghosh,Tue Mar 31 09:51:19 2020,"Minor change to matrices.py",   1, 32, 30 
1cf6a07,Sabyasachi Ghosh,Mon Mar 30 22:17:14 2020,"Merge pull request #11 from ssgosh/ali", 
b10a833,Sabyasachi Ghosh,Mon Mar 30 19:51:13 2020,"Per-element noise model",   1, 44, 15 
44e4819,Sabyasachi Ghosh,Mon Mar 30 19:49:01 2020,"Merge pull request #10 from ssgosh/nimay-gupta-patch-1", 
9a027b7,Sabyasachi Ghosh,Mon Mar 30 19:12:13 2020,"Clean up code",   1, 22 
96a47d6,Sabyasachi Ghosh,Mon Mar 30 18:59:18 2020,"Add matrices in matlab format",   4, 128 
fc8431c,Sabyasachi Ghosh,Mon Mar 30 11:40:07 2020,"Formatting of prints",   1, 3, 1 
dbe4f1c,Sabyasachi Ghosh,Mon Mar 30 03:16:00 2020,"Add 64x400 matrix",   1, 1476 
6ab7225,Sabyasachi Ghosh,Mon Mar 30 03:15:21 2020,"Fix noise model in y; use COMP",   1, 18, 6 
b737d60,Sabyasachi Ghosh,Mon Mar 30 03:00:46 2020,"Add new decode method which doesn't break old code",   1, 15, 2 
01bb50b,Sabyasachi Ghosh,Sun Mar 29 22:52:04 2020,"Print stas for newer matrices",   1, 23, 9 
89eaf96,Sabyasachi Ghosh,Sun Mar 29 22:48:45 2020,"Move optimized matrix to matrices.py, x is in [1, 32768] / 32768, OMP sigma 0.001",   1, 28, 32 
2fcb5c2,Sabyasachi Ghosh,Sun Mar 29 22:47:43 2020,"Add optimized matrices to new file",   1, 249 
34d3f44,Sabyasachi Ghosh,Sun Mar 29 16:41:27 2020,"Merge pull request #9 from ssgosh/best_matrix", 
9516a2f,Sabyasachi Ghosh,Sun Mar 29 15:21:40 2020,"Add code to select best matrix; Add OMP",   2, 77, 24 
eb4b1af,Sabyasachi Ghosh,Sun Mar 29 15:03:03 2020,"Merge remote-tracking branch 'origin/titas'", 
6edcd99,Sabyasachi Ghosh,Sun Mar 29 13:54:39 2020,"Use pre-defined matrix",   1, 46, 16 
2be23c1,Sabyasachi Ghosh,Sun Mar 29 12:44:13 2020,"Leave one out cross-validation",   1, 47, 23 
a3128a2,Sabyasachi Ghosh,Sun Mar 29 11:35:13 2020,"Merge pull request #8 from pratyush1019/yash_pratyush", 
8948512,Sabyasachi Ghosh,Sun Mar 29 11:30:34 2020,"Cross-validation",   1, 38, 5 
0889430,Sabyasachi Ghosh,Sun Mar 29 10:08:13 2020,"Print more stats - num of cases in which there are no false +ves, -ves",   1, 7, 4 
a38e064,Sabyasachi Ghosh,Sun Mar 29 09:49:14 2020,"Range of x is now [1, 32768] / 32768.",   1, 13, 10 
b0808a8,Sabyasachi Ghosh,Sun Mar 29 01:47:28 2020,"Move stats dump to own function",   1, 59, 57 
495966a,Sabyasachi Ghosh,Sun Mar 29 00:47:07 2020,"Make stats directory with algorithm name",   1, 25, 9 
266f0df,Sabyasachi Ghosh,Sat Mar 28 23:06:28 2020,"Print viable scenarios and dump stats to csv",   1, 29, 4 
e4c6373,Sabyasachi Ghosh,Sat Mar 28 22:29:02 2020,"Add some statistics",   1, 68, 15 
a30c1df,Sabyasachi Ghosh,Fri Mar 27 22:04:25 2020,"Fix bug in comp.py; change prob of test assignment to 1/d",   1, 3, 3 
82748c2,Sabyasachi Ghosh,Fri Mar 27 17:05:16 2020,"Better stats reporting. Compare Bernoulli CS vs Quant CS",   1, 41, 23 
31a10ba,Sabyasachi Ghosh,Fri Mar 27 00:12:13 2020,"Run many expts for CS",   2, 75, 52 
7f0ca29,Sabyasachi Ghosh,Thu Mar 26 23:36:19 2020,"Add compressed sensing implementation",   1, 74 
9174736,Sabyasachi Ghosh,Thu Mar 26 14:40:16 2020,"Add some stats",   1, 7 
cfed4f6,Sabyasachi Ghosh,Thu Mar 26 13:55:30 2020,"More efficient impl using numpy ops isntead of for loops",   1, 54, 37 
eee06d5,Sabyasachi Ghosh,Thu Mar 26 00:54:40 2020,"Initial Commit",   1, 97 