commit id,author,date,comment,changed files,lines added,lines deleted

2554f52,Yunus AYDIN,Thu Mar 19 00:09:46 2020,"Update README.md",   1, 1 
0eaa9e4,Yunus AYDIN,Thu Mar 19 00:09:29 2020,"Delete covid.py",   1, 133 
1926a40,Yunus AYDIN,Tue Mar 17 20:15:39 2020,"Rename Untitled4.ipynb to COVID-DETECTION.ipynb",   1, 0, 0 
73945b7,Yunus AYDIN,Tue Mar 17 20:14:41 2020,"Add files via upload",   1, 354 
8b60c33,Yunus AYDIN,Tue Mar 17 08:54:33 2020,"Update README.md",   1, 3, 3 
5a190ae,Yunus AYDIN,Tue Mar 17 08:54:08 2020,"Update README.md",   1, 1 
015dece,Yunus AYDIN,Tue Mar 17 08:52:37 2020,"Create README.md",   1, 40 
2e933df,Yunus AYDIN,Tue Mar 17 08:49:17 2020,"Add files via upload",   2, 0, 0 
bbb1af1,Yunus AYDIN,Tue Mar 17 08:46:21 2020,"Create requirements.txt",   1, 47 
58a6c6a,Yunus AYDIN,Tue Mar 17 08:40:59 2020,"Update covid.py",   1, 7, 48 
798e959,Yunus AYDIN,Tue Mar 17 08:22:18 2020,"Create covid.py",   1, 174 