commit id,author,date,comment,changed files,lines added,lines deleted

445516c,baladutt,Sat May 23 15:21:51 2020,"uploading pdf of a candidate paper.",   1, 0, 0 
a6e99f0,Bala Dutt,Sun Apr 19 02:46:49 2020,"dates in alpha, beta graphs",   1, 38, 33 
54d34d6,Bala Dutt,Sun Apr 19 02:32:24 2020,"refactoring, graphs of alpha, beta, gamma collected together",   1, 187, 696 
8c54cf9,Bala Dutt,Sat Apr 18 15:35:47 2020,"minor refactoring",   1, 3, 8 
cae3ff1,Bala Dutt,Sat Apr 18 15:30:51 2020,"updated india data, refactored code and beautified graphs",   12, 14706, 12068 
c3085a7,Bala Dutt,Sat Apr 18 14:41:03 2020,"cosmetic refactoring",   1, 9, 7 
87515ac,charugarg93,Fri Apr 17 23:46:54 2020,"modified dr_dt logic",   1, 1518, 6960 
42eb2ed,Bala Dutt,Fri Apr 17 00:33:14 2020,"with corrected infected computation and few other changes",   2, 7169, 824 
f5c269a,charugarg93,Thu Apr 16 04:30:08 2020,"Updated data untill Apr10",   105, 118768, 1286 
e67a3c5,charugarg93,Thu Apr 16 04:06:20 2020,"Computation for all countries",   1, 893, 13 
e307ac0,charugarg93,Thu Apr 16 04:05:05 2020,"Computation for all countries",   1, 211, 363 
8c1d6ee,charugarg93,Thu Apr 16 01:15:54 2020,"added accuracy score and gamma timeseries",   2, 327, 587 
752b976,charugarg93,Sat Apr 11 17:29:37 2020,"added US in the header",   1, 241, 2 
084e110,charugarg93,Sat Apr 11 17:28:27 2020,"added US in the header",   1, 45, 282 
891283c,charugarg93,Sat Apr 11 17:16:45 2020,"Removed extra graphs",   1, 482, 4 
9d3ef58,charugarg93,Sat Apr 11 17:16:18 2020,"Removed extra graphs",   1, 56, 547 
2027320,baladutt,Thu Apr 9 23:53:13 2020,"Update README.md",   1, 1, 1 
43614ac,baladutt,Thu Apr 9 15:26:45 2020,"Update README.md",   1, 1, 1 
788bd17,Bala Dutt,Thu Apr 9 14:34:10 2020,"included SEIR model image",   1, 4, 70 
08224a5,charugarg93,Mon Apr 6 21:24:43 2020,"making params readable",   1, 723, 6 
ccad8d6,charugarg93,Mon Apr 6 21:24:02 2020,"making params readable",   1, 26, 743 
2d193da,charugarg93,Mon Apr 6 20:53:34 2020,"displaying all params for countries",   1, 482, 4 
3fe73db,charugarg93,Mon Apr 6 20:51:46 2020,"displaying all params for countries",   1, 71, 501 
2c9ebb5,charugarg93,Mon Apr 6 20:14:03 2020,"Same color for computeGamma",   1, 687, 6 
1b481e5,charugarg93,Mon Apr 6 20:11:37 2020,"Same color for computeGamma",   1, 18, 708 
3414f18,charugarg93,Mon Apr 6 02:50:34 2020,"Merge branch 'master' of https://github.com/baladutt/modeling-epidemics-COVID-19", 
4083410,charugarg93,Mon Apr 6 02:50:12 2020,"Computed metrics with windowing apporach",   1, 558, 175 
f1606d6,charugarg93,Sun Apr 5 22:11:55 2020,"pushed both SIER models: single and multi step",   1, 234, 16 
86a14e3,charugarg93,Sun Apr 5 22:08:25 2020,"implemented multi step SIER model",   1, 187, 47 
d84493f,charugarg93,Sun Apr 5 18:15:02 2020,"added legends and minor refcatoring",   1, 41, 35 
2f69b7d,Bala Dutt,Sun Apr 5 17:44:56 2020,"with new population model",   7, 156, 159 
cd012f6,Bala Dutt,Sat Apr 4 23:03:34 2020,"with a new population SEIR model",   6, 141, 93 
201cfa6,Bala Dutt,Sat Apr 4 22:00:03 2020,"Refactoring notebooks into smaller ones - part 3",   12, 1356, 483 
f6648f4,Bala Dutt,Sat Apr 4 21:04:52 2020,"placing multiple graphs in one row",   4, 226, 1257 
aeefa3f,Bala Dutt,Sat Apr 4 20:33:40 2020,"refactoring notebooks into smaller ones - part 2",   8, 1925, 2270 
778cb4a,Bala Dutt,Sat Apr 4 20:21:56 2020,"refactoring notebooks into smaller ones - part 1",   6, 1045, 448 
16e6295,charugarg93,Sat Apr 4 19:38:57 2020,"Merge branch 'master' of https://github.com/baladutt/modeling-epidemics-COVID-19", 
bca498f,charugarg93,Sat Apr 4 19:38:28 2020,"added population for all countries",   2, 291, 48 
4430b36,charugarg93,Fri Apr 3 22:35:08 2020,"modified gamma computation",   1, 847, 142 
be667a6,charugarg93,Thu Apr 2 00:31:11 2020,"Param calculation for US",   2, 21916, 16 
4f52308,charugarg93,Wed Apr 1 23:49:59 2020,"Corrected spelling",   1, 1, 1 
781e040,charugarg93,Wed Apr 1 23:46:00 2020,"Param calculation for multiple countries",   1, 739, 22 
4b16c43,charugarg93,Wed Apr 1 00:19:59 2020,"computing alpha, beta, gamma for Italy",   3, 5481, 138 
3d70832,charugarg93,Tue Mar 31 23:18:38 2020,"Italy's data visualization",   1, 46, 204 
8f9b867,charugarg93,Mon Mar 30 23:12:32 2020,"region specific data",   1, 260, 59 
2c5a2fc,charugarg93,Mon Mar 30 19:41:15 2020,"plotting Italy's data",   1, 195, 83 
e4032e5,baladutt,Mon Mar 30 16:26:48 2020,"Links to courses",   1, 2 
150f0dd,baladutt,Mon Mar 30 13:52:25 2020,"Update README.md",   1, 2, 2 
cf84987,baladutt,Mon Mar 30 13:47:23 2020,"Thanking teachers",   1, 4 
0c72e70,Bala Dutt,Mon Mar 30 13:12:02 2020,"with data updates as of now",   3, 359, 45 
46a3e86,baladutt,Mon Mar 30 13:02:28 2020,"corrected email id",   1, 1, 1 
c5a2adf,Bala Dutt,Mon Mar 30 02:54:54 2020,"WIP - estimating SEIR parameters from data",   1, 89, 308 
d4b5bd6,baladutt,Sun Mar 29 15:37:30 2020,"Warning, text and links",   1, 26 
760894a,baladutt,Sun Mar 29 00:44:12 2020,"Links updated after the file name changes.",   1, 3, 3 
a1bd792,Bala Dutt,Sun Mar 29 00:41:38 2020,"moved docs",   3, 0, 0 
8bf04e9,Bala Dutt,Sun Mar 29 00:40:18 2020,"Extracting python src files from notebooks for easy diff",   8, 767, 1 
673143c,baladutt,Sun Mar 29 00:24:42 2020,"Update README.md",   1, 25, 1 
ff57aa5,Bala Dutt,Sat Mar 28 21:34:09 2020,"some more documentation",   4, 1045 
c8c695d,Bala Dutt,Sat Mar 28 21:24:20 2020,"First commit",   5, 2623 