commit id,author,date,comment,changed files,lines added,lines deleted

2bccb30,Michelle Kendall,Tue Jun 9 23:48:58 2020,"Adding error handling message",   1, 17, 14 
f5d993a,Michelle Kendall,Sat Apr 4 06:53:00 2020,"Update README.md",   1, 5, 1 
5b4a926,Michelle Kendall,Sat Apr 4 06:25:31 2020,"Delete .Rhistory",   1, 512 
115952a,Michelle Kendall,Sat Apr 4 06:25:03 2020,"Delete .DS_Store",   1, 0, 0 
d138c00,Michelle Kendall,Sat Apr 4 06:24:43 2020,"Delete .DS_Store",   1, 0, 0 
ee20f8f,Michelle Kendall,Sat Apr 4 00:15:43 2020,"Fixing numeric / character handling error in R 3.6.3",   1, 4, 4 
75ce2a5,Michelle Kendall,Sat Apr 4 00:15:11 2020,"Update .gitignore",   1, 1 
e795b88,Michelle Kendall,Wed Apr 1 01:19:56 2020,"Adding a gitignore",   2, 2 
eea15a1,Michelle Kendall,Tue Mar 31 23:57:26 2020,"Initial commit",   11, 67, 149 
401b410,Michelle Kendall,Tue Mar 31 22:45:31 2020,"Initial commit",   17, 2530 