commit id,author,date,comment,changed files,lines added,lines deleted

86f9c57,belisards,Thu Apr 16 15:44:20 2020,"Update populacao.csv",   1, 1, 1 
450ec47,belisards,Wed Apr 1 07:23:57 2020,"fix #15",   1, 1, 1 
e45b49c,belisards,Wed Apr 1 07:23:23 2020,"fix #15",   1, 1, 1 
a40f9e8,belisards,Wed Apr 1 06:04:34 2020,"Update README.md",   1, 3, 1 
9dbba13,adriancom,Tue Mar 31 10:46:37 2020,"update scripts",   2, 9, 406 
1b742a6,adriancom,Tue Mar 31 09:32:12 2020,"update script and db 30-03-2020",   5, 2232, 2090 
b94ffad,belisards,Tue Mar 31 01:31:39 2020,"Update README.md",   1, 2, 2 
fdf92fa,adriancom,Tue Mar 31 01:00:04 2020,"fix script - deaths missing",   1, 78, 77 
6a00280,adriancom,Tue Mar 31 00:59:31 2020,"fix deaths missing",   1, 46, 46 
81860a5,adriancom,Mon Mar 30 07:42:51 2020,"split/update db & scripts",   8, 2936, 1423 
7621ee1,adriancom,Sun Mar 29 07:36:57 2020,"update db 28-03-2020 & script",   2, 468, 781 
0240982,belisards,Sat Mar 28 18:28:15 2020,"update RS cases 2020-03-27",   1, 1, 1 
b325fcf,belisards,Sat Mar 28 17:51:31 2020,"Update README.md",   1, 1, 1 
1059aa5,belisards,Sat Mar 28 17:51:10 2020,"Update README.md",   1, 1, 1 
1b1f74d,adriancom,Sat Mar 28 15:33:07 2020,"update header population ibge 2019 by uf",   3, 2, 7 
05bf2c9,belisards,Sat Mar 28 15:29:52 2020,"Update README.md",   1, 1, 12 
ac15ab5,belisards,Sat Mar 28 15:29:07 2020,"Create README.md",   1, 9 
605aa00,belisards,Sat Mar 28 15:23:17 2020,"Update README.md",   1, 1 
5768491,belisards,Sat Mar 28 15:17:59 2020,"Update README.md",   1, 7 
e6d46b7,adriancom,Sat Mar 28 10:50:16 2020,"remove dot as thousand separator",   1, 1, 1 
44eaabe,adriancom,Sat Mar 28 10:38:53 2020,"update db 17-03-2020",   1, 913, 886 
166e431,adriancom,Sat Mar 28 10:27:47 2020,"fix today db update & fix script",   2, 908, 1182 
31245d9,adriancom,Sat Mar 28 10:26:16 2020,"undo update 27-03-2020",   1, 901, 913 
14363b1,adriancom,Sat Mar 28 09:20:24 2020,"remove duplicates, update db & script",   3, 771, 136 
2ffc345,adriancom,Sat Mar 28 08:46:11 2020,"Merge branch 'master' of https://github.com/belisards/coronabr", 
250d5c4,adriancom,Sat Mar 28 08:45:12 2020,"update script and db 27-03-2020",   3, 1629, 1044 
acaa666,adriancom,Fri Mar 27 09:36:32 2020,"Merge branch 'master' of https://github.com/belisards/coronabr", 
c6d0b39,adriancom,Fri Mar 27 09:36:24 2020,"delete pdf files",   4, 0, 0 
747904c,adriancom,Fri Mar 27 09:10:59 2020,"update script and db",   7, 1559, 1055 
e42e15b,belisards,Thu Mar 26 10:35:25 2020,"fix db",   1, 1, 1 
9a4f340,adriancom,Thu Mar 26 08:53:51 2020,"update db 25-03-2020",   1, 874, 847 
e1b641c,belisards,Thu Mar 26 08:40:55 2020,"Update link_minsaude.csv",   1, 1 
9efaacd,adriancom,Wed Mar 25 12:41:26 2020,"fix and update db",   1, 3, 3 
92db42a,adriancom,Wed Mar 25 07:34:52 2020,"update db 24-03-2020",   2, 848, 820 
10b6edb,adriancom,Tue Mar 24 07:05:25 2020,"Merge branch 'master' of https://github.com/belisards/coronabr", 
83789d9,adriancom,Tue Mar 24 07:02:43 2020,"update db 23-03-2020",   1, 820, 793 
e719066,adriancom,Tue Mar 24 06:45:01 2020,"links do MS",   1, 6 
009d2e1,belisards,Tue Mar 24 06:44:30 2020,"Update README.md",   1, 2, 13 
dfb1b5c,belisards,Mon Mar 23 13:01:30 2020,"Update README.md",   1, 3, 4 
1464bf0,belisards,Mon Mar 23 12:59:09 2020,"Update README.md",   1, 6, 4 
8396f22,adriancom,Mon Mar 23 12:17:40 2020,"add pop ibge",   1, 28 
57f5b51,adriancom,Mon Mar 23 06:37:26 2020,"Merge branch 'master' of https://github.com/belisards/coronabr", 
4e114d4,adriancom,Mon Mar 23 06:37:12 2020,"update db 2020-03-22",   3, 30, 3 
31110c6,adriancom,Sun Mar 22 14:21:23 2020,"Merge branch 'master' of https://github.com/belisards/coronabr", 
060de47,adriancom,Sun Mar 22 14:21:20 2020,"update pdf 18 19 20 mar 2020",   3, 0, 0 
1dbbc1f,adriancom,Sun Mar 22 14:05:28 2020,"manual update db",   1, 766 
d99596c,belisards,Sat Mar 21 12:20:50 2020,"Update README.md",   1, 1, 1 
5331c4c,belisards,Sat Mar 21 12:20:10 2020,"Update README.md",   1, 2 
8441f33,belisards,Sat Mar 21 12:08:23 2020,"Merge pull request #7 from brunoarueira/patch-1", 
dccc699,belisards,Sat Mar 21 03:29:51 2020,"Update README.md",   1, 1, 1 
4da43c0,adriancom,Fri Mar 20 13:19:39 2020,"Merge branch 'master' of https://github.com/belisards/coronabr", 
a2e1447,adriancom,Fri Mar 20 13:18:23 2020,"delete old db",   1, 685 
a3b58a3,adriancom,Fri Mar 20 11:58:17 2020,"add script R & update readme",   2, 53, 33 
477b007,adriancom,Thu Mar 19 10:00:21 2020,"update db 18-03-2020",   1, 685, 658 
948d20f,belisards,Thu Mar 19 08:00:57 2020,"Update README.md",   1, 7, 1 
dea490b,adriancom,Wed Mar 18 09:40:26 2020,"update readme - R scrapper",   1, 2 
a946855,adriancom,Wed Mar 18 08:24:52 2020,"update db 17/03/2020 - 18:10",   1, 27, 27 
1e27f71,adriancom,Wed Mar 18 06:35:21 2020,"update readme & db 17/03/2020 16:40",   2, 660, 633 
8cde424,adriancom,Tue Mar 17 12:41:38 2020,"Merge branch 'master' of https://github.com/belisards/coronabr", 
70c65e4,adriancom,Tue Mar 17 12:40:48 2020,"update readme - field descriptions",   1, 1, 1 
450a2ff,adriancom,Tue Mar 17 11:11:07 2020,"update readme add license",   1, 2 
d50bd37,adriancom,Tue Mar 17 11:08:41 2020,"Merge branch 'master' of https://github.com/belisards/coronabr", 
51de576,adriancom,Tue Mar 17 11:02:25 2020,"update readme and CSV file name",   4, 13, 637 
a306858,adriancom,Tue Mar 17 05:14:50 2020,"update db 160320",   1, 27 
b64c2a2,adriancom,Tue Mar 17 04:55:21 2020,"update readme",   1, 6 
7495ff4,adriancom,Tue Mar 17 03:18:44 2020,"update readme and rename csv file name",   2, 6, 3 
2cee071,belisards,Tue Mar 17 03:09:21 2020,"Merge pull request #5 from augusto-herrmann/issue-4", 
1872de0,belisards,Tue Mar 17 02:52:25 2020,"Merge pull request #3 from augusto-herrmann/issue-2", 
8b011f6,adriancom,Mon Mar 16 17:31:23 2020,"remove uf duplicada",   1, 604, 604 
21c8a95,adriancom,Mon Mar 16 17:09:21 2020,"melhora descrições",   2, 12, 6 
c3df1a6,adriancom,Mon Mar 16 17:06:22 2020,"corrige inserção das siglas das uf",   3, 648, 625 
8a09af3,adriancom,Mon Mar 16 16:49:15 2020,"atualiza numeros para inteiros",   2, 627, 1176 
4eb8033,adriancom,Mon Mar 16 16:43:23 2020,"uf fix nos dados",   3, 608, 693 
9342244,adriancom,Mon Mar 16 16:40:48 2020,"corrige indice e transforma numeros em inteiros",   4, 611, 39 
79d4873,adriancom,Mon Mar 16 15:03:40 2020,"remove ipynb checkpoints",   1, 103 
e85d173,adriancom,Mon Mar 16 15:02:56 2020,"remove arquivos .js e .json",   2, 2 
314e6c3,adriancom,Mon Mar 16 15:01:07 2020,"completa descrição das colunas",   1, 11, 11 
fd5393f,adriancom,Mon Mar 16 14:54:10 2020,"atualiza com últimos dados de 15/03 e passa a inserir a hora da extração nos dados",   4, 751, 648 
967b91e,adriancom,Mon Mar 16 13:08:42 2020,"initial commit",   7, 849 