commit id,author,date,comment,changed files,lines added,lines deleted

6bf4527,ben smith,Tue Jul 21 03:56:57 2020,"Merge branch 'master' into main", 
5cac639,ben smith,Tue Jul 21 03:55:13 2020,"adding timestamp so i don't have to check so frequently",   1, 4, 2 
af663c2,bensmith83,Fri Jul 3 23:12:20 2020,"Merge pull request #1 from f00dikator/main", 
ecc560a,bensmith83,Sun Jun 28 03:19:29 2020,"Update README.md",   1, 4, 1 
33cbdb6,bensmith83,Sun Jun 28 03:15:06 2020,"adding web bluetooth scanner",   3, 243 
c478455,ben smith,Sat Jun 6 08:42:41 2020,"Merge branch 'master' of github.com:bensmith83/in_the_air_tonight", 
2a9b4a6,ben smith,Sat Jun 6 08:42:36 2020,"changing readme and adding packet payload",   2, 1 
5262706,ben smith,Sat Jun 6 08:34:36 2020,"fix pix",   1, 0, 0 
723572a,ben smith,Sat Jun 6 08:32:18 2020,"first code push",   2, 47 
7132273,bensmith83,Sat Jun 6 08:22:38 2020,"Update README.md",   1, 4, 2 
64f272f,bensmith83,Sat Jun 6 08:20:35 2020,"Update README.md",   1, 12 
f8654fb,bensmith83,Sat Jun 6 08:11:42 2020,"Initial commit",   1, 2 