commit id,author,date,comment,changed files,lines added,lines deleted

3c8771f,BioXAI,Wed Sep 2 18:17:22 2020,"Minor bug fixes!",   1, 3, 4 
0315764,BioXAI,Sun Jun 7 23:29:00 2020,"Update README.md",   1, 13, 12 
ee7698b,BioXAI,Thu Apr 9 16:22:06 2020,"Delete model ensemble-possibility.csv",   1, 3314 
92f5327,BioXAI,Thu Apr 9 16:21:58 2020,"Delete model ensemble-class.csv",   1, 3314 
1b70da9,BioXAI,Thu Apr 9 16:21:04 2020,"Delete featureunion.py",   1, 22 
2442a8a,BioXAI,Thu Apr 9 16:20:35 2020,"Delete VGG_predict.py",   1, 172 
6a09c3b,BioXAI,Thu Apr 9 16:19:46 2020,"Delete lossprettifier.py",   1, 51 
7ee24a6,BioXAI,Thu Apr 9 16:19:38 2020,"Create lossprettifier.py",   1, 51 
ad3787a,BioXAI,Thu Apr 9 16:19:08 2020,"Delete helper.py",   1, 14 
675ebc2,BioXAI,Thu Apr 9 16:19:01 2020,"Delete gradcamutils.py",   1, 77 
2202849,BioXAI,Thu Apr 9 16:18:43 2020,"Create helper.py",   1, 14 
84cfa6d,BioXAI,Thu Apr 9 16:18:20 2020,"Create gradcamutils.py",   1, 77 
0c70515,BioXAI,Thu Apr 9 16:17:00 2020,"Delete visualizations.py",   1, 416 
d98bb1a,BioXAI,Thu Apr 9 16:15:24 2020,"Delete gradcam_plus_plus.py",   1, 35 
e0a50c9,BioXAI,Thu Apr 9 16:14:40 2020,"Delete VGG_v2.py",   1, 209 
ef17586,BioXAI,Thu Apr 9 16:14:24 2020,"Delete VGG_new.py",   1, 207 
bbc65fc,BioXAI,Thu Apr 9 16:14:14 2020,"Delete ResNet_v2.py",   1, 210 
301b4f4,BioXAI,Thu Apr 9 16:13:49 2020,"Delete ResNet_newJSN.py",   1, 210 
75e4a0b,BioXAI,Thu Apr 9 16:13:29 2020,"Delete Decision_Visualization.py",   1, 132 
ac55d75,BioXAI,Thu Apr 9 16:12:55 2020,"Delete CXR_preprocessing.py",   1, 78 
a7066d8,BioXAI,Thu Apr 9 16:12:46 2020,"Create CXR_preprocessing.py",   1, 78 
c685bd1,BioXAI,Mon Apr 6 23:26:52 2020,"Adding a new notebook",   1, 455 
dc4cd88,BioXAI,Mon Apr 6 22:29:28 2020,"Adding a new viz notebook",   1, 5847 
7a9d131,BioXAI,Mon Apr 6 22:28:51 2020,"Removing old viz notebook",   1, 467 
4b651c9,BioXAI,Mon Apr 6 22:28:37 2020,"Removing old viz notebooks",   1, 2511 
770acc2,BioXAI,Mon Apr 6 22:13:35 2020,"Adding VGG-19 and ResNet-18 notebooks",   2, 1092 
9f2035f,BioXAI,Mon Apr 6 22:09:24 2020,"A recent WeightWatcher notebook",   1, 2692 
ffec241,BioXAI,Mon Apr 6 22:08:06 2020,"Removing old WeightWatcher notebook",   1, 2343 
d9b8fa1,BioXAI,Sat Apr 4 22:26:25 2020,"Update README.md",   1, 1, 2 
d323bc4,BioXAI,Sat Apr 4 22:18:08 2020,"Adding Erratum",   1, 5, 6 
2844a29,BioXAI,Fri Apr 3 14:30:24 2020,"Update README.md",   1, 2, 2 
4b4d30b,BioXAI,Fri Apr 3 14:30:08 2020,"Update README.md",   1, 3, 3 
861d628,BioXAI,Fri Apr 3 04:59:24 2020,"Create class_balancing.py",   1, 45 
a294474,BioXAI,Fri Apr 3 04:52:51 2020,"Update CXR_preprocessing.py",   1, 22, 4 
340067b,BioXAI,Fri Apr 3 02:59:30 2020,"Uploading chest x-rays from COVID-19 confirmed cases",   49, 0, 0 
8d2705a,BioXAI,Fri Apr 3 02:53:51 2020,"Update README.md",   1, 1, 1 
602f5f6,BioXAI,Fri Apr 3 02:53:15 2020,"Update README.md",   1, 6, 6 
6abc578,BioXAI,Fri Apr 3 02:52:45 2020,"Update README.md",   1, 3, 43 
96f64b8,BioXAI,Fri Apr 3 02:48:09 2020,"Update README.md",   1, 47, 2 
e532f8f,BioXAI,Thu Apr 2 23:33:54 2020,"Create README.md",   1, 34 
18ce1b4,BioXAI,Thu Apr 2 23:33:40 2020,"Delete README.md",   1, 34 
922116f,BioXAI,Thu Apr 2 23:33:07 2020,"Update README.md",   1, 8, 11 
498fd1a,BioXAI,Thu Apr 2 23:28:04 2020,"Add files via upload",   26, 16822, 2 
767e4eb,BioXAI,Thu Apr 2 23:21:39 2020,"Initial commit",   1, 2 