commit id,author,date,comment,changed files,lines added,lines deleted

251e1b6,C19X,Wed Jul 15 00:06:41 2020,"Removed reliance on screen on trigger",   4, 9, 2 
3991be0,C19X,Sat Jul 11 07:53:52 2020,"Ready for test (no motion detection)",   1, 1 
90af0ad,C19X,Sat Jul 11 07:51:53 2020,"Merge branch 'motionDetection'", 
aef1c31,C19X,Sat Jul 11 07:51:25 2020,"Commit to iOS 10, database for log, motion detection disabled",   13, 218, 38 
2a20775,C19X,Fri Jul 10 18:46:45 2020,"Discard invalid RSSI",   2, 30, 4 
aac384e,C19X,Fri Jul 10 05:03:15 2020,"Changed UUID for beacon ranging",   1, 1, 1 
1e15627,C19X,Fri Jul 10 04:54:30 2020,"Removed recent "power optimisation" in beacon that broke the code",   1, 21, 21 
49fe5db,C19X,Thu Jul 9 20:50:57 2020,"Merge remote-tracking branch 'refs/remotes/origin/master'", 
737dd03,C19X,Thu Jul 9 20:38:58 2020,"Merge remote-tracking branch 'refs/remotes/origin/master'", 
f5e93f4,C19X,Thu Jul 9 20:38:48 2020,"Merge branch 'beaconIsolation'", 
34e5e26,C19X,Thu Jul 9 20:37:52 2020,"Deployment target to iOS 10",   8, 71, 26 
126802b,C19X,Thu Jul 9 19:56:12 2020,"Deployment target towards iOS 10.0",   9, 46, 73 
27da63e,C19X,Wed Jul 8 23:55:23 2020,"Reuse beacon code where possible to reduce power usage",   1, 21, 21 
ee2b813,C19X,Wed Jul 8 22:36:36 2020,"Improved beacon de-duplication from UUID change",   1, 8, 2 
95023d3,C19X,Wed Jul 8 19:09:39 2020,"Complete working solution",   4, 9, 13 
e26aca0,C19X,Wed Jul 8 09:04:58 2020,"Battery monitoring",   8, 185, 25 
9deb12c,C19X,Wed Jul 8 08:08:29 2020,"Developer mode enabled  (7 taps on recent contacts)",   3, 18, 9 
7b17871,C19X,Wed Jul 8 03:06:24 2020,"Merge branch 'dataCompression'", 
a6580bf,C19X,Wed Jul 8 02:48:51 2020,"Disabled developer mode functions",   1, 1, 1 
7bedc0f,C19X,Wed Jul 8 02:45:30 2020,"Location manager committed to iOS 13",   1, 13, 11 
30c6309,C19X,Wed Jul 8 02:44:53 2020,"App deployment target committed to iOS 13",   1, 4, 27 
1674d05,C19X,Wed Jul 8 00:28:37 2020,"Removed redundant background processing task",   3, 2, 84 
619082f,C19X,Wed Jul 8 00:22:42 2020,"Notification for regular screen on while in locked state",   3, 119, 12 
cd63352,C19X,Mon Jul 6 20:10:48 2020,"Reconnect after long periods of inactivity and being out of range",   1, 17, 4 
b43bd0f,C19X,Mon Jul 6 09:58:56 2020,"Merge branch 'handleBackgroundDetection'", 
3051b7f,C19X,Mon Jul 6 09:58:20 2020,"Test candidate",   8, 81, 263 
d741a13,C19X,Sat Jul 4 00:56:02 2020,"Pre-production release",   2, 1, 15 
0927190,C19X,Sat Jul 4 00:30:13 2020,"Removing experimental code",   2, 676 
30bfc93,C19X,Sat Jul 4 00:29:04 2020,"Reverting back towards working validated state, starting new project for investigating UUID change issue to avoid damaging mostly working solution",   1, 2, 2 
aa496e4,C19X,Fri Jul 3 23:48:34 2020,"Creating new CBCentralManager and CBPeripheralManager doesn't help either :-(",   1, 514, 390 
d68d064,C19X,Fri Jul 3 02:54:04 2020,"Experimental non-functional code, do not use",   1, 50, 35 
0e4882f,C19X,Thu Jul 2 18:40:00 2020,"Rotating service uuid and scan uuids don't seem to help either :-(",   1, 227, 43 
1879dfa,C19X,Thu Jul 2 16:41:19 2020,"Identified mechanism for airplane mode survival for 1 minute",   1, 15, 12 
ed72a90,C19X,Thu Jul 2 02:11:56 2020,"Still surviving UUID change for a short period",   2, 38, 2 
8a15a27,C19X,Thu Jul 2 01:45:03 2020,"Airplane mode UUID change survived 1 minute",   2, 38, 9 
0a5687f,C19X,Thu Jul 2 00:25:00 2020,"Survives UUID change from airplane mode for a minute",   1, 38, 13 
768471d,C19X,Wed Jul 1 21:37:59 2020,"Work in progress",   1, 182, 112 
e73a50b,C19X,Wed Jul 1 09:41:56 2020,"setNotifyValue based loop as alternative to writeValue",   2, 234, 109 
79a6c88,C19X,Tue Jun 30 01:20:51 2020,"Change UUID by airplane mode survived",   3, 63, 18 
3d8221d,C19X,Tue Jun 30 00:15:56 2020,"Integrated TestTransceiver with database to log detection for analysis",   5, 287, 31 
79147ac,C19X,Mon Jun 29 20:45:37 2020,"Success at last? Good example of normal out of range and successful resume behaviour, see most recent test result",   1, 56, 1 
00315f3,C19X,Mon Jun 29 20:29:45 2020,"Example of successful survival of change UUID",   1, 89 
ec0e413,C19X,Mon Jun 29 19:50:23 2020,"BLE experimentation",   2, 215, 19 
f70628a,C19X,Mon Jun 29 10:23:53 2020,"Test transceiver for experimentation",   4, 231, 1 
d815139,C19X,Mon Jun 29 08:27:02 2020,"Monitoring changes to peripheral state on-demand",   3, 22, 25 
88c7600,C19X,Mon Jun 29 00:17:26 2020,"Reconnection test, using LocationManager to enable on-demand reporting of central-peripherals",   6, 404, 99 
1b84e22,C19X,Sun Jun 28 19:52:32 2020,"Reconnect after simulated crash",   3, 18, 1 
6aa38b4,C19X,Sun Jun 28 10:55:57 2020,"Reconnect after both phones in terminated state",   4, 244, 10 
106eb84,C19X,Sat Jun 27 20:12:42 2020,"iOS reconnect for terminated apps (test candidate)",   4, 34, 6 
fb1b5bc,C19X,Sat Jun 27 01:15:58 2020,"Merged LocationManager",   2, 5 
c525a52,C19X,Sat Jun 27 01:15:03 2020,"Merge branch 'LocationManager'", 
d8ec8e9,C19X,Sat Jun 27 01:13:42 2020,"Resolve conflict",   2, 5 
f600b9a,C19X,Sat Jun 27 01:06:54 2020,"Resolved conflicts",   3, 18, 197 
faa0c91,C19X,Sat Jun 27 01:05:07 2020,"Removed LocationManager as it doesn't seem to help",   2, 18 
4749752,C19X,Sat Jun 27 00:59:28 2020,"Eliminated duplicate readCode calls from didModifyService",   1, 23 
070dc38,C19X,Sat Jun 27 00:09:18 2020,"Prepare for beacon state machine change",   2, 15, 12 
ab5b0f6,C19X,Fri Jun 26 21:11:31 2020,"Developer functions",   1, 14, 14 
d98e656,C19X,Fri Jun 26 04:29:10 2020,"Merge candidate",   2, 10, 13 
7f9bda1,C19X,Fri Jun 26 04:02:43 2020,"Removed LocationManager",   4, 10, 19 
52758f5,C19X,Thu Jun 25 20:50:46 2020,"Throttling back pending wakeTransmitter writes and introducing pending connect for out of range",   1, 10, 1 
f608a5d,C19X,Thu Jun 25 20:38:40 2020,"Better handling of unknown but connected",   1, 25, 15 
12f6fea,C19X,Thu Jun 25 19:08:33 2020,"CoreBluetooth state restoration reliablility",   7, 151, 125 
2893b92,C19X,Wed Jun 24 18:57:32 2020,"Location manager operational but still not enough to resolve suspended CB issues yet",   7, 161, 92 
6c1b695,C19X,Wed Jun 24 02:52:16 2020,"Merge branch 'LocationManager'", 
8fcc87a,C19X,Wed Jun 24 02:51:32 2020,"Location manager using power efficient background methods",   3, 116, 34 
13afd8e,C19X,Tue Jun 23 23:29:33 2020,"Location manager",   4, 178, 6 
fc48ad8,C19X,Tue Jun 23 03:18:41 2020,"iOS beacon stability",   3, 31, 36 
d4a04e9,C19X,Mon Jun 22 21:11:11 2020,"Background refresh",   3, 4, 4 
1949135,C19X,Mon Jun 22 04:44:28 2020,"House keeping",   1, 4, 12 
a01ddb0,C19X,Mon Jun 22 04:30:09 2020,"DispatchQueue adjustments",   4, 31, 17 
3193352,C19X,Mon Jun 22 03:57:02 2020,"Beacon simplification",   6, 38, 41 
06234a7,C19X,Fri Jun 19 21:57:14 2020,"Background app refresh and processing",   4, 147, 41 
8ba5237,C19X,Thu Jun 18 20:50:40 2020,"Background app refresh update",   4, 49, 8 
654c9e6,C19X,Thu Jun 18 18:07:46 2020,"Update overnight",   3, 53, 4 
933cb60,C19X,Thu Jun 18 02:28:40 2020,"Android-iOS validation",   2, 2, 2 
915ec52,C19X,Sun Jun 14 19:18:37 2020,"Beacon receiver optimisation",   3, 18, 15 
d3883b0,C19X,Fri Jun 12 20:16:49 2020,"Tweaked background app refresh",   5, 39, 22 
4205219,C19X,Tue Jun 9 19:37:06 2020,"Contact timestamp",   2, 7, 3 
b4b14f5,C19X,Mon Jun 8 19:07:27 2020,"Efficiency : Early expiration of out-of-range beacons",   6, 52, 15 
c7fdad7,C19X,Sat Jun 6 18:46:43 2020,"Merge remote-tracking branch 'refs/remotes/origin/master'", 
252fcb9,C19X,Sat Jun 6 18:46:29 2020,"Log update",   2, 4, 4 
c104455,C19X,Fri Jun 5 18:44:22 2020,"Infection data storage permission corrected for first time background download",   2, 1, 2 
373fa9b,C19X,Fri Jun 5 17:29:28 2020,"Merge remote-tracking branch 'refs/remotes/origin/master'", 
19cec53,C19X,Fri Jun 5 17:28:47 2020,"Launch screen correction",   1, 1, 1 
f2e1a2d,C19X,Thu Jun 4 19:28:19 2020,"Images",   9, 45 
ea93040,C19X,Thu Jun 4 19:27:29 2020,"Roundtrip commit - checkout - run verified",   10, 36 
8b89dfa,C19X,Thu Jun 4 18:31:40 2020,"Merge pull request #1 from c19x/add-license-1", 
a16a2f8,C19X,Thu Jun 4 18:24:32 2020,"Create README.md",   1, 23 
d65a864,C19X,Thu Jun 4 17:52:02 2020,"Upload candidate to GitHub",   5, 6, 9 
382bcc5,C19X,Thu Jun 4 03:49:18 2020,"Merge branch 'ble'", 
9d48ae5,fred,Fri May 1 21:58:43 2020,"Working mostly but background task doesn't seem to be reliable",   13, 1162, 218 
85fad39,fred,Tue Apr 28 21:22:35 2020,"Working components",   8, 780, 7 
d6f6035,fred,Tue Apr 28 20:08:41 2020,"Initial Commit",   12, 699 