commit id,author,date,comment,changed files,lines added,lines deleted

43bc4df,va barbosa,Sat Sep 12 02:10:17 2020,"Update README.md",   1, 1, 1 
81c3b2d,va barbosa,Sat Sep 12 02:09:06 2020,"Merge pull request #86 from mridulrb/master", 
f363d81,dependabot[bot],Mon Jul 20 09:06:48 2020,"Bump lodash from 4.17.15 to 4.17.19 in /starter-kit/mobile-app",   2, 603, 236 
f260675,dependabot[bot],Mon Jul 20 09:02:40 2020,"Bump lodash from 4.17.15 to 4.17.19 in /starter-kit/server-app",   1, 3, 3 
b4903a3,va barbosa,Tue May 26 01:58:42 2020,"Update README.md",   1, 1, 2 
7cb4b56,va barbosa,Tue May 26 01:51:14 2020,"Update README.md",   1, 7, 4 
411199e,va barbosa,Thu May 7 23:50:50 2020,"Merge pull request #80 from Call-for-Code/va-updates", 
b77a8df,va barbosa,Sat May 2 06:06:27 2020,"Merge pull request #79 from Call-for-Code/va-updates", 
88821a4,va barbosa,Sat May 2 01:25:45 2020,"Merge pull request #78 from giacomobartoli/feature-check-WA-connection", 
7de7d02,va barbosa,Sun Apr 12 13:17:32 2020,"Merge pull request #75 from Call-for-Code/va-updates", 
3d7c57b,va barbosa,Fri Apr 10 05:52:10 2020,"Merge pull request #73 from Call-for-Code/va-updates", 
5742d15,Henry Nash,Wed Apr 8 04:20:36 2020,"Merge pull request #71 from henrynash/update30", 
dda290a,va barbosa,Tue Apr 7 01:56:43 2020,"Merge pull request #69 from Call-for-Code/va-updates", 
6e3a486,va barbosa,Tue Apr 7 00:14:00 2020,"Merge pull request #68 from Call-for-Code/va-updates", 
6496e9d,Henry Nash,Sun Mar 29 20:56:04 2020,"Merge pull request #66 from henrynash/update29", 
181e39c,Henry Nash,Sat Mar 28 23:33:57 2020,"Merge pull request #65 from henrynash/update28", 
73f1ecc,va barbosa,Sat Mar 28 06:34:11 2020,"Merge pull request #64 from Call-for-Code/va-updates", 
50eb3d1,Henry Nash,Sat Mar 28 05:21:11 2020,"Merge pull request #63 from henrynash/update26", 
f7bdfc1,va barbosa,Sat Mar 28 04:00:49 2020,"Merge pull request #62 from Call-for-Code/va-updates", 
3c0ad06,va barbosa,Sat Mar 28 03:52:06 2020,"Merge pull request #61 from Call-for-Code/va-updates", 
19ec2c1,Henry Nash,Sat Mar 28 03:30:02 2020,"Merge pull request #60 from henrynash/update25", 
272715f,Henry Nash,Sat Mar 28 03:04:18 2020,"Merge pull request #59 from henrynash/update24", 
c7818d0,va barbosa,Sat Mar 28 01:30:00 2020,"Merge pull request #58 from Call-for-Code/va-updates", 
9ac60b5,va barbosa,Sat Mar 28 00:29:53 2020,"Merge pull request #57 from Call-for-Code/va-updates", 
509ce73,va barbosa,Fri Mar 27 23:24:18 2020,"Merge pull request #56 from Call-for-Code/va-updates", 
553e8d8,va barbosa,Fri Mar 27 22:46:25 2020,"Merge pull request #55 from Call-for-Code/va-updates", 
9e51e94,va barbosa,Fri Mar 27 22:20:35 2020,"Merge pull request #54 from Call-for-Code/va-updates", 
0353bcc,Henry Nash,Fri Mar 27 21:08:19 2020,"Merge pull request #53 from henrynash/update23", 
ad8e117,va barbosa,Fri Mar 27 16:58:41 2020,"Merge pull request #52 from Call-for-Code/va-updates", 
109996f,va barbosa,Fri Mar 27 16:57:11 2020,"Merge pull request #51 from Call-for-Code/va-updates", 
47f5890,va barbosa,Fri Mar 27 16:24:26 2020,"Merge pull request #50 from Call-for-Code/va-updates", 
9598bd2,Henry Nash,Fri Mar 27 13:09:56 2020,"Merge pull request #49 from henrynash/update22", 
9e16395,va barbosa,Fri Mar 27 08:53:35 2020,"Merge pull request #48 from Call-for-Code/va-updates", 
aac33b4,va barbosa,Fri Mar 27 08:27:35 2020,"Merge pull request #47 from Call-for-Code/va-updates", 
bcdd8e0,Henry Nash,Fri Mar 27 07:22:05 2020,"Merge pull request #46 from henrynash/update21", 
7d0c59d,Henry Nash,Fri Mar 27 06:08:46 2020,"Merge pull request #45 from henrynash/update20", 
35267e5,va barbosa,Fri Mar 27 06:01:42 2020,"Merge pull request #44 from Call-for-Code/va-updates", 
108d175,Henry Nash,Fri Mar 27 05:48:24 2020,"Merge pull request #43 from henrynash/update19", 
f324506,va barbosa,Fri Mar 27 05:19:12 2020,"Merge pull request #42 from Call-for-Code/va-updates", 
3a2bff0,va barbosa,Fri Mar 27 05:14:44 2020,"Merge pull request #41 from Call-for-Code/va-updates", 
38a92db,va barbosa,Fri Mar 27 04:30:06 2020,"Merge pull request #40 from Call-for-Code/va-updates", 
d9317c0,Henry Nash,Fri Mar 27 04:09:59 2020,"Merge pull request #39 from henrynash/update17", 
2f29076,va barbosa,Fri Mar 27 02:19:46 2020,"Merge pull request #38 from Call-for-Code/va-updates", 
cd39ac6,Henry Nash,Fri Mar 27 01:59:29 2020,"Add block chain to spelling file",   1, 2, 1 
b701b21,Henry Nash,Fri Mar 27 01:57:56 2020,"Merge pull request #34 from kestin830/patch-1", 
4794c9a,Henry Nash,Fri Mar 27 01:37:45 2020,"Merge pull request #37 from henrynash/update16", 
4b60eff,Henry Nash,Fri Mar 27 01:30:59 2020,"Merge pull request #35 from henrynash/update15", 
fba8468,va barbosa,Fri Mar 27 01:10:06 2020,"Merge pull request #36 from Call-for-Code/va-updates", 
b3f9718,JJ Asghar,Fri Mar 27 00:32:11 2020,"Making travis happy.",   1, 2, 1 
0ee6d26,JJ Asghar,Fri Mar 27 00:27:36 2020,"typo",   1, 1, 1 
ac8ce88,va barbosa,Fri Mar 27 00:01:28 2020,"Merge pull request #33 from Call-for-Code/va-updates", 
09d23f3,va barbosa,Thu Mar 26 22:51:33 2020,"Merge pull request #32 from Call-for-Code/va-updates", 
3021887,Henry Nash,Thu Mar 26 19:11:37 2020,"Merge pull request #31 from johncswanson/patch-1", 
2238b82,va barbosa,Thu Mar 26 11:11:27 2020,"Merge pull request #30 from Call-for-Code/va-updates", 
2aade6c,va barbosa,Thu Mar 26 11:00:19 2020,"Merge pull request #29 from Call-for-Code/va-updates", 
8bb2d1d,Henry Nash,Thu Mar 26 10:38:04 2020,"Merge pull request #28 from henrynash/update12", 
a3700a2,va barbosa,Thu Mar 26 10:28:19 2020,"Merge pull request #27 from Call-for-Code/va-updates", 
6d65632,Henry Nash,Thu Mar 26 10:16:34 2020,"Merge pull request #26 from henrynash/update10", 
fd4f5f4,Henry Nash,Thu Mar 26 10:06:12 2020,"Merge pull request #25 from henrynash/update9", 
2c1cdb0,va barbosa,Thu Mar 26 10:01:25 2020,"Merge pull request #24 from Call-for-Code/va-updates", 
44bece1,va barbosa,Thu Mar 26 09:39:08 2020,"Merge pull request #23 from Call-for-Code/va-updates", 
349f103,jodyburksphd,Thu Mar 26 07:57:22 2020,"Merge pull request #22 from jodyburksphd/patch-2", 
0e1797f,jodyburksphd,Thu Mar 26 07:56:10 2020,"Merge pull request #21 from jjasghar/jjasghar/readme", 
61958d8,Henry Nash,Thu Mar 26 07:17:33 2020,"Merge pull request #20 from jodyburksphd/patch-1", 
9c18653,Henry Nash,Thu Mar 26 07:04:07 2020,"Merge pull request #11 from jjasghar/jjasghar/name", 
b98edc2,va barbosa,Thu Mar 26 06:51:51 2020,"Merge pull request #18 from Call-for-Code/va-updates", 
05de6ba,va barbosa,Thu Mar 26 01:44:19 2020,"Merge pull request #17 from Call-for-Code/va-updates", 
abe34dc,Henry Nash,Wed Mar 25 23:57:11 2020,"Merge pull request #16 from henrynash/update8", 
cb3be95,Henry Nash,Wed Mar 25 21:40:45 2020,"Merge pull request #15 from henrynash/update7", 
7ef1d2c,Henry Nash,Wed Mar 25 21:37:47 2020,"Merge pull request #14 from henrynash/update6", 
90daf6e,Henry Nash,Wed Mar 25 09:24:01 2020,"Merge pull request #13 from henrynash/update5", 
4a32218,JohnWalicki,Wed Mar 25 04:57:03 2020,"Merge pull request #12 from Call-for-Code/johnwalicki-reglink", 
73f3925,JohnWalicki,Wed Mar 25 03:31:43 2020,"IBM Cloud registration link",   1, 1, 1 
7374693,Henry Nash,Wed Mar 25 00:43:22 2020,"Merge pull request #10 from henrynash/update4", 
69ffc09,Henry Nash,Wed Mar 25 00:33:06 2020,"Merge pull request #9 from henrynash/update3", 
72347aa,Henry Nash,Wed Mar 25 00:30:30 2020,"Merge pull request #8 from henrynash/update2", 
63386f0,Henry Nash,Tue Mar 24 06:58:40 2020,"Merge pull request #7 from Call-for-Code/va-updates", 
a5b8e8f,Henry Nash,Tue Mar 24 00:00:44 2020,"Merge pull request #6 from henrynash/idea2", 
c321b37,Henry Nash,Mon Mar 23 23:58:19 2020,"Merge pull request #5 from henrynash/idea1", 
16ce6b3,Henry Nash,Sun Mar 22 21:41:24 2020,"Merge pull request #4 from henrynash/instructions", 
9a3089b,Henry Nash,Sun Mar 22 21:34:47 2020,"Merge pull request #3 from henrynash/initialcode", 
4b4ee50,Henry Nash,Sat Mar 21 22:12:59 2020,"Merge pull request #2 from henrynash/initial2", 
6157d30,Henry Nash,Sat Mar 21 22:08:45 2020,"Merge pull request #1 from henrynash/initial", 
4a43fa1,Daniel Krook,Sat Mar 21 07:15:52 2020,"Update README.md",   1, 1, 1 
0904c70,Daniel Krook,Sat Mar 21 07:14:54 2020,"Update README.md",   1, 2, 153 
147568c,Daniel Krook,Fri Mar 20 00:05:01 2020,"Created template",   3, 355 