commit id,author,date,comment,changed files,lines added,lines deleted

b4b36b8,Christian Althaus,Sat Feb 29 04:01:33 2020,"Update README.md",   1, 2 
9f8246a,Christian Althaus,Sat Feb 29 04:01:12 2020,"Update README.md",   1, 6, 3 
d30f02e,Christian Althaus,Sat Feb 22 07:09:14 2020,"Added new WHO Situation Report",   7, 58, 5 
3955eaa,Christian Althaus,Fri Feb 21 21:13:19 2020,"Added excluded cases to figure",   6, 64, 60 
3d1f522,Christian Althaus,Fri Feb 21 20:45:03 2020,"Updated table and case numbers",   7, 64, 11 
3622640,Christian Althaus,Fri Feb 21 02:05:40 2020,"Updated WHO Situation Report",   5, 58, 3 
a2974ed,Christian Althaus,Wed Feb 19 21:41:55 2020,"Removed death from Taiwan according to WHO country classification",   8, 8, 8 
53bf4ed,Christian Althaus,Wed Feb 19 08:15:56 2020,"Updated WHO Situation Reports",   7, 104, 5 
b0668f7,Christian Althaus,Mon Feb 17 20:29:22 2020,"Updated reference",   2, 3, 3 
3a17e06,Christian Althaus,Mon Feb 17 08:09:56 2020,"Includes raw data by Linton et al.",   6, 59, 14 
9260537,Christian Althaus,Mon Feb 17 05:05:25 2020,"Updated with WHO Situation Report 27",   7, 104, 8 
3814dfa,Christian Althaus,Sun Feb 16 22:02:00 2020,"Update README.md",   1, 11, 2 
4200f9e,Christian Althaus,Sun Feb 16 09:30:48 2020,"Update ncov_cfr.R",   1, 4, 20 
2fb5d89,Christian Althaus,Sun Feb 16 08:34:14 2020,"Included all WHO Situation Reports since report of first death",   12, 228, 14 
5de1a7f,Christian Althaus,Sat Feb 15 09:24:21 2020,"Update with WHO Situation Report 25",   11, 176, 75 
8c655cb,Christian Althaus,Sun Feb 9 07:30:46 2020,"Update README.md",   1, 1, 1 
4c3429d,Christian Althaus,Sun Feb 9 07:28:39 2020,"Update with WHO Situation Report 19",   5, 53, 12 
03399ef,Christian Althaus,Sat Feb 8 07:15:28 2020,"Updated Figure 3",   2, 2, 2 
ff4201c,Christian Althaus,Sat Feb 8 07:12:47 2020,"Update with WHO Situation Report 18",   5, 53, 13 
07cf40b,Christian Althaus,Fri Feb 7 07:55:09 2020,"Add figures",   3, 0, 0 
1b95137,Christian Althaus,Fri Feb 7 07:54:56 2020,"Delete figures",   3, 0, 0 
071e1e7,Christian Althaus,Fri Feb 7 07:51:17 2020,"Updated with WHO Situation Report 17",   5, 65, 33 
442eec4,Christian Althaus,Thu Feb 6 07:05:45 2020,"Update README.md",   1, 1, 1 
9476957,Christian Althaus,Thu Feb 6 07:04:32 2020,"Merge branch 'master' of https://github.com/calthaus/ncov-cfr", 
d725ab8,Christian Althaus,Thu Feb 6 07:04:27 2020,"Updated with WHO Situation Report 16",   5, 49, 12 
505e49e,Christian Althaus,Wed Feb 5 06:17:22 2020,"Updated with WHO Situation Report 15",   5, 47, 13 
ac13c6d,Christian Althaus,Tue Feb 4 07:04:35 2020,"Updated Figure 3",   1, 0, 0 
a4ae654,Christian Althaus,Tue Feb 4 07:04:22 2020,"Added data directory",   4, 1, 1 
481003c,Christian Althaus,Tue Feb 4 06:54:38 2020,"Updated with WHO Situation Report 14",   6, 48, 14 
96394a2,Christian Althaus,Mon Feb 3 18:47:40 2020,"Update README.md",   1, 2, 2 
6e43e7f,Christian Althaus,Mon Feb 3 08:31:25 2020,"Update README.md",   1, 1, 1 
3ade02c,Christian Althaus,Mon Feb 3 08:29:03 2020,"Update README.md",   1, 1, 1 
9c961ec,Christian Althaus,Mon Feb 3 07:58:18 2020,"Update README.md",   1, 1, 1 
998779b,Christian Althaus,Mon Feb 3 07:09:54 2020,"Update README.md",   1, 1, 1 
db15c39,Christian Althaus,Mon Feb 3 07:09:33 2020,"Update README.md",   1, 1, 1 
2c321eb,Christian Althaus,Mon Feb 3 07:08:44 2020,"Update README.md",   1, 1, 1 
c4365cb,Christian Althaus,Mon Feb 3 07:08:05 2020,"Update README.md",   1, 5, 5 
1d3d2e8,Christian Althaus,Mon Feb 3 07:03:27 2020,"Update README.md",   1, 34, 2 
6c920df,Christian Althaus,Mon Feb 3 07:03:08 2020,"Add files via upload",   5, 146 
9a27699,Christian Althaus,Mon Feb 3 05:03:20 2020,"Initial commit",   2, 676 