commit id,author,date,comment,changed files,lines added,lines deleted

efd0101,Carl Binding,Wed May 13 18:45:14 2020,"more work on matching, bug fixes",   41, 1087, 217 
c0ec333,Carl Binding,Sun May 10 18:26:25 2020,"added some DP-3T handling, fixed Timer/TimerTask usage",   51, 1641, 23 
aeedd83,Carl Binding,Mon May 4 21:49:23 2020,"support for SQLite stored temp exposure keys, purging of obsolete data, encryption of secret keys",   23, 561, 40 
41d25d4,Carl Binding,Sun May 3 18:10:15 2020,"fixed the periodic address & proximity ID change, cleaner handling of LE_AdvertisingReport",   22, 228, 92 
b6bc922,Carl Binding,Sat May 2 23:04:16 2020,"added RSSI into DB, handling of HCI_CommandStatus, setting advertisement intervals",   30, 285, 184 
69671d7,Carl Binding,Fri May 1 23:28:35 2020,"bug fixes, randomization of BT_ADDR, partial support for SQLite",   41, 697, 385 
17693c0,Carl Binding,Thu Apr 30 00:01:52 2020,"removed bluetooth_beacon.md",   1, 54 
d634f63,Carl Binding,Wed Apr 29 22:43:26 2020,"Initial commit",   87, 4800 