commit id,author,date,comment,changed files,lines added,lines deleted

5d671b6,Sean Anderson,Wed Aug 12 04:46:03 2020,"Change ODE function name based on warning from new Stan compiler",   1, 5, 5 
3efadbc,Sean Anderson,Wed Aug 12 04:45:46 2020,"Swtich from BDF to RK45 ODE solver",   1, 1, 1 
6d98556,Sean Anderson,Sun May 24 15:29:59 2020,"Update readme",   2, 12 
436bfed,Sean Anderson,Fri May 15 10:51:12 2020,"Merge branch 'master' into rk45", 
a050da2,Sean Anderson,Fri May 15 10:50:23 2020,"Update README.Rmd",   1, 3, 1 
6ba06e5,Sean Anderson,Fri May 15 10:49:20 2020,"Update README.md",   1, 1, 1 
29c78ed,Sean Anderson,Fri May 15 10:47:32 2020,"Delete extra .csv",   1, 43 
4b683ea,Sean Anderson,Fri May 15 10:44:09 2020,"Merge branch 'development'", 
e9663ac,Sean Anderson,Thu May 14 12:44:04 2020,"Update README.md",   1, 3, 2 
9cfb0a2,Sean Anderson,Fri May 8 03:37:58 2020,"Try rk45 ODE solver",   1, 1, 1 
fd424df,carolinecolijn,Thu Apr 23 02:24:26 2020,"Update README.md",   1, 1, 1 
78954d7,Sean Anderson,Sat Apr 18 08:38:55 2020,"Update figures",   10, 48, 25 
bef7a1b,Sean Anderson,Fri Apr 17 13:20:34 2020,"Update README.md",   1, 10, 35 
89ca037,Sean Anderson,Fri Apr 17 13:19:35 2020,"Update README.Rmd",   1, 8, 6 
0a6ffd6,Sean Anderson,Fri Apr 17 13:15:04 2020,"Update read me",   3, 25, 4 
f850120,Sean Anderson,Fri Apr 17 13:12:07 2020,"Add example to readme",   2, 140, 4 
b817e35,Sean Anderson,Fri Apr 17 12:59:07 2020,"Update fit_seeiqr.R",   1, 3, 3 
366f023,Sean Anderson,Fri Apr 17 12:55:51 2020,"Update README.md",   1, 1, 1 
24aa542,Sean Anderson,Fri Apr 17 12:52:36 2020,"Update README.md",   1, 1, 1 
6fba52b,Sean Anderson,Fri Apr 17 12:52:04 2020,"Create LICENSE.md",   1, 675 
7afdf05,Sean Anderson,Fri Apr 17 12:52:02 2020,"Update 15-epi-curves.R",   1, 2, 2 
ba3762a,Sean Anderson,Fri Apr 17 12:51:57 2020,"Quickly develop a readme",   2, 15, 2 
debf187,Sean Anderson,Fri Apr 17 11:00:04 2020,"More iterations",   1, 6, 6 
4d22a1f,Sean Anderson,Fri Apr 17 10:59:51 2020,"Update 15-epi-curves.R",   1, 27, 12 
464f139,Sean Anderson,Fri Apr 17 10:59:46 2020,"Update 05-main-fig.R",   1, 1, 1 
20bc285,Sean Anderson,Fri Apr 17 07:14:57 2020,"Update values.tex",   1, 22, 21 
7d5285d,Sean Anderson,Fri Apr 17 07:14:44 2020,"Update 08-f-projections.R",   1, 20, 46 
79b4abf,Sean Anderson,Fri Apr 17 07:14:31 2020,"Update 01-simulation-test.R",   1, 3, 3 
574e448,Sean Anderson,Fri Apr 17 07:14:12 2020,"Update functions_sir.R",   1, 1, 1 
d044bcc,Sean Anderson,Fri Apr 17 07:14:08 2020,"Create 15-epi-curves.R",   1, 113 
d4d4de5,Sean Anderson,Fri Apr 17 03:10:06 2020,"getu(f = 0.7, r = 0.1)",   2, 3, 1 
765f655,Sean Anderson,Fri Apr 17 03:05:36 2020,"Create daily-cases.csv",   1, 43 
9ccfb9f,Sean Anderson,Fri Apr 17 03:05:31 2020,"Delete 14-sensitivity3.R",   1, 64 
fab9b93,Sean Anderson,Fri Apr 17 03:05:29 2020,"Update 14-sensitivity2.R",   1, 3, 3 
541140b,Sean Anderson,Fri Apr 17 03:04:14 2020,"r = 0.1; ur = 0.02",   7, 73, 7 
b92955d,Sean Anderson,Fri Apr 17 02:50:29 2020,"fix path",   1, 1, 1 
3adaf77,Sean Anderson,Thu Apr 16 18:55:36 2020,"Clean stan model",   1, 1, 4 
f9b41d2,Sean Anderson,Thu Apr 16 18:55:30 2020,"Fix paths",   3, 26, 26 
b80888d,Sean Anderson,Thu Apr 16 17:43:33 2020,"More cleanup",   15, 60, 286 
c0c9946,Sean Anderson,Thu Apr 16 17:26:41 2020,"Cleaning",   13, 25, 158 
8c5cba7,Sean Anderson,Thu Apr 16 17:15:31 2020,"Update data-model-prep.R",   1, 16, 10 
9618c20,Sean Anderson,Thu Apr 16 17:13:12 2020,"Cleanup",   7, 101, 21 
826f1d0,Sean Anderson,Thu Apr 16 17:12:50 2020,"Add gen. data",   1, 43 
e4ea637,Sean Anderson,Thu Apr 16 16:58:46 2020,"Mass cleanup",   20, 251, 628 
333884a,Sean Anderson,Thu Apr 16 16:45:24 2020,"Fig tweaks",   2, 12, 7 
ff97ea4,Sean Anderson,Thu Apr 16 16:22:17 2020,"Update README.md",   1, 1, 1 
0a89171,Sean Anderson,Thu Apr 16 16:21:59 2020,"Update README.md",   1, 1, 1 
4da3eaf,Sean Anderson,Thu Apr 16 16:17:15 2020,"Create README.md",   1, 1 
7e1edd9,Sean Anderson,Thu Apr 16 16:16:44 2020,"Delete setup-dates.R",   1, 39 
69b7a59,Sean Anderson,Thu Apr 16 16:16:41 2020,"Delete posterior_samp.R",   1, 28 
5f01091,Sean Anderson,Thu Apr 16 16:14:08 2020,"Move files and cleanup",   33, 27, 169 
73c0b62,Sean Anderson,Thu Apr 16 16:05:46 2020,"Figs",   2, 50, 22 
180adce,Sean Anderson,Thu Apr 16 15:08:20 2020,"Update figures and style code",   6, 165, 108 
bda6400,andrew-edwards,Thu Apr 16 13:48:29 2020,"Merge remote-tracking branch 'origin/master'", 
1f5d278,andrew-edwards,Thu Apr 16 13:47:47 2020,"Remove seeiqr-sim.stan (to avoid conflict when rebase).",   1, 107 
1ea4e6e,andrew-edwards,Thu Apr 16 13:44:05 2020,"Editing end of Appendix, though final editing done in Overleaf now.",   1, 1, 1 
bd99587,Sean Anderson,Wed Apr 15 10:15:56 2020,"Figure updates",   2, 23, 2 
33f144c,Sean Anderson,Wed Apr 15 07:09:24 2020,"Create 12-optimize.R",   1, 9 
a3941c6,Sean Anderson,Wed Apr 15 07:09:20 2020,"Update 11-onset-date.R",   1, 42, 26 
53f68b1,Sean Anderson,Wed Apr 15 07:09:17 2020,"Update 10-sensitivity.R",   1, 4 
ea4d7a0,Sean Anderson,Wed Apr 15 05:37:55 2020,"Fig updates",   5, 34, 22 
ff9bfcc,Sean Anderson,Wed Apr 15 05:37:17 2020,"Update 04-bc-cdc-projections.R",   1, 27, 28 
1a452c5,Sean Anderson,Wed Apr 15 05:37:07 2020,"Create 11-onset-date.R",   1, 131 
62d1714,Sean Anderson,Tue Apr 14 16:44:59 2020,"Comment out unused code",   1, 18, 13 
cb234db,Sean Anderson,Tue Apr 14 16:44:37 2020,"D = 5, k1 = 1/5",   3, 6, 10 
178ed8f,Sean Anderson,Tue Apr 14 16:43:57 2020,"Rename two files",   2, 1, 1 
5647770,Sean Anderson,Tue Apr 14 16:43:35 2020,"Comment out old code for now",   3, 187, 187 
a145417,Sean Anderson,Tue Apr 14 16:01:32 2020,"Bankruptcy commit 2",   10, 253, 196 
0513646,Sean Anderson,Tue Apr 14 10:02:29 2020,"Bankruptcy commit",   6, 69, 63 
c168c9f,Sean Anderson,Tue Apr 14 08:31:22 2020,"Update to May 1 fixed f for cdc",   1, 17, 11 
2cbfd64,Sean Anderson,Tue Apr 14 07:14:32 2020,"Use the new day_start_fixed_f_forecast",   1, 2 
6123a57,Sean Anderson,Tue Apr 14 07:14:14 2020,"Update 06-fig1.R",   1, 2, 1 
c805323,Sean Anderson,Tue Apr 14 07:14:05 2020,"Allow control over when the fixed f forecast starts",   1, 3, 2 
59588bc,Sean Anderson,Tue Apr 14 06:54:26 2020,"Update 08-f-projections.R",   1, 86, 42 
1df6e91,Sean Anderson,Tue Apr 14 06:10:02 2020,"Freeze the input data",   1, 1, 1 
d9348b4,Sean Anderson,Tue Apr 14 05:52:26 2020,"Automatically style code",   1, 41, 16 
0a5401a,Sean Anderson,Tue Apr 14 05:51:28 2020,"Update 04-bc-cdc-projections.R",   1, 4, 1 
e62a4c1,Sean Anderson,Tue Apr 14 05:45:50 2020,"Un-comment some code",   1, 11, 11 
54c7538,Sean Anderson,Tue Apr 14 05:44:50 2020,"Add in progress f projections plots",   1, 99, 9 
16772b2,Sean Anderson,Tue Apr 14 05:44:29 2020,"Create 09-delay.R",   1, 48 
5ba14ef,Sean Anderson,Tue Apr 14 05:44:24 2020,"Update make_projection_plot.R",   1, 8, 2 
ee5074e,Sean Anderson,Tue Apr 14 05:44:17 2020,"Update functions_sir.R",   1, 6, 2 
956d9c5,Sean Anderson,Tue Apr 14 05:44:08 2020,"Move a global variable",   2, 2, 2 
b671029,Sean Anderson,Tue Apr 14 05:43:52 2020,"Update 04-bc-cdc-projections.R",   1, 79, 170 
0f29de6,Sean Anderson,Mon Apr 13 19:39:53 2020,"Update 02-seeiqr-fit.R",   1, 10 
7b4d856,Sean Anderson,Mon Apr 13 19:31:34 2020,"Update 07-other.R",   1, 12, 2 
dcfebeb,Sean Anderson,Mon Apr 13 19:27:41 2020,"Update 06-fig1.R",   1, 5 
3326b95,Sean Anderson,Mon Apr 13 19:18:14 2020,"Cleanup",   1, 26, 122 
6fdc393,Sean Anderson,Mon Apr 13 19:17:56 2020,"Create 07-other.R",   1, 67 
bda4ee6,Sean Anderson,Mon Apr 13 19:17:45 2020,"Create 08-f-projections.R",   1, 23 
3cd6793,Sean Anderson,Mon Apr 13 19:17:36 2020,"Create 09-rw.R",   1, 27 
27ae1e3,Sean Anderson,Mon Apr 13 19:14:15 2020,"Create 06-fig1.R",   1, 103 
0b5d680,Sean Anderson,Mon Apr 13 19:14:07 2020,"Update make_projection_plot.R",   1, 10, 6 
6a94100,Sean Anderson,Mon Apr 13 19:14:02 2020,"Update data-model-prep.R",   1, 7 
ce4a359,Sean Anderson,Mon Apr 13 19:13:56 2020,"Update 05-cycle-f2.R",   1, 13, 13 
3ca7941,Sean Anderson,Mon Apr 13 17:49:18 2020,"Update make_projection_plot.R",   1, 48, 43 
af3c14f,Sean Anderson,Mon Apr 13 17:49:12 2020,"Update functions_sir.R",   1, 14, 2 
7f28590,Sean Anderson,Mon Apr 13 17:49:06 2020,"seed",   1, 1, 1 
4101969,Sean Anderson,Mon Apr 13 17:49:01 2020,"Update data-model-prep.R",   1, 1 
e3b092f,Sean Anderson,Mon Apr 13 17:48:57 2020,"Update 05-cycle-f2.R",   1, 96, 32 
15081ff,Sean Anderson,Mon Apr 13 16:55:53 2020,"Create 05-cycle-f2.R",   1, 60 
c73ce60,Sean Anderson,Mon Apr 13 16:55:32 2020,"Update 02-seeiqr-fit.R",   1, 25, 88 
692f51c,Sean Anderson,Mon Apr 13 16:55:22 2020,"Update simulation",   1, 33, 19 
6c9afd1,Sean Anderson,Mon Apr 13 16:55:09 2020,"Create data-model-prep.R",   1, 27 
8773119,Sean Anderson,Mon Apr 13 16:54:54 2020,"Increase default iterations",   1, 1, 1 
283d23a,Sean Anderson,Mon Apr 13 16:54:35 2020,"Switch solver (happens to be a little faster)",   1, 4, 1 
1074a1d,Sean Anderson,Mon Apr 13 16:54:16 2020,"Add reproject_fits",   1, 35 
28ce9f8,Sean Anderson,Mon Apr 13 16:54:00 2020,"Update functions_sir.R",   1, 4, 4 
b4cc3a1,Sean Anderson,Mon Apr 13 16:53:51 2020,"Add NB2 tests",   2, 57 
5579f39,Sean Anderson,Sun Apr 12 17:11:38 2020,"Create posterior_samp.R",   1, 28 
14dc2e7,Sean Anderson,Sun Apr 12 17:11:23 2020,"Add Cpp get_lambd",   2, 119, 16 
23819a1,Sean Anderson,Sun Apr 12 17:11:00 2020,"Add `daily_cases_omit` option",   3, 41, 16 
cb497d7,Sean Anderson,Sun Apr 12 10:04:16 2020,"New delay parameters",   1, 2, 2 
843c88c,Sean Anderson,Sun Apr 12 09:52:48 2020,"Remove typo",   1, 1, 1 
9637ad4,Sean Anderson,Sun Apr 12 09:51:21 2020,"More documentation of the model fitting function",   1, 7, 12 
f40c165,Sean Anderson,Sun Apr 12 09:47:15 2020,"Update documentation on the model running function",   1, 15, 4 
927e1b5,Sean Anderson,Sun Apr 12 05:18:58 2020,"11->12",   1, 1, 1 
b955197,Sean Anderson,Sun Apr 12 05:18:14 2020,"Add rstan_options(auto_write = TRUE)",   1, 1 
c7c9ef8,Sean Anderson,Sun Apr 12 05:12:47 2020,"Tidy up",   1, 4, 22 
8946256,Sean Anderson,Sun Apr 12 05:11:23 2020,"11->12",   1, 1, 1 
0bc0088,Sean Anderson,Sun Apr 12 03:57:54 2020,"Cleanup",   1, 12, 4 
e452f4c,Sean Anderson,Sun Apr 12 03:46:28 2020,"Catchup on runs",   3, 130, 40 
ad2efb8,Sean Anderson,Sun Apr 12 03:46:17 2020,"Add beta-binomial (not working well)",   2, 52, 18 
7567636,Sean Anderson,Sat Apr 11 13:23:35 2020,"sampled_fraction1 = 0.1; sampled_fraction2 = 0.3 defaults",   1, 2, 2 
844c65e,Sean Anderson,Sat Apr 11 08:34:48 2020,"Update RW",   1, 6, 12 
6d56ad0,Sean Anderson,Sat Apr 11 08:34:35 2020,"Update make_quick_plots.R",   1, 2, 1 
47531bd,Sean Anderson,Sat Apr 11 08:34:30 2020,"Add delay between the peak prevalence",   1, 41, 4 
7454f66,Sean Anderson,Sat Apr 11 08:01:26 2020,"time_increment = 0.1",   1, 1, 1 
a385d5c,Sean Anderson,Sat Apr 11 07:56:06 2020,"Cleanup",   1, 1, 45 
5e1d5fb,Sean Anderson,Sat Apr 11 07:53:47 2020,"Add fixed-f vec. test",   1, 10, 1 
1e4d3c4,Sean Anderson,Sat Apr 11 07:52:41 2020,"Add sampFrac random walk and sampled vec.",   1, 39 
1ddbc1b,Sean Anderson,Sat Apr 11 06:33:18 2020,"Update 04-bc-cdc-projections.R",   1, 20, 18 
51713f4,Sean Anderson,Sat Apr 11 06:25:56 2020,"Add sample fraction scenarios",   1, 41 
add5e85,Sean Anderson,Sat Apr 11 06:24:52 2020,"Fewer lambda draws",   1, 1, 1 
1357e79,Sean Anderson,Sat Apr 11 06:24:41 2020,"90% CIs by default",   1, 1, 1 
5227755,Sean Anderson,Sat Apr 11 06:24:31 2020,"Delete old BC CDC plot code",   1, 86 
a3b31bf,Sean Anderson,Sat Apr 11 06:24:18 2020,"Tweak sim",   1, 6, 6 
4c29c30,Sean Anderson,Sat Apr 11 06:24:03 2020,"Create 04-bc-cdc-projections.R",   1, 124 
58c785c,Sean Anderson,Sat Apr 11 05:11:22 2020,"Update sim test",   2, 4, 2 
4b28951,Sean Anderson,Sat Apr 11 05:10:00 2020,"Add random walk sampFrac2 option",   3, 37, 8 
0432f27,Sean Anderson,Sat Apr 11 04:00:05 2020,"Add optional estimation of sampFrac2",   3, 53, 6 
d517c91,Sean Anderson,Fri Apr 10 18:53:34 2020,"0.2 sampled_fraction1 fits better",   1, 1, 1 
f062fff,Sean Anderson,Fri Apr 10 18:53:23 2020,"Move proj plot to R file; switch to mu line",   2, 94, 72 
73f481c,Sean Anderson,Fri Apr 10 18:41:45 2020,"Add prevalence_slope/joint posterior plots",   1, 64 
8267f11,Sean Anderson,Fri Apr 10 18:41:19 2020,"Try switching to sampled_fraction1 = 0.35; sampled_fraction_day_change = 14",   1, 2, 2 
a136862,Sean Anderson,Fri Apr 10 18:40:43 2020,"Filename with last data point",   1, 1, 1 
7eb2674,Sean Anderson,Fri Apr 10 18:40:30 2020,"Update 00-simulation-test.R",   1, 18, 12 
ebf3409,Sean Anderson,Fri Apr 10 18:35:50 2020,"Update sampFrac to be length `days`",   1, 2, 4 
f4b7053,Sean Anderson,Fri Apr 10 18:35:35 2020,"<= instead of < for days_back",   1, 1, 1 
b7d2106,Sean Anderson,Fri Apr 10 18:35:24 2020,"Reduce t0 for ODE",   1, 1, 1 
6a27e43,Sean Anderson,Fri Apr 10 18:34:59 2020,"Custom clean functions_sir for testing",   1, 111 
78bf256,Sean Anderson,Fri Apr 10 18:34:45 2020,"Sim test the ODEs",   2, 236 
a3701dd,Sean Anderson,Fri Apr 10 18:33:13 2020,"Cleanup",   1, 2, 4 
99c58f3,Sean Anderson,Fri Apr 10 18:32:29 2020,"Be pedantic about f1, f2",   1, 6, 2 
2e2e4ee,Sean Anderson,Fri Apr 10 18:32:07 2020,"Fix sampFrac issue",   1, 6, 3 
e9ff224,Sean Anderson,Fri Apr 10 18:26:02 2020,"Triple check get-lambda",   1, 104, 18 
ef4cef0,Sean Anderson,Fri Apr 10 10:02:20 2020,"Stop accidentally saving extra time increments",   1, 1, 1 
121fd87,Sean Anderson,Fri Apr 10 09:25:01 2020,"Update 02-seeiqr-fit.R",   1, 31, 21 
926cbb6,Sean Anderson,Fri Apr 10 09:22:50 2020,"1.9720199 -> 2",   1, 2, 1 
e02a1e3,Sean Anderson,Fri Apr 10 08:49:25 2020,"Initialize from priors not MAP in case MAP doesn't converge in simulations",   1, 10, 9 
f639136,Sean Anderson,Fri Apr 10 08:48:58 2020,"A lot more sim testing",   1, 150, 24 
38f25c9,Sean Anderson,Fri Apr 10 07:49:30 2020,"Tweaks to fitting script",   1, 5, 5 
f01bd0c,Sean Anderson,Fri Apr 10 07:49:16 2020,"Create get-lambdad-check.R",   1, 41 
fc65abd,Sean Anderson,Fri Apr 10 07:48:37 2020,"Make projection csv files 60 days",   1, 3, 3 
1a248f9,Sean Anderson,Fri Apr 10 07:46:52 2020,"Be extra pedantic with setting ft to 0",   1, 3, 3 
39df00a,Sean Anderson,Fri Apr 10 07:46:40 2020,"Start integration from day.time increment not just day",   1, 1, 1 
3d14f7c,Sean Anderson,Fri Apr 10 06:42:33 2020,"Fix bug in lambda_d",   1, 3, 3 
073af92,Sean Anderson,Fri Apr 10 04:45:30 2020,"Revert "Add `D` estimation in Stan model (a bit slower... posterior is mostly prior)"",   2, 7, 15 
93437b7,Sean Anderson,Fri Apr 10 04:29:25 2020,"Update code comments",   1, 2, 2 
450cc0a,Sean Anderson,Fri Apr 10 04:29:16 2020,"Add `D` estimation in Stan model (a bit slower... posterior is mostly prior)",   2, 14, 6 
f8b6336,Sean Anderson,Fri Apr 10 04:28:06 2020,"Update sim testing to match current model",   1, 5, 5 
19347c6,Sean Anderson,Fri Apr 10 03:44:08 2020,"Tidy Stan model",   1, 9, 22 
156a98e,Sean Anderson,Fri Apr 10 03:09:54 2020,"nm -> m; code typo",   1, 3, 3 
64cf125,Sean Anderson,Fri Apr 10 01:43:10 2020,"Latest self-isolation model scenarios and plots",   4, 217, 167 
f2b4097,Sean Anderson,Thu Apr 9 07:20:31 2020,"Scenario plots",   1, 40, 14 
da8c949,Sean Anderson,Thu Apr 9 06:54:52 2020,"New parameter values and cleaned up scenarios",   2, 34, 103 
3d9a065,Sean Anderson,Thu Apr 9 06:36:14 2020,"Debugging scenarios before simplifying",   1, 47, 27 
e2ce7f9,Sean Anderson,Thu Apr 9 06:36:02 2020,"Format code",   1, 5, 1 
962f335,Sean Anderson,Thu Apr 9 06:35:57 2020,"Fixed recent bug in delay",   1, 1, 1 
058ffc9,Sean Anderson,Thu Apr 9 05:18:28 2020,"Scenario catch up",   2, 103, 10 
4689e5e,Sean Anderson,Thu Apr 9 04:34:32 2020,"Simplify Jacobian adjustment; thanks Andy",   1, 2, 3 
a169c67,Sean Anderson,Thu Apr 9 04:31:16 2020,"Tweak scenarios; add multi-panel plots",   4, 168, 33 
07c9b54,Sean Anderson,Wed Apr 8 18:32:19 2020,"Omit offset option for now",   2, 25, 25 
1b43c7e,Sean Anderson,Wed Apr 8 18:22:40 2020,"Cleanup sim test",   1, 48, 32 
182cda5,Sean Anderson,Wed Apr 8 18:14:15 2020,"Remove extra plot",   1, 1 
12645af,Sean Anderson,Wed Apr 8 18:09:41 2020,"Add (badly behaving) test-offset version; try beta-binomial?",   2, 27, 17 
0591d7c,Sean Anderson,Wed Apr 8 18:02:00 2020,"Cleanup",   3, 5, 17 
4cebc79,Sean Anderson,Wed Apr 8 17:59:18 2020,"More scenarios + cleanup",   4, 18, 18 
cab3987,Sean Anderson,Wed Apr 8 17:52:28 2020,"Fix bug in `fixed_f_forecast`",   1, 3, 3 
deeddf6,Sean Anderson,Wed Apr 8 17:38:43 2020,"Tweak priors and plots",   3, 31, 31 
61849b3,Sean Anderson,Wed Apr 8 17:16:32 2020,"Tweak scenarios and plots",   3, 37, 29 
776318a,Sean Anderson,Wed Apr 8 17:15:37 2020,"Tweak defaults",   1, 3, 3 
0cbf429,Sean Anderson,Wed Apr 8 16:11:57 2020,"Simulation testing working!",   1, 15, 13 
c5e7733,Sean Anderson,Wed Apr 8 16:03:22 2020,"Update scenarios and plots",   2, 17, 13 
d3c37fd,Sean Anderson,Wed Apr 8 16:02:08 2020,"Improve phi prior after simulation testing",   2, 12, 6 
66eea3c,Sean Anderson,Wed Apr 8 15:42:55 2020,"Match response name in Stan model",   1, 5, 5 
64712ed,Sean Anderson,Wed Apr 8 15:42:20 2020,"Fix final(?) bugs in model fitting",   1, 9, 9 
bc493a5,Sean Anderson,Wed Apr 8 14:47:24 2020,"Rename the file",   1, 0, 0 
3201a6c,Sean Anderson,Wed Apr 8 14:46:38 2020,"Simulation testing bonanza",   5, 137, 80 
2bc2110,Sean Anderson,Wed Apr 8 14:01:23 2020,"Fix bug (I think) in Stan model",   1, 8, 2 
100c0f8,Sean Anderson,Wed Apr 8 12:37:29 2020,"Stan scenarios",   3, 22, 6 
203f240,Sean Anderson,Wed Apr 8 12:23:49 2020,"Fix silly Stan model bugs",   3, 7, 5 
20ee243,Sean Anderson,Wed Apr 8 12:11:17 2020,"new_data -> dat; and add long forecast",   1, 15, 17 
113711b,Sean Anderson,Wed Apr 8 12:08:55 2020,"Working on scenarios and f fixes",   5, 65, 62 
4aef6d7,Sean Anderson,Wed Apr 8 11:13:54 2020,"Start working on scenarios",   1, 8, 3 
ba1f96e,Sean Anderson,Wed Apr 8 11:13:46 2020,"Fix a margin",   1, 4, 2 
b4863e7,Sean Anderson,Wed Apr 8 11:13:41 2020,"Add ability to modify f in the forecast",   2, 13, 4 
f0f6642,Sean Anderson,Wed Apr 8 10:55:32 2020,"Cumulative plots",   2, 52, 6 
703a2b9,Sean Anderson,Wed Apr 8 10:29:44 2020,"Rename the data simulation testing function",   1, 0, 0 
b4d4d3a,Sean Anderson,Wed Apr 8 10:29:26 2020,"Move the very quick Stan plots into a function",   4, 180, 163 
d392e66,Sean Anderson,Wed Apr 8 10:01:36 2020,"Fix test offset case",   2, 7, 3 
276665e,Sean Anderson,Wed Apr 8 09:56:00 2020,"Painfully fix messed up dates and fit model",   1, 32, 16 
4bf7560,Sean Anderson,Wed Apr 8 09:55:39 2020,"Integrate daily tests into model function",   1, 12, 3 
ad65cfb,Sean Anderson,Wed Apr 8 09:55:27 2020,"Offset should be of type `real`",   1, 1, 1 
1a52667,Sean Anderson,Wed Apr 8 09:32:33 2020,"Move Stan fitting into a function",   2, 194, 178 
9918253,Sean Anderson,Wed Apr 8 09:09:34 2020,"Cleanup before making into fitting function",   3, 11, 22 
d0d49f8,Sean Anderson,Wed Apr 8 09:09:13 2020,"Start sim test",   1, 49, 100 
f66e6c9,Sean Anderson,Wed Apr 8 07:30:07 2020,"Create test-sim.R",   1, 160 
320fd6e,Sean Anderson,Wed Apr 8 07:30:04 2020,"Fix plots",   1, 2, 2 
81f85b3,Sean Anderson,Wed Apr 8 07:29:54 2020,"Cleanup",   1, 28, 29 
427a305,andrew-edwards,Wed Apr 8 07:16:52 2020,"Add numbers of tests per day to STAN code.",   1, 17, 1 
61eeb8b,Sean Anderson,Wed Apr 8 06:23:01 2020,"Fix `log_lik` length",   1, 1, 1 
5aa5781,Sean Anderson,Wed Apr 8 06:21:45 2020,"Estimate f2 in Stan model; add log likelihood values for LOOIC",   3, 86, 30 
b92dba5,Sean Anderson,Wed Apr 8 04:42:26 2020,"Add Poisson likelihood option to Stan model",   3, 34, 51 
251cdda,Sean Anderson,Wed Apr 8 03:40:20 2020,"Copy editing",   1, 2, 2 
97700af,Sean Anderson,Tue Apr 7 08:53:26 2020,"Copy edit SEEIQR bayes notes",   1, 2, 2 
0a35313,andrew-edwards,Tue Apr 7 15:50:53 2020,"Add (temporary) note about results with corrected data - n_eff increases, R0 95% is 2.41-2.72.",   1, 10, 1 
38930d4,andrew-edwards,Tue Apr 7 11:35:25 2020,"Add temporary setup-dates.R to explain date setup for model runs, to be incorporated into STAN code.",   2, 57, 3 
84a96d1,andrew-edwards,Tue Apr 7 11:02:15 2020,"Update STAN code with new data stream for numbers of cases.",   1, 48 
e802119,Sean Anderson,Tue Apr 7 08:46:27 2020,"Quick Bayesian SEEIQR notes",   2, 84, 8 
37713ec,Sean Anderson,Tue Apr 7 08:07:37 2020,"Actually use sampFrac in Stan model",   1, 1, 1 
7b465ba,Sean Anderson,Tue Apr 7 07:51:14 2020,"Rename sir -> seeiqr",   5, 11, 11 
217f067,Sean Anderson,Tue Apr 7 07:30:38 2020,"Stan R files cleanup",   1, 4, 3 
e42cd58,Sean Anderson,Tue Apr 7 07:28:30 2020,"Delete old Stan files (Jacobian + getlambd)",   4, 135 
6e02544,Sean Anderson,Tue Apr 7 07:27:39 2020,"Temp commit of Jacobian experiments",   3, 84 
3c53ff0,Sean Anderson,Tue Apr 7 07:26:52 2020,"Rename and clean up Stan-running code",   3, 57, 29 
8165dc7,Sean Anderson,Tue Apr 7 07:13:30 2020,"Add Stan SIR projections",   3, 44, 32 
df00eda,Sean Anderson,Tue Apr 7 05:28:07 2020,"Stan plot tweaks",   1, 6, 5 
93e6fd5,Sean Anderson,Tue Apr 7 05:18:12 2020,"Add posterior predictive checks",   3, 122, 71 
2208816,Sean Anderson,Tue Apr 7 04:47:41 2020,"Optimize numerical integration + custom init for Stan model",   2, 44, 13 
9ed8d87,Sean Anderson,Tue Apr 7 02:50:50 2020,"`styler::tidyverse_style()` Stan sir.R file",   1, 17, 11 
852a6e7,Sean Anderson,Tue Apr 7 02:49:28 2020,"Add offset to Stan model; annotate Stan data",   2, 26, 20 
98cd927,Sean Anderson,Mon Apr 6 19:27:34 2020,"More very quick posterior plots",   1, 13, 1 
6361809,Sean Anderson,Mon Apr 6 19:18:19 2020,"Clean up Stan model; save plots",   2, 19, 16 
2ad3775,Sean Anderson,Mon Apr 6 19:01:09 2020,"Clean up; bound parameters > 0",   2, 4, 10 
8ca8487,Sean Anderson,Mon Apr 6 18:37:33 2020,"Add working Stan self isolation model",   2, 264 
c9c4cf5,Sean Anderson,Mon Apr 6 18:37:10 2020,"Fix column names",   1, 4, 4 
0919107,Sean Anderson,Mon Apr 6 15:34:01 2020,"ts -> time",   1, 5, 6 
ea8fe4b,Sean Anderson,Mon Apr 6 15:29:36 2020,"Working Stan simulation with lambda_d",   3, 113, 44 
14b1d06,Sean Anderson,Mon Apr 6 08:02:03 2020,"Updates to Stan sim model",   2, 40 
274c2ab,Sean Anderson,Sun Apr 5 14:33:32 2020,"Rename Stan files",   2, 1, 1 
185f7e9,Sean Anderson,Sun Apr 5 14:30:21 2020,"Add working Stan ODE simulation",   2, 61, 14 
5248644,Sean Anderson,Sun Apr 5 12:46:24 2020,"Start exploratory SIR Stan model",   2, 100 