commit id,author,date,comment,changed files,lines added,lines deleted

4198d80,dependabot[bot],Fri Sep 11 22:14:04 2020,"Bump http-proxy from 1.18.0 to 1.18.1",   1, 10, 12 
47618ab,dependabot[bot],Sun Aug 2 03:07:43 2020,"Bump elliptic from 6.5.2 to 6.5.3",   1, 6, 6 
c5bc417,dependabot[bot],Mon Jun 8 09:40:56 2020,"Bump websocket-extensions from 0.1.3 to 0.1.4",   1, 3, 3 
2ff17a1,Carlos Bonadeo,Thu Apr 9 14:00:34 2020,"tailwind",   1, 491, 56112 
daeb75f,Carlos Bonadeo,Thu Apr 9 14:00:10 2020,"deploy",   18, 177 
3fb4a01,Carlos Bonadeo,Thu Apr 9 13:59:55 2020,"Fixes #4 issue",   4, 56122, 512 
2856319,Carlos Bonadeo,Mon Apr 6 13:10:09 2020,"Fix style classes",   1, 1, 1 
026f786,Carlos Bonadeo,Mon Apr 6 12:55:17 2020,"New logo",   2, 25, 3 
1bccd29,Carlos Bonadeo,Mon Apr 6 12:53:45 2020,"Update README.md",   1, 8, 2 
b3b6e3a,Carlos Bonadeo,Mon Apr 6 12:41:40 2020,"Update README.md",   1, 2 
b6bcb75,Carlos Bonadeo,Mon Apr 6 12:40:44 2020,"Update README.md",   1, 3, 2 
8b26ff0,Carlos Bonadeo,Mon Apr 6 10:48:27 2020,"New logo & PWA test",   6, 5, 5 
93d63ae,Carlos Bonadeo,Mon Apr 6 02:58:00 2020,"Fix chrome layout",   3, 13, 5 
af05ff4,Carlos Bonadeo,Sun Apr 5 14:20:16 2020,"Headwind order classes",   11, 40, 36 
0916920,Carlos Bonadeo,Sun Apr 5 08:15:34 2020,"Statistics label change",   2, 3, 3 
c72725c,Carlos Bonadeo,Sun Apr 5 00:41:58 2020,"Lg breakpoint style",   2, 16, 18 
5a8f668,Carlos Bonadeo,Sat Apr 4 11:38:10 2020,"Lg breakpoint styles",   2, 23, 8 
5d9eef0,Carlos Bonadeo,Sat Apr 4 11:31:41 2020,"Fix map animation",   2, 3, 14 
c8b1c6d,Carlos Bonadeo,Sat Apr 4 11:28:40 2020,"Lg breakpoint style",   4, 53, 28 
36eab9e,Carlos Bonadeo,Sat Apr 4 10:28:42 2020,"Fix footer link",   1, 2, 2 
83f228d,Carlos Bonadeo,Fri Apr 3 11:54:20 2020,"xl responsive",   5, 188, 93 
00fa760,Carlos Bonadeo,Fri Apr 3 07:37:48 2020,"Styles",   1, 5, 5 
aa0f4d3,Carlos Bonadeo,Fri Apr 3 06:46:04 2020,"PurgueCSS whitelist",   3, 21, 16 
e193805,Carlos Bonadeo,Fri Apr 3 06:13:22 2020,"Merge branch 'master' of github.com:cdmoro/covid-19-stats", 
279f7be,Carlos Bonadeo,Fri Apr 3 06:12:15 2020,"Daily chart",   13, 655, 56236 
f56aab4,Carlos Bonadeo,Thu Apr 2 06:07:28 2020,"Refactory locales",   4, 56212, 518 
ab64137,Carlos Bonadeo,Thu Apr 2 02:57:47 2020,"Tailwind",   1, 385, 56181 
18a8891,Carlos Bonadeo,Thu Apr 2 02:57:12 2020,"Locales dropdown translated",   3, 56288, 388 
0d498ba,Carlos Bonadeo,Thu Apr 2 00:26:27 2020,"Clean up translations",   1, 14, 14 
9a79435,Carlos Bonadeo,Wed Apr 1 23:53:50 2020,"Merge pull request #3 from pappricot/master", 
1b76210,Carlos Bonadeo,Wed Apr 1 12:01:38 2020,"Header style",   6, 144, 64 
48280f7,Carlos Bonadeo,Wed Apr 1 06:11:02 2020,"Update README.md",   1, 9, 1 
0421ef7,Carlos Bonadeo,Wed Apr 1 05:17:47 2020,"useFetch callback function",   3, 15, 12 
46dba75,Carlos Bonadeo,Wed Apr 1 05:06:38 2020,"More locales",   6, 152, 34 
e22f1f7,Carlos Bonadeo,Tue Mar 31 12:59:32 2020,"Tailwind",   1, 335, 56190 
bc6b571,Carlos Bonadeo,Tue Mar 31 12:58:18 2020,"Locales :tada:",   11, 56365, 343 
802b29b,Carlos Bonadeo,Tue Mar 31 06:26:58 2020,"Background size",   2, 2, 2 
69cd747,Carlos Bonadeo,Tue Mar 31 06:23:18 2020,"Update README.md",   1, 6, 3 
1cb8b79,Carlos Bonadeo,Tue Mar 31 04:44:44 2020,"Map background animation :tada:",   5, 366, 56197 
218c404,Carlos Bonadeo,Tue Mar 31 00:07:28 2020,"Merge branch 'master' of github.com:cdmoro/covid-19-stats", 
bf83fdf,Carlos Bonadeo,Tue Mar 31 00:07:12 2020,"Automatic and manual zoom mode",   2, 56217, 334 
b9dd88c,Carlos Bonadeo,Mon Mar 30 11:25:15 2020,"Tailwind index css",   1, 331, 56203 
20b9605,Carlos Bonadeo,Mon Mar 30 11:24:26 2020,"Zoom, pan, select opgroup, flag :tada:",   9, 56603, 443 
8bef7b6,Carlos Bonadeo,Mon Mar 30 06:43:21 2020,"Ts ignore",   1, 13, 10 
71310c5,Carlos Bonadeo,Mon Mar 30 05:54:28 2020,"Countries by continents",   3, 604, 56449 
1877a03,Carlos Bonadeo,Mon Mar 30 03:42:52 2020,"Style & country data",   3, 109, 82 
86cd6ca,Carlos Bonadeo,Sun Mar 29 15:24:21 2020,"Aditional contry info",   7, 56371, 277 
99fe056,Carlos Bonadeo,Thu Mar 26 15:13:13 2020,"tailwind index.css",   1, 215, 56265 
0f3680f,Carlos Bonadeo,Thu Mar 26 15:11:35 2020,"Cleaning code",   9, 56354, 273 
c152769,Carlos Bonadeo,Thu Mar 26 13:35:43 2020,"No data legend",   1, 1, 1 
ae48b70,Carlos Bonadeo,Thu Mar 26 11:51:57 2020,"Unknown countries fixed & map smooth selection",   7, 332, 28 
ca78b54,Carlos Bonadeo,Wed Mar 25 11:29:03 2020,"Country percentages",   2, 218, 54358 
3cdec75,Carlos Bonadeo,Wed Mar 25 11:14:37 2020,"Tailwind spacing plugin & Fix death ends errors",   12, 54442, 271 
f0fefc0,Carlos Bonadeo,Wed Mar 25 07:23:00 2020,"Fix underline links",   2, 8, 4 
50e9e7d,Carlos Bonadeo,Tue Mar 24 13:06:53 2020,"Fix selectedCountry event",   1, 4, 6 
2afb675,Carlos Bonadeo,Tue Mar 24 13:02:34 2020,"Update image app",   1, 1, 1 
5d7037f,Carlos Bonadeo,Tue Mar 24 13:00:57 2020,"Fix API changes",   5, 28, 24 
8f35c0c,Carlos Bonadeo,Tue Mar 24 11:44:52 2020,"Style polish",   5, 52, 19 
2561bdf,Carlos Bonadeo,Tue Mar 24 11:32:20 2020,"Update app image",   1, 2, 2 
4ac8b24,Carlos Bonadeo,Tue Mar 24 09:45:49 2020,"Styles",   4, 23, 9 
87827c9,Carlos Bonadeo,Tue Mar 24 08:13:31 2020,"Merge branch 'master' of github.com:cdmoro/covid-19-stats", 
b44c2d9,Carlos Bonadeo,Tue Mar 24 08:06:20 2020,"Fix selectedCountry default",   1, 4, 4 
0944afe,Carlos Bonadeo,Tue Mar 24 07:21:14 2020,"World map :tada: (1.0.0)",   9, 125, 51 
106fcb4,Carlos Bonadeo,Tue Mar 24 00:52:13 2020,"Styles",   5, 12, 8 
385206c,Carlos Bonadeo,Mon Mar 23 07:23:30 2020,"Font awesome & toggle theme translation",   6, 101, 14 
50f2008,Carlos Bonadeo,Fri Mar 20 12:44:41 2020,"Whitelist light theme",   2, 2, 2 
6d15e78,Carlos Bonadeo,Fri Mar 20 12:37:50 2020,"Whitelist light theme",   3, 26, 2 
aca5759,Carlos Bonadeo,Fri Mar 20 11:34:10 2020,"Merge branch 'master' of github.com:cdmoro/covid-19-stats", 
e2000f9,Carlos Bonadeo,Fri Mar 20 11:34:02 2020,"Tailwind mastering",   9, 54, 47 
5688576,Carlos Bonadeo,Thu Mar 19 11:26:39 2020,"Merge branch 'master' of github.com:cdmoro/covid-19-stats", 
f93b681,Carlos Bonadeo,Thu Mar 19 11:26:15 2020,"PurgeCSS :tada:",   5, 193, 51702 
b231821,Carlos Bonadeo,Wed Mar 18 14:34:00 2020,"Cleaning styles",   5, 10, 15 
6ed410f,Carlos Bonadeo,Wed Mar 18 13:46:57 2020,"CSS vars",   15, 223, 212 
4b51043,Carlos Bonadeo,Tue Mar 17 11:50:22 2020,"Style fixes",   3, 21, 13 
5c246a2,Carlos Bonadeo,Tue Mar 17 03:15:25 2020,"Neumorphism",   8, 91, 7 
181ed6d,Carlos Bonadeo,Mon Mar 16 12:33:08 2020,"More responsive",   1, 2, 2 
e683ee4,Carlos Bonadeo,Mon Mar 16 12:25:18 2020,"Responsive",   4, 22, 22 
ce2a772,Carlos Bonadeo,Mon Mar 16 11:39:44 2020,"Styles",   8, 162, 113 
f48ba42,Carlos Bonadeo,Mon Mar 16 01:20:24 2020,"dark light mode",   8, 79, 9 
0b4162b,Carlos Bonadeo,Sun Mar 15 22:23:14 2020,"First commit",   27, 63770 