commit id,author,date,comment,changed files,lines added,lines deleted

7b6ddb9,Chris Michael,Sat Jul 4 06:28:45 2020,"new project by user [emulk] added to README.md",   1, 10 
4fb9d3f,Chris Michael,Fri May 29 01:44:08 2020,"#25 Fatality Rate By [age, sex, Comorbidities] return object fixed.",   1, 24, 10 
495132e,Chris Michael,Fri May 29 01:43:05 2020,"#25 Fatality Rate By [age, sex, Comorbidities]",   1, 24, 10 
7d0cf4e,Chris Michael,Thu Apr 30 10:55:34 2020,"svg over powered by vercel was added at the end of README.md",   1, 6, 1 
dfc9a44,Chris Michael,Thu Apr 30 10:54:21 2020,"vercel.svg added to the svg folder",   1, 6 
dc15a53,Chris Michael,Mon Apr 27 03:54:22 2020,"The function getPRBiosecurityDataByRegion has been implemented to extract data by regions provided by Biosecurity, added in the API and in server.",   6, 61, 1 
8406c62,Chris Michael,Mon Apr 27 03:53:18 2020,"Information has been documented on data by regions provided by Biosecurity",   1, 63 
cc99d54,Chris Michael,Sat Apr 25 05:25:03 2020,"Badge positions have been corrected",   1, 1, 1 
b5add5a,Chris Michael,Sat Apr 25 05:24:27 2020,"Badge positions have been corrected",   1, 14, 12 
f43829f,Chris Michael,Fri Apr 24 09:52:12 2020,"app.use() static content removed from server",   1, 1 
537f8dd,Chris Michael,Fri Apr 24 05:23:34 2020,"Important information about domain changes has been documented, to one more professional.",   1, 4, 7 
8205e09,Chris Michael,Fri Apr 24 05:05:25 2020,"url domain updated",   5, 108, 106 
4891d71,Chris Michael,Fri Apr 24 05:05:05 2020,"url domain updated",   1, 2, 2 
66532f4,Chris Michael,Fri Apr 24 02:27:45 2020,"The /PuertoRico/MedicalAidDistribution endpoint has been changed to /MedicalData/PRMedicalAidDistribution",   1, 1, 1 
ac56229,Chris Michael,Thu Apr 23 10:35:43 2020,"The googleCommunityMobilityReports function has been implemented as part of the api and the server",   3, 34, 2 
fed608f,Chris Michael,Thu Apr 23 10:35:12 2020,"Information on Community Mobility Reports provided by google has been documented in the README.md",   1, 43, 1 
b2b527f,Chris Michael,Thu Apr 23 10:34:08 2020,"The googleCommunityMobilityReports function has been implemented as part of the api.",   2, 7, 1 
a4c9221,Chris Michael,Thu Apr 23 10:33:41 2020,"The googleCommunityMobilityReports function has been implemented as part of the api.",   1, 20, 1 
cea545c,Chris Michael,Thu Apr 23 07:30:56 2020,"Endpoint routes that are unique to Puerto Rico have been restructured.",   2, 73, 5 
0ede7a9,Chris Michael,Thu Apr 23 02:19:08 2020,"The getUSAMedicalAidDistribution function has been included in the API.",   3, 9, 2 
9c01dab,Chris Michael,Thu Apr 23 02:18:13 2020,"Documentation on USA Medical Aid Distribution has been added",   1, 31 
38ff6c3,Chris Michael,Thu Apr 23 01:48:53 2020,"Information about MedicalAidDistribution has been documented in the API.",   4, 214, 2 
d9495cc,Chris Michael,Thu Apr 23 01:47:44 2020,"currency formatter added in the utils/utils.js",   1, 8, 1 
492a0c1,Chris Michael,Thu Apr 23 01:47:25 2020,"The usaMedicalAidDistribution function has been implemented",   1, 56, 1 
0eef78a,Chris Michael,Thu Apr 23 01:35:30 2020,"A specific Puerto Rico data router has been created together with two enpoint of [PRMedicalAidDistribution, PRDataByTowns]",   1, 57 
ee32c52,Chris Michael,Thu Apr 23 01:34:40 2020,"A specific Puerto Rico data router has been created together with two enpoint of [PRMedicalAidDistribution, PRDataByTowns]",   1, 16 
d6d794e,Chris Michael,Thu Apr 23 01:32:53 2020,"The usaMedicalAidDistribution function has been implemented",   1, 58, 2 
212f19e,Chris Michael,Thu Apr 23 01:31:11 2020,"currency formatter added in the utils/utils.js",   1, 8, 1 
7bbb5f0,Chris Michael,Mon Apr 20 04:10:36 2020,"Merge branch 'master' of https://github.com/ChrisMichaelPerezSantiago/covid19", 
93186f3,Chris Michael,Mon Apr 20 04:09:34 2020,"Information about new changes for version v1.2.1 has been added. It provides regional data information for [Germany, Algeria, Brazil, Norway, Palestine, Poland, Portugal] and COVID-19 Civic Freedom Tracker. It has been documented in the README.md file",   1, 17, 12 
3ba8e5d,Chris Michael,Mon Apr 20 04:06:32 2020,"package.json updated to version v1.2.1",   1, 1, 1 
5cd9029,Chris Michael,Mon Apr 20 03:25:18 2020,"The functions on the regional data of [Algeria, Brazil, Norway, Palestine, Poland, Portugal] have been implemented, this was added in the api and in the server.",   10, 853, 5 
4df83b9,Chris Michael,Mon Apr 20 03:24:19 2020,"Information on regional data for [Algeria, Brazil, Norway, Palestine, Poland, Portugal] has been documented in the README.md",   1, 177, 1 
33bbda3,Chris Michael,Sun Apr 19 09:58:48 2020,"The function to take the data of the districts of the country of Slovakia has been implemented, it was added to the API and on the server.",   10, 325, 3 
deef87d,Chris Michael,Sun Apr 19 09:57:51 2020,"Information from the districts of the country of Slovakia has been documented in the README.md",   1, 65 
1af4c57,Chris Michael,Sun Apr 19 01:24:06 2020,"datos_por_sexo added 04-18-2020",   1, 3 
7753ae5,Chris Michael,Sun Apr 19 01:20:57 2020,"datos_por_region added 04-18-2020",   1, 10 
144135c,Chris Michael,Sun Apr 19 01:19:44 2020,"datos_en_general 04-18-2020",   1, 5 
25bacae,Chris Michael,Sun Apr 19 00:54:15 2020,"The getDeaths() function has been corrected by scraping the table element",   3, 26, 23 
743e0a4,Chris Michael,Sun Apr 19 00:53:03 2020,"The getDeaths () function has been corrected and the test has passed",   1, 2, 6 
7a482a5,Chris Michael,Sun Apr 19 00:52:16 2020,"The documentation of the getDeaths () function has been corrected",   1, 27, 38 
2d44efa,Chris Michael,Sat Apr 18 11:09:11 2020,"The function to obtain the regional data of the country of Sweden has been implemented, this was added to the api and the server.",   10, 173, 3 
9e7338f,Chris Michael,Sat Apr 18 11:08:18 2020,"Regional data information from Sweden has been documented in the README.md",   1, 34 
4930a72,Chris Michael,Sat Apr 18 10:08:42 2020,"The function to obtain the regional data of Germany has been implemented, it was added to the API and the server.",   10, 159, 3 
97a4274,Chris Michael,Sat Apr 18 10:06:41 2020,"Information on German regional data has been documented in the README.md",   1, 31 
67ce8c8,Chris Michael,Sat Apr 18 04:33:54 2020,"datos_por_sexo added 04-17-2020",   1, 3 
920e411,Chris Michael,Sat Apr 18 04:32:32 2020,"datos_por_region added 04-17-2020",   1, 10 
beaf0e9,Chris Michael,Sat Apr 18 04:31:11 2020,"datos_en_general added 04-17-2020",   1, 5 
c256786,Chris Michael,Sat Apr 18 04:28:09 2020,"COVID-19 Civic Freedom Tracker function implemented add added in the server",   7, 203, 3 
9695b8a,Chris Michael,Sat Apr 18 04:14:25 2020,"Information about COVID-19 Civic Freedom Tracker has been documented in the README.md",   1, 57, 1 
c22ea7d,Chris Michael,Sat Apr 18 04:13:22 2020,"COVID-19 Civic Freedom Tracker function implemented add added in the api",   3, 36, 2 
1bbbcaa,Chris Michael,Fri Apr 17 09:14:14 2020,"datos_por_region 04-16-2020",   1, 10 
1a791e4,Chris Michael,Fri Apr 17 09:13:52 2020,"Delete 04-16-2020.csv",   1, 5 
72b97e3,Chris Michael,Fri Apr 17 09:11:09 2020,"datos_por_sexo added 04-16-2020",   1, 3 
1bcd126,Chris Michael,Fri Apr 17 09:09:50 2020,"datos_por_region added 04-16-2020",   1, 5 
9e9f918,Chris Michael,Fri Apr 17 09:08:20 2020,"datos_en_general added 04-16-2020",   1, 5 
0eddd98,Chris Michael,Fri Apr 17 00:26:18 2020,"The csv data of Puerto Rico's statistics has been ordered by days, this now shows the current data",   1, 45, 14 
d0c88ac,Chris Michael,Fri Apr 17 00:25:44 2020,"The csv data of Puerto Rico's statistics has been ordered by days, this now shows the current data",   1, 45, 14 
3acce80,Chris Michael,Fri Apr 17 00:14:42 2020,"datos_por_region added 04-15-2020",   1, 10 
783d544,Chris Michael,Fri Apr 17 00:14:18 2020,"Delete 04-15-2020.csv",   1, 5 
7795ee0,Chris Michael,Thu Apr 16 23:37:50 2020,"datos_por_sexo added 04-15-2020",   1, 3 
673006c,Chris Michael,Thu Apr 16 23:36:34 2020,"datos_por_region added 04-15-2020",   1, 5 
6573b69,Chris Michael,Thu Apr 16 23:35:05 2020,"datos_en_general added 04-15-2020",   1, 5 
4814a2a,Chris Michael,Wed Apr 15 02:13:45 2020,"health_region_table object added in the CanadaCasesByProvincesAndHealthRegion documentation",   5, 47, 2 
4b83843,Chris Michael,Wed Apr 15 02:07:20 2020,"Documentation of functions has been added",   5, 1437, 38 
b7d3ac9,Chris Michael,Wed Apr 15 00:13:19 2020,"datos_por_region added 04-14-2020",   1, 10 
82576cb,Chris Michael,Wed Apr 15 00:12:04 2020,"datos_por_sexo added 04-14-2020",   1, 3 
0d92931,Chris Michael,Wed Apr 15 00:10:52 2020,"datos_en_general added 04-14-2020",   1, 5 
dc90621,Chris Michael,Tue Apr 14 01:05:13 2020,"The new list of countries has been documented, related to cases by their respective states.",   1, 12, 3 
8f9b1f3,Chris Michael,Tue Apr 14 01:03:40 2020,"package.json updated to version v1.2.0",   1, 1, 1 
98b8c58,Chris Michael,Tue Apr 14 00:53:07 2020,"Cases detected by the states, regions, or Communities of each country [US, INDIA, SPAIN, AUSTRALIA, CANADA, JAPAN, NEW ZEALAN] api function implemented.",   3, 225, 2 
f0a25c1,Chris Michael,Tue Apr 14 00:42:12 2020,"Merge branch 'master' of https://github.com/ChrisMichaelPerezSantiago/covid19", 
6c67634,Chris Michael,Tue Apr 14 00:41:29 2020,"Cases detected by the states, regions, or Communities of each country [US] api function implemented.",   3, 30, 2 
620f26e,Chris Michael,Tue Apr 14 00:41:15 2020,"Information on US data has been documented in the README.md",   1, 75 
e2e3add,Chris Michael,Mon Apr 13 04:26:06 2020,"Cases detected by the states, regions, or Communities of each country [New Zealand] api function implemented.",   3, 27, 2 
3434026,Chris Michael,Mon Apr 13 04:25:45 2020,"Information on New Zealand data has been documented in the README.md",   1, 57 
ce2537f,Chris Michael,Mon Apr 13 02:40:42 2020,"Cases detected by the states, regions, or Communities of each country [japan] api function implemented.",   3, 22, 2 
d46e406,Chris Michael,Mon Apr 13 02:40:31 2020,"Information on Japan data has been documented in the README.md",   1, 36, 1 
a0984c6,Chris Michael,Mon Apr 13 01:40:54 2020,"Information on Canada data has been documented in the README.md",   1, 49 
03b0f95,Chris Michael,Mon Apr 13 01:40:38 2020,"Cases detected by the states, regions, or Communities of each country [canada] api function implemented.",   3, 31, 2 
967c44b,Chris Michael,Mon Apr 13 00:46:43 2020,"Information on Australian data has been documented in the README.md",   1, 53, 1 
fe51a31,Chris Michael,Mon Apr 13 00:45:21 2020,"Cases detected by the states, regions, or Communities of each country [australia] api function implemented.",   3, 35, 2 
73dd13c,Chris Michael,Sun Apr 12 10:19:14 2020,"Cases detected by the states, regions, or Communities of each country [India , Spain] api function implemented.",   3, 47, 1 
45e74b6,Chris Michael,Sun Apr 12 10:17:49 2020,"Cases detected by the states, regions, or Communities of each country [India , Spain] documentation added to the README.md",   1, 85 
ad7095f,Chris Michael,Sun Apr 12 05:19:31 2020,"GET Method /ReportsByCountries/:country doc generated.",   5, 310, 2 
c615781,Chris Michael,Sun Apr 12 04:57:51 2020,"GET Method /FatalityRateByComorbidities doc generated.",   5, 235, 2 
88c35e5,Chris Michael,Sun Apr 12 04:47:47 2020,"GET Method /FatalityRateByAge doc generated.",   5, 119, 2 
de30bd6,Chris Michael,Sun Apr 12 04:41:32 2020,"GET Method /TestsInUS doc generated.",   5, 132, 2 
a7f1753,Chris Michael,Sun Apr 12 04:35:55 2020,"GET Method /SituationReports doc generated.",   5, 117, 2 
cd4f76d,Chris Michael,Sun Apr 12 04:27:57 2020,"GET Method /AllCasesInEurope doc generated.",   5, 117, 2 
0d4f884,Chris Michael,Sun Apr 12 04:24:45 2020,"GET Method /AllCasesInAmerica doc generated.",   5, 117, 2 
f249d58,Chris Michael,Sun Apr 12 04:12:25 2020,"GET Method /CasesInAllUSStates doc generated.",   5, 223, 2 
3b80318,Chris Michael,Sun Apr 12 04:00:16 2020,"GET Method /PRGeneralResults doc generated.",   5, 117, 2 
ee40dbc,Chris Michael,Sun Apr 12 03:54:44 2020,"GET Method /JohnsHopkinsDataDailyReport doc generated.",   5, 222, 2 
9a50dd1,Chris Michael,Sun Apr 12 03:10:07 2020,"covid19 documentation link added to README.md",   1, 3 
9b22bdb,Chris Michael,Sun Apr 12 02:58:31 2020,"GET Method /PRExtraData and /PRDataByTowns doc generated.",   5, 1187, 2 
ab72538,Chris Michael,Sun Apr 12 02:15:27 2020,"GET Method /PRDataByRegions doc generated.",   5, 149, 2 
b269be9,Chris Michael,Sun Apr 12 02:01:37 2020,"GET Method /AllReports doc generated.",   105, 5752 
cd22435,Chris Michael,Sun Apr 12 02:00:51 2020,"footer property added to apidoc.json file",   1, 4, 1 
b200734,Chris Michael,Sun Apr 12 01:14:08 2020,"datos_por_sexo added 04-11-2020",   1, 3 
e8d519b,Chris Michael,Sun Apr 12 01:12:59 2020,"datos_por_region added 04-11-2020",   1, 10 
5395b27,Chris Michael,Sun Apr 12 01:11:42 2020,"datos_en_general added 04-11-2020",   1, 5 
0c0beed,Chris Michael,Sun Apr 12 01:08:59 2020,"apidoc.json update version fixed to v1.1.9",   1, 1, 1 
7df0e2d,Chris Michael,Sun Apr 12 01:07:02 2020,":package: package [apidoc] installed and [start:generate-doc , start:logs]",   2, 312, 1 
b32725b,Chris Michael,Sun Apr 12 01:05:46 2020,"apidoc json file created.",   1, 7 
ced67f1,Chris Michael,Sun Apr 12 01:05:05 2020,"apidoc.sh batch script file created.",   1, 1 
32e1cf5,Chris Michael,Sun Apr 12 01:04:32 2020,"github logs.sh batch script file created.",   1, 3 
74e1d36,Chris Michael,Sat Apr 11 04:55:36 2020,"Enpoints GET method ['/ PRDataByTowns', '/ PRExtraData'] added to the list",   1, 2 
e09e63e,Chris Michael,Sat Apr 11 04:50:33 2020,"GET method ['/ PRDataByTowns', '/ PRExtraData'] defined",   1, 21 
d7a3f3b,Chris Michael,Sat Apr 11 04:49:25 2020,"cases by towns and extra information functions implemented",   1, 48, 2 
b64ad03,Chris Michael,Sat Apr 11 04:48:12 2020,"requests helper function implemented and added in the utils.js",   1, 20, 1 
57b2ebc,Chris Michael,Sat Apr 11 02:26:35 2020,"datos_por_sexo added 04-10-2020",   1, 3 
eebf29d,Chris Michael,Sat Apr 11 02:25:41 2020,"datos_por_region added 04-10-2020",   1, 10 
ab87913,Chris Michael,Sat Apr 11 02:24:35 2020,"datos_en_general added 04-10-2020",   1, 5 
f68add7,Chris Michael,Sat Apr 11 00:55:41 2020,"package.json updated to version 1.1.9",   1, 1, 1 
3d2533e,Chris Michael,Sat Apr 11 00:55:12 2020,"Documentation added to README.md. Now requests are made with axios instead of using cloudscraper, and some object keys have been fixed.",   1, 3, 4 
4cae1d8,Chris Michael,Sat Apr 11 00:53:45 2020,"package.json updated to version v1.1.9",   1, 1, 1 
d8d969e,Chris Michael,Sat Apr 11 00:50:30 2020,"The cloudscraper library has been removed and the entire node_module has been reinstalled",   2, 27 
eb44faa,Chris Michael,Sat Apr 11 00:49:27 2020,"The cloudscraper library has been removed and the entire node_module has been reinstalled",   2, 635, 481 
2921e5e,Chris Michael,Sat Apr 11 00:48:28 2020,"now requests are made with axios instead of using cloudscraper, and some object keys have been fixed.",   1, 111, 67 
1401946,Chris Michael,Sat Apr 11 00:34:53 2020,"The cloudscraper library has been removed and the entire node_module has been reinstalled",   2, 630, 446 
a4e6a39,Chris Michael,Sat Apr 11 00:33:22 2020,"now requests are made with axios instead of using cloudscraper, and some object keys have been fixed.",   1, 127, 68 
99e3944,Chris Michael,Fri Apr 10 08:08:12 2020,"Badge for donation through buymeacoffee",   1, 2 
013ad64,Chris Michael,Fri Apr 10 00:29:31 2020,"Continent key added to tableKeys to test METHOD GET /AllReports",   1, 2, 1 
133c12f,Chris Michael,Fri Apr 10 00:01:47 2020,"datos_por_sexo added 04-9-2020",   1, 3 
508e566,Chris Michael,Fri Apr 10 00:00:36 2020,"datos_por_region added 04-9-2020",   1, 10 
18a8433,Chris Michael,Thu Apr 9 23:59:33 2020,"datos_en_general added 04-9-2020",   1, 5 
d6021af,Chris Michael,Wed Apr 8 06:02:44 2020,"Update README.md",   1, 7, 6 
24b2bba,Chris Michael,Wed Apr 8 06:01:32 2020,"Update README.md",   1, 1 
666bda7,Chris Michael,Wed Apr 8 06:00:01 2020,"minor changes made in the README.md",   1, 3, 5 
1b5a124,Chris Michael,Wed Apr 8 00:50:16 2020,"datos_por_sexo added 04-7-2020",   1, 3 
e1da8e8,Chris Michael,Wed Apr 8 00:47:28 2020,"datos_por_region added 04-7-2020",   1, 10 
5afc26c,Chris Michael,Wed Apr 8 00:45:52 2020,"datos_en_general added 04-7-2020",   1, 5 
452407a,Chris Michael,Mon Apr 6 23:52:38 2020,"datos_por_region added 04-6-2020",   1, 10 
404903a,Chris Michael,Mon Apr 6 23:51:16 2020,"datos_por_sexo 04-6-2020",   1, 3 
e051e9d,Chris Michael,Mon Apr 6 23:49:48 2020,"datos_en_general added 04-6-2020",   1, 5 
3373c00,Chris Michael,Mon Apr 6 13:03:00 2020,"package.json version updated to v1.1.8",   1, 1, 1 
e7eba76,Chris Michael,Mon Apr 6 13:01:46 2020,"The function downloadReportsToCSV has been documented to download the reports of all the countries provided by the worldometers website",   1, 4, 8 
c212c0b,Chris Michael,Mon Apr 6 12:58:17 2020,"The function downloadReportsToCSV has been defined to download the reports of all the countries provided by the worldometers website",   7, 74, 4 
9a3ab41,Chris Michael,Sun Apr 5 01:51:32 2020,"All reports from each country have been included in the getReportsByCountries table",   1, 24, 14 
1eae6f4,Chris Michael,Sun Apr 5 01:27:58 2020,"GET METHOD /api/v1/JohnsHopkinsDataDailyReport timeout set to (10000)",   1, 1, 1 
120d17e,Chris Michael,Sun Apr 5 01:22:37 2020,"The Tests/\n1M pop key has been added and fixed to Tests_1M_Pop",   1, 4 
2db28aa,Chris Michael,Sun Apr 5 01:22:12 2020,"The Tests/\n1M pop key has been added and fixed to Tests_1M_Pop",   1, 5 
d298247,Chris Michael,Sun Apr 5 01:20:16 2020,"The Tests/\n1M pop key has been added and fixed to Tests_1M_Pop",   1, 4 
2f00da1,Chris Michael,Sun Apr 5 01:19:48 2020,"The Tests/\n1M pop key has been added and fixed to Tests_1M_Pop",   1, 6 
c395274,Chris Michael,Sun Apr 5 01:18:15 2020,"two new columns have been validated [Tests_1M_Pop, TotalTests]",   1, 2, 1 
337630f,Chris Michael,Sun Apr 5 00:58:24 2020,"datos por sexo added -> 04-4-2020.csv",   1, 3 
6a536d6,Chris Michael,Sun Apr 5 00:57:39 2020,"datos por region  added -> 04-4-2020.csv",   1, 10 
9032df2,Chris Michael,Sun Apr 5 00:57:12 2020,"datos en general added -> 04-4-2020.csv",   1, 5 
7cb42a4,Chris Michael,Sat Apr 4 04:42:33 2020,"Documentation has been added on data in general, by region, and by sex for the country of Puerto Rico",   1, 4 
e5bea5f,Chris Michael,Sat Apr 4 04:41:11 2020,"Documentation has been added on data in general, by region, and by sex for the country of Puerto Rico",   1, 11, 3 
2ae25d2,Chris Michael,Sat Apr 4 04:36:30 2020,"package.json version updated to v1.1.7",   1, 1, 1 
69b5a09,Chris Michael,Sat Apr 4 04:33:53 2020,"Functions have been added to the api on data in general for Puerto Rico, by region, and by sex.",   3, 164, 2 
d249be9,Chris Michael,Sat Apr 4 04:27:04 2020,"Functions have been added to the api on data in general for Puerto Rico, by region, and by sex.",   3, 145, 2 
712240d,Chris Michael,Sat Apr 4 04:26:03 2020,"Documentation has been added on data in general, by region, and by sex for the country of Puerto Rico",   1, 133 
9c58485,Chris Michael,Sat Apr 4 00:04:35 2020,"datos por sexo added -> 04-3-2020.csv",   1, 3 
83a8e40,Chris Michael,Sat Apr 4 00:04:21 2020,"datos por region  added -> 04-3-2020.csv",   1, 10 
021d648,Chris Michael,Sat Apr 4 00:03:31 2020,"datos en general added -> 04-3-2020.csv",   1, 5 
0c9055b,Chris Michael,Fri Apr 3 09:02:08 2020,"Testing the API /api/v1/JohnsHopkinsDataDailyReport  endpoint",   1, 10, 11 
e8fb738,Chris Michael,Fri Apr 3 08:53:17 2020,"Testing the API /api/v1/TestsInUS endpoint",   1, 23 
98e7d46,Chris Michael,Fri Apr 3 08:47:20 2020,"Testing the API / api / v1 / Deaths endpoint",   1, 23, 1 
7570fa8,Chris Michael,Fri Apr 3 07:53:11 2020,"The folder EstadidistcasPuertoRico was created, data provided by Estadisticas.pr",   4, 50 
d1e330d,Chris Michael,Fri Apr 3 07:52:16 2020,"Data from Puerto Rico has been added to the README",   1, 9 
f98993f,Chris Michael,Fri Apr 3 04:28:26 2020,"travis badge added to README.md",   1, 1, 1 
8c4f5c5,Chris Michael,Fri Apr 3 04:21:40 2020,"Test folder has been created, testing the API endpoint /api/v1/AllReports",   1, 35 
d3bf44d,Chris Michael,Fri Apr 3 04:19:26 2020,".travis.yml file installed.",   1, 9 
9b49ed3,Chris Michael,Fri Apr 3 04:18:58 2020,":package: package(s) [chai, mocha, chai-http] installed.",   2, 755, 2 
c06fc10,Chris Michael,Fri Apr 3 00:14:20 2020,"Documentation related to the FirstCase column was removed from the worldometers website, this fixes the error accessing data from the server and the api",   1, 4, 9 
e76492b,Chris Michael,Fri Apr 3 00:13:27 2020,"package.json updated to version v1.1.6",   1, 1, 1 
eb03120,Chris Michael,Fri Apr 3 00:11:42 2020,"The FirstCase column was removed from the worldometers website, this fixes the error accessing data from the server and the api",   1, 1, 1 
1bf741b,Chris Michael,Fri Apr 3 00:10:11 2020,"The FirstCase column was removed from the worldometers website, this fixes the error accessing data from the server.",   1, 1, 1 
33aa98c,Chris Michael,Wed Apr 1 06:57:32 2020,"Project that use the API section added in the README.md",   1, 19 
57145d5,Chris Michael,Wed Apr 1 00:56:05 2020,"All references to wuhan with wuhan covid19 have been removed, for reasons of racism #17",   1, 3, 3 
10cc1cd,Chris Michael,Tue Mar 31 08:02:28 2020,"Create CODE_OF_CONDUCT.md",   1, 76 
bf171c0,Chris Michael,Tue Mar 31 07:51:03 2020,"Update issue templates",   1, 46 
c31af23,Chris Michael,Tue Mar 31 01:41:02 2020,"report test function has been removed",   1, 5 
dd6d139,Chris Michael,Tue Mar 31 01:16:27 2020,"server folder is back, reports function key fixed",   13, 3856 
732dfb9,Chris Michael,Tue Mar 31 01:03:00 2020,"Documentation added about Reported1st case key renamed by FirstCase in reports function",   1, 3, 2 
e74f4ed,Chris Michael,Tue Mar 31 01:02:31 2020,"package.json updated to version v1.1.5",   1, 1, 1 
c9f4d41,Chris Michael,Tue Mar 31 01:00:45 2020,"Reported1st case key renamed by FirstCase in reports function",   1, 5 
07de92e,Chris Michael,Tue Mar 31 00:55:04 2020,"Merge pull request #11 from bas24/patch-1", 
34a5fef,Chris Michael,Mon Mar 30 09:09:10 2020,"posinstall and start script removed due to an error about Could not install from node_modules \ covid19-api \ server",   2, 21, 1291 
7cbdc71,Chris Michael,Mon Mar 30 09:08:44 2020,"package.json updated to 1.1.4",   14, 1, 3870 
6c00280,Chris Michael,Mon Mar 30 08:38:57 2020,"posinstall and start script removed due to an error about Could not install from node_modules \ covid19-api \ server",   2, 3, 3 
ee56459,Chris Michael,Mon Mar 30 08:37:52 2020,"node_module folder removed and installed again",   1, 1355, 2854 
cdc3b0a,Chris Michael,Mon Mar 30 08:37:36 2020,"node_module folder removed and installed again",   1, 65, 64 
1a421c3,Chris Michael,Mon Mar 30 08:22:57 2020,"Documentation that the postinstall and start script have been removed due to an error about Could not install from node_modules\covid19-api\server",   1, 2, 3 
b9dc0b6,Chris Michael,Mon Mar 30 08:19:49 2020,"package.json version updated to v1.1.2",   1, 1, 1 
c3fc097,Chris Michael,Mon Mar 30 08:19:22 2020,"Documentation that the postinstall and start script have been removed due to an error about Could not install from node_modules \ covid19-api \ server",   1, 7, 2 
60c60fd,Chris Michael,Mon Mar 30 08:17:23 2020,"posinstall and start script removed due to an error about Could not install from node_modules \ covid19-api \ server",   1, 2 
fa685d4,Chris Michael,Mon Mar 30 00:58:55 2020,"Merge branch 'master' of https://github.com/ChrisMichaelPerezSantiago/covid19", 
0ceb81e,Chris Michael,Mon Mar 30 00:57:40 2020,"Information on renaming the Deaths / M pop and 1stcase keys has been added in getReports()",   1, 3, 4 
93ac70a,Chris Michael,Mon Mar 30 00:54:29 2020,"package.json updated to version v1.1.1",   1, 1, 1 
bfd9419,Chris Michael,Sun Mar 29 08:19:18 2020,"[Deaths/M pop, 1stcase] keys fixed in the reports function.",   1, 2 
6189f32,Chris Michael,Sun Mar 29 08:18:54 2020,"[Deaths/M pop, 1stcase] keys fixed in the reports function.",   1, 2 
e25c7b5,Chris Michael,Sun Mar 29 01:44:35 2020,"Two new countries have been added as parameters to the function getReportsByCountries [israel, india]",   1, 4, 1 
acc319f,Chris Michael,Sun Mar 29 00:49:43 2020,"API URL list added to README.md",   1, 8, 1 
2ae667e,Chris Michael,Sun Mar 29 00:38:03 2020,"postinstall script added",   2, 2772, 1 
2acfc8e,Chris Michael,Sun Mar 29 00:14:24 2020,"start server script added",   1, 1 
7c399bb,Chris Michael,Sat Mar 28 00:21:06 2020,"the daily data reports of the Johns Hopkins University has been documented in the README.md",   1, 47, 9 
b859651,Chris Michael,Sat Mar 28 00:19:48 2020,"The function that takes the daily data reports of the Johns Hopkins University has been implemented.",   3, 43, 1 
0221385,Chris Michael,Sat Mar 28 00:18:45 2020,"package.json version updated to v1.1.0",   2, 2, 2 
7d0b2aa,Chris Michael,Fri Mar 27 12:41:02 2020,"The function that takes the daily data reports of the Johns Hopkins University has been implemented.",   3, 47, 1 
f91df5c,Chris Michael,Fri Mar 27 05:21:37 2020,"The functions on Capacity information for US Health Facilities and Aggregated facility capacity information by County have been defined and implemented",   4, 106, 3 
dc54436,Chris Michael,Fri Mar 27 05:20:39 2020,":package: package [csvtojson] installed.",   2, 24 
ca64c9c,Chris Michael,Fri Mar 27 05:10:45 2020,"Merge HEAD comment  has been removed.",   1, 1 
38a014f,Chris Michael,Fri Mar 27 05:04:17 2020,"It has been documented in the README.md on Capacity information for US Health Facilities and Aggregated facility capacity information by County", 
92f6776,Chris Michael,Fri Mar 27 04:59:15 2020,"The functions on Capacity information for US Health Facilities and Aggregated facility capacity information by County have been defined and implemented",   4, 91, 3 
2a229cd,Chris Michael,Fri Mar 27 04:57:48 2020,"It has been documented in the README.md on Capacity information for US Health Facilities and Aggregated facility capacity information by County",   1, 169, 6 
0a380d8,Chris Michael,Fri Mar 27 04:56:02 2020,":package: package [csvtojson] installed.",   2, 26, 2 
76586cd,Chris Michael,Thu Mar 26 01:33:56 2020,"Function to get data from all US states has been added to the API",   3, 25, 1 
b5c2e7a,Chris Michael,Thu Mar 26 01:26:10 2020,"Function to get data from all US states has been added to the API",   4, 25, 4 
13d8403,Chris Michael,Thu Mar 26 01:23:05 2020,"package.json updated to v1.0.8",   1, 1, 1 
51fd243,Chris Michael,Thu Mar 26 01:22:14 2020,"The function to get data from all US states has been added to README.md.",   1, 37, 38 
c255314,Chris Michael,Thu Mar 26 00:38:07 2020,"The CaseStatusUndeEvalutationInPR function was temporarily removed from the API.",   2, 11, 11 
25f95ba,Chris Michael,Wed Mar 25 05:06:56 2020,"covid19 website (prototype) added as reference for demostration propose.",   1, 2 
3cf510e,Chris Michael,Tue Mar 24 07:01:18 2020,"caseStatusUndeEvalutationInPR function implementation fixed",   1, 36, 23 
0fe79d7,Chris Michael,Mon Mar 23 04:10:23 2020,"Documentation that the keys of some objects have been corrected, since some were separated by space and it was difficult to access the data of said property.",   1, 3, 2 
4956c05,Chris Michael,Mon Mar 23 04:09:04 2020,"package.json updated to version v1.0.7",   1, 1, 1 
db622d0,Chris Michael,Mon Mar 23 04:06:46 2020,"The keys of some objects have been corrected, since some were separated by space and it was difficult to access the data of said property.",   2, 67, 27 
6bfa0fe,Chris Michael,Mon Mar 23 03:56:19 2020,"object keys fixed from the allCasesInEurope function",   1, 3 
a7f0cce,Chris Michael,Mon Mar 23 03:39:37 2020,"The [Age, Sex, DeathRateConfirmedCases, DeathRateAllCases] properties that are part of the table array have been renamed from the [fatalityRateByAge, fatalityRateBySex, fatalityRateByComorbidities] function.",   1, 33, 3 
484170d,Chris Michael,Mon Mar 23 03:16:57 2020,"The [DateCollected, CDCLabs, USPublicHealthLabs] properties that are part of the table array have been renamed from the testInUs function.",   1, 4 
18a15a9,Chris Michael,Mon Mar 23 03:08:11 2020,"The [TotalDeaths, ChangeInTotal, ChangeTotalInPercent] properties that are part of the table array have been renamed from the deaths function.",   1, 4 
f1bd214,Chris Michael,Mon Mar 23 02:56:14 2020,"The [Country, Serious_Critical, TotCases_1M_Pop] properties that are part of the table array have been renamed from the reports function.",   1, 2 
b0227ad,Chris Michael,Mon Mar 23 02:55:47 2020,"start:api script added to package.json",   1, 1 
57ebfb6,Chris Michael,Mon Mar 23 02:54:56 2020,"The [Country, Serious_Critical, TotCases_1M_Pop] properties that are part of the table array have been renamed from the reports function.",   1, 8 
e343414,Chris Michael,Mon Mar 23 02:26:12 2020,"reference to the website salud.gov.pr",   1, 2 
5b74b20,Chris Michael,Mon Mar 23 02:22:41 2020,"functions related to cases in America, Europe and cases under evaluation by the PR health department were added to the API.",   5, 57, 12 
4eb4bf1,Chris Michael,Mon Mar 23 02:13:17 2020,"functions related to cases in America, Europe and cases under evaluation by the PR health department were added to the API.",   4, 113, 3 
7e43dee,Chris Michael,Mon Mar 23 02:11:36 2020,"Documentation on cases in America, Europe and cases under evaluation by the PR health department.",   1, 119, 8 
6f5d6e9,Chris Michael,Mon Mar 23 02:10:18 2020,"package.json updated to version v1.0.6",   1, 1, 1 
f9599a6,Chris Michael,Mon Mar 23 00:57:50 2020,"List of countries reports was updated.",   1, 15, 2 
e902d55,Chris Michael,Sun Mar 22 12:14:02 2020,"List of cases in the Americas and Europe / UK, added in the API",   4, 80, 4 
fdc5d69,Chris Michael,Sat Mar 21 09:41:12 2020,":fire: package [express, mocha, morgan, dotenv, cors, compose-middleware, supertest, ssl-root-cas, body-parser",   2, 8, 1298 
16f1cf0,Chris Michael,Sat Mar 21 07:34:04 2020,"logo added to the README.md",   1, 4 
f23cf89,Chris Michael,Sat Mar 21 07:33:46 2020,"assets folder created and img/logo added.",   1, 0, 0 
89f6f26,Chris Michael,Sat Mar 21 04:48:55 2020,"package.json version updated to v1.0.5",   1, 1, 1 
5b79de0,Chris Michael,Sat Mar 21 04:48:04 2020,"Travel Health Notices documentation implemented added to README.md",   1, 10, 12 
403c3fc,Chris Michael,Sat Mar 21 04:42:22 2020,"Travel Health Notices function implemented and added as part of the api",   5, 102, 3 
1d5ae82,Chris Michael,Sat Mar 21 04:42:07 2020,"Travel Health Notices documentation implemented added to README.md",   1, 72 
6cbbbce,Chris Michael,Sat Mar 21 04:41:18 2020,"Travel Health Notices function implemented and added as part of the api",   5, 105, 3 
007484d,Chris Michael,Fri Mar 20 02:38:22 2020,"Age, Sex, Existing Conditions of COVID-19 Cases and Deaths",   1, 4, 1 
c455870,Chris Michael,Fri Mar 20 02:35:27 2020,"Age, Sex, Existing Conditions of COVID-19 Cases and Deaths",   3, 92, 3 
9fbcbcc,Chris Michael,Fri Mar 20 01:48:27 2020,"[Fatality Rate by AGE, Fatality Rate by SEX, Fatality Rate by COMORBIDITY] functions added to PluginManager.js",   1, 21, 1 
e50a313,Chris Michael,Fri Mar 20 01:48:10 2020,"[Fatality Rate by AGE, Fatality Rate by SEX, Fatality Rate by COMORBIDITY] functions tested",   1, 4 
4ec8777,Chris Michael,Fri Mar 20 01:46:16 2020,"Documentation on Age, sex, existing conditions of cases and deaths of COVID-19, added in README.md",   2, 176, 8 
40229e5,Chris Michael,Fri Mar 20 01:43:59 2020,"package.json version updated to v1.0.4",   2, 52, 2 
ab665f8,Chris Michael,Wed Mar 18 10:30:02 2020,"COVID19 server side created.",   13, 3298 
379f2c6,Chris Michael,Wed Mar 18 10:29:33 2020,"server scripts removed from main package.json",   1, 1, 3 
9d9039d,Chris Michael,Wed Mar 18 04:20:17 2020,"Documentation related to tests done in the US was added in README.md",   1, 50, 12 
df8e075,Chris Michael,Wed Mar 18 04:18:48 2020,"testsInUS function defined and implemented in the src/api/api.js",   1, 19, 1 
38b8dd5,Chris Michael,Wed Mar 18 04:18:11 2020,"getTestsInUS function defined in the PluginManager.js",   1, 5 
d19d548,Chris Michael,Wed Mar 18 04:17:09 2020,":package: package [body-parser, compose-middleware, cors, dotenv, express, helmet, mocha, morgan supertest] installed",   1, 1270, 2 
5fa69bc,Chris Michael,Wed Mar 18 04:16:51 2020,":package: package [body-parser, compose-middleware, cors, dotenv, express, helmet, mocha, morgan supertest] installed",   1, 14, 3 
d908e46,Chris Michael,Wed Mar 18 04:15:12 2020,"test in us function tested",   1, 1 
2a9e404,Chris Michael,Tue Mar 17 08:33:04 2020,":master/MERGING -> fixed.", 
cd4e7a9,Chris Michael,Tue Mar 17 08:29:10 2020,"README.md documentation updated to v1.0.2 with new information.",   1, 98, 6 
469f773,Chris Michael,Tue Mar 17 08:28:24 2020,"task force function and and global function tested.",   1, 2 
046371a,Chris Michael,Tue Mar 17 08:28:01 2020,"task force function and and global function added to PluginManager.js",   1, 10 
8722657,Chris Michael,Tue Mar 17 08:27:17 2020,"task force function and and global data function defined and implemented.",   1, 38, 2 
d5f8e53,Chris Michael,Tue Mar 17 08:26:18 2020,"cdc.gov & spreadsheet url added",   1, 6, 2 
34b33b9,Chris Michael,Tue Mar 17 08:24:46 2020,"package.json updated to v1.0.2",   1, 1, 1 
a9574e2,Chris Michael,Tue Mar 17 02:13:45 2020,"status reports was documented in the README.md",   1, 53, 1 
ae09cea,Chris Michael,Tue Mar 17 02:12:53 2020,"package.json updated to v1.0.1",   1, 1, 1 
e7c6937,Chris Michael,Tue Mar 17 02:12:20 2020,"situation reports function added to PluginManager.js",   1, 5, 1 
122d67f,Chris Michael,Tue Mar 17 02:11:31 2020,"situation reports tested",   1, 1 
ebb2e30,Chris Michael,Tue Mar 17 02:11:09 2020,"who.int url added",   1, 3, 1 
25c5225,Chris Michael,Tue Mar 17 02:10:28 2020,"situation report function defined and implemented.",   1, 28, 3 
8a84051,Chris Michael,Mon Mar 16 11:22:25 2020,"npm package name fixed",   1, 2, 2 
0a8bfc9,Chris Michael,Mon Mar 16 11:19:44 2020,"package name updated",   1, 1, 1 
80d58e0,Chris Michael,Mon Mar 16 11:13:25 2020,"First commit, and project in advanced state.",   11, 2248 