commit id,author,date,comment,changed files,lines added,lines deleted

a1bd1f6,Chris Hamberg,Wed Apr 29 11:22:18 2020,"Clairified.",   1, 2, 1 
ce517e0,Chris Hamberg,Wed Apr 29 07:11:18 2020,"Merge pull request #3 from Gvald/patch-1", 
af8a9ed,Chris Hamberg,Wed Apr 29 05:21:43 2020,"Merge pull request #2 from PretTy-Fish/master", 
faae9eb,Chris Hamberg,Tue Apr 28 00:50:18 2020,"formatting",   1, 2, 2 
30e78d3,Chris Hamberg,Tue Apr 28 00:49:25 2020,"formatting",   1, 1, 2 
79bf459,Chris Hamberg,Tue Apr 28 00:48:48 2020,"formatting",   1, 10, 2 
7bc6d20,Chris Hamberg,Tue Apr 28 00:46:53 2020,"formatting",   1, 14, 14 
6970aae,Chris Hamberg,Tue Apr 28 00:45:33 2020,"formatting",   1, 8, 9 
6b3db9a,Chris Hamberg,Tue Apr 28 00:43:40 2020,"added instructions",   1, 5 
3c2336d,Chris Hamberg,Tue Apr 28 00:38:01 2020,"formatting",   1, 1, 1 
68177ca,Chris Hamberg,Tue Apr 28 00:36:28 2020,"added instructions to README.md, and requirements.txt",   1, 47 
b6872ba,Chris Hamberg,Tue Apr 28 00:10:36 2020,"requirements.txt",   2, 12, 1 
eaf3423,Chris Hamberg,Mon Apr 27 23:04:03 2020,"Linux fix",   2, 9, 1 
46c2456,Chris Hamberg,Mon Apr 27 13:30:52 2020,"initial commit.",   3, 136 