commit id,author,date,comment,changed files,lines added,lines deleted

29ddab4,rafael-veiga,Fri Aug 7 20:47:28 2020,"Add files via upload",   1, 6, 6 
d2fd93d,rafael-veiga,Fri Aug 7 20:46:13 2020,"Update SEIRHUDSalvador.ipynb",   1, 1 
c2c45e5,rafael-veiga,Fri Aug 7 20:44:27 2020,"Update SEIRHUDInterior.ipynb",   1, 1, 1 
022bd9d,rafael-veiga,Fri Aug 7 20:40:03 2020,"Update SEIRHUDInterior.ipynb",   1, 1 
948a58e,rafael-veiga,Fri Aug 7 20:38:26 2020,"Update SEIRHUDSalvador.ipynb",   1, 2, 2 
96a7666,rafael-veiga,Fri Aug 7 20:36:50 2020,"Update SEIRHUDInterior.ipynb",   1, 1, 1 
1e77c3e,rafael-veiga,Fri Aug 7 20:34:14 2020,"Update SEIRHUD.ipynb",   1, 1, 1 
c8f91e9,rafael-veiga,Fri Aug 7 20:23:34 2020,"Delete SEIRHUD2.ipynb",   1, 184 
4371bac,rafael-veiga,Thu Jul 23 16:45:26 2020,"Add files via upload",   5, 1295 
9da7695,rafael-veiga,Mon Jul 20 20:17:13 2020,"six mmmmmm",   1, 1, 1 
de9919e,rafael-veiga,Mon Jul 20 12:03:04 2020,"Add files via upload",   1, 7, 7 
f3e451b,rafael-veiga,Mon Jul 20 11:58:56 2020,"Add files via upload",   1, 6, 4 
528d0ff,rafael-veiga,Mon Jul 20 11:57:58 2020,"Delete model.py",   1, 906 
c591e86,rafael-veiga,Mon Jul 20 11:46:48 2020,"fix bug",   1, 5, 3 
6fd3af8,rafael-veiga,Sun Jul 19 22:59:03 2020,"Add files via upload",   2, 1223 
63db0f6,rafael-veiga,Sun Jul 19 20:42:15 2020,"add files",   3, 21347, 34 
d930110,rafael-veiga,Sun Jul 19 06:24:54 2020,"update computeCI",   1, 762, 181 
7770abf,rafael-veiga,Sun Jul 19 06:24:02 2020,"Delete models.py",   1, 2541 
b132072,rafael-veiga,Sun Jul 19 00:13:30 2020,"add new cases fit",   1, 2541 
ba41ce5,rafael-veiga,Sun Jul 19 00:12:43 2020,"Delete models.py",   1, 858 
051698f,rafael-veiga,Sun Jul 19 00:11:14 2020,"add fit by new cases",   1, 858 
7f67839,MORENO DE SOUZA RODRIGUES,Wed Jul 1 06:18:05 2020,"Merge pull request #6 from lhunlindeion/master", 
a18324d,MORENO DE SOUZA RODRIGUES,Sun Jun 14 08:22:27 2020,"Merge pull request #5 from lhunlindeion/master", 
052875c,MORENO DE SOUZA RODRIGUES,Sun Jun 7 20:35:36 2020,"Merge pull request #4 from lhunlindeion/master", 
d2733a0,rodriguesmsb,Thu Jun 4 01:38:08 2020,"Update ci",   4, 1128, 39 
fa8940b,rodriguesmsb,Wed Jun 3 07:35:45 2020,"Add subclass for ci",   10, 902, 28 
47124c7,Juliane Oliveira,Tue Jun 2 22:02:29 2020,"codigo da analise de sensibilidade",   2, 378 
417a9b2,MORENO DE SOUZA RODRIGUES,Tue Jun 2 10:58:14 2020,"Merge pull request #3 from lhunlindeion/master", 
fe69316,rodriguesmsb,Tue Jun 2 10:36:56 2020,"Add cutoof to Rt",   2, 4, 3 
121ebb2,rodriguesmsb,Tue Jun 2 10:23:10 2020,"Add R(t) to SEIRHUD",   5, 370, 4 
2e2e036,rodriguesmsb,Tue Jun 2 07:05:42 2020,"Update structur",   23, 18220 
ea919cf,rodriguesmsb,Tue Jun 2 00:35:10 2020,"Remove old things",   10, 93, 1137 
b027520,rodriguesmsb,Fri May 29 10:21:45 2020,"Update Sir tutorial",   1, 180, 434 
1158661,Juliane Oliveira,Thu May 28 23:41:10 2020,"codigo do Rt",   2, 18, 4 
baf9a7d,Juliane Oliveira,Thu May 28 21:18:10 2020,"codigo do Rt",   1, 1, 1 
3ae6d03,Juliane Oliveira,Thu May 28 21:14:22 2020,"codigo do Rt",   6, 12649 
5bbf2a9,Julian-sun,Thu May 28 05:41:44 2020,"Update README.md",   1, 1, 1 
cc87ddb,Juliane Oliveira,Thu May 28 05:40:11 2020,"documentação do codigo para o artigo 1",   3, 14, 6 
126d6e8,Juliane Oliveira,Thu May 28 05:08:35 2020,"documentação do codigo para o artigo 1",   1, 0, 0 
2f9f4ea,Juliane Oliveira,Thu May 28 05:05:05 2020,"documentação do codigo para o artigo 1",   1, 1, 1 
7569567,Juliane Oliveira,Thu May 28 04:59:58 2020,"documentação do codigo para o artigo 1",   1, 9, 7 
def93ec,Juliane Oliveira,Thu May 28 04:52:20 2020,"documentação do codigo para o artigo 1",   1, 8, 6 
f54c067,Juliane Oliveira,Thu May 28 04:49:20 2020,"documentação do codigo para o artigo 1",   1, 15, 1 
334eae7,Pablo Ramos,Thu May 28 03:40:24 2020,"Update README.md",   1, 1, 1 
827c765,rodriguesmsb,Thu May 28 02:40:54 2020,"Estrutura para resultados do artigo",   43, 8997, 3 
6d8bac6,Juliane Oliveira,Thu May 28 02:21:02 2020,"Pasta para por os codigos e instruçoes para reprodutibilidade dos artigos",   5, 49, 7 
d4639e8,Juliane Oliveira,Sat May 23 21:24:45 2020,"Merge branch 'master' of https://github.com/cidacslab/Mathematical-and-Statistical-Modeling-of-COVID19-in-Brazil", 
93b2f88,Juliane Oliveira,Wed May 13 20:12:07 2020,"Merge branch 'master' of https://github.com/cidacslab/Mathematical-and-Statistical-Modeling-of-COVID19-in-Brazil", 
28e0b8a,Juliane Oliveira,Thu Apr 30 22:54:10 2020," l", 
fe0b5f3,Juliane Oliveira,Thu Apr 30 07:11:31 2020,"Merge branch 'master' of https://github.com/cidacslab/Mathematical-and-Statistical-Modeling-of-COVID19-in-Brazil", 
5952088,Juliane Oliveira,Fri Apr 24 02:25:31 2020,"Merge branch 'master' of https://github.com/cidacslab/Mathematical-and-Statistical-Modeling-of-COVID19-in-Brazil", 
5de1c9f,Juliane Oliveira,Fri Apr 24 02:25:11 2020," l",   1, 1, 1 
122daec,rodriguesmsb,Sun Apr 19 10:02:21 2020,"confidence interval done",   9, 1362, 664 
9a9004e,rodriguesmsb,Sat Apr 18 07:34:53 2020,"bootstrap class",   22, 3661, 3500 
25bb5c4,rodriguesmsb,Fri Apr 17 21:57:45 2020,"new idea fro ci",   4, 351, 255 
9238d7a,Rafael Veiga,Fri Apr 17 18:58:36 2020,"Update modelos.py", 
294a62c,Rafael Veiga,Fri Apr 17 18:46:10 2020,"integrar SIR",   3, 145, 869 
345ad75,Rafael Veiga,Sun Apr 12 23:14:22 2020,"add SIR beta variante",   3, 191, 14 
74b6b69,rodriguesmsb,Sat Apr 11 08:02:13 2020,"ci implemented for SIR_GA",   17, 3546, 607 
5712b6c,Rafael Veiga,Wed Apr 8 19:14:45 2020,"escolha parametros SEIR PSO",   1, 13, 11 
92ab227,Rafael Veiga,Wed Apr 8 06:43:57 2020,"add SEIR_PSO",   3, 159, 9 
a8dc814,rodriguesmsb,Tue Apr 7 09:35:43 2020,"fix typo mistake",   7, 617, 1343 
05c570c,Rafael Veiga,Tue Apr 7 02:36:16 2020,"add parralel and selection of estates",   3, 144, 17 
93c8693,Rafael Veiga,Sun Apr 5 07:49:22 2020,"atualizar a populacao",   2, 2, 2 
79ac010,Rafael Veiga,Sun Apr 5 06:00:05 2020,"add residuos",   3, 118, 23 
2e1bbf1,Rafael Veiga,Sat Apr 4 07:40:42 2020,"SIR_PSO funcional",   1, 45, 33 
528b15d,Rafael Veiga,Fri Apr 3 22:22:55 2020,"Update modelos.py",   1, 1, 1 
a8dea8c,Rafael Veiga,Fri Apr 3 18:33:48 2020,"add rmse to summary",   3, 13, 5 
4d6a8ef,Rafael Veiga,Fri Apr 3 02:00:36 2020,"fix diversos erros",   51, 363, 57 
e9cf92e,Aureliano Sancho,Thu Apr 2 11:30:36 2020,"Add files via upload",   2, 124 
7a42195,rodriguesmsb,Thu Apr 2 09:54:00 2020,"add self.ypred",   3, 115, 2 
902b7e3,rodriguesmsb,Thu Apr 2 05:11:40 2020,"ci for all parameters",   3, 1083, 550 
a36fe3a,rodriguesmsb,Thu Apr 2 04:58:22 2020,"ci for all parameters",   5, 878, 35 
f1bdd71,rodriguesmsb,Thu Apr 2 03:33:11 2020,"Fix ident",   5, 39, 47 
78ef68b,rodriguesmsb,Thu Apr 2 03:28:22 2020,"fix sier_edo",   5, 49, 37 
86cbdb5,rodriguesmsb,Thu Apr 2 01:30:33 2020,"fix tutorial",   3, 45, 28 
c41c0f7,rodriguesmsb,Thu Apr 2 01:28:39 2020,"Add information on predci",   5, 66, 47 
5551384,rodriguesmsb,Wed Apr 1 23:55:52 2020,"help for ci",   6, 277, 443 
5f2f8d4,rodriguesmsb,Wed Apr 1 23:35:47 2020,"remove readme from main",   1, 21 
545baf8,rodriguesmsb,Wed Apr 1 23:34:24 2020,"class fit_predictCI",   8, 1465, 461 
8e2db9d,Rafael Veiga,Wed Apr 1 21:35:27 2020,"Merge branch 'master' of https://github.com/cidacslab/Mathematical-and-Statistical-Modeling-of-COVID19-in-Brazil", 
87763e6,Rafael Veiga,Wed Apr 1 21:35:16 2020,"add i+R",   1, 6, 4 
11d4fe1,rodriguesmsb,Tue Mar 31 13:29:27 2020,"template for multproce ci",   5, 920, 28 
deab0c8,Juliane Oliveira,Tue Mar 31 00:03:12 2020,"população de uso do dashoard atualizada com mesmo nome",   2, 28, 28 
40a51a4,Rafael Veiga,Mon Mar 30 21:29:15 2020,"novo ramo",   70, 200, 41 
9fe6311,Juliane Oliveira,Mon Mar 30 20:32:18 2020,"Merge branch 'master' of https://github.com/cidacslab/Mathematical-and-Statistical-Modeling-of-COVID19-in-Brazil", 
ae489cd,Juliane Oliveira,Mon Mar 30 20:30:47 2020,"limpeza do git",   83, 42919 
586c135,Rafael Veiga,Mon Mar 30 06:47:56 2020,"alteracao inutil",   1, 27, 27 
91eb99d,Rafael Veiga,Mon Mar 30 05:51:34 2020,"add newcase in munici.py",   3, 1181, 1177 
825c30b,Rafael Veiga,Mon Mar 30 05:33:57 2020,"brasil to total",   3, 659, 659 
e9a6d18,Rafael Veiga,Mon Mar 30 05:22:21 2020,"compatibilizaçao com dash",   8, 1958, 797 
58787f9,Rafael Veiga,Mon Mar 30 03:46:12 2020,"pequenas correçoes",   1, 616, 582 
bdf5fb1,Rafael Veiga,Mon Mar 30 03:07:03 2020,"Merge branch 'master' of https://github.com/cidacslab/Mathematical-and-Statistical-Modeling-of-COVID19-in-Brazil", 
aafd3cd,Rafael Veiga,Mon Mar 30 03:02:58 2020,"small corrections",   3, 12223, 1037 
49c6e01,Rafael Veiga,Sun Mar 29 21:15:13 2020,"add baixar do site e mortes",   5, 700, 270 
177c6e6,rodriguesmsb,Sun Mar 29 10:46:49 2020,"update readme",   1, 1 
25aa3ba,Aureliano Sancho,Sun Mar 29 10:27:41 2020,"Add files via upload",   1, 830 
b24ded6,rodriguesmsb,Sun Mar 29 09:54:24 2020,"fix ci tutorial",   3, 22, 10 
f0a4b30,rodriguesmsb,Sun Mar 29 09:46:56 2020,"Add tutorial for CI",   6, 780, 1596 
263977f,Rafael Veiga,Sun Mar 29 07:51:21 2020,"add bound in SIR",   3, 203, 203 
8506bf7,Rafael Veiga,Sun Mar 29 06:20:42 2020,"Merge branch 'master' of https://github.com/cidacslab/Mathematical-and-Statistical-Modeling-of-COVID19-in-Brazil", 
d2a07ee,Rafael Veiga,Sun Mar 29 06:12:35 2020,"add pop size",   10, 23, 17 
cfcefd5,Matheusft,Sat Mar 28 23:06:04 2020,"Adding an alternative data source",   14, 398, 329 
49f378f,Rafael Veiga,Sat Mar 28 12:53:49 2020,"add S I R in summary", 
28cbf12,Rafael Veiga,Sat Mar 28 12:43:40 2020,"diversas modificações",   17, 405, 285 
87c42bb,Rafael Veiga,Sat Mar 28 09:20:48 2020,"Update estados.py",   1, 1, 1 
ce8f096,Rafael Veiga,Sat Mar 28 09:11:03 2020,"Update modelos.py",   1, 90, 18 
bf7ecfe,Matheusft,Sat Mar 28 01:02:57 2020,"Merge branch 'master' of https://github.com/cidacslab/Mathematical-and-Statistical-Modeling-of-COVID19-in-Brazil", 
db4c74e,Matheusft,Sat Mar 28 01:02:29 2020,"Adding a function the fit method from modelos.py",   38, 766, 207 
b160e1a,Matheusft,Fri Mar 27 08:18:35 2020,"bug fixes - plot method modelos.py",   2, 11, 9 
aefb58c,Rafael Veiga,Fri Mar 27 05:00:22 2020,"pequenas modificação",   10, 384, 248 
056d3ea,Matheusft,Thu Mar 26 21:24:09 2020,"Text README.md improvements",   1, 2, 2 
8c314f0,Matheusft,Thu Mar 26 21:17:40 2020,"Typo Correction => herein*",   1, 1, 1 
426b7d9,Matheusft,Thu Mar 26 10:23:39 2020,"Re-Adding SEIR_EDO model.",   9, 794, 194 
9ef496c,Juliane Oliveira,Wed Mar 25 10:16:08 2020,"draft code bootstrap",   1, 733 
53b6049,Juliane Oliveira,Wed Mar 25 10:07:08 2020,"Merge branch 'master' of https://github.com/cidacslab/Mathematical-and-Statistical-Modeling-of-COVID19-in-Brazil", 
d5ec658,Juliane Oliveira,Mon Mar 23 20:39:17 2020,"Merge branch 'master' of https://github.com/cidacslab/Mathematical-and-Statistical-Modeling-of-COVID19-in-Brazil", 
568b86a,Juliane Oliveira,Mon Mar 23 10:48:33 2020,"Merge branch 'master' of https://github.com/cidacslab/Mathematical-and-Statistical-Modeling-of-COVID19-in-Brazil", 
091d4ea,Juliane Oliveira,Mon Mar 23 10:46:33 2020,"update readme",   2, 155, 3 
480ee17,Juliane Oliveira,Mon Mar 23 03:38:07 2020,"Merge branch 'master' of https://github.com/cidacslab/Mathematical-and-Statistical-Modeling-of-COVID19-in-Brazil", 
7eb3eee,Juliane Oliveira,Mon Mar 23 03:18:00 2020,"update readme and jupter readme",   4, 145, 11977 
f4a6986,Juliane Oliveira,Mon Mar 23 01:21:06 2020,"update readme",   2, 11971, 1 
a171163,Juliane Oliveira,Sun Mar 22 22:24:45 2020,"update readme",   1, 16, 6 
a513642,Juliane Oliveira,Sun Mar 22 21:53:11 2020,"Add new folder with code for model estismation",   9, 671 
763dfa2,Gabriela Borges,Sun Mar 22 02:44:38 2020,"using jupyter output",   2, 5, 1 
6b4acf0,Julian-sun,Sun Mar 22 01:54:27 2020,"Add files via upload",   1, 39 
108f5ff,Julian-sun,Sun Mar 22 01:53:04 2020,"Update README.md",   1, 4 
629a5bd,Julian-sun,Sun Mar 22 01:37:07 2020,"Update README.md",   1, 1, 1 
c910507,Julian-sun,Sun Mar 22 01:35:57 2020,"Update README.md",   1, 1, 1 
7e46e21,Julian-sun,Sun Mar 22 01:21:37 2020,"Update README.md",   1, 1, 1 
7dbdc67,Julian-sun,Sun Mar 22 01:20:10 2020,"Update README.md",   1, 1, 1 
a34553d,Julian-sun,Sun Mar 22 01:18:54 2020,"Update README.md",   1, 4, 4 
6ee50e2,Julian-sun,Sun Mar 22 01:17:20 2020,"Update README.md",   1, 4, 4 
77e7afe,Julian-sun,Sun Mar 22 01:16:07 2020,"Update README.md",   1, 4, 4 
0d98d45,Julian-sun,Sun Mar 22 01:14:17 2020,"Update README.md",   1, 4, 4 
d36650e,Julian-sun,Sun Mar 22 01:13:17 2020,"Update README.md",   1, 4, 8 
99eacac,Julian-sun,Sun Mar 22 01:11:02 2020,"Update README.md",   1, 8, 5 
328e2ce,Julian-sun,Sun Mar 22 01:06:36 2020,"Update README.md",   1, 4, 5 
9ef3e37,Julian-sun,Sun Mar 22 01:05:38 2020,"Update README.md",   1, 4, 11 
c444b8b,Julian-sun,Sun Mar 22 01:03:40 2020,"Update README.md",   1, 16, 4 
408ccb6,Julian-sun,Sat Mar 21 00:28:34 2020,"Update README.md", 
003456a,Julian-sun,Sat Mar 21 00:28:20 2020,"Update README.md",   1, 16, 1 
13446ab,Julian-sun,Fri Mar 20 23:45:54 2020,"Update README.md",   1, 6 
fb43c24,Julian-sun,Fri Mar 20 23:29:30 2020,"Update README.md",   1, 1, 1 
889abe6,Julian-sun,Fri Mar 20 23:27:00 2020,"Update README.md",   1, 1, 1 
77d26d4,Julian-sun,Fri Mar 20 23:21:49 2020,"Update README.md",   1, 7, 1 
457d780,Julian-sun,Fri Mar 20 23:18:39 2020,"Update README.md",   1, 8, 1 
95b9789,Julian-sun,Fri Mar 20 20:57:16 2020,"Update README.md",   1, 1, 1 
b5cb699,Julian-sun,Fri Mar 20 20:56:32 2020,"Initial commit",   1, 2 