commit id,author,date,comment,changed files,lines added,lines deleted

438e939,Nick Davies,Fri May 8 02:30:52 2020,"Revisions", 
6eb44cd,Nick Davies,Fri May 8 02:20:35 2020,"Revisions",   5, 218, 31 
ea01647,Nick Davies,Thu Apr 2 12:06:38 2020,"Removing external dependencies",   2, 45, 36 
85f468d,Nick Davies,Thu Apr 2 12:04:08 2020,"Removed dependencies on external data",   1, 0, 0 
ce333d6,Nick Davies,Wed Apr 1 23:18:28 2020,"Tidying repo",   1, 8 
846c115,Nick Davies,Wed Apr 1 23:18:00 2020,"Tidying repo",   1, 0, 0 
fb14c44,Nick Davies,Wed Apr 1 23:17:17 2020,"Tidying repo",   16, 42 
aa327a4,Nick Davies,Wed Apr 1 23:16:11 2020,"Tidying repo",   4, 7, 2 
28b7753,Nick Davies,Wed Apr 1 23:13:31 2020,"Tidying up code",   20, 128, 56 
c0440a9,Nick Davies,Tue Mar 31 11:33:58 2020,"misc",   1, 7 
aa373fc,Nick Davies,Tue Mar 31 11:29:44 2020,"first commit",   31, 5968 
17aa314,Nick Davies,Tue Mar 31 11:29:04 2020,"first commit",   1, 1 