commit id,author,date,comment,changed files,lines added,lines deleted

05ba04a,Chris Houston,Tue Sep 1 07:49:33 2020,"Added translations for "Use your location"",   10, 109, 5 
8b58a0f,Chris Houston,Tue Sep 1 07:36:22 2020,"Fixing the position of the location icon on Desktop.",   2, 6, 10 
6245dbc,Chris Houston,Tue Aug 25 15:19:31 2020,"More small fixes to the CSS",   2, 5, 5 
5f319be,Chris Houston,Tue Aug 25 13:32:06 2020,"Fixed some styling issues with the business details, couldn't resist it :)",   1, 5, 1 
198df3c,Chris Houston,Tue Aug 25 12:51:06 2020,"Merge pull request #270 from code-for-chapel-hill/prettifier-028d232", 
d6d4803,Chris Houston,Tue Aug 25 12:47:15 2020,"Merge branch 'master' into prettifier-028d232", 
f5f8909,Chris Houston,Tue Aug 25 12:42:25 2020,"Merge pull request #268 from glitchedmob/bug/mobile-styling-issues", 
c188a27,prettifier[bot],Tue Aug 25 12:30:46 2020,"Format 028d232",   1, 5, 2 
028d232,KM-Hanson,Tue Aug 25 12:30:37 2020,"Update readme.md",   1, 24, 24 
6783188,Chris Houston,Wed Jul 22 14:15:46 2020,"Merge pull request #261 from a-rothwell/arothwell", 
184a2ed,KM-Hanson,Thu Jul 16 15:07:51 2020,"Update readme.md",   1, 1, 1 
b8be498,Chris Houston,Sat Jul 11 05:38:52 2020,"Merge pull request #258 from code-for-chapel-hill/all-contributors/add-joonyoungleeduke", 
56ac1e2,prettifier[bot],Sat Jul 11 05:38:36 2020,"Format", 
8f7808d,prettifier[bot],Sat Jul 11 05:38:30 2020,"Format bf86b43",   1, 3 
19e8f97,allcontributors[bot],Sat Jul 11 05:38:23 2020,"docs: update .all-contributorsrc [skip ci]",   1, 9 
bf86b43,allcontributors[bot],Sat Jul 11 05:38:22 2020,"docs: update docs/readme.md [skip ci]",   1, 2, 4 
798c13a,Chris Houston,Fri Jul 10 07:14:31 2020,"Merge pull request #256 from glitchedmob/update-function-syntax", 
e9f144d,Chris Houston,Fri Jul 10 04:49:36 2020,"Merge pull request #253 from glitchedmob/feat/mobile-listing-updates", 
4403129,Chris Houston,Sat Jul 4 06:33:37 2020,"Merge pull request #255 from code-for-chapel-hill/all-contributors/add-aliciawu-dev", 
bca8bab,prettifier[bot],Sat Jul 4 06:33:09 2020,"Format", 
f1b4881,prettifier[bot],Sat Jul 4 06:33:01 2020,"Format 612858c",   1, 3 
dcb143a,allcontributors[bot],Sat Jul 4 06:32:55 2020,"docs: update .all-contributorsrc [skip ci]",   1, 9 
612858c,allcontributors[bot],Sat Jul 4 06:32:54 2020,"docs: update docs/readme.md [skip ci]",   1, 2, 4 
62afec2,Chris Houston,Sat Jul 4 06:32:24 2020,"Merge pull request #254 from aliciawu-dev/master", 
450982d,Chris Houston,Tue Jun 30 05:50:46 2020,"Merge pull request #252 from code-for-chapel-hill/all-contributors/add-glitchedmob", 
8f1a411,prettifier[bot],Tue Jun 30 05:48:45 2020,"Format", 
f54377b,prettifier[bot],Tue Jun 30 05:48:37 2020,"Format 57008b2",   1, 3 
8130e74,allcontributors[bot],Tue Jun 30 05:48:32 2020,"docs: update .all-contributorsrc [skip ci]",   1, 11 
57008b2,allcontributors[bot],Tue Jun 30 05:48:31 2020,"docs: update docs/readme.md [skip ci]",   1, 5, 5 
8e0852d,Chris Houston,Tue Jun 30 05:45:21 2020,"Update readme.md",   1, 1, 1 
eae56e8,Chris Houston,Tue Jun 30 05:43:49 2020,"Merge pull request #251 from code-for-chapel-hill/all-contributors/add-eparadise", 
5d5121f,Chris Houston,Tue Jun 30 05:43:39 2020,"Merge branch 'master' into all-contributors/add-eparadise", 
2696593,Chris Houston,Tue Jun 30 05:41:26 2020,"Merge pull request #250 from code-for-chapel-hill/prettifier-7fb8aef", 
a5bd507,prettifier[bot],Tue Jun 30 05:40:53 2020,"Format", 
3e8e100,prettifier[bot],Tue Jun 30 05:40:45 2020,"Format 190b41a",   1, 5, 1 
5e316de,allcontributors[bot],Tue Jun 30 05:40:40 2020,"docs: update .all-contributorsrc [skip ci]",   1, 2, 1 
190b41a,allcontributors[bot],Tue Jun 30 05:40:39 2020,"docs: update docs/readme.md [skip ci]",   1, 1, 1 
7fb8f45,prettifier[bot],Tue Jun 30 05:37:38 2020,"Format 7fb8aef",   1, 1, 1 
7fb8aef,Chris Houston,Tue Jun 30 05:37:28 2020,"Merge pull request #249 from eparadise/docs", 
0d4f551,Chris Houston,Mon Jun 29 22:54:25 2020,"Merge branch 'Get-Geo-For-Returning-User' of https://github.com/readingdancer/COVID-Support-For-CH into Get-Geo-For-Returning-User", 
cc43d83,Chris Houston,Mon Jun 29 22:52:32 2020,"Enabling PurgeCSS on dev builds as well as Production.",   3, 22, 22 
6c79423,prettifier[bot],Sat Jun 27 12:52:30 2020,"Format 633a247",   2, 17062, 12 
757b160,Chris Houston,Thu Jun 25 15:45:29 2020,"Adding two more items to the purgecss whitelist.",   1, 3, 1 
532cff3,Chris Houston,Thu Jun 25 15:21:20 2020,"Removing the import for the whole of Bootstrap-Vue and now only using the plugins that we are using, this could be further optimized to just specify the individual components.",   4, 46, 24 
ccc7e35,Chris Houston,Thu Jun 25 14:19:37 2020,"Testing PurgeCSS",   3, 20, 15 
f12a7b8,Chris Houston,Thu Jun 25 13:43:15 2020,"Performance improvements - Removing unused CSS and making the fonts load inline.",   25, 1574, 185 
649b735,Chris Houston,Thu Jun 25 12:33:06 2020,"Removing the blank Sitemap line from Robots.txt as we don't have one and this was causing a Lighthouse error.",   1, 1 
3bab9e2,Chris Houston,Thu Jun 25 04:25:26 2020,"Small clean up.",   1, 17 
21a7e08,Chris Houston,Thu Jun 25 04:24:42 2020,"Improving the geo-location so that we can instantly show the user's location when they first open the app ( if they have previously visited )",   1, 26, 6 
633a247,readingdancer,Sat Jun 27 12:52:13 2020,"Deploying to gh-pages from  
 bf12d7427bb77356d28ed4d2506f4529e74d2721 🚀",   7, 21, 16933 
bf12d74,Chris Houston,Sat Jun 27 12:49:48 2020,"Merge pull request #245 from eparadise/issue243-joint-effort", 
3c98c66,Chris Houston,Sat Jun 27 12:43:08 2020,"Small tweaks",   1, 4, 2 
daca115,Chris Houston,Sat Jun 27 12:24:06 2020,"Fixed a small bug and added detection of Apple devices to show ( or not ) Apple Maps.",   2, 12, 11 
84daca3,eparadise,Sat Jun 27 07:02:52 2020,"making background color theme-able, fixing in dark mode",   2, 7, 1 
f56e26d,eparadise,Sat Jun 27 06:52:15 2020,"adding links",   1, 6, 4 
d6f281e,Chris Houston,Sat Jun 27 06:17:27 2020,"Enabling Nested Icon Lists.",   2, 53, 37 
a0106e1,eparadise,Sat Jun 27 04:44:47 2020,"adding in different options, waze logo not working",   1, 26, 6 
49bb078,eparadise,Sat Jun 27 04:09:59 2020,"simple implementation of directions button, links out to google maps",   2, 14, 1 
54656a8,Chris Houston,Wed Jun 24 23:35:40 2020,"Removing the R-Project.zip",   1, 0, 0 
61f0cce,prettifier[bot],Fri Jun 5 13:09:32 2020,"Format 17524c5",   2, 16924, 12 
17524c5,readingdancer,Fri Jun 5 13:09:19 2020,"Deploying to gh-pages from  
 53b42205d576d1a8becbee73e18a02860c41721e 🚀",   6, 21, 16934 
53b4220,Chris Houston,Fri Jun 5 13:06:26 2020,"Merge pull request #237 from eparadise/results-list-height", 
6da1473,Chris Houston,Thu Jun 4 12:42:59 2020,"Merge pull request #235 from code-for-chapel-hill/all-contributors/add-helenx15", 
2f079db,prettifier[bot],Thu Jun 4 12:40:56 2020,"Format", 
597eae7,prettifier[bot],Thu Jun 4 12:40:49 2020,"Format 6242ed4",   1, 3 
4621b32,allcontributors[bot],Thu Jun 4 12:40:42 2020,"docs: update .all-contributorsrc [skip ci]",   1, 9 
6242ed4,allcontributors[bot],Thu Jun 4 12:40:41 2020,"docs: update docs/readme.md [skip ci]",   1, 2, 4 
5934088,prettifier[bot],Thu Jun 4 12:34:03 2020,"Format 27cc54d",   2, 16925, 12 
27cc54d,readingdancer,Thu Jun 4 12:33:49 2020,"Deploying to gh-pages from  
 c71748461900ed1f56de83c0aa75f9bdb245f968 🚀",   7, 21, 16898 
c717484,Chris Houston,Thu Jun 4 12:31:40 2020,"Merge pull request #234 from helenx15/issue-218", 
53e6afe,prettifier[bot],Thu Jun 4 06:20:35 2020,"Format 64fed95",   2, 16889, 12 
64fed95,readingdancer,Thu Jun 4 06:20:17 2020,"Deploying to gh-pages from  
 6fdd54329838a9c94176478413c405d66f666c37 🚀",   6, 14, 16892 
6fdd543,Chris Houston,Thu Jun 4 06:16:01 2020,"Removing re-centering on location found.",   1, 1, 1 
84df009,prettifier[bot],Thu Jun 4 05:39:04 2020,"Format e1fad40",   2, 16890, 12 
e1fad40,readingdancer,Thu Jun 4 05:38:51 2020,"Deploying to gh-pages from  
 68969ec7bbe93942e8d19a3900bfe578557e03e3 🚀",   6, 21, 16864 
68969ec,Chris Houston,Thu Jun 4 05:36:26 2020,"Merge pull request #233 from eparadise/location-icon", 
6591fa5,Chris Houston,Thu Jun 4 01:34:15 2020,"Merge pull request #230 from eparadise/hover-color", 
db9adab,Chris Houston,Wed Jun 3 23:20:36 2020,"Merge pull request #232 from code-for-chapel-hill/prettifier-e854fb7", 
2e2b72b,prettifier[bot],Wed Jun 3 12:34:45 2020,"Format f4dedb8",   2, 16855, 12 
f4dedb8,readingdancer,Wed Jun 3 12:34:31 2020,"Deploying to gh-pages from  
 e854fb70b6315448cf961d9dd4accbd6b1880e48 🚀",   5, 14, 16857 
e364bcd,prettifier[bot],Wed Jun 3 12:32:48 2020,"Format e854fb7",   8, 992, 992 
e854fb7,Chris Houston,Wed Jun 3 12:32:23 2020,"Merge pull request #231 from readingdancer/Speciality-Translation", 
68b1621,prettifier[bot],Wed Jun 3 12:09:29 2020,"Format 96e243c",   2, 16855, 12 
96e243c,readingdancer,Wed Jun 3 12:09:14 2020,"Deploying to gh-pages from  
 c717ea1ac0d1de4bc51cfaafb6e755a4006aab88 🚀",   6, 13, 13 
c717ea1,Chris Houston,Wed Jun 3 12:06:28 2020,"Merge pull request #229 from readingdancer/Fixing-Geo-Location-Button", 
ab4dc61,Chris Houston,Wed Jun 3 11:55:31 2020,"Merge pull request #228 from eparadise/search-dropdown", 
3cebccf,Chris Houston,Wed Jun 3 00:50:57 2020,"Merge pull request #227 from code-for-chapel-hill/all-contributors/add-codetheorem", 
6b87e85,prettifier[bot],Wed Jun 3 00:50:47 2020,"Format", 
e49fbb9,prettifier[bot],Wed Jun 3 00:50:40 2020,"Format 2d4e7a7",   1, 3 
0ccdb1b,allcontributors[bot],Wed Jun 3 00:50:33 2020,"docs: update .all-contributorsrc [skip ci]",   1, 9 
2d4e7a7,allcontributors[bot],Wed Jun 3 00:50:32 2020,"docs: update docs/readme.md [skip ci]",   1, 2, 4 
c9fe9ff,Chris Houston,Wed Jun 3 00:48:16 2020,"Merge pull request #221 from codetheorem/icons", 
d23838f,readingdancer,Tue Jun 2 17:05:16 2020,"Deploying to gh-pages from  
 670ea58ea398dcd242ff7f7335aa8ddc9626a5af 🚀",   11, 82, 82 
670ea58,Chris Houston,Tue Jun 2 16:44:59 2020,"Merge pull request #226 from readingdancer/Change-Location-Circle", 
f009d63,Chris Houston,Tue Jun 2 14:52:39 2020,"Merge pull request #225 from code-for-chapel-hill/all-contributors/add-cw2908", 
1160ea7,prettifier[bot],Tue Jun 2 14:52:11 2020,"Format", 
49399ae,prettifier[bot],Tue Jun 2 14:52:04 2020,"Format 4fc9d43",   1, 5, 1 
1eca098,allcontributors[bot],Tue Jun 2 14:51:57 2020,"docs: update .all-contributorsrc [skip ci]",   1, 9 
4fc9d43,allcontributors[bot],Tue Jun 2 14:51:56 2020,"docs: update docs/readme.md [skip ci]",   1, 2, 1 
58aa038,Chris Houston,Tue Jun 2 14:47:50 2020,"Merge pull request #224 from eparadise/pr/201", 
ad731aa,Chris Houston,Tue Jun 2 14:12:31 2020,"Removing the .DS_Store files and adding them to the Ignore file.",   5, 4 
9720ee7,Chris Houston,Tue Jun 2 13:50:00 2020,"Merge pull request #222 from glitchedmob/feat/configurable-zoom", 
169e36b,Chris Houston,Tue Jun 2 13:37:40 2020,"Merge pull request #223 from fredlawl/issue-212", 
1684989,Chris Houston,Tue Jun 2 12:05:35 2020,"Merge pull request #215 from eparadise/add-business-button", 
9790633,Chris Houston,Fri May 29 07:18:45 2020,"Merge pull request #217 from eparadise/issue-211", 
be5548f,readingdancer,Fri May 29 06:38:15 2020,"Deploying to gh-pages from  
 9581fd6500cfa6612735a23d5f4b7bbe86395dbf 🚀",   7, 21, 21 
9581fd6,Chris Houston,Fri May 29 06:34:34 2020,"Merge pull request #214 from eparadise/issues-207-208", 
c055d5e,Chris Houston,Fri May 29 06:18:27 2020,"Merge pull request #216 from readingdancer/Navigation-Improvements", 
3860de3,readingdancer,Fri May 29 00:33:30 2020,"Deploying to gh-pages from  
 5d85cfc63e5c0d341ecc3cc661436d0095598407 🚀",   7, 21, 21 
5d85cfc,Chris Houston,Fri May 29 00:03:02 2020,"Merge pull request #210 from eparadise/fixing-theme-styles-2", 
3f8472e,Chris Houston,Sat May 23 14:12:50 2020,"Merge pull request #206 from readingdancer/fixing-theme-styles", 
fc2f6fb,Chris Houston,Fri May 22 15:45:44 2020,"Merge pull request #205 from readingdancer/master", 
ada1d50,Chris Houston,Fri May 22 15:31:17 2020,"Merge pull request #204 from readingdancer/master", 
854e9ea,Chris Houston,Fri May 22 15:24:20 2020,"Merge pull request #203 from readingdancer/CFA-Demo-Change", 
767276b,Chris Houston,Fri May 22 14:28:33 2020,"Merge pull request #202 from readingdancer/Issue-193", 
3d1a8d6,Chris Houston,Wed May 20 13:07:36 2020,"Merge pull request #200 from readingdancer/Issue-184", 
c7062d4,Chris Houston,Wed May 20 12:21:09 2020,"Merge pull request #199 from readingdancer/Issue-191", 
8ddd350,readingdancer,Wed May 20 08:40:24 2020,"Deploying to gh-pages from  
 604589764bd4d64d64cb509bcdf799f95b88bd8e 🚀",   5, 15, 13 
6045897,Chris Houston,Wed May 20 08:26:17 2020,"Merge pull request #198 from code-for-chapel-hill/all-contributors/add-eparadise", 
35277b4,allcontributors[bot],Wed May 20 08:22:27 2020,"docs: update .all-contributorsrc [skip ci]",   1, 9 
d92f66a,allcontributors[bot],Wed May 20 08:22:26 2020,"docs: update docs/readme.md [skip ci]",   1, 2, 1 
9ee7460,Chris Houston,Wed May 20 08:20:45 2020,"Merge pull request #197 from eparadise/issue-117", 
475b412,Chris Houston,Wed May 20 04:24:01 2020,"Update contributing.md",   1, 1, 1 
731646d,Chris Houston,Tue May 19 15:00:10 2020,"Merge pull request #196 from glitchedmob/bugfix/js-inject-runtime-theme", 
353411f,Chris Houston,Tue May 19 14:03:30 2020,"Merge pull request #195 from fredlawl/theme-content", 
f74db07,Chris Houston,Tue May 19 11:23:34 2020,"Merge pull request #194 from readingdancer/change-to-license-file", 
17a0108,Chris Houston,Sat May 9 15:15:42 2020,"Update contributing.md",   1, 4, 4 
3f4e62c,Chris Houston,Sat May 9 15:13:46 2020,"Adding more detail to the project structure",   1, 11, 1 
589cae5,Chris Houston,Sat May 9 15:04:58 2020,"Update development-needs-for-additional-features.md",   1, 4 
55b5bed,Chris Houston,Sat May 9 15:04:38 2020,"Update development-needs-for-additional-features.md",   1, 11, 5 
76a615d,Chris Houston,Sat May 9 15:02:59 2020,"Update development-needs-for-current-features.md",   1, 13, 4 
d8ac47c,Chris Houston,Sat May 9 15:00:40 2020,"Update development-needs-for-current-features.md",   1, 4, 6 
e8321f0,readingdancer,Fri May 8 15:52:47 2020,"Deploying to gh-pages from  
 79cf07d9503238a66f3a8aa3ff8202c0556a488f 🚀",   6, 13, 13 
79cf07d,Chris Houston,Fri May 8 15:49:24 2020,"Merge pull request #190 from readingdancer/Fix-Sorting-Issue", 
260a142,readingdancer,Tue May 5 03:30:22 2020,"Deploying to gh-pages from  
 e227d8822cafc1d764d9e6f3d43decd82825e4aa 🚀",   3, 4, 4 
e227d88,Chris Houston,Tue May 5 03:26:24 2020,"Merge branch 'master' of https://github.com/readingdancer/COVID-Support-For-CH", 
a844894,Chris Houston,Fri May 1 16:10:28 2020,"Prettier styling",   2, 3, 3 
6a88ecf,Chris Houston,Fri May 1 15:25:50 2020,"Adding "themes" to allow third parties to brand the site with their own color schemes etc.",   2, 3, 3 
fb45158,Chris Houston,Fri May 1 15:25:50 2020,"Adding "themes" to allow third parties to brand the site with their own color schemes etc.",   1, 2, 2 
8e3d0e2,Chris Houston,Mon May 4 17:31:34 2020,"Last attempt tonight... (#189)", 
63810cc,readingdancer,Mon May 4 17:12:39 2020,"Deploying to gh-pages from  
 60d352ada94bbed3de7d5595ba6c0c7e1b244a48 🚀",   6, 13, 13 
60d352a,Chris Houston,Mon May 4 17:09:45 2020,"Fixing my deployment, (#187)",   8, 44, 23 
ab3db4f,Chris Houston,Mon May 4 16:56:15 2020,"Changing the Dark map and adding a config file. (#186)", 
53ec69c,readingdancer,Mon May 4 16:46:29 2020,"Deploying to gh-pages from  
 a43b48ce1d54139c2bf6668c395cd15c51992c80 🚀",   13, 83, 91 
a43b48c,Chris Houston,Mon May 4 16:28:45 2020,"More changes for the Themes (#185)", 
051e116,Chris Houston,Sat May 2 13:16:14 2020,"Merge pull request #181 from pa2nther/issue-172", 
8271603,Chris Houston,Fri May 1 16:14:06 2020,"Adding the first iteration of Themes. (#182)",   16, 1561, 1666 
6464f2a,Chris Houston,Thu Apr 30 13:23:19 2020,"Rename SECURITY.md to security.md",   1, 0, 0 
e0a4009,Chris Houston,Thu Apr 30 13:22:41 2020,"Rename SECURITY.md to docs/SECURITY.md",   1, 0, 0 
171450c,Chris Houston,Thu Apr 30 13:22:06 2020,"Create SECURITY.md",   1, 11 
a486c73,readingdancer,Thu Apr 30 08:20:24 2020,"Deploying to gh-pages from  
 0c732a23bc4df803e90a57ea986ffa6593848f14 🚀",   10, 27, 27 
0c732a2,Chris Houston,Thu Apr 30 08:17:46 2020,"Merge pull request #179 from readingdancer/Adding-the-haversine-formula", 
2fe5431,readingdancer,Wed Apr 29 14:07:48 2020,"Deploying to gh-pages from  
 2b50ab7e6ddd1eed0ea3ed7e06c99faf08e69c50 🚀",   6, 13, 13 
2b50ab7,Chris Houston,Wed Apr 29 11:25:50 2020,"Merge pull request #177 from dsummersl/spanish-phone-77", 
407653b,readingdancer,Tue Apr 28 13:10:36 2020,"Deploying to gh-pages from  
 7d709728406d18f58c0be54d3544b625d20488c3 🚀",   11, 28, 29 
7d70972,Chris Houston,Tue Apr 28 13:07:41 2020,"Merge pull request #176 from readingdancer/Adding-Zoom-Filtering", 
8407369,readingdancer,Mon Apr 27 11:24:05 2020,"Deploying to gh-pages from  
 a1772607165b8546b9a4d9f6e998214e958e5cf0 🚀",   5, 4, 4 
a177260,Chris Houston,Mon Apr 27 11:20:14 2020,"Merge pull request #174 from fredlawl/issue171", 
0cb05ca,Frederick,Mon Apr 27 11:07:47 2020,"Search Filter: Default day selection to Any (#175)",   2, 6, 4 
459e666,readingdancer,Fri Apr 24 06:35:22 2020,"Deploying to gh-pages from  
 129672db5fa6e1f9fbcad54d33aa26a8daedf6ee 🚀",   5, 5, 5 
129672d,Chris Houston,Fri Apr 24 06:33:15 2020,"Small tweaks based on my using on my phone. (#169)",   1, 5, 5 
fca0391,readingdancer,Fri Apr 24 05:18:37 2020,"Deploying to gh-pages from  
 bdf74db20529af5488b28082131df37546ac72be 🚀",   10, 15, 15 
bdf74db,Chris Houston,Fri Apr 24 05:14:16 2020,"Fixing highlight styles (#168)",   6, 549, 147 
a6302d2,readingdancer,Thu Apr 23 12:19:01 2020,"Deploying to gh-pages from  
 dd479ef099c3a19eda79459355b062ae89902af5 🚀",   15, 31, 14 
dd479ef,Dane Summers,Thu Apr 23 12:15:18 2020,"Adds business icons to leaflet markers #148 (#167)",   6, 79, 76 
0042d48,readingdancer,Thu Apr 23 11:52:56 2020,"Deploying to gh-pages from  
 62b52ca3d1805dfa6ff25959c95cd8d633ec0297 🚀",   9, 8, 8 
62b52ca,Frederick,Thu Apr 23 11:47:18 2020,"Search Filter: Add "Any" option as a day selection (#153)",   14, 350, 124 
a8266b2,readingdancer,Thu Apr 23 06:42:59 2020,"Deploying to gh-pages from  
 7889613589897d58cf0dd8997dc595deb52b493c 🚀",   4, 5, 5 
7889613,Chris Houston,Thu Apr 23 06:41:06 2020,"Merge pull request #166 from readingdancer/Small-CSS-Fix", 
4b7a3fc,readingdancer,Thu Apr 23 06:34:22 2020,"Deploying to gh-pages from  
 8d729774fb92cc07cd430f74ecdf7271cc5263d0 🚀",   7, 5, 5 
8d72977,Chris Houston,Thu Apr 23 06:31:53 2020,"Merge pull request #165 from readingdancer/Issue-106-Fix-Side", 
b6ce44c,readingdancer,Thu Apr 23 05:06:29 2020,"Deploying to gh-pages from  
 cdb74c7d3737e761bb15d5f2ea94f4818eb0971f 🚀",   6, 5, 5 
cdb74c7,Chris Houston,Thu Apr 23 05:04:04 2020,"Merge pull request #164 from readingdancer/Fixing-Issues", 
ce9bb38,readingdancer,Thu Apr 23 03:15:02 2020,"Deploying to gh-pages from  
 82d3fe93078a2f0e99aa7c21507d3e8fffb3eb26 🚀",   9, 10, 10 
82d3fe9,Chris Houston,Thu Apr 23 03:12:40 2020,"Merge pull request #163 from readingdancer/Adding-top-filtering", 
0d0ca68,readingdancer,Thu Apr 23 01:02:00 2020,"Deploying to gh-pages from  
 30abfe7932a97f83174ad24a7820208816e6f0a9 🚀",   6, 5, 5 
30abfe7,Chris Houston,Thu Apr 23 00:59:53 2020,"Merge pull request #162 from readingdancer/Changing-Status-Logic", 
c1ea8d3,readingdancer,Wed Apr 22 13:15:40 2020,"Deploying to gh-pages from  
 de26acf276ec8945a52004d6bf005a03025b6303 🚀",   6, 5, 5 
de26acf,Chris Houston,Wed Apr 22 13:10:00 2020,"Merge pull request #161 from code-for-chapel-hill/all-contributors/add-mitomon", 
b3ebdae,allcontributors[bot],Wed Apr 22 13:09:43 2020,"docs: update .all-contributorsrc [skip ci]",   1, 9 
0ba4764,allcontributors[bot],Wed Apr 22 13:09:42 2020,"docs: update docs/readme.md [skip ci]",   1, 2, 1 
60c827c,Chris Houston,Wed Apr 22 13:08:36 2020,"Merge pull request #160 from mitomon/patch-1", 
f655607,Chris Houston,Wed Apr 22 13:02:29 2020,"Merge pull request #159 from readingdancer/Issue-32-Search-Filters", 
05a0b67,Chris Houston,Tue Apr 21 16:08:28 2020,"Merge pull request #158 from readingdancer/Adding-Testing-Framework", 
276d62f,Chris Houston,Tue Apr 21 04:03:10 2020,"Merge pull request #156 from readingdancer/Fixing-Box-Shadow-Under-Left-Section", 
36b7e96,Chris Houston,Mon Apr 20 12:41:11 2020,"Merge pull request #155 from code-for-chapel-hill/all-contributors/add-zhanknight", 
6bc2a4e,allcontributors[bot],Mon Apr 20 12:40:38 2020,"docs: update .all-contributorsrc [skip ci]",   1, 9 
d1f7304,allcontributors[bot],Mon Apr 20 12:40:37 2020,"docs: update docs/readme.md [skip ci]",   1, 2, 1 
11e935b,Chris Houston,Mon Apr 20 12:38:19 2020,"Merge pull request #154 from code-for-chapel-hill/all-contributors/add-fredlawl", 
069c971,allcontributors[bot],Mon Apr 20 12:37:54 2020,"docs: update .all-contributorsrc [skip ci]",   1, 10 
5d0dfd9,allcontributors[bot],Mon Apr 20 12:37:53 2020,"docs: update docs/readme.md [skip ci]",   1, 4, 1 
0267fe8,Chris Houston,Mon Apr 20 11:51:47 2020,"Merge pull request #152 from fredlawl/use-nvmrc-file", 
4c665b4,readingdancer,Sun Apr 19 14:20:03 2020,"Deploying to gh-pages from  
 1dcb3a4f316621d4731d738ab3cc3b661e3e2a3f 🚀",   2, 3, 3 
1dcb3a4,Chris Houston,Sun Apr 19 14:18:13 2020,"Merge pull request #150 from readingdancer/Fixing-mobile-layout-issues", 
9830ba3,readingdancer,Sun Apr 19 13:21:56 2020,"Deploying to gh-pages from  
 c1cc71b251e59e6afe41310a8e843669371fac7c 🚀",   7, 5, 5 
c1cc71b,Chris Houston,Sun Apr 19 13:19:56 2020,"Merge pull request #149 from readingdancer/Fixing-mobile-layout-issues", 
f8e503c,readingdancer,Sun Apr 19 05:52:08 2020,"Deploying to gh-pages from  
 3ad7729672f6afbf93be418752a5ff0062f9d122 🚀",   6, 5, 5 
3ad7729,Chris Houston,Sun Apr 19 05:49:54 2020,"Merge pull request #146 from readingdancer/Issue-89", 
f566685,readingdancer,Sun Apr 19 05:27:45 2020,"Deploying to gh-pages from  
 5c349a6f61d1e61d98be0c4c8db97e8f1f421eb3 🚀",   10, 14, 14 
5c349a6,Chris Houston,Sun Apr 19 05:25:18 2020,"Merge pull request #145 from readingdancer/Issue-89", 
34cbb69,Chris Houston,Sun Apr 19 04:19:37 2020,"Merge pull request #144 from readingdancer/Refactor-Vue-Components-to-use-sass", 
4e867e7,Chris Houston,Sun Apr 19 04:09:57 2020,"Adding the continuous integration test label",   1, 1 
38abfc1,Chris Houston,Sun Apr 19 02:42:55 2020,"Merge pull request #143 from readingdancer/Adding-SCSS-Processing", 
77589e4,Chris Houston,Sun Apr 19 02:10:21 2020,"Update ci.yml",   1, 4, 4 
cffc6f7,Chris Houston,Sun Apr 19 02:02:08 2020,"Trying to fix this script.",   1, 1, 1 
d5bb2e7,Chris Houston,Sun Apr 19 02:00:39 2020,"Merge pull request #142 from readingdancer/master", 
be09846,readingdancer,Sat Apr 18 11:27:34 2020,"Deploying to gh-pages from  
 34695377d190cf1e258302616e0677e77b26b6e1 🚀",   6, 5, 5 
3469537,Chris Houston,Sat Apr 18 11:24:34 2020,"Merge pull request #141 from code-for-chapel-hill/all-contributors/add-dsummersl", 
b37fb31,allcontributors[bot],Sat Apr 18 11:24:15 2020,"docs: update .all-contributorsrc [skip ci]",   1, 9 
ead1608,allcontributors[bot],Sat Apr 18 11:24:14 2020,"docs: update docs/readme.md [skip ci]",   1, 2, 1 
e218c09,Chris Houston,Sat Apr 18 11:23:55 2020,"Update .all-contributorsrc",   1, 1, 1 
915aaf6,Chris Houston,Sat Apr 18 11:22:45 2020,"Merge pull request #140 from readingdancer/master", 
1dee3e2,Chris Houston,Sat Apr 18 11:17:46 2020,"Merge pull request #139 from dsummersl/issue-116", 
d3a755d,Chris Houston,Sat Apr 18 00:11:47 2020,"Merge pull request #136 from readingdancer/Doc-changes", 
2652def,readingdancer,Fri Apr 17 16:23:45 2020,"Deploying to gh-pages from  
 4d7b52a234a0cfce043a2a4ba272a9f195a16c18 🚀",   1, 1, 1 
4d7b52a,Chris Houston,Fri Apr 17 16:21:36 2020,"Updating the case of the image filename",   1, 3, 3 
eeea488,readingdancer,Fri Apr 17 16:17:32 2020,"Deploying to gh-pages from  
 a663b99f45e6ad187d9cc3532f9af99daf778cfa 🚀",   2, 1, 1 
a663b99,Chris Houston,Fri Apr 17 16:15:31 2020,"Merge pull request #135 from readingdancer/Adding-Twitter-Share-Image", 
1486539,Chris Houston,Fri Apr 17 15:39:07 2020,"Merge pull request #134 from code-for-chapel-hill/add-license-1", 
6d0730c,Chris Houston,Fri Apr 17 15:37:48 2020,"Adding a GNU v3 Software license.",   1, 674 
249831b,Chris Houston,Fri Apr 17 15:03:18 2020,"Merge pull request #133 from readingdancer/Adding-additional-help-files", 
38c51c8,KM-Hanson,Fri Apr 17 12:52:50 2020,"Update README.md",   1, 1 
30380f6,readingdancer,Fri Apr 17 11:15:27 2020,"Deploying to gh-pages from  
 d103d3c55ab5d1e814cf8e87390b569fdb9b0f9d 🚀",   8, 4, 4 
d103d3c,Chris Houston,Fri Apr 17 11:12:41 2020,"Merge pull request #130 from amkitt/patch-2", 
6bd01fc,Chris Houston,Fri Apr 17 08:23:41 2020,"Merge pull request #129 from code-for-chapel-hill/all-contributors/add-amkitt", 
982ac51,allcontributors[bot],Fri Apr 17 08:23:29 2020,"docs: update .all-contributorsrc [skip ci]",   1, 10 
ef7814e,allcontributors[bot],Fri Apr 17 08:23:28 2020,"docs: update README.md [skip ci]",   1, 2, 1 
e7b7b4e,Chris Houston,Fri Apr 17 08:20:04 2020,"Merge pull request #128 from code-for-chapel-hill/all-contributors/add-jasonajones73", 
54bb5cb,allcontributors[bot],Fri Apr 17 08:19:51 2020,"docs: update .all-contributorsrc [skip ci]",   1, 11 
36de6e7,allcontributors[bot],Fri Apr 17 08:19:50 2020,"docs: update README.md [skip ci]",   1, 2, 1 
8a06ef9,Chris Houston,Fri Apr 17 08:17:08 2020,"Update README.md",   1, 1, 1 
0af1ec5,Chris Houston,Fri Apr 17 08:16:24 2020,"Merge pull request #126 from code-for-chapel-hill/all-contributors/add-suddengenesis", 
ed01ed8,Chris Houston,Fri Apr 17 08:16:14 2020,"Merge branch 'master' into all-contributors/add-suddengenesis", 
f9b57bb,Chris Houston,Fri Apr 17 08:14:34 2020,"Merge pull request #127 from code-for-chapel-hill/all-contributors/add-charliekenney23", 
7715c32,allcontributors[bot],Fri Apr 17 08:13:59 2020,"docs: update .all-contributorsrc [skip ci]",   1, 9 
85c6a0b,allcontributors[bot],Fri Apr 17 08:13:58 2020,"docs: update README.md [skip ci]",   1, 2, 1 
8df251d,allcontributors[bot],Fri Apr 17 08:11:33 2020,"docs: update .all-contributorsrc [skip ci]",   1, 9 
7419372,allcontributors[bot],Fri Apr 17 08:11:32 2020,"docs: update README.md [skip ci]",   1, 2, 1 
8faa678,Chris Houston,Fri Apr 17 08:08:43 2020,"Merge pull request #125 from code-for-chapel-hill/all-contributors/add-KM-Hanson", 
4bc8c10,allcontributors[bot],Fri Apr 17 08:08:28 2020,"docs: update .all-contributorsrc [skip ci]",   1, 14 
e1ab973,allcontributors[bot],Fri Apr 17 08:08:27 2020,"docs: update README.md [skip ci]",   1, 2, 2 
9d4b27a,Chris Houston,Fri Apr 17 08:05:09 2020,"Updating the Readme again...",   1, 5, 29 
e8fa71e,Chris Houston,Fri Apr 17 07:51:26 2020,"Merge pull request #124 from readingdancer/adding-badges-to-readme", 
c9020a2,Chris Houston,Fri Apr 17 06:58:35 2020,"Merge pull request #123 from code-for-chapel-hill/all-contributors/add-readingdancer", 
86a504f,allcontributors[bot],Fri Apr 17 06:57:15 2020,"docs: create .all-contributorsrc [skip ci]",   1, 32 
d14b56b,allcontributors[bot],Fri Apr 17 06:57:13 2020,"docs: update README.md [skip ci]",   1, 22 
4bee0c1,Chris Houston,Fri Apr 17 05:58:28 2020,"Merge pull request #122 from readingdancer/Adding-new-instruction-files", 
7f67c94,Chris Houston,Wed Apr 15 11:18:52 2020,"Update README.md",   1, 27, 1 
3888542,readingdancer,Fri Apr 10 05:12:19 2020,"Deploying to gh-pages from  
 6baa7717e804cfd5f8eaa61958197059ecb6f7db 🚀",   7, 5, 5 
6baa771,Chris Houston,Fri Apr 10 05:10:06 2020,"Merge pull request #115 from readingdancer/Fixing-multiple-times-in-list", 
db19411,readingdancer,Fri Apr 10 02:24:08 2020,"Deploying to gh-pages from  
 3883d0841020584deb663c1bea5f36e060b451ad 🚀",   7, 5, 5 
e927ee7,Chris Houston,Fri Apr 10 02:24:01 2020,"Update the CI file",   1, 1 
3883d08,Chris Houston,Fri Apr 10 02:13:54 2020,"Merge pull request #114 from readingdancer/Tweaks-To-The-Icons", 
488a51e,readingdancer,Fri Apr 10 01:23:42 2020,"Deploying to gh-pages from  
 ba553c5169e272f8baedc7f7a2bf2935537f30a7 🚀",   19, 6, 6 
ba553c5,Chris Houston,Fri Apr 10 01:21:27 2020,"Merge pull request #113 from readingdancer/Tweaks-To-The-Icons", 
21a7a76,readingdancer,Thu Apr 9 16:13:38 2020,"Deploying to gh-pages from  
 0164703eda9bfe9c0663abfd359f01a947a2db9f 🚀",   16, 2, 2 
0164703,Chris Houston,Thu Apr 9 16:10:35 2020,"Merge pull request #112 from readingdancer/Adding-Favicons", 
0e4a02a,Chris Houston,Thu Apr 9 15:38:08 2020,"Update ci.yml",   1, 3, 2 
e017aa1,readingdancer,Thu Apr 9 15:37:53 2020,"Deploying to gh-pages from  
 6db092d553ef2a2ebaf6f62e4281bb37e570f530 🚀",   32, 5, 6 
6db092d,Chris Houston,Thu Apr 9 15:35:30 2020,"Merge pull request #111 from readingdancer/Adding-Favicons", 
6408609,readingdancer,Thu Apr 9 14:10:51 2020,"Deploying to gh-pages from  
 14a6446c30546ea322d51a3933b2f724b4df4ea3 🚀",   21, 22, 6 
14a6446,Chris Houston,Thu Apr 9 14:06:37 2020,"Merge pull request #110 from readingdancer/Adding-Favicons", 
cf57b95,Chris Houston,Thu Apr 9 11:04:47 2020,"Merge pull request #104 from readingdancer/Fixing-Day-Dropdown-Issue", 
ffe6704,readingdancer,Thu Apr 9 08:32:46 2020,"Deploying to gh-pages from  
 5f7116b6b404cb8c7168d0470776500d8e63a509 🚀",   8, 6, 5 
5f7116b,Chris Houston,Thu Apr 9 08:30:26 2020,"Merge pull request #103 from readingdancer/Fixing-Day-Dropdown-Issue", 
ba8d627,readingdancer,Thu Apr 9 04:51:19 2020,"Deploying to gh-pages from  
 8d7175a4b1613768ea14bea0be44ff60c6f18e25 🚀",   10, 10, 10 
8d7175a,Chris Houston,Thu Apr 9 04:49:03 2020,"Merge pull request #102 from readingdancer/Fixing-Day-Dropdown-Issue", 
66d4d15,Chris Houston,Wed Apr 8 14:18:18 2020,"Merge pull request #101 from readingdancer/Fixing-Day-Dropdown-Issue", 
92008f1,readingdancer,Wed Apr 8 14:17:21 2020,"Deploying to gh-pages from  
 440a44a18e776cf28a931e0140c240d4372367a6 🚀",   10, 8, 8 
440a44a,Chris Houston,Wed Apr 8 14:15:22 2020,"Merge pull request #100 from readingdancer/Fixing-Day-Dropdown-Issue", 
ae6f9e0,Chris Houston,Wed Apr 8 10:52:04 2020,"Merge pull request #99 from amkitt/patch-1", 
21b962e,readingdancer,Wed Apr 8 01:50:12 2020,"Deploying to gh-pages from  
 9e62c3419aad6ffcf522292ba58c12cee89fb077 🚀",   7, 5, 5 
9e62c34,Chris Houston,Wed Apr 8 01:47:41 2020,"Merge pull request #98 from readingdancer/Grey-Markers-2", 
8c633e1,readingdancer,Tue Apr 7 12:53:41 2020,"Deploying to gh-pages from  
 ae4060eefd9f3c8a87fadaf5be5c6d7007d7ccf1 🚀",   7, 6, 6 
ae4060e,Chris Houston,Tue Apr 7 12:51:45 2020,"Merge pull request #96 from readingdancer/Language-Files-2", 
59dd489,Chris Houston,Tue Apr 7 12:50:03 2020,"Merge pull request #95 from readingdancer/Language-Files", 
e483c7c,readingdancer,Mon Apr 6 15:30:06 2020,"Deploying to gh-pages from  
 f749a37c8aea23cffa141aad104a00cdea8edcc8 🚀",   5, 4, 4 
f749a37,Chris Houston,Mon Apr 6 15:27:33 2020,"Merge pull request #94 from readingdancer/Language-Files", 
6dca3c9,readingdancer,Sat Apr 4 05:49:45 2020,"Deploying to gh-pages from  
 ca102bf3ced5f0ae173710d67872e9b08621e356 🚀",   8, 12, 10 
ca102bf,Chris Houston,Sat Apr 4 05:48:02 2020,"Merge pull request #86 from readingdancer/Event-Tracking", 
fad0d19,readingdancer,Sat Apr 4 04:42:59 2020,"Deploying to gh-pages from  
 c4789fa6b079e56e678a5a00e95fb06b85fc8417 🚀",   6, 8, 5 
c4789fa,Chris Houston,Sat Apr 4 04:40:58 2020,"Merge pull request #85 from readingdancer/Adding-Meta-Small-Fixes", 
74c51c2,readingdancer,Sat Apr 4 02:19:43 2020,"Deploying to gh-pages from  
 0440ad5931e16f810bb1be8181592314a3b0caed 🚀",   6, 5, 5 
0440ad5,Chris Houston,Sat Apr 4 02:17:47 2020,"Merge pull request #84 from readingdancer/Adding-Meta-Small-Fixes", 
5725613,readingdancer,Sat Apr 4 01:28:10 2020,"Deploying to gh-pages from  
 8d4ae9616cea6e8d60f73db10c61c7c29fed2306 🚀",   6, 5, 5 
8d4ae96,Chris Houston,Sat Apr 4 01:26:04 2020,"Merge pull request #83 from readingdancer/fixing-days-of-the-week", 
cd24f7e,readingdancer,Sat Apr 4 01:02:34 2020,"Deploying to gh-pages from  
 c1bbcaab435c256f37a8ef8b685acd60fea29942 🚀",   7, 7, 7 
c1bbcaa,Chris Houston,Sat Apr 4 01:00:22 2020,"Merge pull request #82 from readingdancer/Fixing-custom-domain", 
adb6dad,readingdancer,Sat Apr 4 00:53:42 2020,"Deploying to gh-pages from  
 8aaf0816b2dd862845175c8dcab083ac4eeb1236 🚀",   6, 5, 5 
8aaf081,Chris Houston,Sat Apr 4 00:49:28 2020,"Merge pull request #81 from readingdancer/picky-prettier-issues", 
d26d689,Chris Houston,Sat Apr 4 00:46:23 2020,"Merge pull request #80 from readingdancer/late-night-changes", 
42a762e,Chris Houston,Sat Apr 4 00:37:25 2020,"Update CNAME",   1, 1, 1 
a1a0e9f,Garrison R,Sat Apr 4 00:34:14 2020,"Update CNAME",   1, 1, 1 
eb2e3df,Chris Houston,Sat Apr 4 00:30:01 2020,"Update CNAME",   1, 1, 1 
36aa1f9,Chris Houston,Sat Apr 4 00:29:23 2020,"Update CNAME",   1, 1, 1 
0e31b2c,Garrison R,Sat Apr 4 00:20:50 2020,"Update CNAME",   1, 1, 1 
e3a1a41,Garrison R,Sat Apr 4 00:13:12 2020,"Update CNAME",   1, 1, 1 
b52f872,Garrison R,Fri Apr 3 23:51:58 2020,"Create CNAME",   1, 1 
69fae9b,Garrison R,Fri Apr 3 23:48:17 2020,"Delete CNAME",   1, 1 
191c5b3,Garrison R,Fri Apr 3 23:42:45 2020,"Create CNAME",   1, 1 
e1b7e2b,readingdancer,Fri Apr 3 16:27:37 2020,"Deploying to gh-pages from  
 7b12472e73f1627ae3eb1f296f01b554900cf78b 🚀",   9, 10, 10 
7b12472,Chris Houston,Fri Apr 3 16:24:49 2020,"Merge pull request #79 from readingdancer/late-night-changes", 
9b9ea78,readingdancer,Fri Apr 3 14:23:41 2020,"Deploying to gh-pages from  
 017671a2c715cff02b24f5b8e3ba56ffd89ac102 🚀",   7, 5, 5 
017671a,Chris Houston,Fri Apr 3 14:20:15 2020,"Merge pull request #78 from readingdancer/Improving-Marker-Selection", 
9b765a9,readingdancer,Fri Apr 3 07:43:37 2020,"Deploying to gh-pages from  
 5355559e0b15e3f809e239e62b3a3b5631b1e29e 🚀",   6, 5, 5 
5355559,Chris Houston,Fri Apr 3 07:40:12 2020,"Merge pull request #76 from readingdancer/Adding-Notes", 
858f78b,readingdancer,Fri Apr 3 05:46:42 2020,"Deploying to gh-pages from  
 16869d77f97538f571932a3aaa45032b8e94132c 🚀",   10, 15, 15 
16869d7,Chris Houston,Fri Apr 3 05:39:51 2020,"Merge pull request #75 from readingdancer/Linking-Map-To-List", 
7990c73,readingdancer,Thu Apr 2 12:44:31 2020,"Deploying to gh-pages from  
 ca6251aa1f2521bd2235cd97401073006c0cdcec 🚀",   7, 5, 5 
ca6251a,Chris Houston,Thu Apr 2 12:38:02 2020,"Merge pull request #74 from readingdancer/Linking-Map-To-List", 
ff592e0,Chris Houston,Thu Apr 2 04:00:31 2020,"Changed a heading size.",   1, 1, 1 
2a216e4,Chris Houston,Thu Apr 2 04:00:04 2020,"Adding some info about using Prettier in VS Code",   1, 14, 2 
fa6ed2b,Adam Singer,Thu Apr 2 00:31:21 2020,"Adding lowercase email label for About Us modal",   1, 2, 1 
3c044ce,readingdancer,Wed Apr 1 17:43:51 2020,"Deploying to gh-pages from  
 18a8bb52d1b896df33ccb4e9e251d39dea5fa4f2 🚀",   7, 5, 5 
18a8bb5,Chris Houston,Wed Apr 1 17:40:48 2020,"Merge pull request #71 from readingdancer/Linking-Map-To-List-2", 
888e198,Chris Houston,Wed Apr 1 17:32:13 2020,"Merge pull request #70 from readingdancer/Linking-Map-To-List", 
ccaa0d8,Chris Houston,Wed Apr 1 17:28:13 2020,"Adding the right menu info.",   3, 3, 8 
81ac630,Chris Houston,Wed Apr 1 17:11:28 2020,"Now sync's the location in both directions.",   6, 366, 351 
1aee56b,Chris Houston,Wed Apr 1 16:53:15 2020,"Now the list and the map are talking nicely to each other and updating the list.",   4, 99, 16 
08fe7b0,Chris Houston,Wed Apr 1 16:06:06 2020,"Updating all the language files with the latest translations.",   6, 1281, 197 
897ea5e,Chris Houston,Wed Apr 1 05:33:29 2020,"Fixing a positioning issue due to the info panel.",   1, 1, 1 
92f5eb3,Chris Houston,Wed Apr 1 04:30:48 2020,"Prettier formatting.",   1, 2, 1 
6875c8f,readingdancer,Wed Apr 1 04:27:41 2020,"Deploying to gh-pages from  
 6385469732ffccf4af80b0a857d01c0f70eae9a8 🚀",   7, 5, 5 
6385469,Chris Houston,Wed Apr 1 04:22:04 2020,"Merge pull request #66 from readingdancer/Info-Panel", 
6b3241b,Chris Houston,Wed Apr 1 00:32:14 2020,"Fixing a Prettier spacing issue, boy this thing is picky ;-)",   1, 1, 1 
3de7657,readingdancer,Wed Apr 1 00:29:25 2020,"Deploying to gh-pages from  
 f46527adf16b201ce9a060dcecbde371e997d790 🚀",   6, 5, 5 
f46527a,Chris Houston,Wed Apr 1 00:25:22 2020,"Merge pull request #65 from readingdancer/Issue-27-fixed", 
1d94d6d,Adam Singer,Tue Mar 31 15:24:44 2020,"Adjusting z-indexes Moving modal to top level citizen",   4, 7, 15 
0d6a0f6,readingdancer,Tue Mar 31 15:19:27 2020,"Deploying to gh-pages from  - 4616c949c178cbc5160c4082f059e73594929340 🚀",   6, 5, 5 
4616c94,Chris Houston,Tue Mar 31 15:15:30 2020,"Merge pull request #64 from readingdancer/Family-Meals", 
79900fd,Chris Houston,Tue Mar 31 14:43:30 2020,"Fixing style issues.",   1, 1, 1 
1f7b1d1,readingdancer,Tue Mar 31 14:38:02 2020,"Deploying to gh-pages from  - a401155a52c82012e17dd315d4541d555244a9ca 🚀",   5, 5, 5 
a401155,Chris Houston,Tue Mar 31 14:33:34 2020,"Merge pull request #63 from readingdancer/Fix-Top-Value-Box-Text-Alignment", 
8bc10c5,readingdancer,Tue Mar 31 13:58:44 2020,"Deploying to gh-pages from  - 19cf0ac6abd01d40cc42d9e2ff4a1a0dda7be763 🚀",   7, 5, 5 
19cf0ac,Chris Houston,Tue Mar 31 13:55:32 2020,"Merge pull request #62 from readingdancer/Fix-Issue-On-Mobile", 
cee5ed4,Adam Singer,Tue Mar 31 13:31:04 2020,"Merge branch 'master' into issue27 Integrate AboutUs modal in current form", 
c949153,readingdancer,Tue Mar 31 03:13:06 2020,"Deploying to gh-pages from  - 76c15de7fcc56bfcbade6da2276e39619dac2597 🚀",   10, 66, 66 
76c15de,Chris Houston,Tue Mar 31 03:11:03 2020,"Merge pull request #61 from readingdancer/Issue-46-Adding-Farms", 
7434b36,readingdancer,Tue Mar 31 01:05:11 2020,"Deploying to gh-pages from  - 482a2d9811296fcda362a4f61fe4ad10e0d50285 🚀",   7, 5, 5 
482a2d9,Chris Houston,Tue Mar 31 01:03:11 2020,"Merge pull request #60 from readingdancer/Fix-Issue-On-Mobile", 
87feeaf,readingdancer,Mon Mar 30 16:41:37 2020,"Deploying to gh-pages from  - c96c9fb568fb4c8aa052b7778218bfd6eaf18112 🚀",   6, 5, 5 
c96c9fb,Chris Houston,Mon Mar 30 16:39:40 2020,"Merge pull request #59 from readingdancer/Rename-Deployment-Scripts", 
7f14eba,readingdancer,Mon Mar 30 16:24:22 2020,"Deploying to gh-pages from  - a5aa330c2c3ead0d77840546939a67d7faad90c8 🚀",   11, 66, 66 
a5aa330,Chris Houston,Mon Mar 30 16:21:41 2020,"Merge pull request #58 from readingdancer/Rename-Deployment-Scripts", 
989c12b,Chris Houston,Mon Mar 30 16:19:08 2020,"Merge pull request #57 from readingdancer/Issue34-Adding-List", 
5a5e04e,Chris Houston,Mon Mar 30 14:19:44 2020,"Merge pull request #51 from Charliekenney23/decouple-app-components", 
f72a6ca,KM-Hanson,Mon Mar 30 12:41:39 2020,"Update README.md",   1, 1, 1 
9f6efcf,KM-Hanson,Mon Mar 30 12:41:18 2020,"Update README.md",   1, 1, 1 
7cfb1c6,Chris Houston,Mon Mar 30 11:19:58 2020,"Merge pull request #55 from code-for-chapel-hill/issue42_43", 
8156009,Adam Singer,Mon Mar 30 06:06:22 2020,"## Ignore Visual Studio temporary files, build results, and ## files generated by popular Visual Studio add-ons. ## ## Get latest from https://github.com/github/gitignore/blob/master/VisualStudio.gitignore", 
4ef7f56,Adam Singer,Mon Mar 30 05:57:24 2020,"- Updates to "get involved" page as per feedback - Make modal scrollable when it gets too tall - Better footer behavior",   5, 49, 19 
7059541,Adam Singer,Mon Mar 30 03:12:05 2020,"- Updated About box with more info & links - Added tabbed card layout because it's pretty",   5, 115, 40 
8f022b7,Adam Singer,Mon Mar 30 01:27:59 2020,"- Updates to text for info area - Correcting text of CH Downtown Partnership - Adding Farm Stewardship link",   5, 13, 8 
0f27e67,Adam Singer,Sun Mar 29 23:41:04 2020,"Ignore .vscode folder",   1, 1 
aeed522,Adam Singer,Sun Mar 29 16:54:11 2020,"- Add missing quotes in localized org names - Ignore .vscode folder from git",   2, 4, 3 
051d0c4,Adam Singer,Sun Mar 29 16:34:05 2020,"Potential fix for https://github.com/code-for-chapel-hill/COVID-Support-For-CH/issues/27 - Added question mark button - Modal dialog with info and links",   5, 62 
fe67532,readingdancer,Sun Mar 29 11:41:39 2020,"Deploying to gh-pages from  - 147dadde0d00f69b77c2714556a0d823c9a226ea 🚀",   5, 4, 4 
147dadd,Chris Houston,Sun Mar 29 11:34:18 2020,"Merge pull request #40 from readingdancer/remove-the-R-project", 
e759ba0,Chris Houston,Sun Mar 29 11:06:43 2020,"Merge pull request #38 from code-for-chapel-hill/issue30", 
aeaf98c,readingdancer,Sun Mar 29 10:37:07 2020,"Deploying to gh-pages from  - 8724a1b90283490ed257fbc12465fb28aaf4db55 🚀",   7, 5, 5 
8724a1b,Chris Houston,Sun Mar 29 10:33:53 2020,"Merge pull request #37 from readingdancer/top-section-mobile-fixes", 
ced6139,Adam Singer,Sun Mar 29 10:06:42 2020,"Fix for https://github.com/code-for-chapel-hill/COVID-Support-For-CH/issues/30 -- minimum zoom set to zoom factor 7",   1, 1 
ae467a0,readingdancer,Sun Mar 29 02:20:10 2020,"Deploying to gh-pages from  - 9e196d560da493fd453d29458af2a441697cba72 🚀",   7, 5, 5 
9e196d5,Chris Houston,Sun Mar 29 02:17:50 2020,"Merge pull request #36 from code-for-chapel-hill/Sliding-Side-Navigation", 
97b8e1c,Chris Houston,Sun Mar 29 02:16:25 2020,"Fixed the CSS styles, hopefully.",   2, 14, 13 
36cb293,Chris Houston,Sun Mar 29 01:34:40 2020,"Side navigation slide in and out.",   3, 72, 7 
7f9c829,readingdancer,Sat Mar 28 23:18:49 2020,"Deploying to gh-pages from  - 9465b46dda886963a0e7498f5f731ff6f2a86149 🚀",   3, 4, 4 
9465b46,Chris Houston,Sat Mar 28 23:16:04 2020,"(Google) Translated the remaining fields",   5, 209, 13 
6725be4,readingdancer,Sat Mar 28 18:14:58 2020,"Deploying to gh-pages from  - 66d90e0cbe9726f7d8fa30f7d6cbe4456c947601 🚀",   11, 66, 66 
66d90e0,Chris Houston,Sat Mar 28 18:10:39 2020,"Lots of changes for the value boxes, they are now all showing real data. It's also possible to toggle selecting them, but I've disabled that for now until we make the rest of the filtering work.",   5, 177, 422 
d6a800a,readingdancer,Fri Mar 27 13:11:16 2020,"Deploying to gh-pages from  - 84cc1d2becdaf0f0f49c4e27830e4cff1ab0784a 🚀",   8, 9, 9 
84cc1d2,Chris Houston,Fri Mar 27 13:08:57 2020,"Added restaurants and school meals.",   6, 69, 9 
44ab0cc,Chris Houston,Fri Mar 27 12:48:01 2020,"Fixing some Korean text and a small bug.",   3, 10, 10 
16d143e,readingdancer,Fri Mar 27 11:36:16 2020,"Deploying to gh-pages from  - 7ca00c6360e34c3496d84396dd7fced2a6c1d428 🚀",   11, 66, 66 
7ca00c6,Chris Houston,Fri Mar 27 11:33:32 2020,"Added the first version of Korean, needs to be checked :)",   3, 137, 5 
39b301a,Chris Houston,Fri Mar 27 10:31:01 2020,"Fixed a style issue on mobile and changed the initial center position.",   1, 4, 3 
1443933,readingdancer,Fri Mar 27 10:20:53 2020,"Deploying to gh-pages from  - 6c794d49ca01ba21836bc72717cfa5d2e63f9480 🚀",   7, 5, 5 
6c794d4,Chris Houston,Fri Mar 27 10:18:35 2020,"Fixing the margins of the value boxes on mobile.",   2, 20, 10 
604737f,readingdancer,Fri Mar 27 08:40:43 2020,"Deploying to gh-pages from  - ce06530f0a1c61a0c283f12b9ffb50ace5b276ba 🚀",   7, 5, 5 
ce06530,Chris Houston,Fri Mar 27 08:37:42 2020,"Adding the value boxes across the top of the site.",   9, 536, 20 
c83db22,readingdancer,Fri Mar 27 04:30:06 2020,"Deploying to gh-pages from  - bdbadcc766a76854a9382313723f884ae6676f72 🚀",   7, 5, 5 
bdbadcc,Chris Houston,Fri Mar 27 04:27:41 2020,"Filtering by day, this initial version now filters out any row where the value is zero in the relevant day field.",   1, 36, 1 
c26f9d4,readingdancer,Fri Mar 27 03:29:11 2020,"Deploying to gh-pages from  - 411846225d26e1de8cd633caa9e818a72fec03e1 🚀",   7, 5, 5 
4118462,Chris Houston,Fri Mar 27 03:26:32 2020,"Various changes to the notes and changes based on the spreadsheet data changing. Also adding more translations for the interface.",   5, 118, 8 
2181c6d,readingdancer,Fri Mar 27 00:52:18 2020,"Deploying to gh-pages from  - 16c7bf4f533e081368955e3316dea1f5a5831619 🚀",   6, 5, 5 
16c7bf4,Chris Houston,Fri Mar 27 00:48:20 2020,"Merge remote-tracking branch 'source/master'", 
17473ec,Chris Houston,Fri Mar 27 00:46:40 2020,"Adding a seperator between the address and notes.",   1, 1, 1 
08d6c61,Chris Houston,Fri Mar 27 00:44:52 2020,"Adding some logic to showing the titles in the pop ups based on the data existing or not.",   1, 7, 4 
6eccc25,readingdancer,Thu Mar 26 15:41:36 2020,"Deploying to gh-pages from  - c3fb2d1e4493d05dd0171dce7722de4955f584f4 🚀",   7, 5, 5 
c3fb2d1,Chris Houston,Thu Mar 26 15:38:40 2020,"Showing more details and the web address on the marker pop ups.",   1, 7, 4 
dcb55a6,Chris Houston,Thu Mar 26 15:17:28 2020,"Initial filtering by resource type is now working.",   1, 17, 14 
91680fa,Chris Houston,Thu Mar 26 14:36:58 2020,"Changing the deployment to only trigger on a release being published.",   1, 2, 4 
58abb5d,readingdancer,Thu Mar 26 13:28:05 2020,"Deploying to gh-pages from  - 7cc132c3b58e6c5394a4c53e0ce6c2f9c097ef32 🚀",   1, 1, 1 
7cc132c,Chris Houston,Thu Mar 26 13:25:13 2020,"Removing two files that are not required.",   2, 1 
e44d9a9,readingdancer,Thu Mar 26 13:14:53 2020,"Deploying to gh-pages from  - cead74efc5e031e7cc20a2eb7172b905600b1918 🚀",   12, 143 
cead74e,Chris Houston,Thu Mar 26 13:12:59 2020,"Adding the CLEAN setting to the deployment.",   1, 1 
800fb44,Chris Houston,Thu Mar 26 13:06:45 2020,"Set theme jekyll-theme-cayman",   1, 1 
cd1eb1a,readingdancer,Thu Mar 26 12:46:01 2020,"Deploying to gh-pages from  - 25239bc58840ca6cf846b8b2d57d052d26df8665 🚀",   6, 74, 1 
25239bc,Chris Houston,Thu Mar 26 12:44:22 2020,"Updating the vue-cli-service to 4.2.3",   4, 1659, 1206 
5f7643f,Chris Houston,Thu Mar 26 12:34:58 2020,"Adding the public path for the website deployment.",   1, 4 
0b3dcc0,Chris Houston,Thu Mar 26 12:10:03 2020,"Removing files from the DIST folder.",   6, 69 
4ffda03,readingdancer,Thu Mar 26 12:04:06 2020,"Deploying to gh-pages from  - 6c347dbb7c919dbf0d97840c6a8cea99ded77c86 🚀",   14, 144 
6c347db,Chris Houston,Thu Mar 26 12:02:42 2020,"Changing the dist folder for deployment.",   1, 1, 1 
7fa0611,readingdancer,Thu Mar 26 11:58:06 2020,"Initial gh-pages commit.", 
fe0bb9a,Chris Houston,Thu Mar 26 11:47:51 2020,"Testing a github deployment,",   1, 11, 2 
9db41d0,Chris Houston,Thu Mar 26 11:04:37 2020,"Another attempt :)",   1, 2, 3 
cfab9be,Chris Houston,Thu Mar 26 10:59:04 2020,"Still working on the working directory",   1, 4, 2 
935893b,Chris Houston,Thu Mar 26 10:56:37 2020,"Trying to get the working directory to work",   1, 2, 3 
a48e817,Chris Houston,Thu Mar 26 10:54:52 2020,"Changing the working directory,",   1, 3, 1 
f65a784,Chris Houston,Thu Mar 26 10:44:27 2020,"Testing the GitHub actions.",   1, 34 
4fe53ea,Chris Houston,Thu Mar 26 09:50:39 2020,"Merge pull request #24 from readingdancer/add-docs-folder", 
37a6e0b,Chris Houston,Thu Mar 26 09:46:25 2020,"Merge pull request #23 from readingdancer/add-docs-folder", 
221cfda,Chris Houston,Thu Mar 26 09:37:48 2020,"Merge pull request #22 from readingdancer/change-to-js", 
1b0a582,Jason Jones,Tue Mar 24 12:20:27 2020,"Merge pull request #18 from code-for-chapel-hill/issue10", 
2c61739,Jason Jones,Tue Mar 24 12:18:52 2020,"final cleanup",   1, 2, 11 
a5459fd,Jason Jones,Tue Mar 24 12:13:42 2020,"prototyping selection layout",   1, 51, 3 
3df2ed0,Jason Jones,Tue Mar 24 11:07:59 2020,"cleaning things up a lot",   1, 141, 105 
fe63fec,Jason Jones,Tue Mar 24 09:53:29 2020,"few quick changes to layout",   1, 57, 20 
2fb02a1,Garrison R,Tue Mar 24 07:36:20 2020,"Add files via upload",   1, 1589, 1589 
adddfd7,Garrison R,Tue Mar 24 07:25:18 2020,"Popups in place of tooltips",   1, 2689, 1433 
2fddd80,Jason Jones,Tue Mar 24 03:04:00 2020,"Merge pull request #17 from code-for-chapel-hill/issue16", 
4bc9ffb,Jason Jones,Tue Mar 24 02:55:40 2020,"map and table tabsetting fix",   1, 7, 5 
bb5f717,Jason Jones,Mon Mar 23 11:35:49 2020,"Merge pull request #14 from readingdancer/Adding-Phone-Number", 
edc5292,Jason Jones,Mon Mar 23 09:27:01 2020,"working solution for reactive days",   1, 61, 26 
aafa9cd,KM-Hanson,Mon Mar 23 07:21:37 2020,"added issue template for database issue/needs",   1, 26 
057aadd,Jason Jones,Mon Mar 23 05:37:12 2020,"Merge pull request #9 from jasonajones73/master", 
cd35f5c,Jason Jones,Mon Mar 23 05:18:36 2020,"Merge pull request #8 from jasonajones73/master", 
ed88835,Jason Jones,Mon Mar 23 04:59:48 2020,"Merge pull request #7 from readingdancer/Enhanced-Markers", 
0ba7ea1,KM-Hanson,Mon Mar 23 03:32:48 2020,"Added bug report template",   1, 38 
c5287a9,KM-Hanson,Mon Mar 23 03:29:04 2020,"Issues template for additional/proposed features",   1, 21 
b426a27,KM-Hanson,Mon Mar 23 03:25:59 2020,"Issues template for current features",   1, 19 
b47c5fb,Jason Jones,Sun Mar 22 23:06:36 2020,"Merge pull request #6 from readingdancer/Layout-Changes", 
9df231b,Jason Jones,Sun Mar 22 10:03:22 2020,"Merge pull request #5 from jasonajones73/master", 
8ec1523,Kate H,Sun Mar 22 08:00:55 2020,"Merge branch 'master' of https://github.com/code-for-chapel-hill/COVID-Support-For-CH", 
4f2254a,Kate H,Sun Mar 22 08:00:02 2020,"added initial DataTable widget",   2, 9, 3 
9ee3379,Kate H,Sun Mar 22 06:57:12 2020,"merge changes", 
41f80e9,Kate H,Sun Mar 22 06:39:42 2020,"ignore RStudio user files",   1, 4 
665d390,Kate H,Sun Mar 22 06:38:34 2020,"added comment",   1, 1, 1 
6651497,Kate H,Sun Mar 22 00:18:52 2020,"Created flexdashboard",   3, 179 
a6e97fc,Garrison R,Sat Mar 21 07:59:23 2020,"Update index.html",   1, 766, 658 
0b3a2c1,Garrison R,Thu Mar 19 12:28:46 2020,"Update index.html",   1, 367, 123 
bf2ab69,Garrison R,Thu Mar 19 05:57:45 2020,"Update index.html",   1, 100, 100 
b43347b,Garrison R,Thu Mar 19 05:25:58 2020,"Rename COVID_Support_For_CH.html to index.html",   1, 1, 1 
caa181d,Garrison R,Thu Mar 19 05:13:30 2020,"Create COVID_Support_For_CH.html",   1, 717 