commit id,author,date,comment,changed files,lines added,lines deleted

26025a0,Ameya Shenoy,Mon Jul 27 00:34:01 2020,"Merge branch 'master' of github.com:codingCoffee/fahclient", 
f546fc2,Ameya Shenoy,Mon Jul 27 00:33:40 2020,"docs: fix indentation",   1, 5, 4 
205d3e1,Ameya Shenoy,Mon Apr 20 05:54:31 2020,"rem snyk build",   1, 11 
19bc43b,Ameya Shenoy,Sun Apr 12 20:11:17 2020,"fix: repo name for snyk",   1, 1, 1 
fb5796f,Ameya Shenoy,Sun Apr 12 20:08:08 2020,"add synk action to check for Docker image vulns",   1, 11 
9f06d55,Ameya Shenoy,Sun Apr 12 19:57:59 2020,"Merge pull request #2 from codingCoffee/renovate/configure", 
f36903e,Ameya Shenoy,Sat Mar 28 01:30:30 2020,"Merge pull request #1 from clcollins/readme_typo", 
27391d0,Ameya Shenoy,Thu Mar 26 05:31:26 2020,"update build shield",   1, 2, 2 
85b3836,Ameya Shenoy,Thu Mar 26 05:22:43 2020,"fix: licence shield",   1, 1, 1 
1be044e,Ameya Shenoy,Thu Mar 26 05:18:20 2020,"fix: link to build shield",   1, 1, 1 
9ab6843,Ameya Shenoy,Thu Mar 26 04:59:05 2020,"update images",   5, 1, 11 
a653f57,Ameya Shenoy,Thu Mar 26 04:09:20 2020,"fix: exposing port 36330 not needed",   2, 1, 3 
604d5c2,Ameya Shenoy,Tue Mar 24 15:59:32 2020,"docs: fix FAQ",   1, 1 
9fc5d84,Ameya Shenoy,Tue Mar 24 15:53:31 2020,"chore: add shied for github workflow",   1, 1 
242a8d5,Ameya Shenoy,Tue Mar 24 15:42:53 2020,"build: add github ci to autobuild docker images",   1, 22 
22ff91c,Ameya Shenoy,Tue Mar 24 15:20:49 2020,"chore: add funding.yml",   1, 2 
9b0af11,Ameya Shenoy,Tue Mar 24 14:57:01 2020,"docs: add logging info",   1, 9 
3d310cf,Ameya Shenoy,Tue Mar 24 09:30:05 2020,"docs: fix env",   1, 8, 8 
404b51a,Ameya Shenoy,Tue Mar 24 09:29:18 2020,"docs: add build instructions",   1, 8 
a9b8c5f,Ameya Shenoy,Tue Mar 24 09:25:24 2020,"feat: init and add dockerfile to build fahclient",   7, 815 