commit id,author,date,comment,changed files,lines added,lines deleted

0594a72,Gilles Soubrier,Fri Apr 10 08:31:41 2020,"Update README.md",   1, 1, 1 
4582be5,Gilles Soubrier,Fri Apr 10 08:30:52 2020,"Delete StateDiagram.png",   1, 0, 0 
2a4a35c,Gilles Soubrier,Fri Apr 10 08:30:31 2020,"Add files via upload",   1, 0, 0 
d7b3573,Gilles Soubrier,Fri Apr 10 08:27:55 2020,"Add files via upload",   1, 0, 0 
b0ca79d,Gilles Soubrier,Fri Apr 10 08:27:24 2020,"Delete StateDiagram.png",   1, 0, 0 
06e0fdf,Gilles Soubrier,Fri Apr 10 08:26:53 2020,"Add files via upload",   1, 0, 0 
97dedb7,Gilles Soubrier,Fri Apr 10 08:18:13 2020,"Update README.md",   1, 6, 6 
a9cf13a,Gilles Soubrier,Fri Apr 10 03:58:32 2020,"Update README.md",   1, 1, 1 
d18bbc6,Gilles Soubrier,Fri Apr 10 03:58:07 2020,"Add files via upload",   1, 0, 0 
14977d2,Gilles Soubrier,Fri Apr 10 03:57:50 2020,"Delete States Diagram.png",   1, 0, 0 
df5812f,Gilles Soubrier,Fri Apr 10 03:54:16 2020,"Delete States Diagram.pdf",   1, 0, 0 
725d712,Gilles Soubrier,Fri Apr 10 03:41:16 2020,"Update README.md",   1, 2, 2 
3b2d532,Gilles Soubrier,Wed Apr 8 00:21:39 2020,"Update README.md",   1, 1, 3 
0f9413b,Gilles Soubrier,Wed Apr 8 00:20:44 2020,"Update README.md",   1, 4 
0161db4,Gilles Soubrier,Wed Apr 8 00:14:41 2020,"Add files via upload",   1, 0, 0 
c4716d3,Gilles Soubrier,Tue Apr 7 22:06:05 2020,"Add files via upload",   1, 0, 0 
666bfcd,Gilles Soubrier,Mon Apr 6 04:42:33 2020,"Update CONTRIBUTING.md",   1, 1, 1 
a92b54c,Gilles Soubrier,Mon Apr 6 04:42:05 2020,"Update CONTRIBUTING.md",   1, 2, 1 
18d6ec8,Gilles Soubrier,Mon Apr 6 04:41:34 2020,"Update CONTRIBUTING.md",   1, 7, 6 
afdae1c,Gilles Soubrier,Mon Apr 6 04:39:47 2020,"Update CONTRIBUTING.md",   1, 4, 3 
16e5cc1,Gilles Soubrier,Mon Apr 6 04:37:54 2020,"Update CONTRIBUTING.md",   1, 16 
914fdb9,Gilles Soubrier,Mon Apr 6 04:30:39 2020,"Create CONTRIBUTING.md",   1, 1 
1158c21,Gilles Soubrier,Mon Apr 6 04:30:16 2020,"Delete CONTRIBUTING.md",   1, 15 
04d618c,Gilles Soubrier,Mon Apr 6 04:28:05 2020,"Create CONTRIBUTING.md",   1, 15 
8d60f9a,Gilles Soubrier,Mon Apr 6 03:56:05 2020,"Update README.md",   1, 1, 1 
5c5dbac,Gilles Soubrier,Mon Apr 6 03:55:28 2020,"Update README.md",   1, 6, 5 
0d2f88c,Gilles Soubrier,Mon Apr 6 03:54:01 2020,"Update README.md",   1, 2, 2 
b323364,Gilles Soubrier,Mon Apr 6 03:53:28 2020,"Update README.md",   1, 3, 2 
3d70b41,Gilles Soubrier,Mon Apr 6 02:38:28 2020,"Update README.md",   1, 6 
b870b49,Gilles Soubrier,Mon Apr 6 01:56:47 2020,"Update README.md",   1, 4, 7 
ea2acc6,Gilles Soubrier,Sun Apr 5 23:48:31 2020,"Update README.md",   1, 1, 1 
766e6d3,Gilles Soubrier,Sun Apr 5 23:48:17 2020,"Update README.md",   1, 1, 1 
c9936b5,Gilles Soubrier,Sun Apr 5 04:43:50 2020,"Update README.md",   1, 4, 4 
54d38e0,Gilles Soubrier,Sun Apr 5 00:09:09 2020,"Update README.md",   1, 1 
2ac8354,Gilles Soubrier,Sat Apr 4 23:01:59 2020,"Update README.md",   1, 2, 2 
41caa33,Gilles Soubrier,Sat Apr 4 23:01:08 2020,"Update README.md",   1, 1 
f99c6ca,Gilles Soubrier,Sat Apr 4 22:04:34 2020,"Update README.md",   1, 1, 1 
cc9d172,Gilles Soubrier,Sat Apr 4 22:03:25 2020,"Update README.md",   1, 2 
09f4cb3,Gilles Soubrier,Sat Apr 4 03:52:12 2020,"Update README.md",   1, 24, 11 
a9e3c9c,GolfSierra,Fri Apr 3 19:34:27 2020,"Update README.md",   1, 1, 1 
8baa362,GolfSierra,Fri Apr 3 19:33:23 2020,"Update README.md",   1, 2, 2 
c7f0fb4,GolfSierra,Fri Apr 3 19:30:11 2020,"Update README.md",   1, 1, 1 
9c5c770,GolfSierra,Fri Apr 3 19:29:40 2020,"Update README.md",   1, 1 
de2b2d1,GolfSierra,Fri Apr 3 19:29:13 2020,"Update README.md",   1, 1, 1 
c6bd566,GolfSierra,Fri Apr 3 19:27:38 2020,"Update README.md",   1, 1, 1 
0d56bbf,GolfSierra,Fri Apr 3 19:22:36 2020,"Update README.md",   1, 2, 1 
13ac3ab,GolfSierra,Fri Apr 3 19:21:57 2020,"Update README.md",   1, 1, 1 
3401a21,GolfSierra,Fri Apr 3 19:21:16 2020,"Update README.md",   1, 13, 4 
c9cedbb,GolfSierra,Fri Apr 3 18:52:58 2020,"Update README.md",   1, 11 
d71133f,GolfSierra,Fri Apr 3 18:36:47 2020,"Initial commit",   2, 676 