commit id,author,date,comment,changed files,lines added,lines deleted

2743b64,Vignesh Hari,Wed Sep 16 20:12:52 2020,"Solves #600 in Care FE",   4, 65 
c8001a0,Vignesh Hari,Wed Sep 16 19:37:11 2020,"Shifting hisory can be viewed by patient owners",   1, 3 
5b7f73c,Vignesh Hari,Wed Sep 16 19:18:51 2020,"Added fields in shifting request",   2, 29, 1 
c69d309,Vignesh Hari,Wed Sep 16 19:14:29 2020,"Added more ICU Options",   2, 21, 1 
989d8fd,Vignesh Hari,Wed Sep 16 04:38:38 2020,"Fix user Reserved Status",   2, 19 
8b9d754,Vignesh Hari,Wed Sep 16 00:30:43 2020,"CSV Download for Users and Facility Users",   4, 101, 104 
54da2ef,Vignesh Hari,Tue Sep 15 02:57:46 2020,"Added Endpoints to add and remove users in a facility",   1, 42, 2 
1c09e3c,Vignesh Hari,Tue Sep 15 01:44:31 2020,"Added Read Only Users",   10, 150, 2 
1e87b46,Vignesh Hari,Tue Sep 15 01:10:55 2020,"Added new User Type",   3, 38, 1 
ac0a144,Vignesh Hari,Tue Sep 15 00:27:56 2020,"Added More fields in shifting",   1, 2 
12d46b4,Vignesh Hari,Mon Sep 14 16:29:52 2020,"Merge pull request #473 from coronasafe/master", 
924a1f2,Vignesh Hari,Mon Sep 14 16:21:25 2020,"Possible Patient Age Fix",   1, 3, 1 
77d69d1,Vignesh Hari,Fri Sep 11 23:42:25 2020,"Merge pull request #472 from coronasafe/master", 
f38d5f0,Vignesh Hari,Fri Sep 11 23:11:05 2020,"Only one Active Shift Request per patient",   1, 4 
02bb203,Vignesh Hari,Fri Sep 11 20:56:31 2020,"Automatic Discharge on Manual Transfer",   1, 4, 1 
1d9e3e1,Vignesh Hari,Fri Sep 11 20:56:17 2020,"Automatic Discharge on Transfer",   1, 5 
fb247e2,Vignesh Hari,Fri Sep 11 20:39:16 2020,"Made Orgin Facility Automatic in Shifting",   1, 3, 1 
8d0aa16,Vignesh Hari,Wed Sep 9 19:49:14 2020,"Merge pull request #471 from coronasafe/master", 
5bedd58,Vignesh Hari,Wed Sep 9 19:39:14 2020,"Updated Daily rounds Permissions",   1, 3, 3 
237d36b,Vignesh Hari,Wed Sep 9 19:36:55 2020,"Removing Facility change on refferal",   1, 3, 1 
b950b0d,Vignesh Hari,Wed Sep 9 17:53:14 2020,"Merge pull request #470 from coronasafe/master", 
8005065,Vignesh Hari,Wed Sep 9 17:45:49 2020,"Solving Consultation Scoping Issue",   1, 1, 1 
e6ee19e,Vignesh Hari,Tue Sep 8 23:10:33 2020,"Merge pull request #469 from coronasafe/master", 
7fec13c,Vignesh Hari,Tue Sep 8 21:09:04 2020,"Shifting Transfer API Updated",   1, 2 
07ff10c,Vignesh Hari,Mon Sep 7 19:04:39 2020,"Solve Possible Error with Patients",   1, 1, 1 
bafd142,Vignesh Hari,Fri Sep 4 14:30:37 2020,"Added Emergency Contact",   2, 26 
f93894f,Vignesh Hari,Thu Sep 3 23:06:28 2020,"Added Blood Donation Fields",   2, 37 
8eca50e,Vignesh Hari,Thu Sep 3 20:55:53 2020,"Patient Migrant Worker Status Added",   2, 25 
778d6dd,Vignesh Hari,Thu Sep 3 20:53:49 2020,"Added shifting filters",   1, 3 
9468d29,Vignesh Hari,Thu Sep 3 20:48:27 2020,"Made Pincode Optional",   2, 25, 2 
ec11d5a,Vignesh Hari,Thu Sep 3 16:37:10 2020,"Moving Test ID , Shifting CSV",   5, 70, 10 
74c686f,Vignesh Hari,Wed Sep 2 00:11:36 2020,"Added Test ID in patinet Consultation",   2, 20 
4f443c0,Bodhish Thomas,Mon Aug 31 05:15:26 2020,"Merge pull request #467 from coronasafe/master", 
5778c9d,Vignesh Hari,Sun Aug 30 19:59:27 2020,"removed state filter in patient search",   1, 2, 2 
14cb446,Vignesh Hari,Sun Aug 30 19:59:13 2020,"Add options for transfer",   2, 25 
2e095b7,Vignesh Hari,Sun Aug 30 16:58:30 2020,"Added Extra Option in Suggestion on Consultation",   2, 2, 1 
624f0cb,Vignesh Hari,Sun Aug 30 16:55:33 2020,"Added Audit System for Consultation",   5, 46, 3 
8bb00d3,Vignesh Hari,Sun Aug 30 16:18:31 2020,"Patient Address added in CSV",   1, 1 
b59c570,Vignesh Hari,Sun Aug 30 15:53:22 2020,"Added Ward for patient",   2, 25 
539409b,Vignesh Hari,Sat Aug 29 19:50:31 2020,"Updated CSV Formatting",   2, 35, 15 
3577c4a,Vignesh Hari,Thu Aug 27 03:12:54 2020,"Merge pull request #465 from coronasafe/master", 
9e16689,Vignesh Hari,Thu Aug 27 03:10:42 2020,"Fix possible scoping issue",   2, 3, 2 
413b5fa,Vignesh Hari,Tue Aug 25 20:52:03 2020,"Merge pull request #464 from coronasafe/master", 
46a8279,Vignesh Hari,Tue Aug 25 20:48:17 2020,"Fixing Bug",   2, 2, 6 
bc93941,Bodhish Thomas,Tue Aug 25 19:46:46 2020,"Merge pull request #462 from coronasafe/master", 
730c6ff,Vignesh Hari,Mon Aug 24 18:44:47 2020,"Added transfer in shifting",   1, 19, 5 
d5d3e54,Vignesh Hari,Wed Aug 19 16:22:55 2020,"Fixed CSV Responses",   2, 68, 48 
1c842b2,Vignesh Hari,Sun Aug 16 17:46:24 2020,"Merge pull request #461 from coronasafe/master", 
a79544a,Vignesh Hari,Sun Aug 16 00:00:50 2020,"Added SLTC",   2, 113, 26 
288b98b,Vignesh Hari,Fri Aug 14 00:43:57 2020,"Added extra fields in Triage",   3, 26 
e990160,Vignesh Hari,Fri Aug 14 00:36:03 2020,"Patient sorted by inverse id now",   1, 16, 12 
ca197c8,Gigin George,Wed Aug 12 18:57:54 2020,"Remove Ghost Text from pdf template",   1, 1, 1 
3ebde6f,Gigin George,Wed Aug 12 18:23:25 2020,"Allow text-wrap for Discharge Sumamry PDF",   1, 4, 4 
0c0e1db,Vignesh Hari,Wed Aug 12 18:06:46 2020,"Merge pull request #459 from coronasafe/master", 
38e0564,Vignesh Hari,Wed Aug 12 17:57:56 2020,"Fixing issue with chrome",   1, 2, 2 
31e1d0f,Vignesh Hari,Wed Aug 12 17:26:54 2020,"Triage summary fix",   1, 16, 19 
d109e67,Vignesh Hari,Wed Aug 12 17:08:05 2020,"Raise error on updating discharged patient",   1, 1, 1 
682517e,Vignesh Hari,Tue Aug 11 17:19:39 2020,"Merge pull request #458 from coronasafe/master", 
e1ab396,Vignesh Hari,Tue Aug 11 17:10:35 2020,"Solving Issue with shifting",   1, 1, 1 
d9dba22,Vignesh Hari,Tue Aug 11 16:53:24 2020,"Shifting sorted based on date",   1, 25, 21 
727fff6,Vignesh Hari,Tue Aug 11 16:36:32 2020,"Merge pull request #457 from coronasafe/master", 
e2cd280,Vignesh Hari,Tue Aug 11 16:28:56 2020,"Made IP No Optional",   2, 19, 1 
ee45a83,Vignesh Hari,Tue Aug 11 16:28:48 2020,"Made Shifting Efficient",   1, 22, 1 
5dcc6bc,Vignesh Hari,Tue Aug 11 16:06:19 2020,"Merge pull request #456 from coronasafe/master", 
3ceb647,Vignesh Hari,Tue Aug 11 15:52:02 2020,"Fixed patient ip_no",   1, 1, 1 
3d56159,Vignesh Hari,Tue Aug 11 15:46:35 2020,"Removing depracated encrypted fields",   2, 40, 3 
35167d0,Vignesh Hari,Tue Aug 11 15:42:42 2020,"Merge pull request #455 from coronasafe/master", 
9a3557d,Vignesh Hari,Tue Aug 11 15:32:04 2020,"Make Diagnosis optional",   2, 19, 1 
b58c9ff,Bodhish Thomas,Tue Aug 11 05:01:46 2020,"FIx a bug in samples",   1, 2, 2 
820923a,Bodhish Thomas,Tue Aug 11 04:39:17 2020,"Update patient_pdf_template.html",   1, 30, 10 
9098104,Vignesh Hari,Mon Aug 10 18:08:49 2020,"Added Verified by in patient consultation",   2, 23, 1 
93dc288,Vignesh Hari,Mon Aug 10 17:08:54 2020,"Added doctor field in patient consultation",   2, 20 
f9414ae,Vignesh Hari,Sun Aug 9 17:39:10 2020,"Added Telemedicine as consultation type",   2, 20 
e463b5a,Vignesh Hari,Sun Aug 9 16:11:33 2020,"Moved IP No from Patient to Consultation",   5, 43, 3 
b972098,Vignesh Hari,Sun Aug 9 03:06:48 2020,"Prescription Supplier Alpha Version",   6, 173, 10 
d18bf5a,Vignesh Hari,Sun Aug 9 02:08:11 2020,"Added Pharmasict View",   3, 68 
1159914,Vignesh Hari,Sun Aug 9 01:13:48 2020,"Fixed bug in choice filters",   1, 2, 1 
329f493,Vignesh Hari,Sat Aug 8 21:18:57 2020,"Fixed Disease Status Filter",   3, 26, 5 
078a5c8,Vignesh Hari,Sat Aug 8 20:36:54 2020,"fixed bugs in consultations",   1, 20, 9 
4a21386,Vignesh Hari,Sat Aug 8 17:19:24 2020,"Made actions not required",   1, 2, 2 
3dd1fbe,Vignesh Hari,Fri Aug 7 16:02:45 2020,"Added Admin Pannel Back",   1, 126, 126 
3127a08,Vignesh Hari,Thu Aug 6 21:50:18 2020,"removed delete from User API",   1, 1, 1 
4d3c906,Vignesh Hari,Thu Aug 6 06:49:34 2020,"Fix Error",   1, 1, 1 
5391f7e,Vignesh Hari,Thu Aug 6 04:03:06 2020,"Review and Action for patient Added",   3, 75 
ec192e7,Vignesh Hari,Thu Aug 6 03:11:51 2020,"Added Patient Auditing , Moved Doctor Assigning to Consultation",   7, 94, 23 
da24289,Vignesh Hari,Wed Aug 5 23:42:53 2020,"Added IP No based filtering in patients",   1, 1 
7dcde92,Vignesh Hari,Wed Aug 5 23:36:59 2020,"Added Extra Fields as per request",   3, 31 
21dd62d,Vignesh Hari,Wed Aug 5 14:36:38 2020,"modified date added in shifting API's",   1, 4, 2 
d857794,Vignesh Hari,Wed Aug 5 14:28:25 2020,"added phone number in Patient CSV Download",   1, 1 
74e6738,Vignesh Hari,Mon Aug 3 03:25:32 2020,"Added more columns in the CSV",   1, 3 
fdac2d0,Vignesh Hari,Mon Aug 3 03:18:00 2020,"Added patient searches for all fields",   3, 4 
da5e754,Vignesh Hari,Mon Aug 3 03:03:15 2020,"Patient Transfer Phase 2",   5, 253, 132 
0c32a14,Vignesh Hari,Mon Aug 3 02:07:12 2020,"Adding Temp Field to remove Encryption",   3, 76, 3 
d8c63e5,Vignesh Hari,Sun Aug 2 00:05:45 2020,"Assigned To Filter and set assigned to with PUT",   4, 26, 3 
179c44f,Vignesh Hari,Sat Aug 1 23:43:35 2020,"get logged in users in facility",   4, 71, 15 
3c8ebed,Vignesh Hari,Sat Aug 1 23:16:20 2020,"Added new fields for patient",   4, 67, 4 
1e9d4ae,Bodhish Thomas,Sat Aug 1 01:33:08 2020,"`",   1, 1, 1 
3fd69bc,Bodhish Thomas,Sat Aug 1 00:12:29 2020,"Update patient_pdf_template.html",   1, 43, 9 
ce413a2,Vignesh Hari,Fri Jul 31 23:59:46 2020,"Added disease in disease template",   2, 10, 1 
2376fa2,Vignesh Hari,Fri Jul 31 23:44:00 2020,"Added Patient Comorbities stuff",   2, 19 
24173a5,Vignesh Hari,Fri Jul 31 23:10:56 2020,"Fixed Patient Filter API",   1, 2, 8 
5370085,Vignesh Hari,Fri Jul 31 21:21:34 2020,"Added Patient Otp Based Login API",   10, 267, 2 
673abc0,Vignesh Hari,Fri Jul 31 16:48:39 2020,"Covid Bed Room type added #446",   2, 29 
e9f86e6,Vignesh Hari,Fri Jul 31 16:45:48 2020,"Discharge patient automatically on OP Consultation #445",   1, 4 
8ea3325,Vignesh Hari,Fri Jul 31 16:41:13 2020,"Solves #443",   1, 22, 2 
e317878,Vignesh Hari,Fri Jul 31 16:24:49 2020,"Solves #442",   1, 9, 8 
d1caf3b,Vignesh Hari,Fri Jul 31 16:02:33 2020,"Added different settings for staging",   3, 161 
75c9aee,Vignesh Hari,Fri Jul 31 15:54:35 2020,"Fixing possble issue in serializers",   1, 2, 2 
ab46e2d,Vignesh Hari,Thu Jul 30 21:06:22 2020,"Removed Partial Permission checks",   1, 5, 3 
62c05a6,Vignesh Hari,Thu Jul 30 20:57:18 2020,"Added scoping permission to shifting",   2, 62, 15 
36fbbae,Vignesh Hari,Thu Jul 30 19:57:31 2020,"Default Shifting Status Uneditable",   1, 2 
74797ee,Vignesh Hari,Thu Jul 30 19:55:27 2020,"Added More filters for patient",   1, 8, 1 
2e701b0,Vignesh Hari,Thu Jul 30 19:45:37 2020,"Fixed Discharge Time issue",   1, 8 
7f94a89,Bodhish Thomas,Thu Jul 30 00:42:18 2020,"Add facility name to patient pdf template",   1, 6 
af2925f,Bodhish Thomas,Wed Jul 29 00:31:13 2020,"Update patient_pdf_template.html",   1, 1 
0a5cbf8,Bodhish Thomas,Tue Jul 28 23:23:50 2020,"Update patient_pdf_template.html",   1, 25, 14 
3715d76,Vignesh Hari,Tue Jul 28 12:36:51 2020,"Fixing Shifting Status Possibly",   1, 12, 2 
7de8b4a,Vignesh Hari,Tue Jul 28 12:30:01 2020,"fixing discharge template",   1, 3, 3 
de625b2,Bodhish Thomas,Tue Jul 28 08:22:39 2020,"Update patient_pdf_template.html",   1, 81, 53 
a6ec02a,Bodhish Thomas,Tue Jul 28 07:11:38 2020,"Update patient_pdf_template.html",   1, 47 
b82e74f,Vignesh Hari,Tue Jul 28 03:17:52 2020,"Fixed Choice Filter",   3, 37, 16 
74b2478,Vignesh Hari,Tue Jul 28 02:33:18 2020,"Fixed Shifting PUT",   1, 7, 5 
8124629,Vignesh Hari,Sun Jul 26 04:28:36 2020,"Fixing Shifting update",   1, 22 
02e84ef,Vignesh Hari,Sat Jul 25 17:08:22 2020,"Fixed Captcha Response",   2, 2, 3 
46aa115,Vignesh Hari,Sat Jul 25 16:44:35 2020,"Debugging code",   2, 6, 13 
e03c833,Vignesh Hari,Sat Jul 25 14:54:06 2020,"Merge pull request #439 from anroopak/enhance/patient-export", 
6718d4b,Vignesh Hari,Fri Jul 24 23:34:02 2020,"added more filters in Facility Capacity Summary",   1, 8, 1 
d0520db,Vignesh Hari,Fri Jul 24 23:21:38 2020,"Fixed Users API Permission Levels",   1, 19, 14 
a77db38,Vignesh Hari,Fri Jul 24 23:13:28 2020,"Added patient filter for Shifting",   1, 1 
483d5f4,Vignesh Hari,Fri Jul 24 23:07:18 2020,"Fixed Shifting API",   3, 48 
cf1f561,Vignesh Hari,Fri Jul 24 22:50:50 2020,"Fixed captcha API Exception",   1, 9, 11 
695483a,Vignesh Hari,Fri Jul 24 22:28:23 2020,"Updated shifting serializers",   1, 7, 5 
9f57518,Vignesh Hari,Fri Jul 24 18:43:03 2020,"Fixing Summary Interval",   1, 1, 1 
6a137a9,Vignesh Hari,Fri Jul 24 18:15:56 2020,"Redesign Summary System",   4, 6, 17 
8cc01ed,Vignesh Hari,Fri Jul 24 18:09:42 2020,"Added more CSV Fields",   3, 30, 2 
eedb186,Vignesh Hari,Fri Jul 24 16:40:52 2020,"Fixed Summary Frequency",   3, 34, 3 
fac585c,Vignesh Hari,Fri Jul 24 16:25:24 2020,"Corrected Patient CSV Rendering Issue",   1, 6, 5 
a1a105c,Vignesh Hari,Fri Jul 24 04:25:26 2020,"Added new Facility type",   2, 20 
a2ed70f,Vignesh Hari,Fri Jul 24 04:23:43 2020,"Solves #433",   1, 1, 1 
f791022,Vignesh Hari,Fri Jul 24 04:23:26 2020,"Solves #435",   6, 155, 2 
a837575,Vignesh Hari,Thu Jul 23 04:24:09 2020,"Shifting Facility Structure",   1, 50 
46ed23a,Vignesh Hari,Tue Jul 21 05:32:40 2020,"Revert Permissions",   1, 1, 1 
db5bb55,Vignesh Hari,Tue Jul 21 05:18:14 2020,"Temporary fix",   1, 2, 2 
5afa40b,Vignesh Hari,Tue Jul 21 05:03:36 2020,"Added Detail Facility obj in summary",   1, 1, 3 
5814d41,Vignesh Hari,Tue Jul 21 02:57:25 2020,"Added Asymptomatic in category choices",   2, 24 
3695e9a,Vignesh Hari,Tue Jul 21 02:35:19 2020,"Makes Patients active on Re admission",   1, 2, 1 
884a97e,Vignesh Hari,Tue Jul 21 02:29:38 2020,"Moved Summary facility to objects",   4, 20, 30 
61de517,Vignesh Hari,Sat Jul 18 20:55:48 2020,"Fixed Summary Filters",   1, 2, 2 
41216d7,Vignesh Hari,Sat Jul 18 11:26:38 2020,"Fixed Possible Backend Issues in Summarisation",   2, 6, 4 
95fad9a,Vignesh Hari,Sat Jul 18 11:24:13 2020,"Fixing Possible summary Issue",   2, 20, 1 
33435a8,Vignesh Hari,Sat Jul 18 11:21:08 2020,"Fixed Possible Issue with getall facilities",   1, 1 
d22d026,Vignesh Hari,Sat Jul 18 11:06:28 2020,"Adds Date Filters",   4, 73, 59 
0f4c9e6,Vignesh Hari,Sat Jul 18 10:54:01 2020,"FIxing Swagger",   1, 3, 3 
ac9719d,Vignesh Hari,Fri Jul 17 16:30:23 2020,"Adding Full search in get all facilities",   1, 12 
416970e,Vignesh Hari,Thu Jul 16 14:41:52 2020,"Fixed Tests",   3, 15, 6 
47f4428,Vignesh Hari,Thu Jul 16 14:35:30 2020,"Fixed Migrations",   1, 2, 2 
934109e,Vignesh Hari,Thu Jul 16 02:59:50 2020,"Merge pull request #429 from jaseemkm/triage-summary", 
111a29b,Vignesh Hari,Wed Jul 15 19:03:41 2020,"Added Extra Field in Discharge",   2, 33 
51c0811,Vignesh Hari,Mon Jul 13 22:26:32 2020,"Added Unknown Blood Type",   2, 24 
fa0c9a3,Vignesh Hari,Mon Jul 13 19:55:01 2020,"Make Testing Facility Optional",   1, 1, 1 
4ab8a28,Vignesh Hari,Mon Jul 13 04:21:15 2020,"Merge pull request #424 from jibinkmathew94/test_summarization", 
78e586c,Vignesh Hari,Sat Jul 11 22:31:26 2020,"Corrected Summary",   1, 1, 1 
97caee5,Vignesh Hari,Sat Jul 11 05:37:35 2020,"Fixing ICMR Forms",   4, 75, 38 
9226be6,Vignesh Hari,Sat Jul 11 04:15:54 2020,"Permission for testing facility",   1, 1 
e9a955a,Vignesh Hari,Fri Jul 10 03:02:46 2020,"Solved Mapping Retention Issue in CSV Download ( Wierd )",   2, 9, 10 
d7ea7de,Vignesh Hari,Fri Jul 10 01:41:06 2020,"Fix Patient Daily Round Scoping",   1, 36, 18 
3fd39ff,Vignesh Hari,Fri Jul 10 01:22:10 2020,"Fix Patient Consultation Scoping",   1, 1, 3 
543b370,Vignesh Hari,Fri Jul 10 01:21:44 2020,"Merge branch 'master' of github.com:coronasafe/care", 
5d9d5e1,Vignesh Hari,Fri Jul 10 01:20:03 2020,"Fix Patient Consultation Scoping",   1, 1, 3 
8ea7a31,Vignesh Hari,Fri Jul 10 01:19:46 2020,"Fixed Consultation Scoping Issues",   2, 9, 28 
fce54bc,Vignesh Hari,Thu Jul 9 22:39:21 2020,"Making Blood Group Required",   2, 3, 2 
5e0631e,Vignesh Hari,Thu Jul 9 02:45:17 2020,"Added Capacity , Triage and Doctor counts in CSV",   3, 55, 5 
e7d7eb8,Vignesh Hari,Wed Jul 8 23:54:57 2020,"Fixed Tests",   1, 1 
fd600b4,Vignesh Hari,Wed Jul 8 23:50:01 2020,"Added facility filter in patient search",   1, 1 
5d4d746,Vignesh Hari,Wed Jul 8 22:13:38 2020,"Added Sample testing facility",   3, 44, 11 
cf55f98,Vignesh Hari,Wed Jul 8 21:19:19 2020,"Create SECURITY.md",   1, 19 
9889f27,Vignesh Hari,Wed Jul 8 21:09:17 2020,"Added FIlters for facility search",   1, 3 
35fccae,Vignesh Hari,Wed Jul 8 21:06:27 2020,"Added API to get all facilities without scoping",   2, 10, 2 
b03e3d9,Vignesh Hari,Wed Jul 8 20:59:11 2020,"Cleaned Patient CSV Download",   1, 7, 1 
f0299dd,Vignesh Hari,Wed Jul 8 19:41:57 2020,"Fixed Patient CSV Download",   3, 30, 26 
2e7d938,Vignesh Hari,Tue Jul 7 18:26:48 2020,"Merge pull request #402 from rejuls/master", 
faad0f8,syamkumar,Tue Jul 7 15:11:11 2020,"Delete ossar-analysis.yml",   1, 45 
a2672d6,Vignesh Hari,Tue Jul 7 02:29:28 2020,"Fixed Tests",   3, 5 
367ae33,Vignesh Hari,Tue Jul 7 02:20:41 2020,"Fixing Postgis connection issue",   2, 7, 2 
822c1ed,Vignesh Hari,Tue Jul 7 02:12:04 2020,"Moved to local Requirements for testing",   1, 3, 3 
eb6f4e7,Vignesh Hari,Tue Jul 7 02:10:04 2020,"Removed password from circle ci postgis",   1, 1 
ad3921d,Vignesh Hari,Tue Jul 7 02:06:13 2020,"Moving Tests to Circle CI",   2, 36, 9 
d0acea4,syamkumar,Tue Jul 7 00:39:22 2020,"Update README.rst", 
fcbbb0d,syamkumar,Tue Jul 7 00:38:59 2020,"Update README.rst",   1, 8, 3 
a2e1a66,syamkumar,Tue Jul 7 00:34:38 2020,"Create anchore-analysis.yml",   1, 30 
572b832,syamkumar,Tue Jul 7 00:33:41 2020,"Create ossar-analysis.yml",   1, 45 
a64b39f,syamkumar,Tue Jul 7 00:32:51 2020,"Update README.rst",   1, 4, 3 
dcef934,Vignesh Hari,Tue Jul 7 00:25:02 2020,"Added OP Consultations in Patient Consultation",   3, 27, 2 
127f070,syamkumar,Tue Jul 7 00:18:15 2020,"Create codeql-analysis.yml",   1, 53 
c504d17,Vignesh Hari,Tue Jul 7 00:17:59 2020,"antenatal field added for patient",   2, 30 
44dfb91,syamkumar,Tue Jul 7 00:12:40 2020,"Delete .travis.yml",   1, 13 
48803bf,syamkumar,Tue Jul 7 00:10:36 2020,"Create CODEOWNERS",   1, 1 
4219ba7,Vignesh Hari,Tue Jul 7 00:05:40 2020,"Solves #420",   5, 47, 6 
12545dd,Vignesh Hari,Fri Jul 3 20:53:27 2020,"Merge pull request #419 from Ajuajmal/master", 
24fd7d5,Vignesh Hari,Thu Jul 2 00:49:33 2020,"Merge pull request #418 from nidhinkandoth/403-make-email-optional", 
1dff269,Vignesh Hari,Tue Jun 30 02:48:19 2020,"Merge pull request #416 from Ajuajmal/master", 
6387d97,Vignesh Hari,Tue Jun 30 02:45:50 2020,"Finished Capacity Summarisation",   11, 127, 31 
d7d8fe7,Bodhish Thomas,Sun Jun 28 03:29:38 2020,"Update patient_pdf_template.html",   1, 1, 1 
34846a0,Vignesh Hari,Fri Jun 26 20:44:38 2020,"removed allergies from list view",   1, 1 
7dcfaf2,Vignesh Hari,Fri Jun 26 20:41:41 2020,"Addde Patient Filter Corrected Transfer Status",   4, 22, 1 
41adcc7,Vignesh Hari,Fri Jun 26 06:27:21 2020,"Added Allergies field to Patient",   2, 25 
5ffaab2,Vignesh Hari,Fri Jun 26 06:27:05 2020,"Added Discharge API",   1, 9 
c92bd70,Vignesh Hari,Fri Jun 26 06:18:21 2020,"exclude timestamp fields in patient consultation api",   1, 2, 1 
da45808,Vignesh Hari,Fri Jun 26 06:17:05 2020,"Added date for daily round",   4, 81, 1 
7342dc1,Vignesh Hari,Fri Jun 26 04:41:45 2020,"Fixed Patient API Permissions",   2, 23, 2 
b71c30d,Vignesh Hari,Thu Jun 25 23:44:46 2020,"made discharge form into POST call",   1, 2, 2 
3ad3fe3,Vignesh Hari,Thu Jun 25 23:39:58 2020,"Fixed Daily Rounds in Summary",   1, 1, 1 
dcd94a3,Bodhish Thomas,Thu Jun 25 23:05:39 2020,"Fix a bug in daily rounds",   1, 2, 2 
1ab3705,Bodhish Thomas,Thu Jun 25 22:54:23 2020,"Update patient_pdf_template.html",   1, 18, 17 
a41b930,Bodhish Thomas,Thu Jun 25 22:43:35 2020,"Update patient summary pdf view",   1, 6, 6 
fec7b7f,Vignesh Hari,Thu Jun 25 22:10:46 2020,"Added Current Date in Discharge Report",   2, 11, 9 
bde7654,Vignesh Hari,Thu Jun 25 21:55:15 2020,"Added a media folder",   2, 1 
46c91a6,Vignesh Hari,Thu Jun 25 21:43:28 2020,"Desperately making it work",   2, 1, 4 
d266c79,Vignesh Hari,Thu Jun 25 21:10:14 2020,"Trying to solve problem",   1, 1, 1 
f406302,Vignesh Hari,Thu Jun 25 20:58:52 2020,"Solved Issue",   2, 2, 1 
f9563fb,Vignesh Hari,Thu Jun 25 20:35:51 2020,"Debugging",   1, 6, 4 
4ce50a2,Vignesh Hari,Thu Jun 25 20:34:27 2020,"Fixing Issue",   1, 1, 1 
4861df4,Vignesh Hari,Thu Jun 25 20:11:08 2020,"Fixed Chrome",   1, 1 
c91d41c,Vignesh Hari,Thu Jun 25 19:36:40 2020,"Finishing chrome",   1, 1, 1 
1faa609,Vignesh Hari,Thu Jun 25 19:33:25 2020,"Chrome",   1, 7, 7 
8115673,Vignesh Hari,Thu Jun 25 19:30:04 2020,"Trying to Install Chrome",   1, 1, 1 
b5942aa,Vignesh Hari,Thu Jun 25 19:23:02 2020,"Trying Chrome",   1, 15, 21 
19ce606,Vignesh Hari,Thu Jun 25 19:17:35 2020,"Solving Chrome issue",   1, 1, 1 
9d35eeb,Vignesh Hari,Thu Jun 25 19:02:49 2020,"Fixing Chrome",   2, 28, 13 
ce6e59d,Vignesh Hari,Thu Jun 25 18:57:03 2020,"Solve SSL Issue",   1, 1, 1 
9fc3658,Vignesh Hari,Thu Jun 25 18:52:59 2020,"Fixing Docker",   1, 4, 4 
a697e02,Vignesh Hari,Thu Jun 25 18:49:57 2020,"Try Other Method",   1, 4, 4 
e9347e6,Vignesh Hari,Thu Jun 25 18:48:45 2020,"Trying other Download Method",   1, 3, 2 
3375326,Vignesh Hari,Thu Jun 25 18:43:53 2020,"Trying to get Chrome in Docker Image",   1, 1, 1 
45f2d1b,Vignesh Hari,Thu Jun 25 18:39:12 2020,"Added wget in Docker",   1, 1, 1 
033de75,Vignesh Hari,Thu Jun 25 18:36:06 2020,"Fixing Docker",   1, 4, 1 
abfa25b,Vignesh Hari,Thu Jun 25 18:29:48 2020,"Trying Different PDF Rendering Method",   6, 253, 26 
7d14e75,Vignesh Hari,Thu Jun 25 02:31:05 2020,"Fixed Bug in circle ci",   1, 1, 1 
2e154cf,Vignesh Hari,Thu Jun 25 02:26:38 2020,"Added Discharge Summary 0.1a",   6, 72, 3 
c7d5db1,Vignesh Hari,Thu Jun 25 02:25:49 2020,"Added Requirements for PDF Rendering",   4, 18, 3 
b3ad0cf,Vignesh Hari,Wed Jun 24 15:58:45 2020,"Merge branch 'master' of github.com:coronasafe/care", 
879c0fa,Vignesh Hari,Wed Jun 24 15:58:28 2020,"Added Transfer Allowence for Source Facility",   3, 41 
eba48ea,Vignesh Hari,Sat Jun 20 04:59:52 2020,"Solving Age issue",   1, 5, 3 
1aba7e7,Vignesh Hari,Sat Jun 20 04:32:18 2020,"Corrected Facility Structure in Patient Search API",   1, 2 
14a0297,Vignesh Hari,Sat Jun 20 04:20:29 2020,"Corrected Patient Search API Structure",   1, 2, 1 
8ca56a3,Vignesh Hari,Sat Jun 20 03:47:21 2020,"Added Patient Search , Solves #393",   5, 100, 5 
3cb944b,Vignesh Hari,Sat Jun 20 02:47:40 2020,"Solves #393",   3, 23, 2 
2463eed,Vignesh Hari,Sat Jun 20 02:18:07 2020,"Solves #392",   1, 3, 2 
36ffa4b,Vignesh Hari,Wed Jun 17 20:53:43 2020,"Fixes #393 Partially",   4, 27, 4 
6bc195c,Vignesh Hari,Wed Jun 17 20:44:53 2020,"Corrected Patient Age in ICMR Form",   1, 5, 10 
6f36b2a,Vignesh Hari,Tue Jun 16 15:51:13 2020,"Added Item Filter in Inventory Log Listing",   1, 7 
c36a6e9,Vignesh Hari,Tue Jun 16 15:41:50 2020,"Added Min Quantity Per Facility",   5, 159, 2 
e28f002,Vignesh Hari,Tue Jun 16 01:20:15 2020,"Added ICMR Category in Patient Sample/ICMR API",   5, 36, 6 
8450abb,Vignesh Hari,Tue Jun 16 01:00:42 2020,"Added is_repeat_test in ICMR",   2, 5 
c2ba9e3,Vignesh Hari,Tue Jun 16 00:30:58 2020,"Possible Fix for date issue in sample request",   1, 1, 1 
112397a,Vignesh Hari,Tue Jun 16 00:22:07 2020,"Added Hospital Pincode in ICMR Form",   1, 2 
57a35b6,Vignesh Hari,Tue Jun 16 00:03:08 2020,"Fix Symptoms missing from ICMR",   1, 1, 1 
84b4548,Vignesh Hari,Mon Jun 15 02:32:39 2020,"Fix possible issue in inventory management",   1, 1 
d249bae,Vignesh Hari,Sun Jun 14 01:47:15 2020,"Solves #379",   1, 6, 1 
85ed5b0,Vignesh Hari,Sun Jun 14 01:21:38 2020,"Added Pincode in Facility",   6, 52, 27 
b6127b0,Vignesh Hari,Sun Jun 14 01:00:28 2020,"Solves Age issue",   2, 12, 14 
8b82f09,Vignesh Hari,Sun Jun 14 00:25:41 2020,"Try Sync Age Command",   1, 41 
eb38a6e,Vignesh Hari,Sat Jun 13 03:55:30 2020,"Fixed SVE-CARE-1",   2, 28, 19 
23aff25,Vignesh Hari,Fri Jun 12 23:23:54 2020,"Users cannot be created without a Valid Authenticated user",   1, 15, 11 
12289d6,Vignesh Hari,Fri Jun 12 23:20:42 2020,"Fixes SVE-CARE-1",   1, 21, 5 
9ba89fd,Vignesh Hari,Fri Jun 12 04:20:29 2020,"Remove Create User Option",   1, 5, 2 
5138d4c,Vignesh Hari,Fri Jun 12 00:19:33 2020,"Fix Api Docs",   1, 1, 1 
ee00e0f,Vignesh Hari,Thu Jun 11 18:11:58 2020,"Solves #377",   1, 1 
8551dc0,Vignesh Hari,Thu Jun 11 18:08:51 2020,"Added Inventory API",   8, 454, 1 
ba302c3,Vignesh Hari,Thu Jun 11 16:34:15 2020,"Merge branch 'master' of github.com:coronasafe/care", 
a8a8e9e,Vignesh Hari,Thu Jun 11 16:33:51 2020,"Fix Swagger",   1, 2, 2 
c928f0e,Vignesh Hari,Tue Jun 9 03:08:54 2020,"Changed Unique key to Username for Reset Pw",   2, 22, 18 
e402569,Vignesh Hari,Mon Jun 8 22:33:04 2020,"Fixed Reset Emails",   5, 166, 6 
ba0b5ec,Vignesh Hari,Mon Jun 8 19:11:31 2020,"moved to correct file formatting",   2, 1 
88a5e33,Vignesh Hari,Mon Jun 8 18:52:12 2020,"Sending only one email",   1, 5, 7 
c8ca926,Vignesh Hari,Mon Jun 8 05:31:07 2020,"suburl for password reset",   1, 1, 1 
260eb6d,Vignesh Hari,Mon Jun 8 05:30:32 2020,"Fix Multiple Emails",   1, 7, 10 
3defbde,Vignesh Hari,Mon Jun 8 05:10:14 2020,"added reset passwords",   11, 101, 16 
39a15e3,Vignesh Hari,Sun Jun 7 01:10:20 2020,"Added CSV download Option in API",   6, 37, 1 
d8fcde3,Vignesh Hari,Tue May 19 09:59:40 2020,"Fixed all tests",   1, 3, 3 
556d33c,Vignesh Hari,Tue May 19 09:49:21 2020,"Added Facility Filter in API",   1, 14, 2 
139312d,Vignesh Hari,Tue May 19 09:42:26 2020,"Solve User Creation Facility Permission",   1, 1, 1 
3f391d8,Vignesh Hari,Tue May 19 08:23:22 2020,"Fixed Sample Permissions",   3, 17, 14 
ed069bc,Vignesh Hari,Tue May 19 08:21:03 2020,"Fixed patient Consultations",   2, 4, 2 
bf5cce2,Vignesh Hari,Tue May 19 07:22:33 2020,"Fixed Permission Issue in Facility Creation",   1, 5, 1 
7f9775b,Vignesh Hari,Tue May 19 07:05:49 2020,"Fixed Patient Permission Issue",   2, 18, 9 
9f05c65,Vignesh Hari,Tue May 19 07:04:52 2020,"Fixed Issues in Facility API",   3, 11, 9 
b4dc436,Vignesh Hari,Tue May 19 06:26:21 2020,"Fixed Query issues in Multiple Users",   2, 5, 3 
b9e427f,Vignesh Hari,Tue May 19 06:19:49 2020,"Fixed Return 2 Issue in Facilities",   1, 3, 1 
d48b02a,Vignesh Hari,Tue May 19 05:25:09 2020,"Made getcurrentuser into one query",   1, 1, 1 
b6b3ef4,Vignesh Hari,Tue May 19 04:37:48 2020,"Added Unique Facility Users",   2, 25 
9a519d1,Vignesh Hari,Fri May 15 22:11:46 2020,"Fixed Tests",   1, 1, 1 
0f39ca8,Vignesh Hari,Fri May 15 22:08:38 2020,"Added New facility type",   2, 20 
88cb99b,Vignesh Hari,Fri May 15 22:02:12 2020,"Removed Logging of userdata",   1, 1 
3c5793b,Vignesh Hari,Fri May 15 22:01:48 2020,"Solved Permission Issue with user  creation",   1, 2 
c26d3d6,Vignesh Hari,Fri May 15 21:40:59 2020,"Fixed Issue with External Id",   1, 2, 1 
f6528b1,Vignesh Hari,Fri May 15 20:46:44 2020,"Solved External Id Issue in User Creation",   1, 4, 2 
0b1db79,Vignesh Hari,Fri May 15 20:45:01 2020,"Solved Facility User Creation Issue",   1, 1, 1 
0063656,Faris Shajahan,Thu May 14 23:56:56 2020,"noinput flag in collectstatic",   1, 1, 1 
7349639,Faris Shajahan,Thu May 14 23:41:29 2020,"Changed CI configuration",   2, 19, 25 
f39044d,Vignesh Hari,Tue May 12 05:49:56 2020,"Possible Patients Mismatch Fix",   1, 5, 5 
4589d2d,Vignesh Hari,Tue May 12 05:16:41 2020,"Possible Patient Fix",   1, 5, 5 
18415b4,Vignesh Hari,Tue May 12 04:13:38 2020,"Merge branch 'master' of github.com:coronasafe/care", 
45eff51,Vignesh Hari,Tue May 12 04:13:23 2020,"Fixed All Tests",   2, 12, 2 
d6783e7,Vignesh Hari,Tue May 12 03:49:58 2020,"Fixed Transfer Test",   1, 4, 4 
aab028d,Vignesh Hari,Tue May 12 03:17:22 2020,"Solved Patient Consultation Issue",   1, 2, 2 
be1bd19,Vignesh Hari,Tue May 12 02:28:05 2020,"Solved Patient Transfer Issue",   2, 10, 5 
f633dd6,Vignesh Hari,Tue May 12 02:27:26 2020,"Added New External Id for Patient Search",   4, 260, 2 
e288134,Vignesh Hari,Mon May 11 01:58:36 2020,"Add Id in Patient Sample",   1, 3, 1 
63fa95c,Vignesh Hari,Mon May 11 00:19:59 2020,"Fixed Daily Rounds",   1, 5, 5 
a624c9d,Vignesh Hari,Sun May 10 23:34:53 2020,"Fixed Patient Consultaitons",   2, 6, 6 
21d0f02,Vignesh Hari,Sun May 10 22:10:29 2020,"Fixed Patient API",   1, 5, 1 
f19db19,Vignesh Hari,Sun May 10 21:56:06 2020,"Solved Permisson Issue in Facilities",   1, 14, 4 
3a7a55e,Vignesh Hari,Sun May 10 21:43:26 2020,"Fixed Updating Facility Capacity",   1, 2, 1 
7739350,Vignesh Hari,Sun May 10 21:40:05 2020,"Fixed Hospital Doctors",   2, 4, 3 
698e75c,Vignesh Hari,Sun May 10 21:21:09 2020,"Facility Capacity Fixed",   2, 4, 3 
f59c5d7,Vignesh Hari,Sun May 10 21:05:32 2020,"Added facility Id fix",   1, 1, 1 
4fb8eb7,Vignesh Hari,Sun May 10 20:43:04 2020,"Solved Migration Issues",   3, 187, 19 
91fa7c2,Vignesh Hari,Sun May 10 20:01:25 2020,"Merge pull request #371 from anroopak/fix/external_id", 
da812cf,Vignesh Hari,Sun May 10 05:41:31 2020,"Solved Sample Issue",   1, 1, 1 
90b137f,Faris Shajahan,Tue May 5 05:53:52 2020,"Added CI configs for updating scheduler and workers",   1, 32 
418c05d,Vignesh Hari,Sun May 3 01:35:32 2020,"Fixed Issue with Initial Migration",   1, 5, 9 
cc3186a,Faris Shajahan,Tue Apr 28 21:44:49 2020,"Add latest image tag for new images",   1, 1, 1 
13bc1f0,Vignesh Hari,Tue Apr 28 07:31:06 2020,"Completing Issue in Jira [ CARE-241 ]",   1, 2, 2 
ff5c705,Vignesh Hari,Tue Apr 28 07:17:35 2020,"Merge branch 'master' of github.com:coronasafe/care", 
bc1cb8b,Vignesh Hari,Tue Apr 28 07:16:01 2020,"Added Temp Summarisation",   2, 54 
6d5d1f6,Vignesh Hari,Tue Apr 28 07:15:41 2020,"Added Celery and Celery-beat",   5, 63, 3 
27119f4,Afzal Shahul Hameed,Sat Apr 25 19:26:44 2020,"CARE-238: Fixes duplicate uuids in patients (#368)",   4, 73, 1 
52aa88b,Afzal Shahul Hameed,Fri Apr 24 19:57:04 2020,"uuid in patients (#365)",   10, 74, 19 
0e3a4fc,Bodhish Thomas,Fri Apr 24 05:41:24 2020,"Fix a bug in postgres local config",   1, 1, 1 
b6cde75,Vignesh Hari,Fri Apr 24 04:59:02 2020,"Added Auth For Creating Ambulances",   1, 1, 1 
889c23d,Roopak A N,Tue Apr 21 21:34:21 2020,"Merge pull request #361 from sanoop-pk/facility_details_in_consultation_detail", 
6a33f49,Roopak A N,Tue Apr 21 20:09:14 2020,"Merge pull request #360 from sanoop-pk/facility_details_in_consultation_detail", 
12d7193,Roopak A N,Tue Apr 21 00:01:56 2020,"Merge pull request #359 from sanoop-pk/patient_search", 
20b790e,Roopak A N,Mon Apr 20 17:24:33 2020,"Merge pull request #358 from anroopak/fix-icmr-form", 
43b5766,RejulS,Sun Apr 19 05:06:23 2020,"Remove all django rendered forms and related components.",   3, 4, 98 
00fc9dd,Roopak A N,Sun Apr 19 04:14:41 2020,"Merge pull request #353 from sanoop-pk/travel_field_jsonb", 
cc7dbf6,Roopak A N,Sun Apr 19 03:33:26 2020,"Merge pull request #354 from anroopak/add-state-while-creating-users", 
bd7516a,Roopak A N,Sat Apr 18 21:04:45 2020,"Merge pull request #352 from anroopak/add-state-while-creating-users", 
6eee5d8,Roopak A N,Sat Apr 18 18:19:08 2020,"Merge pull request #350 from coronasafe/newrelic-apm", 
d41413f,Mansoor A,Sat Apr 18 18:04:49 2020,"Add the newrelic APM",   2, 5, 1 
c1a2962,Roopak A N,Sat Apr 18 17:48:13 2020,"Merge pull request #348 from shalicemoideen/remove_fields_from_patient_search_228", 
c95c86a,Roopak A N,Sat Apr 18 17:45:15 2020,"Merge pull request #349 from anroopak/fix/consultation-get", 
15caa9b,Roopak A N,Fri Apr 17 20:51:30 2020,"Merge pull request #345 from agzuniverse/date_fix", 
bd769e1,Roopak A N,Fri Apr 17 20:49:19 2020,"Merge pull request #346 from sanoop-pk/master", 
5049fa2,Roopak A N,Fri Apr 17 20:41:16 2020,"Merge pull request #347 from anroopak/add-github-workflows", 
c018693,Roopak A N,Thu Apr 16 16:40:43 2020,"Merge pull request #344 from anroopak/enhance/CARE-227-add-response-to-patient-transfer", 
115c17a,Roopak A N,Thu Apr 16 15:26:31 2020,"Merge pull request #336 from shalicemoideen/add_date_information_rcvd_322", 
99af5e0,Roopak A N,Thu Apr 16 15:21:25 2020,"Merge pull request #343 from anroopak/fix-facility-type-list-index-error", 
e043f1b,Roopak A N,Thu Apr 16 06:00:14 2020,"Merge pull request #342 from anroopak/add-transfer-patient-api", 
89b0d76,Roopak A N,Thu Apr 16 05:07:20 2020,"Merge pull request #341 from anroopak/consultation-permission-issue", 
aa68665,Roopak A N,Wed Apr 15 18:26:55 2020,"Merge pull request #340 from anroopak/add-facility-users-and-refactor", 
7e6428b,Roopak A N,Wed Apr 15 18:07:16 2020,"Merge pull request #339 from anroopak/add-govt-medical-college-hospitals", 
05c46ea,Roopak A N,Wed Apr 15 16:38:01 2020,"Merge pull request #337 from anroopak/add-govt-medical-college-hospitals", 
78ae656,Roopak A N,Wed Apr 15 12:09:04 2020,"Merge pull request #334 from abhiabhi94/add-testing-labs-as-facility-type", 
72037e9,Roopak A N,Wed Apr 15 02:58:18 2020,"Merge pull request #330 from anroopak/add-test-sample-api-tests", 
eeb41f4,Roopak A N,Wed Apr 15 01:45:37 2020,"Merge pull request #331 from anroopak/add-facility-users-and-refactor", 
3657273,Roopak A N,Wed Apr 15 01:32:32 2020,"Merge pull request #332 from anroopak/fix/CARE-204", 
542a7ee,Roopak A N,Tue Apr 14 21:01:56 2020,"Merge pull request #328 from agzuniverse/home_isolation", 
7e66801,Roopak A N,Mon Apr 13 21:57:49 2020,"Merge pull request #326 from anroopak/feat/CARE-193-add-icmr-api", 
7e36c80,Roopak A N,Mon Apr 13 20:38:49 2020,"Merge pull request #325 from anroopak/feat/CARE-193-add-icmr-api", 
7e949b9,Roopak A N,Mon Apr 13 20:24:36 2020,"Merge pull request #324 from anroopak/feat/CARE-193-add-icmr-api", 
0911c15,Roopak A N,Mon Apr 13 18:28:52 2020,"Merge pull request #321 from abhiabhi94/add-state-admin", 
f3f66d6,Roopak A N,Mon Apr 13 14:31:53 2020,"Merge pull request #318 from anroopak/feat/CARE-193-add-icmr-api", 
f836180,Roopak A N,Mon Apr 13 11:15:18 2020,"Merge pull request #315 from anroopak/add-facility-users-and-refactor", 
7bf9087,Roopak A N,Sun Apr 12 15:56:03 2020,"Merge pull request #304 from anroopak/make-age-dob-not-mandatory-add-permission", 
138b363,Roopak A N,Sun Apr 12 07:30:08 2020,"Merge pull request #309 from anroopak/add-facility-types-patient-info", 
dbdc9a5,Roopak A N,Sun Apr 12 07:26:30 2020,"Merge pull request #310 from anroopak/improve-patient-search", 
17425e9,Vignesh Hari,Sat Apr 11 16:13:33 2020,"Fixed Tests in Users",   1, 1 
f736d3b,Vignesh Hari,Sat Apr 11 16:06:53 2020,"Made Age Nullable in Models",   2, 24, 1 
73e8e8d,Vignesh Hari,Sat Apr 11 16:04:15 2020,"Added Verified status also in Response",   1, 2 
edf7675,Roopak A N,Sat Apr 11 15:19:45 2020,"Merge pull request #301 from anroopak/add-patient-search", 
8851085,Afzal Shahul Hameed,Fri Apr 10 20:38:37 2020,"Facility search: raw query -> orm (#295)",   1, 15, 25 
6502cef,Afzal Shahul Hameed,Fri Apr 10 17:16:19 2020,"Fixes facility search (#294)",   2, 26, 14 
8ad96f9,Afzal Shahul Hameed,Fri Apr 10 15:53:40 2020,"Removes pytest and old tests written with it (#293)",   10, 1, 987 
0de8aae,Afzal Shahul Hameed,Fri Apr 10 15:40:17 2020,"Merge pull request #292 from anroopak/add-patient-search", 
1b0afb1,Afzal Shahul Hameed,Fri Apr 10 14:58:50 2020,"Adds search to facility", 
96925a5,syamkumar,Fri Apr 10 04:16:53 2020,"Merge pull request #289 from coronasafe/tomahawk-pilot-patch-1", 
a8f62eb,Roopak A N,Thu Apr 9 23:50:00 2020,"Merge pull request #290 from anroopak/add-patient-search", 
85a7956,syamkumar,Thu Apr 9 16:56:25 2020,"Update readme",   1, 6 
c7f3a0c,Roopak A N,Thu Apr 9 13:28:49 2020,"Merge pull request #288 from anroopak/refactor-models", 
c8abbde,Vignesh Hari,Thu Apr 9 09:38:55 2020,"Solves #286",   4, 38, 2 
aee79b8,Vignesh Hari,Thu Apr 9 09:28:12 2020,"Added Created at and modified at to Patient Model",   4, 57, 6 
e834959,Vignesh Hari,Thu Apr 9 09:15:09 2020,"Fixed Tests",   1, 6 
c688644,Vignesh Hari,Thu Apr 9 09:07:15 2020,"Added more Patient Data fields",   2, 48 
35d0b8d,Vignesh Hari,Thu Apr 9 08:53:30 2020,"Added More Symptoms",   2, 35 
b2f2682,Vignesh Hari,Thu Apr 9 08:44:29 2020,"Added Extra Fields in Patient Sample Model",   3, 95, 1 
2450c1b,Roopak A N,Wed Apr 8 18:16:53 2020,"Merge pull request #282 from coronasafe/revert-277-fix_choices", 
edf3638,Roopak A N,Wed Apr 8 18:14:25 2020,"Revert "Fix choices"",   22, 284, 414 
5c7f917,Roopak A N,Wed Apr 8 14:51:48 2020,"Merge pull request #281 from anroopak/order-consultation-in-desc-time", 
5428f84,Roopak A N,Wed Apr 8 14:51:28 2020,"Merge pull request #277 from abhiabhi94/fix_choices", 
db0f912,Roopak A N,Wed Apr 8 14:19:25 2020,"Merge pull request #280 from agzuniverse/error_fix", 
18f6a59,Faris Shajahan,Tue Apr 7 05:31:30 2020,"Added maintenance mode",   3, 14, 1 
3842720,Faris Shajahan,Tue Apr 7 04:01:04 2020,"Make request limiting rate an env variable",   2, 1, 2 
65310d8,Roopak A N,Mon Apr 6 16:05:08 2020,"Merge pull request #275 from anroopak/issue#258", 
66ca3c8,Roopak A N,Mon Apr 6 16:04:55 2020,"Merge pull request #274 from anroopak/refactor-patient-tests", 
0d5d886,Vignesh Hari,Mon Apr 6 04:25:22 2020,"Added Experimental Feature to more models",   1, 26, 11 
cda454a,Vignesh Hari,Mon Apr 6 03:50:42 2020,"Added Experimental Feature",   3, 11, 1 
e3f1c6a,Vignesh Hari,Mon Apr 6 01:25:46 2020,"Solves #267",   1, 1, 1 
9eece64,Vignesh Hari,Mon Apr 6 01:01:57 2020,"Fixed Daily Rounds Scopes",   2, 13, 1 
3ccb241,Roopak A N,Sun Apr 5 17:41:38 2020,"Merge pull request #271 from anroopak/move-to-django-unittests", 
c6b0854,Afzal Shahul Hameed,Sun Apr 5 17:04:13 2020,"Patient list: Skip patients without a facility by default for superusers too (#270)",   2, 13, 6 
904b23b,Afzal Shahul Hameed,Sun Apr 5 16:16:41 2020,"Further relaxes sample flow rules (#269)",   1, 1, 1 
02d32f4,Afzal Shahul Hameed,Sun Apr 5 16:01:44 2020,"Merge pull request #268 from coronasafe/relax_sample_flow_rules", 
f063616,Vignesh Hari,Sun Apr 5 15:54:09 2020,"Added Missing Migrations",   1, 29 
c815659,Vignesh Hari,Sun Apr 5 04:44:48 2020,"Solves #264",   1, 1 
4114d2f,Vignesh Hari,Sun Apr 5 04:40:22 2020,"Solves #261",   3, 58 
569477b,Vignesh Hari,Sun Apr 5 03:46:30 2020,"Solves #263",   3, 28 
0020841,Vignesh Hari,Sun Apr 5 03:42:32 2020,"Corrected Ongoing Meds Unit Tests",   1, 2 
27088ca,Vignesh Hari,Sun Apr 5 03:04:16 2020,"Merge pull request #255 from reshma-t/issue#241", 
1469172,Vignesh Hari,Sun Apr 5 02:52:57 2020,"Merge pull request #265 from chrishna1/master", 
f3e1a29,Roopak A N,Sat Apr 4 23:40:05 2020,"Merge pull request #256 from anroopak/patient-refer-changes", 
3790734,Roopak A N,Sat Apr 4 22:23:21 2020,"Merge pull request #252 from SarathMK/fix-superuser-creation", 
7887828,Roopak A N,Sat Apr 4 17:24:19 2020,"Merge pull request #249 from abhiabhi94/master", 
1117aad,Roopak A N,Sat Apr 4 15:42:05 2020,"Merge pull request #244 from SarathMK/fix_user_api_tests", 
89f74ab,Faris Shajahan,Sat Apr 4 05:41:07 2020,"Added CircleCI badge",   1, 3, 3 
80704ce,Roopak A N,Sat Apr 4 01:17:37 2020,"Merge pull request #242 from abhiabhi94/master", 
e27d246,Roopak A N,Fri Apr 3 22:27:34 2020,"Merge pull request #240 from anroopak/show-only-patients-mapped-to-facility-by-default", 
418e92e,Afzal Shahul Hameed,Fri Apr 3 16:56:32 2020,"Merge pull request #238 from coronasafe/issue-#209", 
3941b41,Afzal Shahul Hameed,Fri Apr 3 14:51:32 2020,"Merge pull request #227 from abhiabhi94/master", 
4419152,Vignesh Hari,Fri Apr 3 08:35:57 2020,"Added TimeZone Support to Django",   1, 3, 3 
962f8bf,Vignesh Hari,Fri Apr 3 08:29:04 2020,"Added new room type",   2, 29 
c419b6d,Vignesh Hari,Fri Apr 3 08:14:16 2020,"Merge pull request #235 from coronasafe/reshma-t-issue#226", 
19d9667,Vignesh Hari,Fri Apr 3 08:12:29 2020,"Fixed Bugs in Code",   4, 49, 22 
3868286,Faris Shajahan,Fri Apr 3 07:55:31 2020,"Merge pull request #231 from farisshajahan/aws-production", 
87c8648,Vignesh Hari,Fri Apr 3 07:39:29 2020,"Merge branch 'issue#226' of https://github.com/reshma-t/care into reshma-t-issue#226", 
7d030a5,Vignesh Hari,Fri Apr 3 06:36:12 2020,"Merge branch 'master' of github.com:coronasafe/care", 
84f0560,Vignesh Hari,Fri Apr 3 06:35:53 2020,"Added Watchman Status Checks",   3, 5, 2 
e035698,Vignesh Hari,Fri Apr 3 04:41:47 2020,"Added Verbose names and added blank's",   2, 96, 7 
823eb35,Roopak A N,Fri Apr 3 04:29:31 2020,"Merge pull request #228 from anroopak/add-many-features", 
8c31e6b,Vignesh Hari,Fri Apr 3 02:59:24 2020,"LSG Sorting Completed",   1, 1, 1 
d4fa31f,Vignesh Hari,Fri Apr 3 02:48:04 2020,"Added All required Changes in Patient Data",   4, 119, 4 
1a84753,Vignesh Hari,Fri Apr 3 00:04:23 2020,"Solved Conflicting migrations",   1, 14 
572be32,Roopak A N,Thu Apr 2 23:45:58 2020,"Merge pull request #224 from anroopak/add-facility_id-to-patient-sample-list", 
a82ab43,Vignesh Hari,Thu Apr 2 23:36:54 2020,"Merge branch 'master' of github.com:coronasafe/care", 
b2ece8c,Vignesh Hari,Thu Apr 2 23:36:28 2020,"Added more disease options",   2, 20 
7b053e6,Vignesh Hari,Thu Apr 2 21:29:08 2020,"Fixed Bug in Code",   2, 19, 1 
6633782,Vignesh Hari,Thu Apr 2 21:26:42 2020,"Added Private and Govt Classification in Hospitals",   2, 20, 1 
e53cd93,Roopak A N,Thu Apr 2 21:19:13 2020,"Merge pull request #222 from abhiabhi94/master", 
c6366fc,Roopak A N,Thu Apr 2 19:36:04 2020,"Merge pull request #221 from anroopak/add-facility-id-to-patients", 
8bce667,Afzal Shahul Hameed,Thu Apr 2 15:47:50 2020,"Merge pull request #220 from coronasafe/facility_list_all_changes", 
6028225,Afzal Shahul Hameed,Thu Apr 2 14:45:21 2020,"Ignores new tests in a better way (#219)",   2, 2, 2 
3b49538,Afzal Shahul Hameed,Thu Apr 2 13:59:34 2020,"Merge pull request #218 from coronasafe/fix_tests", 
90e5c66,Afzal Shahul Hameed,Thu Apr 2 13:13:48 2020,"Merge pull request #216 from abhiabhi94/master", 
845cdcd,Vignesh Hari,Thu Apr 2 05:35:17 2020,"Solved Permission issue of Hospital Doctor Count",   2, 45, 1 
42f23e0,Vignesh Hari,Thu Apr 2 05:26:25 2020,"Solved Touch Issue",   4, 63, 2 
d39ef3d,Vignesh Hari,Thu Apr 2 04:49:47 2020,"Added Extra information in Patient Sample",   4, 30, 1 
106a35e,Vignesh Hari,Thu Apr 2 04:22:09 2020,"Added More info for patients",   2, 120, 2 
74f4c1b,Roopak A N,Wed Apr 1 22:53:36 2020,"Merge pull request #214 from anroopak/add-facility_id-to-patient-sample-list", 
aa56d7d,Vignesh Hari,Wed Apr 1 21:25:11 2020,"Removed Local Body from Admin Search as it gets too big",   1, 12, 12 
05ae3f6,Vignesh Hari,Wed Apr 1 21:23:04 2020,"Merge pull request #213 from sandeepsajan0/admin_panen_filters", 
0a3aad3,Roopak A N,Wed Apr 1 20:35:38 2020,"Merge pull request #193 from anroopak/fix-tests", 
a79c4cc,Vignesh Hari,Wed Apr 1 20:29:03 2020,"Merge pull request #212 from agzuniverse/facility_update", 
e6b4302,Vignesh Hari,Wed Apr 1 20:26:45 2020,"Merge branch 'master' of github.com:coronasafe/care", 
330306f,Vignesh Hari,Wed Apr 1 20:18:53 2020,"Added TeleMedicine Options",   2, 19 
390e1cb,Vignesh Hari,Wed Apr 1 19:40:12 2020,"Patient Sample Now ordered with inverse id",   1, 9, 5 
1aa352c,Afzal Shahul Hameed,Wed Apr 1 19:34:07 2020,"Adds state and localbody to user payload (#207)",   2, 10 
718c6c1,Vignesh Hari,Wed Apr 1 19:32:26 2020,"Solved Ambulance Vehicle Number Regex Issue",   2, 20, 1 
eea6dce,Vignesh Hari,Wed Apr 1 19:30:58 2020,"Added More User Fields in Admin",   3, 50, 4 
c081395,Vignesh Hari,Wed Apr 1 19:29:48 2020,"Removed Logging in Home Page",   1, 2 
106c67a,Afzal Shahul Hameed,Wed Apr 1 17:29:08 2020,"Fixes sample flow permissions (#205)",   2, 22, 10 
9f0b301,Afzal Shahul Hameed,Wed Apr 1 16:29:28 2020,"Implements test sample status flow (#204)",   3, 66, 19 
8cd2c9d,Vignesh Hari,Wed Apr 1 07:25:08 2020,"Fixed Facility Permissions",   1, 4 
be9bfe4,Afzal Shahul Hameed,Wed Apr 1 06:44:43 2020,"User response payload: Returns is_superuser flag (#203)",   2, 5, 2 
862a6e5,Afzal Shahul Hameed,Wed Apr 1 06:30:45 2020,"Returns flow and patient name in sample list (#202)",   3, 28, 13 
46254e2,Afzal Shahul Hameed,Wed Apr 1 05:28:20 2020,"Merge pull request #201 from coronasafe/facility_api_changes", 
5cb1b32,Afzal Shahul Hameed,Wed Apr 1 04:20:08 2020,"Restricts user update (#199)",   3, 29, 7 
0844804,Afzal Shahul Hameed,Wed Apr 1 04:00:38 2020,"Fixes users API permissions (#198)",   4, 50, 30 
ceb52e5,Vignesh Hari,Tue Mar 31 23:57:14 2020,"Added Suggestion Text in Response",   1, 3 
e2a76c2,Vignesh Hari,Tue Mar 31 23:16:09 2020,"Merge branch 'master' of github.com:coronasafe/care", 
0011acb,Vignesh Hari,Tue Mar 31 23:13:43 2020,"Automatically get lasst consultation",   2, 18, 2 
1c59021,Vignesh Hari,Tue Mar 31 22:11:07 2020,"ambulance updated",   3, 44, 28 
fa7e2e7,Mansoor A,Tue Mar 31 22:05:07 2020,"expose",   1, 2 
8f7407d,Vignesh Hari,Tue Mar 31 21:48:36 2020,"Added Ambulance Create Viewset",   1, 3, 2 
714b34b,Vignesh Hari,Tue Mar 31 21:46:07 2020,"Changed Ambulance Permissions",   3, 98, 15 
bfe1597,Mansoor A,Tue Mar 31 21:09:48 2020,"fix",   1, 1, 1 
e9bf27d,Afzal Shahul Hameed,Tue Mar 31 20:40:39 2020,"Fixes facility permissions (#195)",   2, 28, 6 
fb8815b,Afzal Shahul Hameed,Tue Mar 31 20:23:26 2020,"Fixes facility permissions",   2, 28, 6 
d5bcbb6,Mansoor A,Tue Mar 31 20:32:29 2020,"Merge remote-tracking branch 'origin/master' into aws-migration", 
cb6a389,Mansoor A,Tue Mar 31 20:32:10 2020,"Add python3-dev",   1, 1, 7 
7c09f7d,Afzal Shahul Hameed,Tue Mar 31 20:07:47 2020,"Fixes medical history (#194)",   5, 66, 8 
f670eaf,Afzal Shahul Hameed,Tue Mar 31 19:47:42 2020,"Fixes medical history",   5, 66, 8 
66b3263,Mansoor A,Tue Mar 31 19:00:54 2020,"Let k8s handle that",   1, 3 
b00b82f,Mansoor A,Tue Mar 31 19:00:36 2020,"move to start",   2, 33, 42 
4b796ee,Roopak A N,Tue Mar 31 18:24:48 2020,"Merge pull request #192 from anroopak/fix-patient-test-samples-api", 
f3e4a2a,Mansoor A,Tue Mar 31 17:07:10 2020,"Dockerfile tryout",   3, 96 
d7846f8,Vignesh Hari,Tue Mar 31 14:44:41 2020,"Merge pull request #186 from agzuniverse/update-readme", 
6a15e40,Vignesh Hari,Tue Mar 31 14:41:24 2020,"Solved issue with Facility view",   1, 3 
229aa9c,Roopak A N,Tue Mar 31 14:14:06 2020,"Merge pull request #190 from anroopak/fix-patient-sample-permission-issues", 
dd34f64,biswaz,Tue Mar 31 13:06:31 2020,"show disease id in patientdetail",   1, 1, 1 
47db131,Vignesh Hari,Tue Mar 31 11:56:08 2020,"Added Read_only to integer field",   2, 3, 3 
feabce5,Vignesh Hari,Tue Mar 31 11:50:28 2020,"Add Disease Id to the data",   1, 1 
8d9127f,Vignesh Hari,Tue Mar 31 11:36:26 2020,"Solved Bug in Daily Rounds Viewset",   2, 13, 31 
db41e4c,Vignesh Hari,Tue Mar 31 11:28:25 2020,"Add District level Admin to permission set",   1, 4 
9a6f668,Vignesh Hari,Tue Mar 31 10:22:53 2020,"Fixed Patient Permission for District Level",   2, 12 
e947424,Vignesh Hari,Tue Mar 31 07:12:54 2020,"Added facility Basic List",   1, 11, 1 
edbe74a,Vignesh Hari,Tue Mar 31 05:29:27 2020,"Solved Issues with Ambulance Creation",   2, 11, 14 
a896dc8,Roopak A N,Tue Mar 31 04:05:52 2020,"Merge pull request #189 from anroopak/optimize-facility-upsert", 
23f7dee,Afzal Shahul Hameed,Tue Mar 31 02:50:30 2020,"Consultation API: Adds filtering by facility and patient ids (#188)",   1, 18 
7c386f1,Afzal Shahul Hameed,Tue Mar 31 02:25:05 2020,"Merge pull request #187 from coronasafe/patient_changes", 
207949c,Roopak A N,Tue Mar 31 01:30:34 2020,"Merge pull request #183 from anroopak/api-facility-patients", 
6fa8d23,Vignesh Hari,Tue Mar 31 00:57:09 2020,"Revert Home Page to use render",   1, 3, 1 
8ecc5a6,Vignesh Hari,Tue Mar 31 00:28:51 2020,"Merge pull request #177 from abhiabhi94/master", 
7d624fa,Afzal Shahul Hameed,Tue Mar 31 00:19:51 2020,"Merge pull request #185 from coronasafe/daily_rounds", 
d446cf6,Afzal Shahul Hameed,Mon Mar 30 21:32:41 2020,"Merge pull request #184 from coronasafe/consultation_extension", 
dabf0db,RejulS,Mon Mar 30 19:04:23 2020,"Edit buttons fully clickable. Removed axes requirement.",   2, 4, 6 
6b9836c,Vignesh Hari,Mon Mar 30 16:20:03 2020,"Merge pull request #166 from ignujee/tanzeem", 
29545f1,Vignesh Hari,Mon Mar 30 16:17:45 2020,"Merge pull request #181 from anroopak/feat-add-facility-to-patient", 
8841af9,Vignesh Hari,Mon Mar 30 16:15:52 2020,"Merge pull request #164 from coronasafe/travis-status", 
c693f83,Vignesh Hari,Mon Mar 30 16:14:31 2020,"Merge pull request #179 from agzuniverse/update-readme", 
b1fd96a,Vignesh Hari,Mon Mar 30 16:03:46 2020,"Changed Simple JWT structure",   1, 30, 7 
92f6d8e,Roopak A N,Mon Mar 30 14:56:24 2020,"Merge pull request #182 from anroopak/add-non-paginated-apis-to-state-district", 
62fbf1e,Faris Shajahan,Mon Mar 30 01:15:51 2020,"Merge pull request #174 from sandeepsajan0/sandeep_patch1", 
dcd0847,Afzal Shahul Hameed,Sun Mar 29 22:02:46 2020,"Merge pull request #172 from coronasafe/patient_eager_load", 
3507b5c,biswaz,Sun Mar 29 20:26:28 2020,"Merge branch 'master' of github.com:coronasafe/care", 
ae30c32,biswaz,Sun Mar 29 20:25:41 2020,"fix - fernet keys should be list",   1, 3, 1 
c6f050c,biswaz,Sun Mar 29 19:06:07 2020,"pep8 fixes",   1, 8, 8 
bc6c0bf,biswaz,Sun Mar 29 19:05:45 2020,"fix case where patient data doesnt exist in db",   1, 1, 1 
4c7b8c6,Afzal Shahul Hameed,Sun Mar 29 18:47:43 2020,"Auth changes (#168)",   2, 16, 2 
8505d72,Afzal Shahul Hameed,Sun Mar 29 18:34:08 2020,"Merge pull request #167 from coronasafe/149", 
6120f3c,Biswas B,Sun Mar 29 18:03:51 2020,"Merge pull request #160 from anroopak/feat-patient-samples", 
c1ffaa1,Afzal Shahul Hameed,Sun Mar 29 17:05:41 2020,"GET patient consultation history: Corrects documentation (#163)",   1, 3, 1 
480bddb,Afzal Shahul Hameed,Sun Mar 29 16:52:30 2020,"Patients API: Makes disease details optional (#162)",   1, 1, 1 
6584f39,Vignesh Hari,Sun Mar 29 16:50:41 2020,"Solved District Name rendering Issues",   2, 19, 14 
26d9ea6,Afzal Shahul Hameed,Sun Mar 29 16:24:25 2020,"Patients API: Restrict to only creators and superusers (#161)",   1, 9, 17 
be2ed9d,Afzal Shahul Hameed,Sun Mar 29 15:02:07 2020,"Fixes rate limiting in production",   2, 5, 4 
3ad84d0,Afzal Shahul Hameed,Sun Mar 29 14:41:28 2020,"Users API: Restrict users from seeing other users' sensitive information (#159)",   3, 56, 14 
5a9302c,Faris Shajahan,Sun Mar 29 10:11:18 2020,"Added rate limiting to admin site",   2, 21 
bb058c3,Faris Shajahan,Sun Mar 29 09:44:24 2020,"Removed admin site rate limiting",   4, 1, 17 
b2fef77,Vignesh Hari,Sun Mar 29 09:14:23 2020,"Made String Representation more Efficient",   1, 9, 3 
4baf308,Vignesh Hari,Sun Mar 29 09:00:49 2020,"Merge pull request #158 from anroopak/feat-migrate-district-in-user", 
f841686,Faris Shajahan,Sun Mar 29 08:55:58 2020,"Add rate limit for admin form",   4, 17, 1 
3732701,Vignesh Hari,Sun Mar 29 08:51:51 2020,"Changed the str function to increase efficiency",   1, 1, 1 
57c7351,Vignesh Hari,Sun Mar 29 08:32:49 2020,"Removed Constraint from ambulance",   2, 129, 53 
84b0fb8,Vignesh Hari,Sun Mar 29 08:15:03 2020,"Merge pull request #157 from anroopak/feat-lsg-for-facility-and-patient", 
2e4bf41,Faris Shajahan,Sun Mar 29 08:09:16 2020,"Undo Testing for client IP",   2, 1, 9 
7e14119,Faris Shajahan,Sun Mar 29 08:07:22 2020,"Testing for client IP",   2, 9, 1 
dde322e,Vignesh Hari,Sun Mar 29 06:57:34 2020,"Merge branch 'master' of github.com:coronasafe/care", 
77c4d2d,Vignesh Hari,Sun Mar 29 06:57:13 2020,"Removed IP based limit from login views",   2, 2, 2 
ec9f583,Vignesh Hari,Sun Mar 29 04:55:58 2020,"Edited Migrations",   1, 4, 2 
f7acafc,Vignesh Hari,Sun Mar 29 04:52:37 2020,"Merge pull request #136 from anroopak/feat-occupancy-history-of-rooms", 
accaf89,Afzal Shahul Hameed,Sun Mar 29 04:49:30 2020,"Refactors patient medical history storage (#154)",   6, 120, 66 
80d9b20,Vignesh Hari,Sun Mar 29 04:46:14 2020,"Added security on forms",   1, 2 
ab64ff1,Vignesh Hari,Sun Mar 29 04:38:46 2020,"Merge pull request #138 from anroopak/feat-add-district-level-users", 
052e018,Vignesh Hari,Sun Mar 29 04:34:55 2020,"Merge pull request #155 from coronasafe/anroopak/feat-facility-patient-stats-history", 
f6efc18,Vignesh Hari,Sun Mar 29 03:07:01 2020,"Added More types of facilities",   2, 26, 1 
c0dc137,Vignesh Hari,Sun Mar 29 01:46:11 2020,"Configured Captcha",   5, 19, 13 
94ed266,Vignesh Hari,Sun Mar 29 01:00:01 2020,"Added Rate Limiting in Login and Signup",   6, 236, 20 
3bbdfe1,Vignesh Hari,Sun Mar 29 00:33:42 2020,"Added Migrations Merge File",   1, 14 
e18c4a9,Vignesh Hari,Sun Mar 29 00:32:35 2020,"Merge branch 'master' of github.com:coronasafe/care", 
466a597,Vignesh Hari,Sun Mar 29 00:32:17 2020,"Added Facility Building Capacity",   2, 122, 28 
8f08bce,Roopak A N,Sat Mar 28 17:43:12 2020,"Merge pull request #143 from anroopak/fix-api-doc-facility", 
e828e1c,Vignesh Hari,Sat Mar 28 06:14:23 2020,"Try to add Axes",   4, 168, 19 
cb6d9aa,Vignesh Hari,Sat Mar 28 03:38:42 2020,"Corrected Skills Issue",   1, 6, 3 
1cf1123,RejulS,Sat Mar 28 03:27:34 2020,"Skill removed from api. Axes rolledback temporarily.",   2, 3 
ca4a352,RejulS,Sat Mar 28 02:59:39 2020,"User level lockdown after 5 failed login attempts.",   2, 6 
e355949,Afzal Shahul Hameed,Sat Mar 28 02:38:21 2020,"Ambulance API: Adds has_free_service and price_per_km (#134)",   3, 57, 1 
8eff7ea,RejulS,Sat Mar 28 01:24:31 2020,"Ambulance service charge added. Refer #115",   2, 20 
5edd495,Roopak A N,Sat Mar 28 00:34:23 2020,"Merge pull request #132 from anroopak/feat/add-state-district-panchayath-apis", 
eae411f,Biswas B,Sat Mar 28 00:21:30 2020,"Merge pull request #105 from anroopak/feat/add-state-district-panchayath-apis", 
55895be,Faris Shajahan,Fri Mar 27 23:55:15 2020,"Configure database engine for tests",   1, 3 
993196b,Biswas B,Fri Mar 27 23:49:32 2020,"Merge pull request #130 from anroopak/add-lsg-data-files", 
3aa69b1,Faris Shajahan,Fri Mar 27 23:46:03 2020,"Delete conftest.py",   1, 8 
0bed338,Afzal Shahul Hameed,Fri Mar 27 22:12:31 2020,"Facility API: Returns district id instead of name (#129)",   2, 4, 6 
a273321,biswaz,Fri Mar 27 16:20:06 2020,"show id on GET",   2, 4, 2 
b0b5c34,Biswas B,Fri Mar 27 16:11:44 2020,"Merge pull request #123 from abhiabhi94/master", 
bd10c3f,Afzal Shahul Hameed,Fri Mar 27 03:49:54 2020,"Merge pull request #121 from coronasafe/issue_120", 
8587d01,Abhyudai,Fri Mar 27 03:40:51 2020,"Correct typo, relative import and import ordering (#119)",   2, 3, 4 
bcce3ca,Faris Shajahan,Fri Mar 27 03:07:08 2020,"Change pytest to use existing test DB",   3, 10, 2 
a2c121f,Afzal Shahul Hameed,Fri Mar 27 02:53:40 2020,"Merge pull request #117 from coronasafe/issue_108_116", 
444944a,Vignesh Hari,Fri Mar 27 02:31:45 2020,"Merge pull request #113 from farisshajahan/update-readme", 
d7be325,Faris Shajahan,Fri Mar 27 01:14:40 2020,"Test DB engine changed from SpatiaLite to PostGIS for Heroku",   1, 1, 5 
9eab92e,Afzal Shahul Hameed,Thu Mar 26 21:59:19 2020,"Updates: Don't override creator (#109)",   5, 52, 89 
beb85ed,Vignesh Hari,Thu Mar 26 20:20:48 2020,"Solved Issue with admin",   2, 28, 4 
c210777,Roopak A N,Thu Mar 26 15:31:24 2020,"Merge branch 'master' into feat/add-state-district-panchayath-apis", 
e6b9f24,Biswas B,Thu Mar 26 15:25:34 2020,"Merge pull request #100 from anroopak/feat/add-state-district-panchayath", 
054b701,Roopak A N,Thu Mar 26 13:58:54 2020,"add management command to insert lsg data",   6, 129, 3 
566b597,Afzal Shahul Hameed,Thu Mar 26 12:35:01 2020,"Updates: Don't override creator",   5, 52, 89 
6bd61ea,Roopak A N,Thu Mar 26 06:40:07 2020,"Merge branch 'master' into feat/add-state-district-panchayath-apis", 
6c63cd5,Roopak A N,Thu Mar 26 06:38:18 2020,"add lsg apis, update facility ambulance apis to support filters",   16, 186, 19 
46a1a30,Afzal Shahul Hameed,Thu Mar 26 05:53:41 2020,"Merge pull request #104 from coronasafe/issue_#103", 
a08a485,Roopak A N,Thu Mar 26 05:27:54 2020,"add data migrations for districts and related fields",   7, 174, 32 
6a89c7d,Roopak A N,Thu Mar 26 04:17:14 2020,"add state, district, local body models",   2, 69 
f1bd350,Roopak A N,Thu Mar 26 04:00:51 2020,"Merge pull request #72 from anroopak/refactor/add-pre-commit-hooks", 
e319edc,Vignesh Hari,Wed Mar 25 22:44:53 2020,"Added more test config options",   2, 2, 2 
cbf1d5d,Vignesh Hari,Wed Mar 25 22:40:55 2020,"Cleaned Setting File for Tests",   1, 6, 7 
317d9c0,Vignesh Hari,Wed Mar 25 22:28:30 2020,"Added Test Environments",   2, 6, 1 
f497a9e,Vignesh Hari,Wed Mar 25 21:57:20 2020,"Merge branch 'master' of github.com:coronasafe/care", 
5367ea3,Vignesh Hari,Wed Mar 25 21:57:00 2020,"Added Pytest Requirements",   2, 8, 8 
fae872c,Vignesh Hari,Wed Mar 25 21:52:35 2020,"Merge branch 'master' of github.com:coronasafe/care", 
e23ea04,Vignesh Hari,Wed Mar 25 21:50:39 2020,"Added Tests",   2, 28 
385c72b,Vignesh Hari,Wed Mar 25 20:44:21 2020,"Merge pull request #92 from anroopak/feat/patients-api-crud", 
21a245d,Vignesh Hari,Wed Mar 25 20:42:28 2020,"Merge pull request #90 from afzalIbnSH/facility_unit_tests", 
dae48f1,Vignesh Hari,Wed Mar 25 20:40:06 2020,"Merge pull request #96 from afzalIbnSH/issue_#94", 
253fa3f,Vignesh Hari,Wed Mar 25 06:00:00 2020,"Solved Migration Issue",   1, 14 
fa55acb,Vignesh Hari,Wed Mar 25 05:54:01 2020,"Merge pull request #84 from NavenAllen/ambulance-type", 
43a4b3d,Vignesh Hari,Wed Mar 25 05:12:05 2020,"Added Google Analytics",   1, 116, 105 
2815394,biswaz,Wed Mar 25 03:52:17 2020,"Models for patient data collection",   8, 114, 32 
5807376,biswaz,Wed Mar 25 02:58:01 2020,"Merge branch 'master' of github.com:coronasafe/care", 
55b321a,biswaz,Wed Mar 25 02:57:40 2020,"Restructure models",   3, 2 
387f886,Biswas B,Tue Mar 24 13:18:23 2020,"Merge pull request #74 from anroopak/feat/facility-doctors-facility-crud", 
dbc55bc,Vignesh Hari,Tue Mar 24 08:07:03 2020,"Merge branch 'master' of github.com:coronasafe/care", 
b00d86b,Vignesh Hari,Tue Mar 24 08:06:47 2020,"Ambulance Create on Seperate URL",   2, 22, 1 
ecdda66,Vignesh Hari,Tue Mar 24 05:12:42 2020,"Removed Authentication for Amubulance Model",   2, 16, 6 
93d9778,biswaz,Tue Mar 24 00:55:23 2020,"Merge branch 'master' of github.com:coronasafe/care", 
6ab3ba1,biswaz,Tue Mar 24 00:54:56 2020,"fix admin search field",   1, 1, 1 
0aa6f6b,biswaz,Mon Mar 23 13:49:45 2020,"Merge branch 'anroopak-refactor/serializers-viewsets'", 
ecff77c,Vignesh Hari,Mon Mar 23 08:14:07 2020,"Use Open Street Maps in Admin Panel",   2, 9, 2 
653f976,Vignesh Hari,Mon Mar 23 07:44:29 2020,"Trying different types of magic",   1, 1, 1 
7212a22,Vignesh Hari,Mon Mar 23 07:31:52 2020,"Desperatly trying to get the database working",   1, 1, 1 
1520856,Vignesh Hari,Mon Mar 23 07:27:03 2020,"Trying to fix Postgis",   1, 1, 1 
402804c,Vignesh Hari,Mon Mar 23 07:22:22 2020,"Added Postgis Settings in base.py",   2, 2, 2 
3a47ddc,Vignesh Hari,Mon Mar 23 07:17:31 2020,"Merge branch 'master' of github.com:coronasafe/care", 
08f1ed4,Vignesh Hari,Mon Mar 23 07:17:23 2020,"Added Build Packs for Heroku",   1, 2 
168beb7,Vignesh Hari,Sun Mar 22 21:08:47 2020,"Changed Login to auth/login",   1, 5, 3 
e273d2f,Vignesh Hari,Sun Mar 22 21:00:50 2020,"Changed Authentication Classes",   2, 18, 3 
22ef520,Biswas B,Sun Mar 22 20:40:45 2020,"Merge pull request #55 from coronasafe/abinmn/api-facility", 
9f34b13,rejuls,Sun Mar 22 20:29:27 2020,"Merge pull request #54 from justinjohnymathew/mod", 
a8b82af,RejulS,Sun Mar 22 20:20:05 2020,"KSDMA GO number added",   1, 2, 1 
472784a,RejulS,Sun Mar 22 20:09:20 2020,"UI Changes",   4, 6, 6 
906c0de,Vignesh Hari,Sun Mar 22 19:54:33 2020,"Added Missing Requirements",   1, 1 
8530069,Vignesh Hari,Sun Mar 22 19:47:59 2020,"Merge branch 'master' of github.com:coronasafe/care", 
20bb359,Vignesh Hari,Sun Mar 22 19:47:41 2020,"Added Swagger / Redoc Specs",   2, 33 
52cc30e,biswaz,Sun Mar 22 17:28:08 2020,"remove pdb statement",   1, 1 
01c135a,biswaz,Sun Mar 22 17:14:47 2020,"(fix) do not ask for skills except for volunteers",   3, 11, 3 
c992b1a,biswaz,Sun Mar 22 16:10:33 2020,"pep8 and sanity fixes",   6, 26, 27 
f8e92a3,biswaz,Sun Mar 22 16:10:02 2020,"set sources root for correcting resolutions in pycharm",   2, 43, 1 
74e984d,Vignesh Hari,Sun Mar 22 07:18:34 2020,"Corrected API Urls",   1, 1, 1 
4f3ce49,Vignesh Hari,Sun Mar 22 07:14:34 2020,"Corrected Login URL's",   1, 3, 3 
23ed3a4,Vignesh Hari,Sun Mar 22 07:08:02 2020,"Merge pull request #46 from coronasafe/tucosaurus-issue-17", 
dc7d41e,Vignesh Hari,Sun Mar 22 06:42:37 2020,"Changed Urls of API",   2, 2, 2 
153c0c9,Vignesh Hari,Sun Mar 22 06:38:42 2020,"Made some Required Changes",   3, 38, 2 
0c4e9d6,Vignesh Hari,Sun Mar 22 06:34:07 2020,"Merge pull request #45 from afzalSH/user_apis", 
85c738e,Vignesh Hari,Sun Mar 22 03:04:10 2020,"Merge pull request #43 from gabru-md/fix-imports", 
775ba41,RejulS,Sat Mar 21 23:21:47 2020,"UX Improvements",   5, 31, 20 
2d918d0,Vignesh Hari,Sat Mar 21 23:14:48 2020,"Merge pull request #36 from tucosaurus/add-drf", 
f4f4465,rejuls,Sat Mar 21 22:37:51 2020,"Merge pull request #35 from tucosaurus/document-local-env-setup", 
0117fb8,RejulS,Sat Mar 21 22:25:18 2020,"Facility view better for lg.",   3, 17, 9 
e696a1b,RejulS,Sat Mar 21 21:42:44 2020,"Minor changes",   3, 3, 3 
f008459,RejulS,Sat Mar 21 21:21:35 2020,"Merge branch 'master' of https://github.com/coronasafe/care", 
23e86e4,RejulS,Sat Mar 21 21:21:02 2020,"UI Changes. Error and Edit buttons more visible.",   8, 26, 21 
33074df,RejulS,Sat Mar 21 20:28:15 2020,"Added phonenumber to views. Updation views fixed",   5, 11, 7 
914fe31,Vignesh Hari,Sat Mar 21 20:15:19 2020,"Solved Migration Issue",   1, 14 
ffcecad,Vignesh Hari,Sat Mar 21 20:08:37 2020,"Merge pull request #30 from abinmn/master", 
986f448,RejulS,Sat Mar 21 20:05:13 2020,"UI fixes. Temporarily hidden hom cards",   3, 22, 11 
b4ae047,Vignesh Hari,Sat Mar 21 20:01:26 2020,"Merge branch 'master' of github.com:coronasafe/care", 
83ad5f9,Vignesh Hari,Sat Mar 21 20:01:06 2020,"Solved duplication bug",   1, 6, 2 
cc8873a,RejulS,Sat Mar 21 19:25:32 2020,"District to facilities views. Fixes #13",   2, 3, 4 
06455f3,Vignesh Hari,Sat Mar 21 19:09:44 2020,"Merge pull request #32 from gabru-md/rm-tests", 
74b416f,RejulS,Sat Mar 21 19:02:21 2020,"facility view responsive issue",   1, 4, 4 
77d90f7,rejuls,Sat Mar 21 18:59:58 2020,"Merge pull request #31 from yahya31415/facility-view-redesign", 
5f8145f,RejulS,Sat Mar 21 18:39:18 2020,"facilitiesview basic",   1, 5, 1 
a6a99b1,Vignesh Hari,Sat Mar 21 18:29:48 2020,"Merge pull request #19 from thetronjohnson/master", 
b819428,Vignesh Hari,Sat Mar 21 18:28:34 2020,"Removed COnflict in URls",   1, 1 
ee731c4,Vignesh Hari,Sat Mar 21 18:26:04 2020,"Merge branch 'master' of github.com:coronasafe/care", 
e82bff8,Vignesh Hari,Sat Mar 21 17:55:22 2020,"Merge branch 'master' of github.com:coronasafe/care", 
1cfe76a,Vignesh Hari,Sat Mar 21 05:09:46 2020,"Softcoded Urls",   1, 1, 3 
b7d34ae,Vignesh Hari,Sat Mar 21 05:08:16 2020,"Added Facility Updation Option",   4, 55, 1 
bd2efdc,Vignesh Hari,Sat Mar 21 04:53:11 2020,"Added Total and Current Capacity",   5, 47, 4 
84d7cf6,Vignesh Hari,Sat Mar 21 04:08:47 2020,"Another Test Commit",   1, 1 
57a101b,Vignesh Hari,Sat Mar 21 04:05:43 2020,"Test Commit",   1, 1, 5 
4a94af2,Vignesh Hari,Sat Mar 21 04:01:00 2020,"Merge pull request #10 from codacy-badger/codacy-badge", 
d13f96a,Vignesh Hari,Sat Mar 21 03:54:58 2020,"Made Plural Correction",   1, 3 
44c3b6f,Vignesh Hari,Sat Mar 21 02:41:58 2020,"Added Address Fields",   3, 26, 1 
dd3ad46,Vignesh Hari,Sat Mar 21 02:37:18 2020,"Added Doctor Counts",   11, 277, 31 
cffee40,RejulS,Fri Mar 20 23:19:48 2020,"Made logo, whole view cards in home clickable. Other UI changes.",   4, 19, 17 
0a6698f,Bodhish Thomas,Fri Mar 20 21:51:29 2020,"Minor changes to button classes in home",   1, 15, 13 
ca41768,RejulS,Fri Mar 20 21:47:09 2020,"UI Conflict issues fixed.",   1, 7, 6 
c76729d,rejuls,Fri Mar 20 21:36:32 2020,"Merge pull request #9 from aswinmohanme/feature_tailwind", 
aa762d1,RejulS,Fri Mar 20 21:09:10 2020,"Titles. Fixes #3",   6, 7, 7 
f9044ef,RejulS,Fri Mar 20 20:55:03 2020,"Sticky footer. Add views to home. Fix issue #2",   2, 13, 5 
edc2a87,RejulS,Fri Mar 20 20:40:51 2020,"trailing url and name fix in users urls",   1, 2, 2 
6865a59,Vignesh Hari,Fri Mar 20 18:31:26 2020,"Added Base Template",   1, 109, 104 
2f867e2,Vignesh Hari,Fri Mar 20 18:29:45 2020,"Merge pull request #8 from aswinmohanme/feature_tailwind", 
24ddddc,Vignesh Hari,Fri Mar 20 17:26:59 2020,"Linted Code",   2, 1, 8 
63bf708,Vignesh Hari,Fri Mar 20 17:16:58 2020,"Solves #1",   3, 10, 6 
f19ebe7,Vignesh Hari,Fri Mar 20 17:09:54 2020,"Soft Coded Staff Settings",   3, 6, 2 
3c60087,Vignesh Hari,Fri Mar 20 17:07:37 2020,"Using Reverse for Urls",   2, 4, 3 
f1e7adc,Vignesh Hari,Fri Mar 20 07:24:02 2020,"Added Error Message on Duplicates",   3, 7, 1 
a5e3d48,Vignesh Hari,Fri Mar 20 07:20:48 2020,"Removed My Profile from Profile",   1, 2, 2 
6c87f2f,Vignesh Hari,Fri Mar 20 07:15:25 2020,"Added view Hospitals in Base View",   1, 3 
0deddb2,Vignesh Hari,Fri Mar 20 07:14:14 2020,"Added View and Update Hospital",   8, 161, 10 
bc520c2,Vignesh Hari,Fri Mar 20 06:29:33 2020,"Added Hospital View only to Staff",   2, 14, 3 
9fb12ef,Vignesh Hari,Fri Mar 20 06:20:05 2020,"Fixed bug with Facilities Creation",   3, 4, 5 
8fa6924,Vignesh Hari,Fri Mar 20 06:12:50 2020,"Added Login and Signup Forms",   6, 43, 29 
5db44a0,Vignesh Hari,Fri Mar 20 05:55:21 2020,"Sign In Completed",   7, 69, 18 
e1709d1,Vignesh Hari,Fri Mar 20 05:32:16 2020,"Added Various Type Logins",   6, 228, 139 
730bc1b,Vignesh Hari,Fri Mar 20 04:41:50 2020,"Added Facility Creation",   6, 106, 3 
7742449,Vignesh Hari,Fri Mar 20 04:41:40 2020,"Changed App Declaration",   1, 1, 1 
a5c47e8,Vignesh Hari,Fri Mar 20 04:41:31 2020,"Unique Together Update",   2, 20 
edc2eb3,Vignesh Hari,Fri Mar 20 04:41:18 2020,"Facility Creation Forms",   1, 17 
555b048,Vignesh Hari,Fri Mar 20 04:41:01 2020,"Facility Capacity Form",   1, 20 
fe9963d,biswaz,Fri Mar 20 04:34:43 2020,"fix conflicting refs in Procfile",   1, 1, 2 
5f4abac,Vignesh Hari,Fri Mar 20 04:11:25 2020,"Added Facility Capacity Model",   3, 81, 18 
efc2089,Vignesh Hari,Fri Mar 20 04:05:25 2020,"Updated Proc File",   1, 1, 1 
2f7aef2,RejulS,Fri Mar 20 03:49:19 2020,"Basic UI setup.",   7, 67, 25 
32d641a,biswaz,Fri Mar 20 03:27:50 2020,"Pycharm idea settings config files",   2, 9, 8 
7ac1435,biswaz,Fri Mar 20 03:27:26 2020,"make fk selection fields searchable in admin",   2, 45, 10 
870de97,Vignesh Hari,Thu Mar 19 22:52:21 2020,"Merge branch 'master' of github.com:coronasafe/care", 
31ffb23,Vignesh Hari,Thu Mar 19 22:51:16 2020,"Added the rest of the models",   3, 253 
1733037,Vignesh Hari,Thu Mar 19 16:48:10 2020,"Added Facility Base Model",   10, 179, 4 
ab7b94a,Vignesh Hari,Thu Mar 19 16:06:37 2020,"Added More Districts",   1, 16, 1 
23f5820,Vignesh Hari,Thu Mar 19 16:06:19 2020,"Added Vs Code settings in Git Ignore",   1, 2 
7d079f8,Vignesh Hari,Thu Mar 19 06:17:43 2020,"Added Admin Pannel",   1, 4, 1 
5d2c1bb,Vignesh Hari,Thu Mar 19 05:30:13 2020,"Removed Whitenoise from production",   1, 1, 1 
4564281,Vignesh Hari,Thu Mar 19 05:23:53 2020,"Finished Bucket Storage for Static Files",   1, 1 
f8a5cea,Vignesh Hari,Thu Mar 19 04:19:49 2020,"Added Aws Static Files Configs",   1, 25, 15 
01868ac,Vignesh Hari,Thu Mar 19 03:53:33 2020,"Added New Requirements",   1, 4 
6fbe2bc,Vignesh Hari,Thu Mar 19 03:36:43 2020,"Collect Static on Release",   1, 1 
0d68533,Vignesh Hari,Thu Mar 19 03:13:31 2020,"String Representation of Skill Model",   1, 3 
4d7f097,Vignesh Hari,Thu Mar 19 02:47:44 2020,"Added Migrations for User Table",   1, 42, 114 
9725f89,Vignesh Hari,Thu Mar 19 02:46:28 2020,"Set Allowed Hosts to all",   1, 1, 1 
7447a4c,Vignesh Hari,Thu Mar 19 02:31:46 2020,"Remove Email Backend",   1, 8, 10 
e08566a,Vignesh Hari,Thu Mar 19 02:02:57 2020,"Added Base User Models",   6, 66, 15 
9be0417,biswaz,Wed Mar 18 00:55:52 2020,"Init commit. <3",   126, 3392 