commit id,author,date,comment,changed files,lines added,lines deleted

03e4610,GitHub Action,Fri Sep 18 12:41:07 2020,"Automatic data update for 2020-09-18",   15, 6674, 2312 
b2d7ce1,daveluo,Sun Sep 13 13:04:02 2020,"Merge pull request #182 from covidcaremap/data/update-hscap", 
ad62a59,dependabot[bot],Sun Sep 13 06:51:07 2020,"Bump node-fetch from 2.6.0 to 2.6.1 in /.github/actions/data-update-pr",   1, 3, 3 
908d141,Rob Emanuele,Sat Sep 5 11:24:47 2020,"Update ihme_data_update.yml",   1, 1, 1 
f9328d9,daveluo,Sat Sep 5 03:53:40 2020,"Merge pull request #183 from daveluo/dluo/update-fl-match", 
f1c8efd,daveluo,Sun Aug 30 02:40:39 2020,"Merge pull request #173 from covidcaremap/data/update-ihme", 
58ee48b,daveluo,Sun Aug 30 02:37:13 2020,"Merge pull request #181 from covidcaremap/data/update-hscap", 
72c46d9,GitHub Action,Fri Aug 28 12:35:26 2020,"Automatic data update for 2020-08-28",   5, 324, 294 
c4db6f2,daveluo,Sat Aug 22 02:28:08 2020,"Merge pull request #178 from covidcaremap/data/update-hscap", 
2f0950b,daveluo,Sat Aug 15 03:21:46 2020,"Merge pull request #180 from daveluo/dluo/fix-airtable-paginate", 
033d551,dependabot[bot],Sat Aug 8 12:40:59 2020,"Bump kramdown from 2.1.0 to 2.3.0",   1, 3, 1 
bae1ef0,daveluo,Fri Aug 7 14:50:57 2020,"Merge pull request #176 from covidcaremap/data/update-hscap", 
7c81c29,Rob Emanuele,Fri Aug 7 01:57:25 2020,"Merge pull request #177 from lossyrob/fix/rde/netlify-builds", 
cea0dc5,daveluo,Thu Aug 6 05:41:16 2020,"update cron schedule to daytime est/pst",   1, 1, 1 
83cbc02,daveluo,Thu Jul 30 14:36:22 2020,"Merge pull request #175 from covidcaremap/data/update-hscap", 
192e207,daveluo,Wed Jul 29 08:28:00 2020,"cron run every 4 hours",   1, 1, 1 
cd0be08,daveluo,Wed Jul 29 08:20:10 2020,"Merge pull request #174 from daveluo/fl-update-fix", 
e43222a,Rob Emanuele,Fri Jul 24 04:26:53 2020,"Merge pull request #172 from covidcaremap/data/update-ihme", 
75f5688,daveluo,Fri Jul 24 01:50:21 2020,"Merge pull request #170 from covidcaremap/data/update-hscap", 
d81a5b3,Rob Emanuele,Mon Jul 20 14:24:25 2020,"Merge pull request #166 from covidcaremap/data/update-ihme", 
22daebe,daveluo,Mon Jul 20 00:50:28 2020,"temporarily removing update FL from action",   1, 1, 1 
49b581c,daveluo,Sun Jul 19 13:51:42 2020,"forgot to delete cell",   1, 9 
b1dce90,daveluo,Sun Jul 19 12:55:35 2020,"Merge pull request #169 from daveluo/dluo/fl-facility-revamp", 
1fd42e7,daveluo,Thu Jul 16 12:57:02 2020,"Merge pull request #168 from covidcaremap/data/update-hscap", 
710c2a8,daveluo,Thu Jul 16 09:24:24 2020,"Merge pull request #167 from daveluo/dluo/icu-override-nans", 
a27843c,Rob Emanuele,Thu Jul 9 14:06:27 2020,"Merge pull request #164 from covidcaremap/data/update-ihme", 
9f1e588,Rob Emanuele,Thu Jul 9 14:04:33 2020,"Merge pull request #165 from covidcaremap/data/update-hscap", 
cc44b93,Rob Emanuele,Thu Jul 2 09:55:00 2020,"Merge pull request #162 from covidcaremap/data/update-ihme", 
0dcb1d9,Rob Emanuele,Sun Jun 28 15:48:46 2020,"Merge pull request #161 from lossyrob/fix/rde/ihme", 
c524560,Rob Emanuele,Sat Jun 27 09:31:10 2020,"Merge pull request #160 from lossyrob/fix/rde/ihme", 
4043eac,daveluo,Fri Jun 26 15:52:07 2020,"Merge pull request #159 from covidcaremap/data/update-hscap", 
ee36e7f,Rob Emanuele,Mon Jun 22 12:02:47 2020,"Merge pull request #155 from lossyrob/feature/rde/ihme-optimization", 
3174afd,daveluo,Sun Jun 21 13:13:37 2020,"Merge pull request #158 from covidcaremap/data/update-hscap", 
bbc8066,Rob Emanuele,Sun Jun 21 08:06:40 2020,"Merge pull request #157 from covidcaremap/feature/automatic-data-update", 
5ca2c11,Rob Emanuele,Sun Jun 21 03:06:43 2020,"Implement new GitHub action to update HSCAP data.",   11, 110, 89 
1d10ad0,Rob Emanuele,Sun Jun 21 04:31:05 2020,"Merge pull request #156 from lossyrob/rde/fix/ensure-consistent-coords-FL", 
c2fc94f,Rob Emanuele,Sun Jun 21 02:43:59 2020,"Merge pull request #143 from lossyrob/feature/rde/papermill-for-facilities", 
3461333,Rob Emanuele,Sat Jun 20 10:58:22 2020,"Merge pull request #151 from lossyrob/feature/rde/county-state-override", 
940a450,Rob Emanuele,Sun Jun 14 07:29:59 2020,"Merge pull request #154 from lossyrob/fix/rde/ihme", 
4766a49,Rob Emanuele,Tue Jun 2 05:14:44 2020,"Merge pull request #153 from covidcaremap/data/update", 
16b8ac5,GitHub Action,Sat May 30 16:49:33 2020,"Automatic data update for 2020-05-30",   3, 404, 404 
eb6840b,Rob Emanuele,Sat May 30 01:40:41 2020,"Merge pull request #152 from covidcaremap/data/update", 
dd93b76,Rob Emanuele,Tue May 26 13:40:32 2020,"Merge pull request #150 from lossyrob/fix/rde/ihme", 
1899de8,Rob Emanuele,Mon May 25 02:20:24 2020,"Merge pull request #149 from lossyrob/fix/rde/ihme", 
f7bb8cd,Rob Emanuele,Tue May 19 13:15:28 2020,"Merge pull request #148 from lossyrob/fix/rde/ihme", 
2a5ea25,Rob Emanuele,Sat May 16 04:17:00 2020,"Merge pull request #146 from lossyrob/fix/rde/ihme", 
b7e0d51,daveluo,Sat May 9 05:35:22 2020,"Merge pull request #144 from daveluo/dluo/update-ccm", 
fc43dd3,daveluo,Fri May 8 13:15:12 2020,"Merge pull request #135 from daveluo/daveluo/update-nv-data", 
671dac3,Rob Emanuele,Fri May 8 02:35:39 2020,"Merge pull request #140 from covidcaremap/data/update", 
3fb2cab,Rob Emanuele,Wed May 6 12:09:21 2020,"Merge pull request #142 from covidcaremap/feature/automatic-data-update", 
aceaa74,Rob Emanuele,Wed May 6 08:50:56 2020,"Merge pull request #141 from lossyrob/fix/rde/ihme-sorted-keys", 
337663d,Rob Emanuele,Wed May 6 04:44:54 2020,"Merge pull request #138 from covidcaremap/feature/automatic-data-update", 
6d677a2,Rob Emanuele,Wed May 6 04:44:39 2020,"Merge pull request #139 from covidcaremap/data/update", 
3a0acb1,Rob Emanuele,Tue May 5 14:51:38 2020,"Merge pull request #134 from covidcaremap/feature/automatic-data-update", 
97eba09,Rob Emanuele,Tue May 5 14:46:59 2020,"Merge pull request #137 from lossyrob/feature/rde/speedup-builds", 
8ea5e92,Rob Emanuele,Tue May 5 11:40:36 2020,"Merge pull request #136 from lossyrob/feature/rde/speedup-builds", 
68f4f19,Rob Emanuele,Tue Apr 28 00:15:36 2020,"Merge pull request #131 from lossyrob/rde/ppe", 
118e042,Rob Emanuele,Sun Apr 26 06:41:12 2020,"Merge pull request #132 from lossyrob/sjk/disaggregate-ihme", 
da37625,Rob Emanuele,Thu Apr 23 10:21:13 2020,"Merge pull request #130 from lossyrob/rde/add-fips-to-county", 
f2b2fe9,Rob Emanuele,Wed Apr 22 12:24:11 2020,"Merge pull request #129 from lossyrob/rde/ihme-explorer", 
e262775,Rob Emanuele,Tue Apr 21 02:52:04 2020,"Merge pull request #128 from lossyrob/rde/ihme-explorer", 
a07840a,Rob Emanuele,Sun Apr 12 10:35:07 2020,"Merge pull request #122 from simonkassel/sk/improve-mapping", 
1a647eb,Rob Emanuele,Fri Apr 10 09:19:21 2020,"Merge pull request #117 from mmcfarland/mjm/us-healthcare-react", 
2ff5001,Rob Emanuele,Thu Apr 9 11:02:40 2020,"Merge pull request #119 from Geoyi/more_ppe_burn_updates", 
135ed1c,lossyrob,Wed Apr 8 10:36:58 2020,"Correct link to DATA-CHANGELOG",   1, 1, 1 
71d8559,Rob Emanuele,Wed Apr 8 10:31:37 2020,"Merge pull request #120 from lossyrob/rde/facility-matching", 
e859c3e,Hector Castro,Sat Apr 4 04:05:26 2020,"Add NPM build process to cibuild",   1, 33, 32 
af09a9a,Hector Castro,Sat Apr 4 04:05:11 2020,"Remove react-refactor.code-workspace file",   1, 13 
469c765,Matthew McFarland,Fri Apr 3 09:34:57 2020,"Add package-lock.json",   1, 15718 
7be6a5d,Matthew McFarland,Fri Apr 3 09:28:25 2020,"Convert US Healthcare Map to React application",   41, 2185 
8cd5769,Rob Emanuele,Fri Apr 3 00:05:42 2020,"Merge pull request #115 from jfrankl/feature/update-copy", 
bb0487c,daveluo,Thu Apr 2 19:33:48 2020,"Merge pull request #114 from daveluo/dluo/landingpage-copy", 
117ba6a,Rob Emanuele,Wed Apr 1 23:54:31 2020,"Merge pull request #113 from covidcaremap/hmc/redirects", 
fe52cfc,Rob Emanuele,Wed Apr 1 14:51:55 2020,"Merge pull request #110 from covidcaremap/feature/netlify-landing-page", 
1684723,Rob Emanuele,Tue Mar 31 23:57:26 2020,"Merge pull request #109 from lossyrob/rde/fix-copy", 
e1e548d,daveluo,Tue Mar 31 19:50:53 2020,"Merge pull request #108 from daveluo/daveluo/fixviz", 
9b6b69a,daveluo,Tue Mar 31 19:00:29 2020,"Merge pull request #107 from DataKind-DC/master", 
7775fc9,daveluo,Tue Mar 31 18:53:38 2020,"Merge pull request #106 from lossyrob/rde/fix-state-pop", 
5d14f35,Rob Emanuele,Tue Mar 31 10:07:16 2020,"Merge pull request #101 from Geoyi/ppe_burn_updates", 
4e3b25e,Rob Emanuele,Sun Mar 29 02:32:59 2020,"Merge pull request #99 from sharma-apoorv/avsharma/download-data-fix", 
13073a2,Rob Emanuele,Sun Mar 29 01:56:23 2020,"Merge pull request #97 from abarciauskas-bgse/patch-1", 
9e3d089,Rob Emanuele,Sun Mar 29 01:56:05 2020,"Merge pull request #96 from Geoyi/typos", 
a987e93,Rob Emanuele,Sun Mar 29 01:38:17 2020,"Merge pull request #94 from abarciauskas-bgse/patch-1", 
b651634,Rob Emanuele,Sun Mar 29 01:36:24 2020,"Merge pull request #95 from lossyrob/rde/readme-gs", 
b8808db,Rob Emanuele,Sat Mar 28 17:39:52 2020,"Merge pull request #87 from lossyrob/rde/chime", 
be7d3a6,Rob Emanuele,Sat Mar 28 05:02:47 2020,"Merge pull request #84 from lossyrob/rde/dynamically-load-cases", 
ada3d64,Rob Emanuele,Fri Mar 27 12:58:53 2020,"Merge pull request #80 from Geoyi/ppe_needs", 
6e550be,Rob Emanuele,Fri Mar 27 09:28:05 2020,"Merge pull request #82 from jfrankl/update-mapbox-account", 
4250404,daveluo,Thu Mar 26 16:24:16 2020,"Merge pull request #78 from daveluo/dl/viz-copychanges", 
c4fd871,Rob Emanuele,Thu Mar 26 14:44:38 2020,"Merge pull request #75 from lossyrob/rde/doc-updates", 
829ebdc,daveluo,Wed Mar 25 17:33:35 2020,"Merge pull request #72 from daveluo/daveluo/viz-addform", 
57b0d16,daveluo,Wed Mar 25 16:04:20 2020,"Merge pull request #71 from lossyrob/rde/data-fixes-1", 
b006476,Rob Emanuele,Wed Mar 25 13:15:27 2020,"Merge pull request #69 from lossyrob/rde/deploy/#67", 
48f63cf,Rob Emanuele,Wed Mar 25 13:01:48 2020,"Merge pull request #67 from jfrankl/master", 
d8d171a,Rob Emanuele,Wed Mar 25 12:05:03 2020,"Merge pull request #68 from Geoyi/nana_ppes", 
bc22f00,Rob Emanuele,Wed Mar 25 05:25:45 2020,"Merge pull request #66 from lossyrob/rde/deploy/#64", 
a23756a,Rob Emanuele,Wed Mar 25 05:13:46 2020,"Merge pull request #64 from jfrankl/master", 
ce16226,Rob Emanuele,Tue Mar 24 17:45:40 2020,"Merge pull request #63 from lossyrob/rde/v0.1", 
16e277e,Rob Emanuele,Tue Mar 24 17:36:58 2020,"Merge pull request #62 from lossyrob/rde/viz-fixes", 
b051758,daveluo,Tue Mar 24 15:16:36 2020,"Merge pull request #61 from daveluo/daveluo/readme-updates", 
8ffa2bd,Rob Emanuele,Tue Mar 24 14:23:50 2020,"Merge pull request #60 from lossyrob/rde/data-firstcut-changes-2", 
1e0e434,Rob Emanuele,Tue Mar 24 10:55:08 2020,"Merge pull request #58 from lossyrob/rde/data-firstcut-changes-2", 
54be525,Rob Emanuele,Tue Mar 24 10:26:50 2020,"Merge pull request #57 from lossyrob/rde/data-firstcut-changes", 
4bb0593,Rob Emanuele,Tue Mar 24 09:47:12 2020,"Merge pull request #56 from mmcfarland/mjm/hghi-vent-data-update", 
9209f33,Rob Emanuele,Tue Mar 24 07:49:17 2020,"Merge pull request #55 from jfrankl/master", 
34e609d,Rob Emanuele,Tue Mar 24 06:26:03 2020,"Merge pull request #54 from jfrankl/master", 
30d5183,Rob Emanuele,Tue Mar 24 06:13:57 2020,"Merge pull request #53 from lossyrob/rde/add-jeff-viz2", 
701d861,Rob Emanuele,Tue Mar 24 05:40:32 2020,"Merge pull request #52 from lossyrob/rde/add-jeff-viz", 
a67362b,Rob Emanuele,Tue Mar 24 05:05:16 2020,"Merge pull request #51 from mmcfarland/mjm/hghi-vents-polish", 
42e51c7,Rob Emanuele,Mon Mar 23 16:14:18 2020,"Merge pull request #47 from lossyrob/rde/repo-cleanup-2", 
b8d1f34,Rob Emanuele,Mon Mar 23 15:26:45 2020,"Merge pull request #46 from lossyrob/rde/repo-cleanup", 
e3f94af,Rob Emanuele,Sun Mar 22 11:32:18 2020,"Merge pull request #38 from simonkassel/sk/hcris-geocode", 
ffa0273,Rob Emanuele,Sun Mar 22 05:12:44 2020,"Merge pull request #44 from lossyrob/rde/publish-maps-fix", 
90da40f,Rob Emanuele,Sun Mar 22 04:58:11 2020,"Merge pull request #43 from lossyrob/rde/publish-maps", 
81e2ec0,Rob Emanuele,Sun Mar 22 04:24:50 2020,"Merge pull request #42 from lossyrob/rde/sfbay-analysis", 
8c7a5d4,Rob Emanuele,Sun Mar 22 04:21:42 2020,"Merge pull request #37 from lossyrob/rde/feature/hscap", 
012ecc1,daveluo,Sun Mar 22 03:01:39 2020,"Merge branch 'master' of https://github.com/daveluo/covid19-healthsystemcapacity", 
86aaa24,daveluo,Sun Mar 22 03:01:31 2020,"rewording for clarity",   1, 18, 9 
1a039f0,daveluo,Sat Mar 21 17:45:18 2020,"Merge pull request #39 from daveluo/daveluo/readme-revamp", 
7a57800,daveluo,Sat Mar 21 16:44:23 2020,"Update _config.yml",   1, 2, 1 
b626bc2,daveluo,Sat Mar 21 16:21:48 2020,"Create CNAME",   1, 1 
45678cc,daveluo,Sat Mar 21 13:34:34 2020,"Merge pull request #41 from mmcfarland/mjm/state-vent-viz", 
98f4c09,Rob Emanuele,Fri Mar 20 08:06:44 2020,"Merge pull request #30 from aaronxsu/feature/asu/merge-HIFLD-data-into-HCRIS-data", 
4110bf3,daveluo,Thu Mar 19 01:36:34 2020,"Merge pull request #27 from lossyrob/rde/python-package", 
1c5f671,Rob Emanuele,Wed Mar 18 13:02:14 2020,"Merge pull request #24 from hectcastro/hmc/docker-cleanup", 
71a4558,Rob Emanuele,Tue Mar 17 09:43:18 2020,"Merge pull request #23 from hectcastro/hmc/readme-toc", 
c30b889,daveluo,Tue Mar 17 07:09:21 2020,"Merge pull request #20 from lossyrob/rde/contributing.md", 
ce0a64a,daveluo,Mon Mar 16 17:29:27 2020,"fixed out-of-order and extraneous cells",   1, 350, 664 
b3317ae,daveluo,Mon Mar 16 17:20:52 2020,"Created using Colaboratory",   1, 5648 
ed01cc5,daveluo,Sun Mar 15 16:35:33 2020,"clean-up and update README after team call",   2, 78, 35 
a4bda3a,daveluo,Sun Mar 15 05:20:41 2020,"Merge pull request #3 from lossyrob/rde/highlight-gitter", 
23ccc2a,daveluo,Sun Mar 15 05:20:30 2020,"Merge pull request #2 from lossyrob/rde/run-notebooks-locally", 
b5e7109,daveluo,Sat Mar 14 17:25:22 2020,"readme update, add nbs and csv",   2, 2551, 4 
9a45c42,daveluo,Sat Mar 14 17:23:37 2020,"Created using Colaboratory",   1, 3913 
5fd77f5,daveluo,Sat Mar 14 16:08:23 2020,"Merge pull request #1 from lossyrob/rde/docker/notebook", 
5795717,daveluo,Sat Mar 14 15:53:57 2020,"finished README 1st draft",   2, 108, 84 
190b105,daveluo,Sat Mar 14 09:58:52 2020,"Merge branch 'master' of https://github.com/daveluo/covid19-healthsystemcapacity", 
3e10ec5,daveluo,Sat Mar 14 09:58:42 2020,"readme draft WIP",   2, 129, 22 
2073cbc,daveluo,Sat Mar 14 05:34:04 2020,"1st data push",   2, 9192 
c59f288,daveluo,Sat Mar 14 05:23:52 2020,"add kepler viz v1",   2, 231 
16a8fc3,daveluo,Fri Mar 13 19:49:53 2020,"Set theme jekyll-theme-minimal",   1, 1, 1 
7ee95e6,daveluo,Fri Mar 13 19:45:19 2020,"Update README.md", 
0204aae,daveluo,Fri Mar 13 19:44:58 2020,"Set theme jekyll-theme-cayman",   2, 38, 1 
44af9f9,daveluo,Fri Mar 13 19:43:40 2020,"Initial commit",   3, 151 