commit id,author,date,comment,changed files,lines added,lines deleted

8269634,Covid19AppVetting,Tue Jun 16 15:43:29 2020,"Update README.md",   1, 10, 1 
2155ab6,Covid19AppVetting,Tue Jun 16 15:42:16 2020,"Update README.md",   1, 5, 5 
4021b31,Immor278,Tue Jun 16 11:05:00 2020,"update",   45, 52625, 2 
c46b2b1,Immor278,Tue Jun 16 10:43:55 2020,"apk",   23, 0, 0 
584c101,Covid19AppVetting,Tue Jun 16 10:27:33 2020,"apk",   2, 0, 0 
04c0b2d,Covid19AppVetting,Tue Jun 16 10:26:03 2020,"apk",   2, 63 
c09497e,Covid19AppVetting,Tue Jun 16 10:24:53 2020,"apk",   2, 0, 0 
7af1417,Covid19AppVetting,Tue Jun 16 10:24:02 2020,"upload apps",   7, 0, 0 
416f2ff,Covid19AppVetting,Thu Jun 11 18:05:16 2020,"upload testing reports",   62, 2380 
4196f06,Covid19AppVetting,Thu Jun 11 17:56:54 2020,"Initial commit",   1, 2 