commit id,author,date,comment,changed files,lines added,lines deleted

a140836,Pablo R. Mier,Wed Jun 10 07:17:20 2020,"Bump version to v1.0.6",   2, 2, 2 
472b1de,Pablo R. Mier,Wed Jun 10 07:13:02 2020,"Merge remote-tracking branch 'origin/master'", 
ff35933,Pablo R. Mier,Wed Jun 10 07:12:27 2020,"Add package datasets",   5, 963, 33 
8ed4bef,Pablo R. Mier,Mon Jun 8 04:15:02 2020,"Bump version to v1.0.5",   2, 2, 2 
875ddcf,Pablo R. Mier,Mon Jun 8 04:11:37 2020,"Add infection_rates function and update notebook",   2, 21, 20 
b049f3f,Pablo R. Mier,Mon Jun 8 01:54:49 2020,"Update README.md",   1, 2 
435d654,Pablo R. Mier,Mon Jun 8 01:53:13 2020,"Update README.md",   1, 1, 1 
0657d0f,Pablo R. Mier,Mon Jun 8 01:52:18 2020,"Merge remote-tracking branch 'origin/master'", 
d9230b2,Pablo R. Mier,Mon Jun 8 01:52:06 2020,"Add madrid_example.png",   1, 0, 0 
b408fcf,Pablo R. Mier,Mon Jun 8 00:15:13 2020,"Bump version to v0.1.4",   2, 2, 2 
0aaf6ab,Pablo R. Mier,Mon Jun 8 00:05:24 2020,"Add plot and io modules",   9, 242, 95 
5373b0b,Pablo R. Mier,Sun Jun 7 23:07:21 2020,"Update notebook",   1, 35, 39 
6568f78,Pablo R. Mier,Sun Jun 7 22:49:46 2020,"Merge remote-tracking branch 'origin/master'", 
312184e,Pablo R. Mier,Sun Jun 7 22:49:28 2020,"Add module to import data",   3, 149, 58 
3a6832e,Pablo R. Mier,Thu Jun 4 07:51:19 2020,"Merge remote-tracking branch 'origin/master'", 
4bdc89d,Pablo R. Mier,Thu Jun 4 07:50:29 2020,"Bump version to v0.1.2",   3, 3, 3 
9f7135a,Pablo R. Mier,Thu Jun 4 07:38:39 2020,"Reduce requirements of Python from 3.7 to +3.5",   1, 1, 1 
9672e4f,Pablo R. Mier,Tue Jun 2 00:15:55 2020,"Update README",   1, 2, 2 
013a212,Pablo R. Mier,Tue Jun 2 00:08:16 2020,"Update notebook",   2, 51, 15 
29c8d85,Pablo R. Mier,Sun May 31 19:45:20 2020,"Bump version",   4, 25, 3 
79fb1bf,Pablo R. Mier,Sun May 31 19:30:38 2020,"Add poetry config",   4, 296 
093f859,Pablo R. Mier,Wed May 27 08:27:06 2020,"Create README.md",   1, 14 
7bf1318,Pablo R. Mier,Wed May 27 08:24:34 2020,"Initial version v0.1.0",   4, 941 
b795966,Pablo R. Mier,Thu May 21 18:07:20 2020,"Create LICENSE",   1, 21 