commit id,author,date,comment,changed files,lines added,lines deleted

206d5da,Peter Rose,Thu Sep 17 17:04:39 2020,"Merge pull request #175 from pwrose/master", 
06bfa78,Peter Rose,Wed Sep 16 19:04:52 2020,"Merge pull request #174 from pwrose/master", 
a531194,Peter Rose,Tue Sep 15 15:01:18 2020,"Merge pull request #173 from pwrose/master", 
84bc70d,Peter Rose,Mon Sep 14 19:04:02 2020,"Merge pull request #172 from pwrose/master", 
2b0ea7f,Peter Rose,Mon Sep 14 16:21:20 2020,"Merge pull request #171 from pwrose/master", 
62dedb9,Peter Rose,Sun Sep 13 16:31:39 2020,"Merge pull request #170 from pwrose/master", 
2cb06d1,Peter Rose,Sun Sep 13 09:49:49 2020,"Merge pull request #169 from pwrose/master", 
9bb851b,Peter Rose,Sat Sep 12 17:55:28 2020,"Merge pull request #168 from pwrose/master", 
71ec40b,Peter Rose,Sat Sep 12 16:18:34 2020,"Merge pull request #167 from pwrose/master", 
512bad0,Peter Rose,Fri Sep 11 19:51:37 2020,"Merge pull request #166 from pwrose/master", 
190c11b,Peter Rose,Thu Sep 10 12:22:01 2020,"Merge pull request #165 from pwrose/master", 
0f21407,Peter Rose,Tue Sep 8 12:00:49 2020,"Merge pull request #164 from pwrose/master", 
970b0bf,Peter Rose,Tue Sep 8 09:17:42 2020,"Merge pull request #163 from pwrose/master", 
82a8110,Peter Rose,Sat Sep 5 15:00:36 2020,"Merge pull request #162 from pwrose/master", 
f3acd0a,Peter Rose,Fri Sep 4 15:10:31 2020,"Merge pull request #161 from pwrose/master", 
f08039e,Peter Rose,Thu Sep 3 15:50:44 2020,"Merge pull request #160 from pwrose/master", 
2489f51,Peter Rose,Thu Sep 3 05:05:36 2020,"Merge pull request #159 from pwrose/master", 
4d4ef94,Peter Rose,Wed Sep 2 19:07:17 2020,"Merge pull request #158 from pwrose/master", 
602feb3,Peter Rose,Wed Sep 2 18:26:40 2020,"Merge pull request #157 from pwrose/master", 
d75d6a3,Peter Rose,Wed Sep 2 16:57:30 2020,"Merge pull request #156 from pwrose/master", 
5b043e1,Peter Rose,Tue Sep 1 19:02:22 2020,"Merge pull request #155 from pwrose/master", 
9edfd67,Peter Rose,Tue Sep 1 18:42:33 2020,"Merge pull request #154 from pwrose/master", 
bc7445e,Peter Rose,Tue Sep 1 18:40:10 2020,"Merge pull request #153 from pwrose/master", 
11f2209,Peter Rose,Tue Sep 1 18:28:38 2020,"Merge pull request #152 from pwrose/master", 
b7a5916,Peter Rose,Tue Sep 1 16:59:42 2020,"Merge pull request #151 from pwrose/master", 
5728055,Peter Rose,Mon Aug 31 18:54:49 2020,"Merge pull request #150 from pwrose/master", 
a465b68,Peter Rose,Mon Aug 31 16:58:08 2020,"Merge pull request #149 from pwrose/master", 
44743d0,Peter Rose,Sat Aug 29 20:07:53 2020,"Merge pull request #148 from pwrose/master", 
9957935,Peter Rose,Fri Aug 14 16:54:07 2020,"Merge pull request #147 from pwrose/master", 
bfe2196,Peter Rose,Fri Aug 14 16:23:53 2020,"Merge pull request #146 from pwrose/master", 
d36d493,Peter Rose,Fri Aug 14 15:27:56 2020,"Merge pull request #145 from pwrose/master", 
b0ad40e,Peter Rose,Fri Aug 14 14:16:45 2020,"Merge pull request #144 from pwrose/master", 
8fca2fc,Peter Rose,Fri Aug 14 07:12:32 2020,"Merge pull request #143 from pwrose/master", 
263a084,Peter Rose,Fri Aug 14 07:09:54 2020,"Merge pull request #142 from pwrose/master", 
f140218,Peter Rose,Thu Aug 13 16:59:51 2020,"Merge pull request #141 from pwrose/master", 
0f87736,Peter Rose,Thu Aug 13 16:53:25 2020,"Merge pull request #140 from pwrose/master", 
446ec28,Peter Rose,Thu Aug 13 10:34:05 2020,"Merge pull request #139 from pwrose/master", 
42912a1,Peter Rose,Thu Aug 13 10:32:09 2020,"Merge pull request #138 from pwrose/master", 
e8fd502,Peter Rose,Thu Aug 13 10:23:05 2020,"Merge pull request #137 from pwrose/master", 
2fd9650,Peter Rose,Wed Aug 12 19:13:30 2020,"Merge pull request #136 from pwrose/master", 
21f7b23,Peter Rose,Wed Aug 12 16:55:18 2020,"Merge pull request #135 from pwrose/master", 
bef43d7,Peter Rose,Mon Aug 10 16:49:23 2020,"Merge pull request #134 from pwrose/master", 
2a61e25,Peter Rose,Mon Aug 10 12:52:44 2020,"Merge pull request #133 from pwrose/master", 
d2480a9,Peter Rose,Mon Aug 10 12:42:59 2020,"Merge pull request #132 from pwrose/master", 
6d06b15,Peter Rose,Mon Aug 10 11:05:34 2020,"Merge pull request #131 from pwrose/master", 
9ed3f83,Peter Rose,Mon Aug 10 07:30:58 2020,"Merge pull request #130 from pwrose/master", 
5ae9429,Peter Rose,Sun Aug 9 16:21:15 2020,"Merge pull request #129 from pwrose/master", 
9a6366b,Peter Rose,Sat Aug 8 10:31:18 2020,"Merge pull request #128 from pwrose/master", 
3f117c8,Peter Rose,Fri Aug 7 07:04:05 2020,"Merge pull request #127 from pwrose/master", 
27cf768,Peter Rose,Thu Aug 6 18:19:04 2020,"Merge pull request #126 from pwrose/master", 
51ecfa5,Peter Rose,Thu Aug 6 17:27:23 2020,"Merge pull request #125 from pwrose/master", 
722d197,Peter Rose,Thu Aug 6 16:42:01 2020,"Merge pull request #124 from pwrose/master", 
4fde7ed,Peter Rose,Thu Aug 6 16:17:31 2020,"Merge pull request #123 from pwrose/master", 
7d4a022,Peter Rose,Thu Aug 6 15:52:59 2020,"Merge pull request #122 from pwrose/master", 
af37039,Peter Rose,Thu Aug 6 12:18:50 2020,"Merge pull request #121 from pwrose/master", 
cc0d332,Peter Rose,Wed Aug 5 18:19:36 2020,"Merge pull request #120 from pwrose/master", 
ef8f62e,Peter Rose,Wed Aug 5 17:07:52 2020,"Merge pull request #119 from pwrose/master", 
8511eb8,Peter Rose,Wed Aug 5 10:00:26 2020,"Merge pull request #118 from pwrose/master", 
3c33d19,Peter Rose,Mon Aug 3 16:44:18 2020,"Merge pull request #117 from pwrose/master", 
0bd0fcb,Peter Rose,Thu Jul 30 10:03:01 2020,"Merge pull request #116 from pwrose/master", 
8b94ec6,Peter Rose,Thu Jul 30 09:17:03 2020,"Merge pull request #115 from pwrose/master", 
73f4878,Peter Rose,Wed Jul 29 16:39:56 2020,"Merge pull request #114 from pwrose/master", 
06b6a8a,Peter Rose,Tue Jul 28 19:00:54 2020,"Merge pull request #113 from pwrose/master", 
8643be9,Peter Rose,Fri Jul 24 16:21:08 2020,"Merge pull request #112 from pwrose/master", 
3fe2e58,Peter Rose,Thu Jul 23 16:45:05 2020,"Merge pull request #111 from pwrose/master", 
47762a2,Peter Rose,Fri Jul 17 15:35:18 2020,"Merge pull request #110 from pwrose/master", 
c7a8971,Peter Rose,Fri Jul 17 10:22:28 2020,"Merge pull request #109 from pwrose/master", 
28ea297,Peter Rose,Fri Jul 17 09:30:42 2020,"Merge pull request #108 from pwrose/master", 
e75b839,Peter Rose,Fri Jul 17 05:17:04 2020,"Merge pull request #106 from pwrose/master", 
2e5539f,Peter Rose,Tue Jul 14 16:50:22 2020,"Merge pull request #105 from pwrose/master", 
612fde2,Peter Rose,Tue Jul 14 16:45:48 2020,"Merge pull request #104 from pwrose/master", 
34ea594,Peter Rose,Mon Jul 13 18:39:36 2020,"Merge pull request #103 from pwrose/master", 
3c658f9,Peter Rose,Mon Jul 13 16:28:25 2020,"Merge pull request #102 from pwrose/master", 
a2d7827,Peter Rose,Mon Jul 13 16:03:58 2020,"Merge pull request #101 from pwrose/master", 
ac8990c,Peter Rose,Wed Jul 8 05:07:20 2020,"Merge pull request #100 from pwrose/master", 
ffebd03,Peter Rose,Tue Jul 7 19:31:30 2020,"Merge pull request #99 from pwrose/master", 
1bb3d2b,Peter Rose,Tue Jul 7 16:45:57 2020,"Merge pull request #98 from pwrose/master", 
33809be,Peter Rose,Tue Jul 7 12:15:39 2020,"Merge pull request #97 from pwrose/master", 
09e1b2f,Peter Rose,Sun Jul 5 08:35:07 2020,"Merge pull request #95 from pwrose/master", 
f9e309c,Peter Rose,Sat Jul 4 10:56:03 2020,"Merge pull request #94 from pwrose/master", 
4e774d6,Peter Rose,Tue Jun 30 09:44:51 2020,"Merge pull request #92 from pwrose/master", 
569ff9c,Peter Rose,Sat Jun 27 16:38:40 2020,"Merge pull request #90 from pwrose/master", 
d0a4a4c,Peter Rose,Sat Jun 27 16:09:38 2020,"Merge pull request #89 from pwrose/master", 
f9e192d,Peter Rose,Sat Jun 27 15:33:54 2020,"Merge pull request #88 from pwrose/master", 
0bfa7d8,Peter Rose,Sat Jun 27 11:49:56 2020,"Merge pull request #87 from pwrose/master", 
4c53308,Peter Rose,Wed Jun 24 18:22:13 2020,"Merge pull request #86 from pwrose/master", 
7d06c04,Peter Rose,Wed Jun 24 10:36:20 2020,"Merge pull request #85 from pwrose/master", 
8ac17e7,Peter Rose,Tue Jun 23 17:41:53 2020,"Merge pull request #84 from pwrose/master", 
218a94e,Peter Rose,Tue Jun 23 15:54:38 2020,"Merge pull request #83 from pwrose/master", 
0bae7a4,Peter Rose,Tue Jun 23 11:58:40 2020,"Merge pull request #82 from pwrose/master", 
2191809,Peter Rose,Tue Jun 23 11:27:18 2020,"Merge pull request #81 from pwrose/master", 
a0a5b45,Peter Rose,Sun Jun 21 20:11:42 2020,"Merge pull request #80 from pwrose/master", 
b6363f7,Peter Rose,Sun Jun 21 19:08:34 2020,"Merge pull request #79 from pwrose/master", 
40d1fcb,Peter Rose,Sun Jun 21 09:25:56 2020,"Merge pull request #78 from pwrose/master", 
3c1e0a5,Peter Rose,Sun Jun 21 09:21:54 2020,"Merge pull request #77 from pwrose/master", 
26559cb,Peter Rose,Sun Jun 21 08:42:01 2020,"Merge pull request #76 from pwrose/master", 
8983b12,Peter Rose,Sat Jun 20 16:42:14 2020,"Merge pull request #75 from pwrose/master", 
8f93253,Peter Rose,Thu Jun 18 20:18:29 2020,"Merge pull request #74 from pwrose/master", 
50f6264,Peter Rose,Wed Jun 17 17:03:56 2020,"Merge pull request #73 from pwrose/master", 
72dc2e5,Peter Rose,Tue Jun 16 17:17:41 2020,"Merge pull request #72 from pwrose/master", 
2d951e0,Peter Rose,Tue Jun 16 16:54:48 2020,"Merge pull request #71 from pwrose/master", 
7e92f61,Peter Rose,Tue Jun 16 12:13:23 2020,"Merge pull request #70 from pwrose/master", 
3ad4607,Peter Rose,Tue Jun 16 08:31:09 2020,"Merge pull request #69 from pwrose/master", 
e208f6c,Peter Rose,Tue Jun 16 07:36:57 2020,"Merge pull request #68 from pwrose/master", 
5f6d960,Peter Rose,Tue Jun 16 05:27:23 2020,"Merge pull request #67 from pwrose/master", 
25cf032,Peter Rose,Mon Jun 15 17:35:57 2020,"Merge pull request #66 from pwrose/master", 
d11cbc3,Peter Rose,Thu Jun 11 11:33:12 2020,"Merge pull request #65 from pwrose/master", 
c5c600c,Peter Rose,Wed Jun 10 18:03:24 2020,"Merge pull request #64 from pwrose/master", 
94dc4fe,Peter Rose,Wed Jun 10 17:48:40 2020,"Merge pull request #63 from pwrose/master", 
21020bf,Peter Rose,Wed Jun 10 16:55:37 2020,"Merge pull request #62 from pwrose/master", 
c8eb550,Peter Rose,Wed Jun 10 09:25:42 2020,"Merge pull request #61 from pwrose/master", 
6af8941,Peter Rose,Wed Jun 10 08:16:31 2020,"Merge pull request #60 from pwrose/master", 
26e3a7c,Peter Rose,Wed Jun 10 07:13:00 2020,"Merge pull request #59 from pwrose/master", 
13d46e7,Peter Rose,Tue Jun 9 18:17:51 2020,"Merge pull request #58 from pwrose/master", 
5bac037,Peter Rose,Tue Jun 9 16:49:54 2020,"Merge pull request #57 from pwrose/master", 
80366a6,Peter Rose,Tue Jun 9 15:27:12 2020,"Merge pull request #56 from pwrose/master", 
6b0cea6,Peter Rose,Tue Jun 9 15:24:47 2020,"Merge pull request #55 from pwrose/master", 
4390000,Peter Rose,Tue Jun 9 15:10:57 2020,"Merge pull request #54 from pwrose/master", 
3757e73,Peter Rose,Tue Jun 9 12:05:01 2020,"Merge pull request #53 from pwrose/master", 
350d1d9,Peter Rose,Tue Jun 9 05:00:38 2020,"Merge pull request #52 from pwrose/master", 
fd935b0,Peter Rose,Mon Jun 8 16:52:05 2020,"Merge pull request #51 from pwrose/master", 
62b5193,Peter Rose,Sun Jun 7 18:44:16 2020,"Merge pull request #50 from pwrose/master", 
677b4ef,Peter Rose,Sun Jun 7 16:47:03 2020,"Merge pull request #49 from pwrose/master", 
d0a4d9a,Peter Rose,Sat Jun 6 16:08:56 2020,"Merge pull request #48 from pwrose/master", 
d9abcc8,Peter Rose,Sat Jun 6 10:00:14 2020,"Merge pull request #47 from pwrose/master", 
2edec73,Peter Rose,Fri Jun 5 19:17:50 2020,"Merge pull request #46 from pwrose/master", 
ccc8fb6,Peter Rose,Fri Jun 5 16:39:24 2020,"Merge pull request #45 from pwrose/master", 
43aca41,Peter Rose,Fri Jun 5 16:12:49 2020,"Merge pull request #44 from pwrose/master", 
83aad2b,Peter Rose,Thu Jun 4 18:59:37 2020,"Merge pull request #43 from pwrose/master", 
36280ea,Peter Rose,Fri May 29 04:23:40 2020,"Merge pull request #41 from pwrose/master", 
b7e8eb8,Peter Rose,Sun May 24 07:11:55 2020,"Merge pull request #40 from pwrose/master", 
157104b,Peter Rose,Sun May 24 05:59:39 2020,"Merge pull request #39 from pwrose/master", 
bde36db,Peter Rose,Sat May 23 19:27:13 2020,"Merge pull request #38 from pwrose/master", 
ff79bdd,Peter Rose,Sat May 23 17:03:01 2020,"Merge pull request #37 from pwrose/master", 
914f049,Peter Rose,Fri May 22 16:38:14 2020,"Merge pull request #36 from pwrose/master", 
f1079ce,Peter Rose,Fri May 22 13:26:58 2020,"Merge pull request #35 from pwrose/master", 
2b423e9,Peter Rose,Fri May 22 10:36:52 2020,"Merge pull request #34 from pwrose/master", 
552c228,Peter Rose,Fri May 22 10:20:51 2020,"Merge pull request #33 from pwrose/master", 
ffbff68,Peter Rose,Fri May 22 09:54:02 2020,"Merge pull request #32 from pwrose/master", 
859de97,Peter Rose,Fri May 22 09:26:31 2020,"Merge pull request #31 from pwrose/master", 
c171f43,Peter Rose,Thu May 21 12:27:29 2020,"Merge pull request #30 from pwrose/master", 
e77200a,Peter Rose,Thu May 21 11:46:37 2020,"Merge pull request #29 from pwrose/master", 
778f955,Peter Rose,Wed May 6 18:43:52 2020,"Merge pull request #26 from pwrose/master", 
d3822a1,Peter Rose,Wed May 6 15:48:01 2020,"Merge pull request #25 from pwrose/master", 
0a51c36,Peter Rose,Wed May 6 11:51:22 2020,"Merge pull request #24 from pwrose/master", 
ece0523,Peter Rose,Wed May 6 09:03:13 2020,"Merge pull request #23 from pwrose/master", 
902502d,Peter Rose,Wed May 6 05:50:05 2020,"Merge pull request #22 from pwrose/master", 
7069ec5,Peter Rose,Tue May 5 18:20:41 2020,"Merge pull request #21 from pwrose/master", 
182a200,Peter Rose,Tue May 5 18:14:25 2020,"Merge pull request #20 from pwrose/master", 
1ef5c2f,Peter Rose,Tue May 5 18:11:44 2020,"Merge pull request #19 from pwrose/master", 
15fa11e,Peter Rose,Tue May 5 18:10:47 2020,"Merge pull request #18 from pwrose/master", 
081d976,Peter Rose,Tue May 5 16:06:37 2020,"Merge pull request #17 from pwrose/master", 
34e2c57,Peter Rose,Mon May 4 17:57:09 2020,"Merge pull request #16 from pwrose/master", 
789d5cb,Peter Rose,Sun May 3 16:02:20 2020,"Merge pull request #15 from pwrose/master", 
8fa01b6,Peter Rose,Fri May 1 08:39:18 2020,"Merge pull request #14 from pwrose/master", 
b26e0c0,Peter Rose,Fri May 1 07:29:06 2020,"Merge pull request #13 from pwrose/master", 
a912d9f,Peter Rose,Sun Apr 19 16:53:49 2020,"Merge pull request #11 from pwrose/master", 
576d5c5,Peter Rose,Tue Apr 14 16:36:54 2020,"Merge pull request #9 from pwrose/master", 
805fe75,Peter Rose,Mon Apr 13 20:32:28 2020,"Merge pull request #8 from pwrose/master", 
f384b23,Peter Rose,Mon Mar 23 13:59:34 2020,"added dashboards",   19, 5095, 524 
997df44,Peter Rose,Mon Mar 23 13:41:30 2020,"updated documentation",   1, 11, 11 
85d6565,Peter Rose,Mon Mar 23 13:34:17 2020,"updated documentation",   1, 5, 5 
ba75f04,Peter Rose,Mon Mar 23 11:19:59 2020,"added Dashboard relationship",   4, 154, 2538 
047d83f,Peter Rose,Mon Mar 23 09:55:27 2020,"updated README",   1, 6 
ca69109,Peter Rose,Mon Mar 23 09:36:10 2020,"updated README",   1, 1, 3 
cfeff09,Peter Rose,Mon Mar 23 09:32:17 2020,"refactored data organization",   28, 1943, 1436 
c75d961,Peter Rose,Sun Mar 22 18:38:20 2020,"updated README",   1, 22, 4 
cb2272b,Peter Rose,Sun Mar 22 13:00:27 2020,"updated README",   1, 32, 1 
c4abb82,Peter Rose,Sun Mar 22 12:36:24 2020,"Merge branch 'master' of https://github.com/covid-19-net/covid-19-community", 
640c7ba,Peter Rose,Sun Mar 22 12:30:30 2020,"initial commit",   39, 16930 