commit id,author,date,comment,changed files,lines added,lines deleted

9846244,Gustavo Duregger,Tue May 5 15:29:40 2020,"Correção de texto",   1, 2, 2 
61b2355,GustavoDuregger,Tue May 5 15:16:51 2020,"#1: Responsividade",   2, 34, 4 
dc672e3,Gustavo Duregger,Tue May 5 14:49:12 2020,"http://covid-taskforce-cplp/rastreamento-de-contatos#1: Traducao feita",   21, 78 
9238557,Emerson Rocha Luiz,Tue May 5 11:58:22 2020,"Adicionado descrição minima no README.md",   2, 28, 1 
8552e5f,Emerson Rocha,Tue May 5 11:01:33 2020,"Initial commit",   2, 26 