commit id,author,date,comment,changed files,lines added,lines deleted

7e43ae4,dependabot[bot],Sun Jun 7 07:55:15 2020,"Bump apollo-server-core from 2.11.0 to 2.14.2",   1, 127, 72 
5985b95,dependabot[bot],Sun Jun 7 04:43:41 2020,"Bump apollo-server-cloudflare from 2.11.0 to 2.14.2",   2, 253, 130 
c8a2d72,Kai Curry,Tue Apr 7 03:34:29 2020,"API: remove remaining redirect",   1, 6, 1 
768dd5d,Kai Curry,Sat Apr 4 12:14:54 2020,"update readme",   1, 1 
d4c0b45,Kai Curry,Sat Apr 4 12:13:49 2020,"history",   1, 17 
b71e8d4,Kai Curry,Sat Apr 4 01:39:48 2020,"visit website repo for latest",   1, 6 
1a11cd8,Kai Curry,Fri Apr 3 12:12:50 2020,"See website repo comment",   1, 151 
51d3b30,Kai Curry,Fri Apr 3 12:10:57 2020,"update with latest proxy code",   6, 33, 53 
076dc86,Kai Curry,Thu Apr 2 11:53:08 2020,"Merge branch 'master' of github.com:COVID19Tracking/covid-tracking-api", 
3a667c8,Kai Curry,Thu Apr 2 02:33:35 2020,"i dunno updates",   11, 200, 36 
38215f7,Kai Curry,Tue Mar 31 22:36:12 2020,"rm wrangler",   1, 12 
206da95,Kai Curry,Tue Mar 31 22:35:10 2020,"ignore wrangler again",   1, 1 
3731dc6,Kai Curry,Tue Mar 31 22:34:32 2020,"wrangler update",   1, 7 
8aa649c,Kai Curry,Tue Mar 31 10:12:11 2020,"style",   1, 4, 1 
bf00692,Kai Curry,Tue Mar 31 10:11:51 2020,"deploy to staging",   1, 18 
bf83291,Kai Curry,Tue Mar 31 10:11:10 2020,"no error console",   2, 8, 2 
e5bca72,Kai Curry,Tue Mar 31 10:00:56 2020,"Merge pull request #28 from samskeller/samskeller/fixing-us-daily-data-point-graphql-schema", 
6b47a99,Kai Curry,Tue Mar 31 09:35:30 2020,"default wrangler file",   1, 19 
efbfb50,Kai Curry,Sat Mar 28 23:29:03 2020,"force partial to ext json",   1, 1 
f4180aa,Kai Curry,Sat Mar 28 23:21:01 2020,"Merge branch 'master' of github.com:COVID19Tracking/covid-tracking-api", 
49b6beb,Kai Curry,Sat Mar 28 23:20:47 2020,"note about delete cache item on production",   1, 1 
dc7d004,Kai Curry,Sat Mar 28 23:20:22 2020,"add refererLog after responding with cached item.",   1, 3, 2 
a34fbad,Kai Curry,Sat Mar 28 23:19:56 2020,"Move cache to its own file.",   2, 18, 15 
b5b74d0,Kai Curry,Sat Mar 28 23:19:46 2020,"refererLog so I know who is using the API.",   1, 23, 1 
59e7a9d,Kai Curry,Sat Mar 28 23:19:24 2020,"move sheetVals to sheets handler",   2, 23, 18 
e527f74,Kai Curry,Sat Mar 28 23:19:04 2020,"try catch on parse. Might not be required.",   1, 15, 3 
7df010e,Kai Curry,Sat Mar 28 23:18:46 2020,"Check for expected date string before parse.",   1, 6, 1 
a17184b,Kai Curry,Sat Mar 28 12:13:36 2020,"update packages",   2, 5, 12 
9117ef0,Kai Curry,Sat Mar 28 10:04:52 2020,"Work on added lastModified to /us",   3, 36, 18 
bb943cd,Kai Curry,Sat Mar 28 08:37:13 2020,"Cache related updates.",   9, 124, 55 
71b2106,Kai Curry,Fri Mar 27 01:09:46 2020,"Calculate total. Add note not to use.",   3, 20, 4 
0506aba,Kai Curry,Thu Mar 26 12:12:15 2020,"Tell user when no data found.",   2, 3, 5 
efa9df5,Kai Curry,Thu Mar 26 11:57:28 2020,"enable query args on /screenshots",   9, 24, 12 
c6e80e0,Kai Curry,Thu Mar 26 09:34:07 2020,"Merge pull request #18 from burritojustice/patch-1", 
f4bf38c,Kai Curry,Thu Mar 26 09:33:23 2020,"move /states handler to its own file",   5, 65, 47 
bf653d7,Kai Curry,Thu Mar 26 09:01:58 2020,"totalTestResults on /us",   4, 17, 82 
937c863,Kai Curry,Thu Mar 26 08:05:47 2020,"Move press to sheets datasource.",   5, 23, 8 
297e3ba,Kai Curry,Thu Mar 26 07:12:47 2020,"add increase values #15",   4, 48, 7 
1d4dfd0,Kai Curry,Thu Mar 26 06:31:34 2020,"boost cache to 5 hours",   1, 1, 1 
3ce49d3,Kai Curry,Thu Mar 26 06:29:17 2020,"Extend total cache liftime to 6000 seconds.",   1, 6, 3 
4db1863,Kai Curry,Thu Mar 26 06:25:16 2020,"add cacheId to logs",   1, 4, 2 
edbc8c1,Kai Curry,Thu Mar 26 06:21:06 2020,"add fips to /states/info #13",   4, 86, 75 
4510d22,Kai Curry,Thu Mar 26 04:54:22 2020,"add stateId to urls",   2, 15, 6 
5f0e902,Kai Curry,Thu Mar 26 04:40:53 2020,"mention replace in log",   1, 4, 1 
de8815f,Kai Curry,Thu Mar 26 04:31:20 2020,"try something else for logs",   4, 122, 6 
c230ad0,Kai Curry,Thu Mar 26 02:04:36 2020,"Add totalTestResults to us and states daily.",   2, 40, 12 
039bd56,Kai Curry,Thu Mar 26 01:22:55 2020,"Redirect to /api/ documentation. Add us/daily dateChecked",   1, 4, 2 
d4dac1e,Kai Curry,Wed Mar 25 13:47:44 2020,"Further organizing for KV.",   5, 70, 62 
0cb7091,Kai Curry,Wed Mar 25 13:01:59 2020,"Better KV handling.",   7, 133, 17 
12da54f,Kai Curry,Tue Mar 24 09:45:57 2020,"Handle if KV var is defined.",   1, 3, 1 
eb0c7ac,Kai Curry,Tue Mar 24 08:44:51 2020,"cleanup",   7, 56, 21 
3b47968,Kai Curry,Sun Mar 22 11:46:04 2020,"Move screenshots code to its own file.",   4, 57, 121 
d8cef9a,Kai Curry,Sun Mar 22 11:07:58 2020,"getVal into its own file",   4, 30, 21 
e3e5c9f,Kai Curry,Sun Mar 22 11:07:39 2020,"Create new date obj for every item.",   1, 1, 1 
9174aa0,Kai Curry,Sun Mar 22 07:27:21 2020,"Make all use https",   1, 4, 4 
9621e2a,Kai Curry,Sun Mar 22 07:26:26 2020,"switch xml processors",   5, 54, 41 
6f97aad,Kai Curry,Sat Mar 21 09:52:13 2020,"Add screenshot dates",   2, 12, 2 
9b54d5b,Kai Curry,Sat Mar 21 09:38:21 2020,"filter out rows with missing state",   1, 1, 1 
cfdef3b,Kai Curry,Sat Mar 21 08:25:56 2020,"add press endpoint",   2, 7, 3 
d01fe32,Kai Curry,Sat Mar 21 08:10:25 2020,"merge grade with /states endpoint",   3, 44, 21 
fa3891d,Kai Curry,Sat Mar 21 05:56:52 2020,"again",   1, 1, 1 
4f88b25,Kai Curry,Sat Mar 21 05:53:45 2020,"add /states/grade",   3, 17, 10 
7767d90,Kai Curry,Sat Mar 21 03:59:19 2020,"Bump cache to 300 seconds for xml.",   1, 1, 1 
08c102c,Kai Curry,Sat Mar 21 03:18:59 2020,"Link to Netlify and Cloudflare",   1, 1, 1 
f86efed,Kai Curry,Sat Mar 21 02:08:37 2020,"Parse dates on /states endpoint",   1, 10, 3 
06130c7,Kai Curry,Sat Mar 21 02:07:26 2020,"Add hours only to the daily dates.",   1, 1, 1 
010194e,Kai Curry,Fri Mar 20 10:18:16 2020,"overall US info",   3, 40, 3 
2d3f296,Kai Curry,Fri Mar 20 10:18:04 2020,"cors",   3, 21, 2 
e88529a,Kai Curry,Fri Mar 20 06:28:17 2020,"stronger cache",   3, 6, 5 
04b4794,Kai Curry,Thu Mar 19 05:05:16 2020,"baseEndpoint fix",   1, 1, 1 
e40f466,Kai Curry,Thu Mar 19 01:25:30 2020,"update api links",   1, 8, 7 
dbf6ff2,Kai Curry,Wed Mar 18 12:31:02 2020,"screenshots",   1, 1, 1 
7b7aba8,Kai Curry,Wed Mar 18 12:27:22 2020,"snapshot handling code",   1, 33, 2 
b2f9fae,Kai Curry,Wed Mar 18 12:25:16 2020,"xml handling",   5, 49, 8 
2d7eb3d,Kai Curry,Tue Mar 17 13:54:28 2020,"add date and name",   4, 55, 24 
ee9de40,Kai Curry,Tue Mar 17 13:35:20 2020,"document basic filtering",   1, 2 
8afc293,Kai Curry,Tue Mar 17 13:28:37 2020,"return result[0] if only 1 result",   1, 5, 1 
6aa0992,Kai Curry,Tue Mar 17 13:22:48 2020,"allow basic filtering of sheets",   4, 17, 7 
03da970,Kai Curry,Tue Mar 17 11:47:29 2020,"attempt some better date handling",   2, 19, 2 
65e2d20,Kai Curry,Tue Mar 17 11:47:20 2020,"MP",   1, 1 
3fbfe69,Kai Curry,Tue Mar 17 04:45:38 2020,"add date-fns",   3, 13, 1 
e30bca6,Kai Curry,Tue Mar 17 04:45:10 2020,"stateNames",   2, 62, 61 
3a816de,Kai Curry,Mon Mar 16 05:28:28 2020,"switch to covidtracking.com/api",   1, 1, 1 
9e58eca,Kai Curry,Mon Mar 16 05:19:25 2020,"add graphql to readme",   2, 6, 1 
45a4c12,Kai Curry,Mon Mar 16 05:17:18 2020,"add graphql",   23, 3081, 125 
331c452,Kai Curry,Sun Mar 15 05:29:10 2020,"update playground html",   1, 498, 452 
8f91af5,Kai Curry,Sun Mar 15 05:26:39 2020,"graphql playground",   1, 497 
2e13355,Kai Curry,Sun Mar 15 00:28:02 2020,"Add tracker urls endpoint",   2, 11 
7de85f0,Kai Curry,Sun Mar 15 00:27:36 2020,"add yaml processing functionality",   5, 102, 31 
d8a4fe5,Kai Curry,Sat Mar 14 09:11:38 2020,"Update README.md",   1, 1, 1 
5dd6830,Kai Curry,Thu Mar 12 09:32:35 2020,"API url changes",   1, 7, 7 
f5f498d,Kai Curry,Thu Mar 12 03:22:57 2020,"Apache-2.0",   1, 1, 1 
2fa464e,Kai Curry,Thu Mar 12 03:22:17 2020,"APACHE",   1, 201, 25 
00ebcfc,Kai Curry,Wed Mar 11 11:00:45 2020,"csv export",   4, 34, 6 
6306a62,Kai Curry,Tue Mar 10 16:02:37 2020,"rename",   1, 25 
1f451ca,Kai Curry,Tue Mar 10 16:02:20 2020,"readme",   2, 3, 27 
9debe0c,Kai Curry,Tue Mar 10 15:50:49 2020,"enable basic cache",   1, 1, 1 
9fa9c34,Kai Curry,Tue Mar 10 15:45:18 2020,"update info",   2, 2, 1 
1d94883,Kai Curry,Tue Mar 10 15:29:24 2020,"check if number",   1, 2, 2 
93cdbde,Kai Curry,Tue Mar 10 15:27:32 2020,"rm link",   1, 1 
65142cb,Kai Curry,Tue Mar 10 15:26:51 2020,"rm key",   1, 1, 1 
57bbdb0,Kai Curry,Tue Mar 10 15:24:38 2020,"init",   11, 284 