commit id,author,date,comment,changed files,lines added,lines deleted

092ab94,GitHub Action,Thu Sep 17 18:23:34 2020,"Automated Data Update using Workflows",   2, 1134 
afce56c,GitHub Action,Thu Sep 17 18:23:31 2020,"Automated Data Update using Workflows",   2, 1134 
9d4db36,GitHub Action,Thu Sep 17 10:57:44 2020,"Automated Data Update using Workflows",   3, 36, 18 
14710c3,GitHub Action,Thu Sep 17 10:57:41 2020,"Automated Data Update using Workflows",   3, 36, 18 
f302673,Alex Delitzas,Thu Sep 17 06:40:15 2020,"Add school status data & automated update",   2, 13, 2 
12afa19,GitHub Action,Thu Sep 17 02:24:08 2020,"Automated Data Update using Workflows",   2, 48, 46 
6d7895a,GitHub Action,Thu Sep 17 02:24:07 2020,"Automated Data Update using Workflows",   2, 48, 46 
5196d7f,GitHub Action,Wed Sep 16 18:23:49 2020,"Automated Data Update using Workflows",   3, 1136, 2 
0a069ee,GitHub Action,Wed Sep 16 18:23:46 2020,"Automated Data Update using Workflows",   3, 1136, 2 
870f1d2,GitHub Action,Wed Sep 16 10:57:32 2020,"Automated Data Update using Workflows",   4, 871, 871 
bf4466e,GitHub Action,Wed Sep 16 10:57:30 2020,"Automated Data Update using Workflows",   4, 871, 871 
b58f4d4,GitHub Action,Wed Sep 16 02:23:51 2020,"Automated Data Update using Workflows",   4, 332, 281 
50d88fb,GitHub Action,Wed Sep 16 02:23:51 2020,"Automated Data Update using Workflows",   4, 332, 281 
b02e85a,GitHub Action,Tue Sep 15 18:24:24 2020,"Automated Data Update using Workflows",   2, 1134 
afa80b8,GitHub Action,Tue Sep 15 18:24:15 2020,"Automated Data Update using Workflows",   2, 1134 
13b4df1,GitHub Action,Tue Sep 15 10:57:41 2020,"Automated Data Update using Workflows",   2, 19, 18 
1c0b3c9,GitHub Action,Tue Sep 15 10:57:41 2020,"Automated Data Update using Workflows",   2, 19, 18 
5e44cab,GitHub Action,Tue Sep 15 02:23:36 2020,"Automated Data Update using Workflows",   3, 329, 279 
b28b4d6,GitHub Action,Tue Sep 15 02:23:30 2020,"Automated Data Update using Workflows",   3, 329, 279 
9515091,GitHub Action,Mon Sep 14 18:24:04 2020,"Automated Data Update using Workflows",   2, 1134 
633a4bd,GitHub Action,Mon Sep 14 18:24:04 2020,"Automated Data Update using Workflows",   2, 1134 
2702e4d,GitHub Action,Mon Sep 14 10:58:00 2020,"Automated Data Update using Workflows",   3, 21, 20 
cc06ea2,GitHub Action,Mon Sep 14 10:57:55 2020,"Automated Data Update using Workflows",   3, 21, 20 
c975ce6,GitHub Action,Mon Sep 14 02:23:08 2020,"Automated Data Update using Workflows",   2, 1420, 1370 
8cde70a,GitHub Action,Mon Sep 14 02:22:59 2020,"Automated Data Update using Workflows",   2, 1420, 1370 
a06c094,GitHub Action,Sun Sep 13 18:22:29 2020,"Automated Data Update using Workflows",   2, 1134 
956ce54,GitHub Action,Sun Sep 13 18:22:29 2020,"Automated Data Update using Workflows",   2, 1134 
37c4a84,GitHub Action,Sun Sep 13 10:59:10 2020,"Automated Data Update using Workflows",   4, 341, 290 
9aa5df9,GitHub Action,Sun Sep 13 10:59:10 2020,"Automated Data Update using Workflows",   4, 341, 290 
08c7d29,GitHub Action,Sat Sep 12 18:22:28 2020,"Automated Data Update using Workflows",   2, 1134 
76b5327,GitHub Action,Sat Sep 12 18:22:18 2020,"Automated Data Update using Workflows",   2, 1134 
768834e,GitHub Action,Sat Sep 12 10:56:23 2020,"Automated Data Update using Workflows",   3, 27, 27 
aa89d2e,GitHub Action,Sat Sep 12 10:56:06 2020,"Automated Data Update using Workflows",   3, 27, 27 
7f1efd4,GitHub Action,Sat Sep 12 02:23:05 2020,"Automated Data Update using Workflows",   6, 1134, 1116 
b4bea70,GitHub Action,Sat Sep 12 02:23:05 2020,"Automated Data Update using Workflows",   6, 1134, 1116 
3ae2ca2,GitHub Action,Fri Sep 11 18:23:44 2020,"Automated Data Update using Workflows",   2, 1134 
98d5aac,GitHub Action,Fri Sep 11 18:23:40 2020,"Automated Data Update using Workflows",   2, 1134 
fca2554,GitHub Action,Fri Sep 11 10:54:33 2020,"Automated Data Update using Workflows",   3, 40, 18 
adfc0b2,GitHub Action,Fri Sep 11 10:54:27 2020,"Automated Data Update using Workflows",   3, 40, 18 
0de7bde,GitHub Action,Thu Sep 10 18:23:06 2020,"Automated Data Update using Workflows",   2, 1134 
86bd0d4,GitHub Action,Thu Sep 10 18:23:06 2020,"Automated Data Update using Workflows",   2, 1134 
a12a0b5,GitHub Action,Thu Sep 10 10:54:02 2020,"Automated Data Update using Workflows",   1, 17, 17 
07d1bd8,GitHub Action,Thu Sep 10 10:53:51 2020,"Automated Data Update using Workflows",   1, 17, 17 
ec59573,GitHub Action,Thu Sep 10 02:24:12 2020,"Automated Data Update using Workflows",   3, 364, 314 
73d929e,GitHub Action,Thu Sep 10 02:24:12 2020,"Automated Data Update using Workflows",   3, 364, 314 
1bfb5d7,GitHub Action,Wed Sep 9 18:23:39 2020,"Automated Data Update using Workflows",   2, 1134 
2bc72f5,GitHub Action,Wed Sep 9 18:23:38 2020,"Automated Data Update using Workflows",   2, 1134 
0512f86,GitHub Action,Wed Sep 9 10:56:58 2020,"Automated Data Update using Workflows",   3, 73, 72 
b2df67f,GitHub Action,Wed Sep 9 10:56:52 2020,"Automated Data Update using Workflows",   3, 73, 72 
941c25e,GitHub Action,Wed Sep 9 02:23:37 2020,"Automated Data Update using Workflows",   1, 50 
81fee70,GitHub Action,Wed Sep 9 02:23:32 2020,"Automated Data Update using Workflows",   1, 50 
4bc1b65,GitHub Action,Tue Sep 8 18:24:16 2020,"Automated Data Update using Workflows",   2, 1134 
1c4e0b1,GitHub Action,Tue Sep 8 18:24:14 2020,"Automated Data Update using Workflows",   2, 1134 
d816456,GitHub Action,Tue Sep 8 10:56:48 2020,"Automated Data Update using Workflows",   1, 17, 17 
9d73ef7,GitHub Action,Tue Sep 8 10:56:47 2020,"Automated Data Update using Workflows",   1, 17, 17 
dae71ab,GitHub Action,Tue Sep 8 02:23:09 2020,"Automated Data Update using Workflows",   4, 1406, 1356 
57fa1f3,GitHub Action,Tue Sep 8 02:23:06 2020,"Automated Data Update using Workflows",   4, 1406, 1356 
46aafae,GitHub Action,Mon Sep 7 18:24:05 2020,"Automated Data Update using Workflows",   2, 1134 
151a9a0,GitHub Action,Mon Sep 7 18:24:05 2020,"Automated Data Update using Workflows",   2, 1134 
ad3b4a5,GitHub Action,Mon Sep 7 10:57:32 2020,"Automated Data Update using Workflows",   2, 67, 17 
ddd6c49,GitHub Action,Mon Sep 7 10:57:27 2020,"Automated Data Update using Workflows",   2, 67, 17 
1dddd19,GitHub Action,Mon Sep 7 02:22:33 2020,"Automated Data Update using Workflows",   2, 28, 28 
ce9e737,GitHub Action,Mon Sep 7 02:22:32 2020,"Automated Data Update using Workflows",   2, 28, 28 
2195df1,GitHub Action,Sun Sep 6 18:22:34 2020,"Automated Data Update using Workflows",   3, 1136, 2 
7965fb4,GitHub Action,Sun Sep 6 18:22:34 2020,"Automated Data Update using Workflows",   3, 1136, 2 
213da10,GitHub Action,Sun Sep 6 10:58:19 2020,"Automated Data Update using Workflows",   3, 70, 18 
1511f2e,GitHub Action,Sun Sep 6 10:58:16 2020,"Automated Data Update using Workflows",   3, 70, 18 
713a7a0,GitHub Action,Sun Sep 6 02:23:38 2020,"Automated Data Update using Workflows",   2, 17, 17 
ab6321f,GitHub Action,Sun Sep 6 02:23:38 2020,"Automated Data Update using Workflows",   2, 17, 17 
bb1c209,GitHub Action,Sat Sep 5 18:42:34 2020,"Automated Data Update using Workflows",   2, 1134 
b2082fb,GitHub Action,Sat Sep 5 18:42:34 2020,"Automated Data Update using Workflows",   2, 1134 
2718289,GitHub Action,Sat Sep 5 11:42:23 2020,"Automated Data Update using Workflows",   2, 63, 60 
e97cfbd,GitHub Action,Sat Sep 5 11:42:11 2020,"Automated Data Update using Workflows",   2, 63, 60 
30b20a6,GitHub Action,Sat Sep 5 02:22:58 2020,"Automated Data Update using Workflows",   2, 1220, 1170 
975f1a7,GitHub Action,Sat Sep 5 02:22:58 2020,"Automated Data Update using Workflows",   2, 1220, 1170 
cd2c93c,GitHub Action,Fri Sep 4 18:23:41 2020,"Automated Data Update using Workflows",   4, 1162, 28 
0bf30ee,GitHub Action,Fri Sep 4 18:23:40 2020,"Automated Data Update using Workflows",   4, 1162, 28 
cb3c462,GitHub Action,Fri Sep 4 10:56:09 2020,"Automated Data Update using Workflows",   2, 20, 19 
827bf02,GitHub Action,Fri Sep 4 10:56:09 2020,"Automated Data Update using Workflows",   2, 20, 19 
1061dbc,GitHub Action,Fri Sep 4 02:23:05 2020,"Automated Data Update using Workflows",   3, 313, 263 
5f963ca,GitHub Action,Fri Sep 4 02:23:00 2020,"Automated Data Update using Workflows",   3, 313, 263 
8f6b362,GitHub Action,Thu Sep 3 18:25:05 2020,"Automated Data Update using Workflows",   4, 1162, 28 
5965b6e,GitHub Action,Thu Sep 3 18:25:03 2020,"Automated Data Update using Workflows",   4, 1162, 28 
7e434c7,GitHub Action,Thu Sep 3 10:55:14 2020,"Automated Data Update using Workflows",   2, 19, 18 
887d141,GitHub Action,Thu Sep 3 10:55:13 2020,"Automated Data Update using Workflows",   2, 19, 18 
b29afe4,GitHub Action,Thu Sep 3 02:22:47 2020,"Automated Data Update using Workflows",   3, 1208, 1158 
073126c,GitHub Action,Thu Sep 3 02:22:47 2020,"Automated Data Update using Workflows",   3, 1208, 1158 
3289762,GitHub Action,Wed Sep 2 18:23:02 2020,"Automated Data Update using Workflows",   3, 1135, 1 
4f3be26,GitHub Action,Wed Sep 2 18:23:01 2020,"Automated Data Update using Workflows",   3, 1135, 1 
4dda8a9,GitHub Action,Wed Sep 2 10:50:08 2020,"Automated Data Update using Workflows",   3, 20, 20 
ebb4f86,GitHub Action,Wed Sep 2 10:50:08 2020,"Automated Data Update using Workflows",   3, 20, 20 
f3b4969,GitHub Action,Wed Sep 2 02:22:40 2020,"Automated Data Update using Workflows",   5, 1799, 1747 
f0cad22,GitHub Action,Wed Sep 2 02:22:37 2020,"Automated Data Update using Workflows",   5, 1799, 1747 
01afe4d,GitHub Action,Tue Sep 1 18:23:46 2020,"Automated Data Update using Workflows",   4, 1162, 28 
4dd8485,GitHub Action,Tue Sep 1 18:23:45 2020,"Automated Data Update using Workflows",   4, 1162, 28 
0677d56,GitHub Action,Tue Sep 1 10:57:08 2020,"Automated Data Update using Workflows",   2, 367, 367 
1f89dae,GitHub Action,Tue Sep 1 10:56:55 2020,"Automated Data Update using Workflows",   2, 367, 367 
c33500e,GitHub Action,Tue Sep 1 02:14:13 2020,"Automated Data Update using Workflows",   4, 1311, 1294 
ee9f01b,GitHub Action,Tue Sep 1 02:14:10 2020,"Automated Data Update using Workflows",   4, 1311, 1294 
7a60228,GitHub Action,Mon Aug 31 18:14:21 2020,"Automated Data Update using Workflows",   2, 1134 
cfe10bf,GitHub Action,Mon Aug 31 18:13:59 2020,"Automated Data Update using Workflows",   2, 1134 
e84a584,GitHub Action,Mon Aug 31 10:24:48 2020,"Automated Data Update using Workflows",   3, 573, 523 
3466bdc,GitHub Action,Mon Aug 31 10:24:48 2020,"Automated Data Update using Workflows",   3, 573, 523 
bd69993,GitHub Action,Mon Aug 31 02:15:57 2020,"Automated Data Update using Workflows",   8, 5224, 1665 
be3cf12,GitHub Action,Mon Aug 31 02:15:26 2020,"Automated Data Update using Workflows",   8, 5224, 1665 
a5b8111,GitHub Action,Thu Aug 27 18:21:37 2020,"Automated Data Update using Workflows",   2, 1134 
c95e29b,GitHub Action,Thu Aug 27 18:21:37 2020,"Automated Data Update using Workflows",   2, 1134 
2e2c8bd,GitHub Action,Thu Aug 27 10:50:49 2020,"Automated Data Update using Workflows",   4, 405, 387 
3edad6b,GitHub Action,Thu Aug 27 10:50:45 2020,"Automated Data Update using Workflows",   4, 405, 387 
a04ec60,GitHub Action,Thu Aug 27 02:19:14 2020,"Automated Data Update using Workflows",   2, 28, 28 
f13a33b,GitHub Action,Thu Aug 27 02:19:14 2020,"Automated Data Update using Workflows",   2, 28, 28 
0838580,GitHub Action,Wed Aug 26 18:21:16 2020,"Automated Data Update using Workflows",   2, 1134 
552df30,GitHub Action,Wed Aug 26 18:21:15 2020,"Automated Data Update using Workflows",   2, 1134 
17c55ea,GitHub Action,Wed Aug 26 10:50:18 2020,"Automated Data Update using Workflows",   1, 17, 17 
5951a3f,GitHub Action,Wed Aug 26 10:50:18 2020,"Automated Data Update using Workflows",   1, 17, 17 
961af87,GitHub Action,Wed Aug 26 02:20:22 2020,"Automated Data Update using Workflows",   5, 932, 881 
c147778,GitHub Action,Wed Aug 26 02:20:12 2020,"Automated Data Update using Workflows",   5, 932, 881 
e44fd18,GitHub Action,Tue Aug 25 18:21:57 2020,"Automated Data Update using Workflows",   2, 1134 
d903666,GitHub Action,Tue Aug 25 18:21:48 2020,"Automated Data Update using Workflows",   2, 1134 
13f98b8,GitHub Action,Tue Aug 25 10:50:30 2020,"Automated Data Update using Workflows",   3, 871, 871 
2465a6f,GitHub Action,Tue Aug 25 10:50:29 2020,"Automated Data Update using Workflows",   3, 871, 871 
bb1bba6,GitHub Action,Tue Aug 25 02:19:06 2020,"Automated Data Update using Workflows",   2, 52, 1 
c2fe3ae,GitHub Action,Tue Aug 25 02:19:01 2020,"Automated Data Update using Workflows",   2, 52, 1 
37001f8,GitHub Action,Mon Aug 24 18:21:39 2020,"Automated Data Update using Workflows",   4, 1158, 24 
ccad593,GitHub Action,Mon Aug 24 18:21:39 2020,"Automated Data Update using Workflows",   4, 1158, 24 
f2e0ecd,GitHub Action,Mon Aug 24 10:50:56 2020,"Automated Data Update using Workflows",   4, 1389, 1338 
5888cc0,GitHub Action,Mon Aug 24 10:50:49 2020,"Automated Data Update using Workflows",   4, 1389, 1338 
1c7c6f5,GitHub Action,Mon Aug 24 02:19:48 2020,"Automated Data Update using Workflows",   2, 28, 28 
28e2502,GitHub Action,Mon Aug 24 02:19:46 2020,"Automated Data Update using Workflows",   2, 28, 28 
70152c6,GitHub Action,Sun Aug 23 18:20:18 2020,"Automated Data Update using Workflows",   2, 1135, 1 
1559ddd,GitHub Action,Sun Aug 23 18:20:08 2020,"Automated Data Update using Workflows",   2, 1135, 1 
1273953,GitHub Action,Sun Aug 23 10:52:04 2020,"Automated Data Update using Workflows",   3, 36, 18 
a4ca345,GitHub Action,Sun Aug 23 10:51:47 2020,"Automated Data Update using Workflows",   3, 36, 18 
5394b5e,GitHub Action,Sat Aug 22 18:20:08 2020,"Automated Data Update using Workflows",   5, 1165, 29 
c801730,GitHub Action,Sat Aug 22 18:20:07 2020,"Automated Data Update using Workflows",   5, 1165, 29 
3df129e,GitHub Action,Sat Aug 22 10:49:46 2020,"Automated Data Update using Workflows",   3, 274, 257 
0ba8cab,GitHub Action,Sat Aug 22 10:49:46 2020,"Automated Data Update using Workflows",   3, 274, 257 
c4c4d15,GitHub Action,Fri Aug 21 18:21:42 2020,"Automated Data Update using Workflows",   2, 1134 
1b13eb9,GitHub Action,Fri Aug 21 18:21:33 2020,"Automated Data Update using Workflows",   2, 1134 
a2617ef,GitHub Action,Fri Aug 21 10:49:49 2020,"Automated Data Update using Workflows",   3, 274, 257 
42e0181,GitHub Action,Fri Aug 21 10:49:48 2020,"Automated Data Update using Workflows",   3, 274, 257 
851b063,GitHub Action,Thu Aug 20 18:20:42 2020,"Automated Data Update using Workflows",   2, 1134 
cc1b5d7,GitHub Action,Thu Aug 20 18:20:37 2020,"Automated Data Update using Workflows",   2, 1134 
fe5d666,GitHub Action,Thu Aug 20 10:48:51 2020,"Automated Data Update using Workflows",   1, 17, 17 
5b44237,GitHub Action,Thu Aug 20 10:48:44 2020,"Automated Data Update using Workflows",   1, 17, 17 
8b37de5,GitHub Action,Thu Aug 20 02:20:03 2020,"Automated Data Update using Workflows",   5, 1245, 1227 
c22fa5e,GitHub Action,Thu Aug 20 02:19:59 2020,"Automated Data Update using Workflows",   5, 1245, 1227 
7d24225,GitHub Action,Wed Aug 19 18:20:52 2020,"Automated Data Update using Workflows",   2, 1134 
389f13c,GitHub Action,Wed Aug 19 18:20:44 2020,"Automated Data Update using Workflows",   2, 1134 
3582610,GitHub Action,Wed Aug 19 10:49:53 2020,"Automated Data Update using Workflows",   4, 276, 258 
f364937,GitHub Action,Wed Aug 19 10:48:45 2020,"Automated Data Update using Workflows",   4, 276, 258 
3143cb0,GitHub Action,Wed Aug 19 02:19:38 2020,"Automated Data Update using Workflows",   2, 26, 26 
2e85477,GitHub Action,Wed Aug 19 02:19:33 2020,"Automated Data Update using Workflows",   2, 26, 26 
10c9caa,GitHub Action,Tue Aug 18 18:21:51 2020,"Automated Data Update using Workflows",   2, 1134 
dd0fddb,GitHub Action,Tue Aug 18 18:21:41 2020,"Automated Data Update using Workflows",   2, 1134 
a956fba,GitHub Action,Tue Aug 18 10:47:04 2020,"Automated Data Update using Workflows",   2, 170, 170 
5af84b5,GitHub Action,Tue Aug 18 10:47:04 2020,"Automated Data Update using Workflows",   2, 170, 170 
96f3bc8,GitHub Action,Tue Aug 18 02:19:35 2020,"Automated Data Update using Workflows",   4, 1223, 1205 
52431ca,GitHub Action,Tue Aug 18 02:19:31 2020,"Automated Data Update using Workflows",   4, 1223, 1205 
068fd00,GitHub Action,Mon Aug 17 18:20:45 2020,"Automated Data Update using Workflows",   4, 1162, 28 
b69dfb2,GitHub Action,Mon Aug 17 18:20:44 2020,"Automated Data Update using Workflows",   4, 1162, 28 
480e139,GitHub Action,Mon Aug 17 10:49:26 2020,"Automated Data Update using Workflows",   2, 19, 18 
1f03b75,GitHub Action,Mon Aug 17 10:49:26 2020,"Automated Data Update using Workflows",   2, 19, 18 
56d7ecd,GitHub Action,Mon Aug 17 02:19:12 2020,"Automated Data Update using Workflows",   4, 310, 260 
f4686f8,GitHub Action,Mon Aug 17 02:19:11 2020,"Automated Data Update using Workflows",   4, 310, 260 
2fc6c7b,GitHub Action,Sun Aug 16 18:19:59 2020,"Automated Data Update using Workflows",   4, 1163, 29 
ff87b5d,GitHub Action,Sun Aug 16 18:19:59 2020,"Automated Data Update using Workflows",   4, 1163, 29 
ae10161,GitHub Action,Sun Aug 16 10:50:08 2020,"Automated Data Update using Workflows",   2, 19, 19 
c340f49,GitHub Action,Sun Aug 16 10:50:06 2020,"Automated Data Update using Workflows",   2, 19, 19 
0d0ca5a,GitHub Action,Sun Aug 16 02:18:55 2020,"Automated Data Update using Workflows",   4, 1469, 1418 
fc79808,GitHub Action,Sun Aug 16 02:18:55 2020,"Automated Data Update using Workflows",   4, 1469, 1418 
dcb1a55,GitHub Action,Sat Aug 15 18:19:36 2020,"Automated Data Update using Workflows",   2, 1134 
8f89757,GitHub Action,Sat Aug 15 18:19:35 2020,"Automated Data Update using Workflows",   2, 1134 
e6d3ea2,GitHub Action,Sat Aug 15 10:47:33 2020,"Automated Data Update using Workflows",   3, 68, 18 
097c165,GitHub Action,Sat Aug 15 10:47:31 2020,"Automated Data Update using Workflows",   3, 68, 18 
3df6c75,GitHub Action,Sat Aug 15 02:19:25 2020,"Automated Data Update using Workflows",   1, 2, 1 
dc9c5b4,GitHub Action,Sat Aug 15 02:19:22 2020,"Automated Data Update using Workflows",   1, 2, 1 
8d364c6,GitHub Action,Fri Aug 14 18:20:33 2020,"Automated Data Update using Workflows",   4, 1164, 30 
10ef4ec,GitHub Action,Fri Aug 14 18:20:31 2020,"Automated Data Update using Workflows",   4, 1164, 30 
9ef8247,GitHub Action,Fri Aug 14 10:47:43 2020,"Automated Data Update using Workflows",   2, 34, 17 
730052d,GitHub Action,Fri Aug 14 10:47:41 2020,"Automated Data Update using Workflows",   2, 34, 17 
7c5cfb4,GitHub Action,Fri Aug 14 02:19:17 2020,"Automated Data Update using Workflows",   1, 2, 1 
c4280fe,GitHub Action,Fri Aug 14 02:19:04 2020,"Automated Data Update using Workflows",   1, 2, 1 
8250b02,GitHub Action,Thu Aug 13 18:19:49 2020,"Automated Data Update using Workflows",   2, 1135, 1 
a1a2c42,GitHub Action,Thu Aug 13 18:19:49 2020,"Automated Data Update using Workflows",   2, 1135, 1 
8ebc65e,GitHub Action,Thu Aug 13 10:47:17 2020,"Automated Data Update using Workflows",   5, 83, 32 
8a370e2,GitHub Action,Thu Aug 13 10:47:15 2020,"Automated Data Update using Workflows",   5, 83, 32 
43f305e,GitHub Action,Thu Aug 13 02:20:07 2020,"Automated Data Update using Workflows",   1, 10, 10 
9d4d1da,GitHub Action,Thu Aug 13 02:18:57 2020,"Automated Data Update using Workflows",   1, 10, 10 
d1a06d2,GitHub Action,Wed Aug 12 18:19:45 2020,"Automated Data Update using Workflows",   2, 1134 
264a4dd,GitHub Action,Wed Aug 12 18:19:45 2020,"Automated Data Update using Workflows",   2, 1134 
66cd61c,GitHub Action,Wed Aug 12 10:46:45 2020,"Automated Data Update using Workflows",   3, 34, 33 
9d9d8ed,GitHub Action,Wed Aug 12 10:46:45 2020,"Automated Data Update using Workflows",   3, 34, 33 
fb8f16c,GitHub Action,Wed Aug 12 02:18:49 2020,"Automated Data Update using Workflows",   1, 50 
32adce4,GitHub Action,Wed Aug 12 02:18:49 2020,"Automated Data Update using Workflows",   1, 50 
35ff3d7,GitHub Action,Tue Aug 11 18:20:15 2020,"Automated Data Update using Workflows",   2, 1134 
d2cfe6c,GitHub Action,Tue Aug 11 18:20:15 2020,"Automated Data Update using Workflows",   2, 1134 
23c3776,GitHub Action,Tue Aug 11 10:46:51 2020,"Automated Data Update using Workflows",   3, 69, 18 
9b8dfb4,GitHub Action,Tue Aug 11 10:46:49 2020,"Automated Data Update using Workflows",   3, 69, 18 
a037811,GitHub Action,Mon Aug 10 18:19:47 2020,"Automated Data Update using Workflows",   2, 1134 
254f933,GitHub Action,Mon Aug 10 18:19:42 2020,"Automated Data Update using Workflows",   2, 1134 
3eb1603,GitHub Action,Mon Aug 10 10:47:52 2020,"Automated Data Update using Workflows",   2, 50, 50 
d5c6667,GitHub Action,Mon Aug 10 10:47:28 2020,"Automated Data Update using Workflows",   2, 50, 50 
f8f1324,GitHub Action,Mon Aug 10 02:18:12 2020,"Automated Data Update using Workflows",   3, 278, 227 
3de3f7c,GitHub Action,Mon Aug 10 02:17:47 2020,"Automated Data Update using Workflows",   3, 278, 227 
842e803,GitHub Action,Sun Aug 9 18:18:55 2020,"Automated Data Update using Workflows",   2, 1134 
65249e6,GitHub Action,Sun Aug 9 18:18:54 2020,"Automated Data Update using Workflows",   2, 1134 
7873850,GitHub Action,Sun Aug 9 10:48:16 2020,"Automated Data Update using Workflows",   2, 19, 19 
b7db4b9,GitHub Action,Sun Aug 9 10:48:14 2020,"Automated Data Update using Workflows",   2, 19, 19 
f076249,GitHub Action,Sun Aug 9 02:18:11 2020,"Automated Data Update using Workflows",   2, 21, 3 
bd46bc1,GitHub Action,Sun Aug 9 02:18:05 2020,"Automated Data Update using Workflows",   2, 21, 3 
eb60a23,GitHub Action,Sat Aug 8 18:18:53 2020,"Automated Data Update using Workflows",   2, 1134 
dafbcba,GitHub Action,Sat Aug 8 18:18:49 2020,"Automated Data Update using Workflows",   2, 1134 
e1ed7e2,GitHub Action,Sat Aug 8 10:45:46 2020,"Automated Data Update using Workflows",   2, 67, 17 
bdede8c,GitHub Action,Sat Aug 8 10:45:46 2020,"Automated Data Update using Workflows",   2, 67, 17 
1393f51,GitHub Action,Sat Aug 8 02:18:24 2020,"Automated Data Update using Workflows",   2, 4, 3 
2a01fe2,GitHub Action,Sat Aug 8 02:18:20 2020,"Automated Data Update using Workflows",   2, 4, 3 
dc5e24d,GitHub Action,Fri Aug 7 18:19:23 2020,"Automated Data Update using Workflows",   2, 1134 
3fc53d1,GitHub Action,Fri Aug 7 18:19:23 2020,"Automated Data Update using Workflows",   2, 1134 
d65a400,GitHub Action,Fri Aug 7 10:46:29 2020,"Automated Data Update using Workflows",   2, 161, 161 
bb29396,GitHub Action,Fri Aug 7 10:46:27 2020,"Automated Data Update using Workflows",   2, 161, 161 
2677652,GitHub Action,Fri Aug 7 02:17:57 2020,"Automated Data Update using Workflows",   2, 52, 1 
09138ea,GitHub Action,Fri Aug 7 02:17:49 2020,"Automated Data Update using Workflows",   2, 52, 1 
7a37bd4,GitHub Action,Thu Aug 6 18:19:07 2020,"Automated Data Update using Workflows",   2, 1144, 10 
6ae5285,GitHub Action,Thu Aug 6 18:19:06 2020,"Automated Data Update using Workflows",   2, 1144, 10 
df363da,GitHub Action,Thu Aug 6 10:45:15 2020,"Automated Data Update using Workflows",   3, 69, 18 
c4934ba,GitHub Action,Thu Aug 6 10:45:15 2020,"Automated Data Update using Workflows",   3, 69, 18 
86c533f,GitHub Action,Thu Aug 6 02:18:00 2020,"Automated Data Update using Workflows",   4, 127, 127 
a94b37d,GitHub Action,Thu Aug 6 02:18:00 2020,"Automated Data Update using Workflows",   4, 127, 127 
79e48fb,GitHub Action,Wed Aug 5 18:18:56 2020,"Automated Data Update using Workflows",   3, 1135, 1 
4ff190e,GitHub Action,Wed Aug 5 18:18:42 2020,"Automated Data Update using Workflows",   3, 1135, 1 
99452a6,GitHub Action,Wed Aug 5 10:45:26 2020,"Automated Data Update using Workflows",   2, 19, 19 
f75dd8e,GitHub Action,Wed Aug 5 10:45:22 2020,"Automated Data Update using Workflows",   2, 19, 19 
6a8199e,GitHub Action,Wed Aug 5 02:18:14 2020,"Automated Data Update using Workflows",   3, 118, 67 
491fc52,GitHub Action,Wed Aug 5 02:18:14 2020,"Automated Data Update using Workflows",   3, 118, 67 
b0b7c09,GitHub Action,Tue Aug 4 18:19:09 2020,"Automated Data Update using Workflows",   2, 1146, 12 
6465a2b,GitHub Action,Tue Aug 4 18:19:06 2020,"Automated Data Update using Workflows",   2, 1146, 12 
956d7f9,GitHub Action,Tue Aug 4 10:44:53 2020,"Automated Data Update using Workflows",   4, 254, 236 
fffbf1c,GitHub Action,Tue Aug 4 10:44:52 2020,"Automated Data Update using Workflows",   4, 254, 236 
9630e20,GitHub Action,Tue Aug 4 02:18:02 2020,"Automated Data Update using Workflows",   1, 2, 1 
8f6c14d,GitHub Action,Tue Aug 4 02:17:58 2020,"Automated Data Update using Workflows",   1, 2, 1 
ba8e4fe,GitHub Action,Mon Aug 3 18:19:05 2020,"Automated Data Update using Workflows",   2, 1142, 8 
4edf83f,GitHub Action,Mon Aug 3 18:18:57 2020,"Automated Data Update using Workflows",   2, 1142, 8 
1cd3503,GitHub Action,Mon Aug 3 10:45:32 2020,"Automated Data Update using Workflows",   3, 252, 235 
89c9460,GitHub Action,Mon Aug 3 10:45:32 2020,"Automated Data Update using Workflows",   3, 252, 235 
c61a7ea,GitHub Action,Mon Aug 3 02:17:36 2020,"Automated Data Update using Workflows",   1, 2, 1 
74623dc,GitHub Action,Mon Aug 3 02:17:32 2020,"Automated Data Update using Workflows",   1, 2, 1 
02422a5,GitHub Action,Sun Aug 2 18:18:01 2020,"Automated Data Update using Workflows",   2, 1134 
8dd0c90,GitHub Action,Sun Aug 2 18:17:59 2020,"Automated Data Update using Workflows",   2, 1134 
18da4c2,GitHub Action,Sun Aug 2 10:45:46 2020,"Automated Data Update using Workflows",   3, 80, 30 
0d25945,GitHub Action,Sun Aug 2 10:45:46 2020,"Automated Data Update using Workflows",   3, 80, 30 
d907586,GitHub Action,Sat Aug 1 18:18:06 2020,"Automated Data Update using Workflows",   3, 1136, 2 
9d3cbcf,GitHub Action,Sat Aug 1 18:18:01 2020,"Automated Data Update using Workflows",   3, 1136, 2 
a973350,GitHub Action,Sat Aug 1 10:45:35 2020,"Automated Data Update using Workflows",   5, 134, 83 
0454f78,GitHub Action,Sat Aug 1 10:45:32 2020,"Automated Data Update using Workflows",   5, 134, 83 
b07c7d5,GitHub Action,Sat Aug 1 02:17:45 2020,"Automated Data Update using Workflows",   1, 1, 1 
8a90a23,GitHub Action,Sat Aug 1 02:17:31 2020,"Automated Data Update using Workflows",   1, 1, 1 
5ff7c8e,GitHub Action,Fri Jul 31 18:18:38 2020,"Automated Data Update using Workflows",   2, 1136, 2 
8e9b9b2,GitHub Action,Fri Jul 31 18:18:20 2020,"Automated Data Update using Workflows",   2, 1136, 2 
f2085cc,GitHub Action,Fri Jul 31 10:44:15 2020,"Automated Data Update using Workflows",   7, 344, 294 
526616d,GitHub Action,Fri Jul 31 10:44:14 2020,"Automated Data Update using Workflows",   7, 344, 294 
83bfca5,GitHub Action,Fri Jul 31 02:17:46 2020,"Automated Data Update using Workflows",   2, 13, 12 
3796670,GitHub Action,Fri Jul 31 02:17:37 2020,"Automated Data Update using Workflows",   2, 13, 12 
eb37712,GitHub Action,Thu Jul 30 18:17:54 2020,"Automated Data Update using Workflows",   2, 1134 
b4422a5,GitHub Action,Thu Jul 30 18:17:43 2020,"Automated Data Update using Workflows",   2, 1134 
e9109cc,GitHub Action,Thu Jul 30 10:43:23 2020,"Automated Data Update using Workflows",   5, 102, 84 
da5e1d2,GitHub Action,Thu Jul 30 10:43:21 2020,"Automated Data Update using Workflows",   5, 102, 84 
1f01f02,GitHub Action,Thu Jul 30 02:17:26 2020,"Automated Data Update using Workflows",   2, 13, 13 
52a3079,GitHub Action,Thu Jul 30 02:17:09 2020,"Automated Data Update using Workflows",   2, 13, 13 
d520cfa,GitHub Action,Wed Jul 29 18:17:59 2020,"Automated Data Update using Workflows",   2, 1301, 167 
9927cd8,GitHub Action,Wed Jul 29 18:17:59 2020,"Automated Data Update using Workflows",   2, 1301, 167 
603a2e5,GitHub Action,Wed Jul 29 10:42:04 2020,"Automated Data Update using Workflows",   7, 1087, 1037 
a070a94,GitHub Action,Wed Jul 29 10:42:02 2020,"Automated Data Update using Workflows",   7, 1087, 1037 
c6a0044,GitHub Action,Wed Jul 29 02:17:23 2020,"Automated Data Update using Workflows",   2, 14, 13 
4243ae5,GitHub Action,Wed Jul 29 02:17:22 2020,"Automated Data Update using Workflows",   2, 14, 13 
39fb7d6,GitHub Action,Tue Jul 28 18:18:06 2020,"Automated Data Update using Workflows",   2, 1134 
ea9d4d0,GitHub Action,Tue Jul 28 18:18:02 2020,"Automated Data Update using Workflows",   2, 1134 
7c4f1a1,GitHub Action,Tue Jul 28 10:43:04 2020,"Automated Data Update using Workflows",   3, 79, 78 
236952b,GitHub Action,Tue Jul 28 10:43:04 2020,"Automated Data Update using Workflows",   3, 79, 78 
a59eaa0,GitHub Action,Tue Jul 28 02:14:32 2020,"Automated Data Update using Workflows",   6, 807, 757 
40cded7,GitHub Action,Tue Jul 28 02:14:25 2020,"Automated Data Update using Workflows",   6, 807, 757 
07eef03,Alex Delitzas,Mon Jul 27 19:24:45 2020,"Fix conflict", 
09c1240,Alex Delitzas,Mon Jul 27 19:22:23 2020,"Merge branch 'master' into development", 
74ad4c6,Alex Delitzas,Mon Jul 27 19:21:54 2020,"Manual data update",   1, 1, 1 
a197559,GitHub Action,Mon Jul 27 18:18:06 2020,"Automated Data Update using Workflows",   2, 1136, 2 
bef1e82,GitHub Action,Mon Jul 27 10:43:22 2020,"Automated Data Update using Workflows",   9, 2203, 1050 
1be839b,GitHub Action,Sun Jul 26 02:16:28 2020,"Automated Data Update using Workflows",   5, 588, 538 
2641d56,GitHub Action,Sat Jul 25 18:16:43 2020,"Automated Data Update using Workflows",   2, 1140, 6 
e12ad0f,GitHub Action,Sat Jul 25 10:42:18 2020,"Automated Data Update using Workflows",   2, 76, 76 
4837c31,GitHub Action,Sat Jul 25 02:16:42 2020,"Automated Data Update using Workflows",   6, 491, 440 
d7837c7,GitHub Action,Fri Jul 24 18:17:54 2020,"Automated Data Update using Workflows",   2, 1137, 3 
ef09a9d,GitHub Action,Fri Jul 24 10:42:12 2020,"Automated Data Update using Workflows",   4, 79, 78 
b1c4535,GitHub Action,Fri Jul 24 02:16:38 2020,"Automated Data Update using Workflows",   4, 971, 920 
8014c46,GitHub Action,Thu Jul 23 18:17:27 2020,"Automated Data Update using Workflows",   2, 1134 
b71f0e0,GitHub Action,Thu Jul 23 10:41:17 2020,"Automated Data Update using Workflows",   8, 829, 778 
807e9b5,GitHub Action,Thu Jul 23 02:16:23 2020,"Automated Data Update using Workflows",   3, 185, 185 
c2ea389,GitHub Action,Wed Jul 22 18:17:24 2020,"Automated Data Update using Workflows",   2, 1134 
15e382d,GitHub Action,Wed Jul 22 10:41:05 2020,"Automated Data Update using Workflows",   8, 843, 792 
3b60a0a,GitHub Action,Wed Jul 22 02:16:23 2020,"Automated Data Update using Workflows",   1, 42, 43 
ca5fb0f,GitHub Action,Tue Jul 21 18:17:26 2020,"Automated Data Update using Workflows",   2, 1134 
99d6434,GitHub Action,Tue Jul 21 10:42:06 2020,"Automated Data Update using Workflows",   7, 732, 681 
ba2205f,GitHub Action,Tue Jul 21 02:16:23 2020,"Automated Data Update using Workflows",   2, 588, 588 
27aafbe,GitHub Action,Mon Jul 20 18:17:36 2020,"Automated Data Update using Workflows",   2, 1137, 3 
ac1e135,GitHub Action,Mon Jul 20 10:41:47 2020,"Automated Data Update using Workflows",   4, 128, 77 
1e154d5,GitHub Action,Mon Jul 20 02:15:50 2020,"Automated Data Update using Workflows",   3, 25, 25 
591ba5a,GitHub Action,Sun Jul 19 18:16:18 2020,"Automated Data Update using Workflows",   2, 1134 
1c7fd30,GitHub Action,Sun Jul 19 10:42:26 2020,"Automated Data Update using Workflows",   3, 78, 77 
53f1608,GitHub Action,Sun Jul 19 02:15:38 2020,"Automated Data Update using Workflows",   4, 1162, 11 
fe822c6,GitHub Action,Sat Jul 18 10:40:16 2020,"Automated Data Update using Workflows",   7, 919, 868 
fba20d3,GitHub Action,Sat Jul 18 02:15:50 2020,"Automated Data Update using Workflows",   2, 68, 68 
7da51e9,GitHub Action,Fri Jul 17 18:17:18 2020,"Automated Data Update using Workflows",   2, 1134 
3c7274b,GitHub Action,Fri Jul 17 10:40:46 2020,"Automated Data Update using Workflows",   7, 205, 155 
78683f9,GitHub Action,Fri Jul 17 02:16:12 2020,"Automated Data Update using Workflows",   2, 68, 68 
a30066e,GitHub Action,Thu Jul 16 18:16:28 2020,"Automated Data Update using Workflows",   4, 1184, 50 
c2c3bcd,GitHub Action,Thu Jul 16 10:40:07 2020,"Automated Data Update using Workflows",   4, 102, 85 
b265387,GitHub Action,Thu Jul 16 02:15:41 2020,"Automated Data Update using Workflows",   3, 30, 29 
71d4133,Alex Delitzas,Thu Jul 16 02:04:24 2020,"Merge branch 'master' into development", 
efdd4cf,Alex Delitzas,Thu Jul 16 02:03:13 2020,"Add email",   1, 1, 1 
c5fed1f,GitHub Action,Wed Jul 15 18:16:37 2020,"Automated Data Update using Workflows",   2, 1138, 4 
473f4a8,GitHub Action,Wed Jul 15 18:16:33 2020,"Automated Data Update using Workflows",   2, 1138, 4 
4d7ba5a,GitHub Action,Wed Jul 15 10:39:59 2020,"Automated Data Update using Workflows",   4, 168, 168 
f8e33de,GitHub Action,Wed Jul 15 10:39:59 2020,"Automated Data Update using Workflows",   4, 168, 168 
a7845c4,GitHub Action,Wed Jul 15 02:15:51 2020,"Automated Data Update using Workflows",   9, 983, 908 
83b5752,GitHub Action,Wed Jul 15 02:15:49 2020,"Automated Data Update using Workflows",   9, 983, 908 
1979f14,GitHub Action,Tue Jul 14 18:16:39 2020,"Automated Data Update using Workflows",   2, 1134 
d00875c,GitHub Action,Tue Jul 14 18:16:35 2020,"Automated Data Update using Workflows",   2, 1134 
fef0343,GitHub Action,Tue Jul 14 10:39:39 2020,"Automated Data Update using Workflows",   3, 78, 77 
fd20e4e,GitHub Action,Tue Jul 14 10:39:32 2020,"Automated Data Update using Workflows",   3, 78, 77 
1f53a26,GitHub Action,Tue Jul 14 02:15:45 2020,"Automated Data Update using Workflows",   7, 1781, 597 
9153231,GitHub Action,Tue Jul 14 02:15:41 2020,"Automated Data Update using Workflows",   7, 1781, 597 
1578364,GitHub Action,Mon Jul 13 10:40:18 2020,"Automated Data Update using Workflows",   2, 76, 76 
d99e1d7,GitHub Action,Mon Jul 13 10:40:17 2020,"Automated Data Update using Workflows",   2, 76, 76 
5b381fd,GitHub Action,Mon Jul 13 02:15:43 2020,"Automated Data Update using Workflows",   4, 808, 756 
c52d762,GitHub Action,Mon Jul 13 02:15:35 2020,"Automated Data Update using Workflows",   4, 808, 756 
f719f21,GitHub Action,Sun Jul 12 18:15:46 2020,"Automated Data Update using Workflows",   2, 1134 
953717d,GitHub Action,Sun Jul 12 18:15:46 2020,"Automated Data Update using Workflows",   2, 1134 
0e6cc28,GitHub Action,Sun Jul 12 10:40:59 2020,"Automated Data Update using Workflows",   4, 744, 727 
3093fde,GitHub Action,Sun Jul 12 10:40:37 2020,"Automated Data Update using Workflows",   4, 744, 727 
1ff849d,GitHub Action,Sun Jul 12 02:15:25 2020,"Automated Data Update using Workflows",   4, 37, 34 
f87d1ae,GitHub Action,Sun Jul 12 02:15:21 2020,"Automated Data Update using Workflows",   4, 37, 34 
4032bae,GitHub Action,Sat Jul 11 18:15:58 2020,"Automated Data Update using Workflows",   2, 1134 
56b6ce8,GitHub Action,Sat Jul 11 18:15:56 2020,"Automated Data Update using Workflows",   2, 1134 
761cb1a,GitHub Action,Sat Jul 11 10:39:16 2020,"Automated Data Update using Workflows",   3, 78, 77 
3729df6,GitHub Action,Sat Jul 11 10:39:14 2020,"Automated Data Update using Workflows",   3, 78, 77 
915ec95,GitHub Action,Sat Jul 11 02:15:43 2020,"Automated Data Update using Workflows",   4, 619, 564 
0c5a77d,GitHub Action,Sat Jul 11 02:15:43 2020,"Automated Data Update using Workflows",   4, 619, 564 
da5949f,GitHub Action,Fri Jul 10 18:16:45 2020,"Automated Data Update using Workflows",   2, 1134 
ba3e1d6,GitHub Action,Fri Jul 10 18:16:45 2020,"Automated Data Update using Workflows",   2, 1134 
272c85f,GitHub Action,Fri Jul 10 10:39:24 2020,"Automated Data Update using Workflows",   2, 76, 76 
a482aa0,GitHub Action,Fri Jul 10 10:39:24 2020,"Automated Data Update using Workflows",   2, 76, 76 
3b9d648,GitHub Action,Fri Jul 10 02:15:30 2020,"Automated Data Update using Workflows",   8, 777, 726 
07ecc07,GitHub Action,Fri Jul 10 02:15:26 2020,"Automated Data Update using Workflows",   8, 777, 726 
1770077,GitHub Action,Thu Jul 9 18:16:17 2020,"Automated Data Update using Workflows",   2, 1335, 201 
71db8ff,GitHub Action,Thu Jul 9 18:16:17 2020,"Automated Data Update using Workflows",   2, 1335, 201 
6fe95fb,GitHub Action,Thu Jul 9 10:38:51 2020,"Automated Data Update using Workflows",   4, 639, 622 
4390436,GitHub Action,Thu Jul 9 10:38:45 2020,"Automated Data Update using Workflows",   4, 639, 622 
2a4f983,GitHub Action,Thu Jul 9 02:15:24 2020,"Automated Data Update using Workflows",   2, 13, 12 
d11fb0e,GitHub Action,Thu Jul 9 02:15:22 2020,"Automated Data Update using Workflows",   2, 13, 12 
8892c6a,GitHub Action,Wed Jul 8 18:16:26 2020,"Automated Data Update using Workflows",   2, 1134 
974b81e,GitHub Action,Wed Jul 8 18:16:26 2020,"Automated Data Update using Workflows",   2, 1134 
f5cde15,GitHub Action,Wed Jul 8 10:38:25 2020,"Automated Data Update using Workflows",   2, 19, 18 
ee4f661,GitHub Action,Wed Jul 8 10:38:25 2020,"Automated Data Update using Workflows",   2, 19, 18 
52ab41e,GitHub Action,Wed Jul 8 02:15:19 2020,"Automated Data Update using Workflows",   6, 965, 899 
7ec34c6,GitHub Action,Wed Jul 8 02:15:15 2020,"Automated Data Update using Workflows",   6, 965, 899 
6668f0a,GitHub Action,Tue Jul 7 18:16:03 2020,"Automated Data Update using Workflows",   6, 1790, 656 
236c9b3,GitHub Action,Tue Jul 7 18:16:03 2020,"Automated Data Update using Workflows",   6, 1790, 656 
9328bb4,GitHub Action,Tue Jul 7 10:38:37 2020,"Automated Data Update using Workflows",   6, 196, 145 
c795c68,GitHub Action,Tue Jul 7 10:38:30 2020,"Automated Data Update using Workflows",   6, 196, 145 
7807048,GitHub Action,Tue Jul 7 02:15:34 2020,"Automated Data Update using Workflows",   2, 116, 116 
f8a0ed1,GitHub Action,Tue Jul 7 02:15:30 2020,"Automated Data Update using Workflows",   2, 116, 116 
e8f8f7f,GitHub Action,Mon Jul 6 18:17:40 2020,"Automated Data Update using Workflows",   4, 1152, 18 
ddb796c,GitHub Action,Mon Jul 6 18:16:33 2020,"Automated Data Update using Workflows",   4, 1152, 18 
25021e4,GitHub Action,Mon Jul 6 10:39:14 2020,"Automated Data Update using Workflows",   2, 67, 17 
6877eb4,GitHub Action,Mon Jul 6 10:39:09 2020,"Automated Data Update using Workflows",   2, 67, 17 
f7303e7,GitHub Action,Mon Jul 6 02:15:05 2020,"Automated Data Update using Workflows",   2, 14, 12 
b484bb5,GitHub Action,Mon Jul 6 02:15:05 2020,"Automated Data Update using Workflows",   2, 14, 12 
78b606b,GitHub Action,Sun Jul 5 18:15:41 2020,"Automated Data Update using Workflows",   2, 1135, 1 
41cb418,GitHub Action,Sun Jul 5 18:15:36 2020,"Automated Data Update using Workflows",   2, 1135, 1 
de28f82,GitHub Action,Sun Jul 5 10:39:43 2020,"Automated Data Update using Workflows",   1, 17, 17 
99aba98,GitHub Action,Sun Jul 5 10:39:41 2020,"Automated Data Update using Workflows",   1, 17, 17 
0567a58,GitHub Action,Sun Jul 5 02:15:29 2020,"Automated Data Update using Workflows",   5, 699, 649 
67c6fc7,GitHub Action,Sun Jul 5 02:15:28 2020,"Automated Data Update using Workflows",   5, 699, 649 
697ca37,GitHub Action,Sat Jul 4 18:15:28 2020,"Automated Data Update using Workflows",   2, 1136, 2 
bf8ef6a,GitHub Action,Sat Jul 4 18:15:28 2020,"Automated Data Update using Workflows",   2, 1136, 2 
a58bbd0,GitHub Action,Sat Jul 4 10:38:08 2020,"Automated Data Update using Workflows",   8, 696, 645 
ed0c0ca,GitHub Action,Sat Jul 4 10:38:06 2020,"Automated Data Update using Workflows",   8, 696, 645 
8ba34b2,GitHub Action,Sat Jul 4 02:15:45 2020,"Automated Data Update using Workflows",   2, 3, 2 
b9ad58b,GitHub Action,Sat Jul 4 02:15:34 2020,"Automated Data Update using Workflows",   2, 3, 2 
38f1c7f,GitHub Action,Fri Jul 3 18:16:32 2020,"Automated Data Update using Workflows",   2, 1135, 1 
22748b9,GitHub Action,Fri Jul 3 18:16:32 2020,"Automated Data Update using Workflows",   2, 1135, 1 
a767aaf,GitHub Action,Fri Jul 3 10:38:38 2020,"Automated Data Update using Workflows",   5, 165, 165 
3887b86,GitHub Action,Fri Jul 3 10:38:18 2020,"Automated Data Update using Workflows",   5, 165, 165 
85b2337,GitHub Action,Fri Jul 3 02:15:34 2020,"Automated Data Update using Workflows",   4, 541, 491 
ff31ac2,GitHub Action,Fri Jul 3 02:15:33 2020,"Automated Data Update using Workflows",   4, 541, 491 
7013b4b,GitHub Action,Thu Jul 2 18:16:07 2020,"Automated Data Update using Workflows",   2, 1190, 56 
51b2847,GitHub Action,Thu Jul 2 18:16:07 2020,"Automated Data Update using Workflows",   2, 1190, 56 
68c84ea,GitHub Action,Thu Jul 2 10:37:46 2020,"Automated Data Update using Workflows",   5, 258, 258 
79d778b,GitHub Action,Thu Jul 2 10:37:40 2020,"Automated Data Update using Workflows",   5, 258, 258 
7abb1fb,GitHub Action,Thu Jul 2 02:15:22 2020,"Automated Data Update using Workflows",   6, 665, 614 
b124fef,GitHub Action,Thu Jul 2 02:15:22 2020,"Automated Data Update using Workflows",   6, 665, 614 
4773a43,GitHub Action,Wed Jul 1 18:16:09 2020,"Automated Data Update using Workflows",   2, 1134 
103aad1,GitHub Action,Wed Jul 1 18:16:01 2020,"Automated Data Update using Workflows",   2, 1134 
f358c34,GitHub Action,Wed Jul 1 10:39:04 2020,"Automated Data Update using Workflows",   6, 126, 125 
8c2af62,GitHub Action,Wed Jul 1 10:39:04 2020,"Automated Data Update using Workflows",   6, 126, 125 
aeb8737,GitHub Action,Wed Jul 1 02:14:05 2020,"Automated Data Update using Workflows",   8, 645, 594 
71779f1,GitHub Action,Wed Jul 1 02:13:58 2020,"Automated Data Update using Workflows",   8, 645, 594 
1da2065,GitHub Action,Tue Jun 30 18:14:05 2020,"Automated Data Update using Workflows",   3, 1189, 55 
c25dc3d,GitHub Action,Tue Jun 30 18:14:05 2020,"Automated Data Update using Workflows",   3, 1189, 55 
c8e8a0a,GitHub Action,Tue Jun 30 10:31:56 2020,"Automated Data Update using Workflows",   2, 76, 76 
c57ea61,GitHub Action,Tue Jun 30 10:31:16 2020,"Automated Data Update using Workflows",   2, 76, 76 
0dc13b0,GitHub Action,Tue Jun 30 02:14:11 2020,"Automated Data Update using Workflows",   7, 706, 655 
56322ee,GitHub Action,Tue Jun 30 02:14:09 2020,"Automated Data Update using Workflows",   7, 706, 655 
1c8ae44,GitHub Action,Mon Jun 29 18:14:40 2020,"Automated Data Update using Workflows",   2, 1134 
37f6f1e,GitHub Action,Mon Jun 29 18:14:14 2020,"Automated Data Update using Workflows",   2, 1134 
38792f8,GitHub Action,Mon Jun 29 10:31:44 2020,"Automated Data Update using Workflows",   4, 103, 103 
d3d408f,GitHub Action,Mon Jun 29 10:31:43 2020,"Automated Data Update using Workflows",   4, 103, 103 
39dd7a9,GitHub Action,Mon Jun 29 02:14:20 2020,"Automated Data Update using Workflows",   6, 616, 598 
5559d2f,GitHub Action,Mon Jun 29 02:13:59 2020,"Automated Data Update using Workflows",   6, 616, 598 
f657648,GitHub Action,Sun Jun 28 18:14:13 2020,"Automated Data Update using Workflows",   2, 1134 
884906d,GitHub Action,Sun Jun 28 18:14:13 2020,"Automated Data Update using Workflows",   2, 1134 
44ec883,GitHub Action,Sun Jun 28 10:32:08 2020,"Automated Data Update using Workflows",   3, 83, 83 
270f778,GitHub Action,Sun Jun 28 10:32:07 2020,"Automated Data Update using Workflows",   3, 83, 83 
6dc89fe,GitHub Action,Sun Jun 28 02:14:09 2020,"Automated Data Update using Workflows",   3, 63, 12 
f0da7f3,GitHub Action,Sun Jun 28 02:14:00 2020,"Automated Data Update using Workflows",   3, 63, 12 
33d053b,GitHub Action,Sat Jun 27 18:14:20 2020,"Automated Data Update using Workflows",   2, 1134 
ec6f716,GitHub Action,Sat Jun 27 18:14:00 2020,"Automated Data Update using Workflows",   2, 1134 
b995d55,GitHub Action,Sat Jun 27 10:30:42 2020,"Automated Data Update using Workflows",   4, 140, 140 
9651ac8,GitHub Action,Sat Jun 27 10:30:39 2020,"Automated Data Update using Workflows",   4, 140, 140 
ce24960,GitHub Action,Sat Jun 27 02:14:05 2020,"Automated Data Update using Workflows",   4, 543, 492 
d7802b7,GitHub Action,Sat Jun 27 02:13:56 2020,"Automated Data Update using Workflows",   4, 543, 492 
ccc8c71,GitHub Action,Fri Jun 26 18:14:10 2020,"Automated Data Update using Workflows",   2, 1134 
25dd23e,GitHub Action,Fri Jun 26 18:14:05 2020,"Automated Data Update using Workflows",   2, 1134 
0c1768d,GitHub Action,Fri Jun 26 10:31:14 2020,"Automated Data Update using Workflows",   4, 114, 114 
9fcabb1,GitHub Action,Fri Jun 26 10:31:13 2020,"Automated Data Update using Workflows",   4, 114, 114 
7350365,GitHub Action,Fri Jun 26 02:14:13 2020,"Automated Data Update using Workflows",   11, 1775, 590 
446cf0d,GitHub Action,Fri Jun 26 02:13:55 2020,"Automated Data Update using Workflows",   11, 1775, 590 
638f183,GitHub Action,Thu Jun 25 10:30:41 2020,"Automated Data Update using Workflows",   5, 120, 119 
7c967d5,GitHub Action,Thu Jun 25 10:30:40 2020,"Automated Data Update using Workflows",   5, 120, 119 
8871523,GitHub Action,Thu Jun 25 02:14:02 2020,"Automated Data Update using Workflows",   9, 555, 503 
958d5fa,GitHub Action,Thu Jun 25 02:14:00 2020,"Automated Data Update using Workflows",   9, 555, 503 
d9a29ea,GitHub Action,Wed Jun 24 18:14:24 2020,"Automated Data Update using Workflows",   2, 1139, 5 
f5dd9bf,GitHub Action,Wed Jun 24 18:13:58 2020,"Automated Data Update using Workflows",   2, 1139, 5 
1dbd2b5,GitHub Action,Wed Jun 24 10:30:15 2020,"Automated Data Update using Workflows",   2, 28, 28 
7d3e047,GitHub Action,Wed Jun 24 10:30:09 2020,"Automated Data Update using Workflows",   2, 28, 28 
30456bb,GitHub Action,Wed Jun 24 02:14:28 2020,"Automated Data Update using Workflows",   4, 599, 549 
e4d087a,GitHub Action,Wed Jun 24 02:14:13 2020,"Automated Data Update using Workflows",   4, 599, 549 
7c8e323,GitHub Action,Tue Jun 23 18:14:08 2020,"Automated Data Update using Workflows",   4, 1143, 9 
98ffc79,GitHub Action,Tue Jun 23 18:14:00 2020,"Automated Data Update using Workflows",   4, 1143, 9 
2ec5ef1,GitHub Action,Tue Jun 23 10:29:57 2020,"Automated Data Update using Workflows",   3, 23, 23 
89af6dc,GitHub Action,Tue Jun 23 10:29:53 2020,"Automated Data Update using Workflows",   3, 23, 23 
be5af9b,GitHub Action,Tue Jun 23 02:14:07 2020,"Automated Data Update using Workflows",   7, 838, 787 
9bec491,GitHub Action,Tue Jun 23 02:13:51 2020,"Automated Data Update using Workflows",   7, 838, 787 
80f272a,GitHub Action,Mon Jun 22 18:14:08 2020,"Automated Data Update using Workflows",   2, 1134 
d28a92c,GitHub Action,Mon Jun 22 18:14:07 2020,"Automated Data Update using Workflows",   2, 1134 
3972e9c,GitHub Action,Mon Jun 22 10:30:23 2020,"Automated Data Update using Workflows",   2, 20, 20 
4e71d76,GitHub Action,Mon Jun 22 10:30:23 2020,"Automated Data Update using Workflows",   2, 20, 20 
ddd842c,GitHub Action,Mon Jun 22 02:14:08 2020,"Automated Data Update using Workflows",   7, 706, 654 
4aae1fa,GitHub Action,Mon Jun 22 02:14:08 2020,"Automated Data Update using Workflows",   7, 706, 654 
396210d,GitHub Action,Sun Jun 21 18:14:05 2020,"Automated Data Update using Workflows",   2, 1137, 3 
3538467,GitHub Action,Sun Jun 21 18:14:00 2020,"Automated Data Update using Workflows",   2, 1137, 3 
2f131a3,GitHub Action,Sun Jun 21 10:31:12 2020,"Automated Data Update using Workflows",   4, 737, 687 
c52ed8a,GitHub Action,Sun Jun 21 10:31:10 2020,"Automated Data Update using Workflows",   4, 737, 687 
3b64267,GitHub Action,Sun Jun 21 02:14:24 2020,"Automated Data Update using Workflows",   6, 192, 192 
2de54d3,GitHub Action,Sun Jun 21 02:14:19 2020,"Automated Data Update using Workflows",   6, 192, 192 
f9b3301,GitHub Action,Sat Jun 20 18:14:24 2020,"Automated Data Update using Workflows",   3, 1189, 55 
dcd0dd4,GitHub Action,Sat Jun 20 18:14:08 2020,"Automated Data Update using Workflows",   3, 1189, 55 
8439503,GitHub Action,Sat Jun 20 10:29:46 2020,"Automated Data Update using Workflows",   6, 204, 204 
f9f1483,GitHub Action,Sat Jun 20 10:29:44 2020,"Automated Data Update using Workflows",   6, 204, 204 
fa915d6,GitHub Action,Sat Jun 20 02:14:03 2020,"Automated Data Update using Workflows",   6, 551, 500 
66ab24b,GitHub Action,Sat Jun 20 02:13:53 2020,"Automated Data Update using Workflows",   6, 551, 500 
0be3663,GitHub Action,Fri Jun 19 18:14:15 2020,"Automated Data Update using Workflows",   2, 1134 
d57dec5,GitHub Action,Fri Jun 19 18:13:57 2020,"Automated Data Update using Workflows",   2, 1134 
a8d5160,GitHub Action,Fri Jun 19 10:30:26 2020,"Automated Data Update using Workflows",   5, 93, 92 
b2aba1d,GitHub Action,Fri Jun 19 10:30:23 2020,"Automated Data Update using Workflows",   5, 93, 92 
b881cd0,GitHub Action,Fri Jun 19 02:14:18 2020,"Automated Data Update using Workflows",   5, 763, 713 
c1d1887,GitHub Action,Fri Jun 19 02:14:06 2020,"Automated Data Update using Workflows",   5, 763, 713 
677c123,GitHub Action,Thu Jun 18 18:14:23 2020,"Automated Data Update using Workflows",   4, 1249, 115 
0028ff4,GitHub Action,Thu Jun 18 18:14:04 2020,"Automated Data Update using Workflows",   4, 1249, 115 
ed7b770,GitHub Action,Thu Jun 18 10:29:39 2020,"Automated Data Update using Workflows",   5, 201, 201 
5a9b130,GitHub Action,Thu Jun 18 10:29:38 2020,"Automated Data Update using Workflows",   5, 201, 201 
52db017,GitHub Action,Thu Jun 18 02:14:14 2020,"Automated Data Update using Workflows",   7, 840, 789 
f037db6,GitHub Action,Thu Jun 18 02:14:11 2020,"Automated Data Update using Workflows",   7, 840, 789 
fd304d3,GitHub Action,Wed Jun 17 18:13:55 2020,"Automated Data Update using Workflows",   4, 1142, 8 
d3050cd,GitHub Action,Wed Jun 17 18:13:55 2020,"Automated Data Update using Workflows",   4, 1142, 8 
5cb406c,GitHub Action,Wed Jun 17 10:29:22 2020,"Automated Data Update using Workflows",   4, 78, 105 
6908a22,GitHub Action,Wed Jun 17 10:29:22 2020,"Automated Data Update using Workflows",   4, 78, 105 
7f0e8e4,GitHub Action,Wed Jun 17 02:14:08 2020,"Automated Data Update using Workflows",   6, 708, 630 
66d81ef,GitHub Action,Wed Jun 17 02:14:07 2020,"Automated Data Update using Workflows",   6, 708, 630 
0192894,GitHub Action,Tue Jun 16 18:14:11 2020,"Automated Data Update using Workflows",   4, 1201, 67 
f6c16ce,GitHub Action,Tue Jun 16 18:14:10 2020,"Automated Data Update using Workflows",   4, 1201, 67 
82e4184,GitHub Action,Tue Jun 16 10:29:43 2020,"Automated Data Update using Workflows",   2, 19, 18 
5be71c3,GitHub Action,Tue Jun 16 10:29:43 2020,"Automated Data Update using Workflows",   2, 19, 18 
3de5a9e,GitHub Action,Tue Jun 16 02:14:11 2020,"Automated Data Update using Workflows",   9, 723, 673 
160fdb7,GitHub Action,Tue Jun 16 02:13:53 2020,"Automated Data Update using Workflows",   9, 723, 673 
0693313,GitHub Action,Mon Jun 15 18:13:58 2020,"Automated Data Update using Workflows",   3, 1138, 4 
406ef08,GitHub Action,Mon Jun 15 18:13:57 2020,"Automated Data Update using Workflows",   3, 1138, 4 
2fbc47d,GitHub Action,Mon Jun 15 10:29:50 2020,"Automated Data Update using Workflows",   2, 21, 18 
b9057d3,GitHub Action,Mon Jun 15 10:29:47 2020,"Automated Data Update using Workflows",   2, 21, 18 
ffc0513,GitHub Action,Mon Jun 15 02:14:23 2020,"Automated Data Update using Workflows",   9, 457, 404 
5bd18f4,GitHub Action,Mon Jun 15 02:14:18 2020,"Automated Data Update using Workflows",   9, 457, 404 
5712327,GitHub Action,Sun Jun 14 18:14:21 2020,"Automated Data Update using Workflows",   2, 1315, 181 
52fdcd4,GitHub Action,Sun Jun 14 18:14:16 2020,"Automated Data Update using Workflows",   2, 1315, 181 
904e486,GitHub Action,Sun Jun 14 10:30:28 2020,"Automated Data Update using Workflows",   6, 147, 145 
e3969fa,GitHub Action,Sun Jun 14 10:30:24 2020,"Automated Data Update using Workflows",   6, 147, 145 
7cd7c94,GitHub Action,Sun Jun 14 02:13:58 2020,"Automated Data Update using Workflows",   6, 557, 506 
a57033a,GitHub Action,Sun Jun 14 02:13:58 2020,"Automated Data Update using Workflows",   6, 557, 506 
4454fd6,GitHub Action,Sat Jun 13 18:14:09 2020,"Automated Data Update using Workflows",   2, 1224, 90 
ca91baa,GitHub Action,Sat Jun 13 18:13:59 2020,"Automated Data Update using Workflows",   2, 1224, 90 
1ccb53f,GitHub Action,Sat Jun 13 10:29:16 2020,"Automated Data Update using Workflows",   9, 832, 782 
f15ecab,GitHub Action,Sat Jun 13 10:29:16 2020,"Automated Data Update using Workflows",   9, 832, 782 
94f6c5e,GitHub Action,Sat Jun 13 02:14:12 2020,"Automated Data Update using Workflows",   4, 85, 85 
4c99a69,GitHub Action,Sat Jun 13 02:14:11 2020,"Automated Data Update using Workflows",   4, 98, 98 
508047f,billmats96,Sat Jun 13 00:22:33 2020,"manually update data",   1, 14, 64 
df94798,billmats96,Sat Jun 13 00:16:14 2020,"fix error in format",   1, 10, 10 
c1ab6d4,billmats96,Sat Jun 13 00:12:24 2020,"fix error in format",   1, 10, 10 
a67a921,billmats96,Fri Jun 12 23:53:57 2020,"Merge branch 'master' into development", 
d149349,billmats96,Fri Jun 12 23:50:46 2020,"refugee camps manual update",   1, 47, 47 
61a6413,billmats96,Fri Jun 12 21:58:31 2020,"refugee camps doc update",   1, 10 
78f370e,billmats96,Fri Jun 12 21:57:18 2020,"Modifications to refugee camps endpoint",   1, 11, 8 
84e12da,GitHub Action,Fri Jun 12 18:14:11 2020,"Automated Data Update using Workflows",   2, 1134 
78c84cf,GitHub Action,Fri Jun 12 18:13:57 2020,"Automated Data Update using Workflows",   2, 1134 
ef8f6a5,GitHub Action,Fri Jun 12 10:29:32 2020,"Automated Data Update using Workflows",   8, 469, 469 
a5c660b,GitHub Action,Fri Jun 12 10:29:23 2020,"Automated Data Update using Workflows",   8, 469, 469 
6994e4b,GitHub Action,Fri Jun 12 02:14:13 2020,"Automated Data Update using Workflows",   5, 28, 10 
21e6041,GitHub Action,Fri Jun 12 02:14:11 2020,"Automated Data Update using Workflows",   5, 28, 10 
ca4ee24,billmats96,Fri Jun 12 01:55:26 2020,"Merge branch 'master' into development", 
355a3d6,Vasilis Matsoukas,Fri Jun 12 01:48:41 2020,"Add documentation for refugee camps data",   1, 82 
190f923,Vasilis Matsoukas,Fri Jun 12 01:46:39 2020,"Create refugee camps endpoint",   1, 82, 4 
e631902,GitHub Action,Thu Jun 11 18:14:01 2020,"Automated Data Update using Workflows",   4, 1140, 3 
5b16460,GitHub Action,Thu Jun 11 18:14:00 2020,"Automated Data Update using Workflows",   4, 1140, 3 
fc3d8d4,GitHub Action,Thu Jun 11 10:28:49 2020,"Automated Data Update using Workflows",   7, 305, 304 
44179f8,GitHub Action,Thu Jun 11 10:28:45 2020,"Automated Data Update using Workflows",   7, 305, 304 
acc3375,GitHub Action,Thu Jun 11 02:14:00 2020,"Automated Data Update using Workflows",   5, 62, 12 
76077d3,GitHub Action,Thu Jun 11 02:13:58 2020,"Automated Data Update using Workflows",   5, 62, 12 
d6efc61,GitHub Action,Wed Jun 10 18:14:14 2020,"Automated Data Update using Workflows",   2, 1142, 8 
ff28e7e,GitHub Action,Wed Jun 10 18:14:09 2020,"Automated Data Update using Workflows",   2, 1142, 8 
4c6a92a,GitHub Action,Wed Jun 10 10:29:13 2020,"Automated Data Update using Workflows",   6, 92, 91 
32321fc,GitHub Action,Wed Jun 10 10:29:09 2020,"Automated Data Update using Workflows",   6, 92, 91 
e00aae6,GitHub Action,Wed Jun 10 02:14:10 2020,"Automated Data Update using Workflows",   12, 1622, 429 
51c7fde,GitHub Action,Wed Jun 10 02:14:01 2020,"Automated Data Update using Workflows",   12, 1622, 429 
84a5a79,GitHub Action,Tue Jun 9 02:14:01 2020,"Automated Data Update using Workflows",   4, 64, 14 
7359090,GitHub Action,Tue Jun 9 02:13:59 2020,"Automated Data Update using Workflows",   4, 64, 14 
c10287b,GitHub Action,Mon Jun 8 18:14:45 2020,"Automated Data Update using Workflows",   2, 1134 
4accf92,GitHub Action,Mon Jun 8 18:14:09 2020,"Automated Data Update using Workflows",   2, 1134 
3fda3ac,GitHub Action,Mon Jun 8 10:29:08 2020,"Automated Data Update using Workflows",   3, 98, 80 
33feb90,GitHub Action,Mon Jun 8 10:29:04 2020,"Automated Data Update using Workflows",   3, 98, 80 
9c5ca7d,Alex Delitzas,Mon Jun 8 05:40:31 2020,"Update documentation",   1, 6 
9ef370d,Alex Delitzas,Mon Jun 8 05:39:16 2020,"Update documentation",   1, 6 
ecbacc0,Alex Delitzas,Mon Jun 8 05:19:25 2020,"Merge branch 'master' into development", 
465c53d,Alex Delitzas,Mon Jun 8 05:12:27 2020,"Update documentation",   1, 6 
263249c,GitHub Action,Mon Jun 8 02:14:06 2020,"Automated Data Update using Workflows",   7, 232, 86 
72d3869,GitHub Action,Mon Jun 8 02:14:03 2020,"Automated Data Update using Workflows",   6, 134, 84 
9d0f107,Alex Delitzas,Sun Jun 7 22:30:23 2020,"Merge pull request #8 from gapan/master", 
562a958,GitHub Action,Sun Jun 7 18:14:27 2020,"Automated Data Update using Workflows",   2, 1134 
27eb378,GitHub Action,Sun Jun 7 18:13:53 2020,"Automated Data Update using Workflows",   2, 1134 
44a951f,GitHub Action,Sun Jun 7 10:29:41 2020,"Automated Data Update using Workflows",   6, 2590, 322 
a34d1ff,GitHub Action,Sun Jun 7 10:29:38 2020,"Automated Data Update using Workflows",   6, 2590, 322 
1e6fda2,billmats96,Sun Jun 7 06:43:30 2020,"Manual Data Sources Update",   9, 963, 758 
a04a2e9,billmats96,Sun Jun 7 06:41:52 2020,"Manual Data Sources Update",   10, 1005, 758 
690ed97,billmats96,Sat Jun 6 07:25:16 2020,"add refugee camps update",   1, 4, 2 
10092a1,GitHub Action,Sat Jun 6 02:14:08 2020,"Automated Data Update using Workflows",   1, 1, 1 
45847a7,GitHub Action,Sat Jun 6 02:14:03 2020,"Automated Data Update using Workflows",   1, 1, 1 
008c6f8,GitHub Action,Thu Jun 4 18:14:13 2020,"Automated Data Update using Workflows",   2, 1134 
46ee8f6,GitHub Action,Thu Jun 4 18:14:05 2020,"Automated Data Update using Workflows",   2, 1134 
a4d6134,GitHub Action,Thu Jun 4 10:28:05 2020,"Automated Data Update using Workflows",   3, 112, 63 
210096e,GitHub Action,Thu Jun 4 10:27:58 2020,"Automated Data Update using Workflows",   4, 121, 72 
8261026,GitHub Action,Thu Jun 4 02:14:09 2020,"Automated Data Update using Workflows",   2, 18, 18 
fbcc898,GitHub Action,Wed Jun 3 18:14:16 2020,"Automated Data Update using Workflows",   2, 1134 
edabffd,GitHub Action,Wed Jun 3 18:14:16 2020,"Automated Data Update using Workflows",   2, 1134 
160f88d,GitHub Action,Wed Jun 3 10:27:55 2020,"Automated Data Update using Workflows",   6, 376, 374 
0ee4ff6,GitHub Action,Wed Jun 3 10:27:51 2020,"Automated Data Update using Workflows",   6, 376, 374 
8a669ab,GitHub Action,Wed Jun 3 02:14:18 2020,"Automated Data Update using Workflows",   6, 406, 356 
dc12045,GitHub Action,Wed Jun 3 02:14:09 2020,"Automated Data Update using Workflows",   6, 406, 356 
7b6cec3,GitHub Action,Tue Jun 2 18:14:05 2020,"Automated Data Update using Workflows",   2, 1134 
42bfbb6,GitHub Action,Tue Jun 2 18:13:58 2020,"Automated Data Update using Workflows",   2, 1134 
30c4b27,GitHub Action,Tue Jun 2 10:27:44 2020,"Automated Data Update using Workflows",   4, 80, 79 
1a6473b,GitHub Action,Tue Jun 2 10:27:35 2020,"Automated Data Update using Workflows",   4, 80, 79 
aaff883,GitHub Action,Tue Jun 2 02:14:21 2020,"Automated Data Update using Workflows",   8, 457, 407 
4393559,GitHub Action,Tue Jun 2 02:14:18 2020,"Automated Data Update using Workflows",   8, 457, 407 
8998259,GitHub Action,Mon Jun 1 18:14:08 2020,"Automated Data Update using Workflows",   4, 1145, 11 
16c6c7f,GitHub Action,Mon Jun 1 18:14:04 2020,"Automated Data Update using Workflows",   4, 1145, 11 
6bd94f8,GitHub Action,Mon Jun 1 10:29:05 2020,"Automated Data Update using Workflows",   3, 133, 133 
b668f5a,GitHub Action,Mon Jun 1 10:28:56 2020,"Automated Data Update using Workflows",   3, 133, 133 
6e3d25a,GitHub Action,Mon Jun 1 02:14:18 2020,"Automated Data Update using Workflows",   6, 234, 184 
98b9684,GitHub Action,Mon Jun 1 02:13:52 2020,"Automated Data Update using Workflows",   6, 234, 184 
b82e632,GitHub Action,Sun May 31 18:14:22 2020,"Automated Data Update using Workflows",   2, 1134 
7cd5c70,GitHub Action,Sun May 31 18:14:20 2020,"Automated Data Update using Workflows",   2, 1134 
4cf0bc1,GitHub Action,Sun May 31 10:28:27 2020,"Automated Data Update using Workflows",   4, 136, 134 
ba65598,GitHub Action,Sun May 31 10:28:24 2020,"Automated Data Update using Workflows",   4, 136, 134 
4e74559,GitHub Action,Sun May 31 02:14:24 2020,"Automated Data Update using Workflows",   6, 394, 344 
b1e9757,GitHub Action,Sun May 31 02:14:22 2020,"Automated Data Update using Workflows",   6, 394, 344 
47fb924,GitHub Action,Sat May 30 18:14:06 2020,"Automated Data Update using Workflows",   3, 1136, 1 
d56a1d4,GitHub Action,Sat May 30 18:14:06 2020,"Automated Data Update using Workflows",   3, 1136, 1 
247a063,GitHub Action,Sat May 30 10:27:01 2020,"Automated Data Update using Workflows",   1, 17, 17 
0e7448d,GitHub Action,Sat May 30 10:26:50 2020,"Automated Data Update using Workflows",   1, 17, 17 
40c8e6e,GitHub Action,Sat May 30 02:14:04 2020,"Automated Data Update using Workflows",   6, 235, 185 
5371b2b,GitHub Action,Sat May 30 02:13:57 2020,"Automated Data Update using Workflows",   6, 235, 185 
aecb0a7,GitHub Action,Fri May 29 18:14:00 2020,"Automated Data Update using Workflows",   4, 1667, 533 
4ae5f79,GitHub Action,Fri May 29 18:13:52 2020,"Automated Data Update using Workflows",   4, 1667, 533 
0bfb420,GitHub Action,Fri May 29 10:27:28 2020,"Automated Data Update using Workflows",   4, 26, 22 
617ec79,GitHub Action,Fri May 29 10:27:26 2020,"Automated Data Update using Workflows",   4, 26, 22 
1917277,GitHub Action,Fri May 29 02:17:28 2020,"Automated Data Update using Workflows",   9, 205, 155 
9190b44,GitHub Action,Fri May 29 02:16:18 2020,"Automated Data Update using Workflows",   9, 205, 155 
0933c8b,GitHub Action,Thu May 28 18:17:08 2020,"Automated Data Update using Workflows",   3, 1138, 4 
86ba028,GitHub Action,Thu May 28 18:17:08 2020,"Automated Data Update using Workflows",   3, 1138, 4 
6d1450f,GitHub Action,Thu May 28 10:39:54 2020,"Automated Data Update using Workflows",   2, 19, 18 
5d2c89c,GitHub Action,Thu May 28 10:39:52 2020,"Automated Data Update using Workflows",   2, 19, 18 
b282cb1,GitHub Action,Thu May 28 02:14:04 2020,"Automated Data Update using Workflows",   9, 340, 288 
6617ebd,GitHub Action,Thu May 28 02:14:03 2020,"Automated Data Update using Workflows",   9, 340, 288 
6b9cfd2,GitHub Action,Wed May 27 18:15:16 2020,"Automated Data Update using Workflows",   2, 1134 
2fe9c73,GitHub Action,Wed May 27 18:15:10 2020,"Automated Data Update using Workflows",   2, 1134 
f2e6247,GitHub Action,Wed May 27 10:34:10 2020,"Automated Data Update using Workflows",   3, 30, 27 
fca11d9,GitHub Action,Wed May 27 10:34:09 2020,"Automated Data Update using Workflows",   3, 30, 27 
c01c80f,GitHub Action,Wed May 27 02:15:56 2020,"Automated Data Update using Workflows",   6, 384, 334 
be79a71,GitHub Action,Wed May 27 02:15:38 2020,"Automated Data Update using Workflows",   6, 384, 334 
d51102c,billmats96,Tue May 26 20:09:21 2020,"fix data entry in wm region",   1, 1, 5 
e5a451b,billmats96,Tue May 26 19:43:51 2020,"Merge branch 'master' into development", 
6a27605,billmats96,Tue May 26 19:37:34 2020,"Fix data entry in wm daily report",   1, 1, 1 
859a0c5,GitHub Action,Tue May 26 18:14:53 2020,"Automated Data Update using Workflows",   2, 1134 
0e59a4b,GitHub Action,Tue May 26 18:14:49 2020,"Automated Data Update using Workflows",   2, 1134 
0e23845,GitHub Action,Tue May 26 10:33:44 2020,"Automated Data Update using Workflows",   2, 21, 21 
c0fcdc2,GitHub Action,Tue May 26 10:33:44 2020,"Automated Data Update using Workflows",   2, 21, 21 
3f50f0c,GitHub Action,Tue May 26 02:14:16 2020,"Automated Data Update using Workflows",   5, 277, 227 
1a0965c,GitHub Action,Tue May 26 02:14:09 2020,"Automated Data Update using Workflows",   5, 277, 227 
4591f37,GitHub Action,Mon May 25 18:14:46 2020,"Automated Data Update using Workflows",   3, 1136, 2 
a46411e,GitHub Action,Mon May 25 18:14:42 2020,"Automated Data Update using Workflows",   3, 1136, 2 
bc3605f,GitHub Action,Mon May 25 10:34:17 2020,"Automated Data Update using Workflows",   2, 21, 18 
a41c705,GitHub Action,Mon May 25 10:34:15 2020,"Automated Data Update using Workflows",   2, 21, 18 
87c05b3,GitHub Action,Mon May 25 02:14:10 2020,"Automated Data Update using Workflows",   6, 274, 224 
e43cc3c,GitHub Action,Mon May 25 02:14:07 2020,"Automated Data Update using Workflows",   6, 274, 224 
8dd4e83,GitHub Action,Sun May 24 18:14:23 2020,"Automated Data Update using Workflows",   5, 1142, 3 
c4b87be,GitHub Action,Sun May 24 18:14:21 2020,"Automated Data Update using Workflows",   5, 1142, 3 
9571df1,GitHub Action,Sun May 24 10:35:00 2020,"Automated Data Update using Workflows",   1, 17, 17 
3b6442e,GitHub Action,Sun May 24 10:35:00 2020,"Automated Data Update using Workflows",   1, 17, 17 
ddd3c0c,GitHub Action,Sun May 24 02:14:03 2020,"Automated Data Update using Workflows",   8, 377, 327 
0e32a41,GitHub Action,Sun May 24 02:13:57 2020,"Automated Data Update using Workflows",   8, 377, 327 
e1e9cf6,GitHub Action,Sat May 23 18:14:22 2020,"Automated Data Update using Workflows",   4, 1137, 2 
40fd644,GitHub Action,Sat May 23 18:14:17 2020,"Automated Data Update using Workflows",   4, 1137, 2 
032633d,GitHub Action,Sat May 23 10:33:17 2020,"Automated Data Update using Workflows",   7, 177, 125 
ac2417a,GitHub Action,Sat May 23 10:33:14 2020,"Automated Data Update using Workflows",   7, 177, 125 
a745200,GitHub Action,Fri May 22 18:14:15 2020,"Automated Data Update using Workflows",   3, 1191, 57 
f79d819,GitHub Action,Fri May 22 18:14:15 2020,"Automated Data Update using Workflows",   3, 1191, 57 
4807782,GitHub Action,Fri May 22 10:22:00 2020,"Automated Data Update using Workflows",   3, 264, 263 
3d85c81,GitHub Action,Fri May 22 10:21:50 2020,"Automated Data Update using Workflows",   3, 263, 263 
1bc743e,Alex Delitzas,Fri May 22 04:01:16 2020,"Fix JSON format",   1, 245, 244 
f9032d2,Alex Delitzas,Fri May 22 03:55:47 2020,"Fix JSON format",   1, 1, 2 
3b8d952,Alex Delitzas,Fri May 22 03:53:29 2020,"Fix JSON format", 
47ac462,Alex Delitzas,Fri May 22 03:39:12 2020,"Manual data update",   1, 2, 2 
df7da7f,Alex Delitzas,Fri May 22 02:23:32 2020,"Update README.md",   1, 1, 1 
def0fdc,GitHub Action,Fri May 22 02:14:13 2020,"Automated Data Update using Workflows",   11, 374, 310 
ce8c72d,GitHub Action,Fri May 22 02:14:05 2020,"Automated Data Update using Workflows",   11, 374, 310 
d55dc53,GitHub Action,Thu May 21 18:14:25 2020,"Automated Data Update using Workflows",   3, 1135, 1 
bd9c2b6,GitHub Action,Thu May 21 18:14:19 2020,"Automated Data Update using Workflows",   3, 1135, 1 
9adb6cc,GitHub Action,Thu May 21 10:17:27 2020,"Automated Data Update using Workflows",   5, 87, 85 
24a00f0,GitHub Action,Thu May 21 10:17:26 2020,"Automated Data Update using Workflows",   5, 87, 85 
19d518a,GitHub Action,Thu May 21 02:14:21 2020,"Automated Data Update using Workflows",   7, 356, 305 
671d73c,GitHub Action,Thu May 21 02:14:21 2020,"Automated Data Update using Workflows",   7, 356, 305 
7281885,GitHub Action,Wed May 20 18:14:19 2020,"Automated Data Update using Workflows",   3, 1136, 1 
6eae61a,GitHub Action,Wed May 20 18:13:55 2020,"Automated Data Update using Workflows",   3, 1136, 1 
5cb44cc,GitHub Action,Wed May 20 10:21:52 2020,"Automated Data Update using Workflows",   7, 643, 642 
3a9245b,GitHub Action,Wed May 20 10:21:42 2020,"Automated Data Update using Workflows",   7, 643, 642 
932e52c,GitHub Action,Wed May 20 02:14:04 2020,"Automated Data Update using Workflows",   5, 178, 128 
621bf86,GitHub Action,Wed May 20 02:14:02 2020,"Automated Data Update using Workflows",   5, 178, 128 
904d1c3,GitHub Action,Tue May 19 18:14:22 2020,"Automated Data Update using Workflows",   3, 1137, 1 
c4f8015,GitHub Action,Tue May 19 18:14:20 2020,"Automated Data Update using Workflows",   3, 1137, 1 
10affda,GitHub Action,Tue May 19 10:19:47 2020,"Automated Data Update using Workflows",   3, 21, 19 
0bd7052,GitHub Action,Tue May 19 10:19:47 2020,"Automated Data Update using Workflows",   3, 21, 19 
d81bd00,GitHub Action,Tue May 19 02:14:10 2020,"Automated Data Update using Workflows",   7, 336, 284 
a3a650a,GitHub Action,Tue May 19 02:14:08 2020,"Automated Data Update using Workflows",   7, 336, 284 
45eda65,GitHub Action,Mon May 18 18:14:07 2020,"Automated Data Update using Workflows",   5, 1194, 59 
f4b3dcb,GitHub Action,Mon May 18 18:13:55 2020,"Automated Data Update using Workflows",   5, 1194, 59 
2164fef,GitHub Action,Mon May 18 10:17:18 2020,"Automated Data Update using Workflows",   6, 26, 24 
f8659b0,GitHub Action,Mon May 18 10:17:18 2020,"Automated Data Update using Workflows",   6, 26, 24 
9bcf662,billmats96,Mon May 18 08:05:34 2020,"Merge branch 'master' into development", 
880308b,billmats96,Mon May 18 08:00:53 2020,"Documentation on wm deaths endpoint",   1, 48 
c158402,Alex Delitzas,Mon May 18 03:49:16 2020,"Merge branch 'master' into development", 
c070a97,Phaedon-Vagionas,Mon May 18 03:19:23 2020,"Automate soc-dist measures JSON retrieval from data repo",   1, 4, 2 
127398f,Phaedon-Vagionas,Mon May 18 03:18:25 2020,"Add soc_dist measures to `Measures` folder",   2, 1, 7 
c31cddd,GitHub Action,Mon May 18 02:14:22 2020,"Automated Data Update using Workflows",   7, 262, 211 
588ab70,GitHub Action,Mon May 18 02:14:01 2020,"Automated Data Update using Workflows",   7, 262, 211 
b7951ae,Alex Delitzas,Mon May 18 02:09:12 2020,"Merge branch 'master' into development", 
b700bc2,Alex Delitzas,Mon May 18 02:01:04 2020,"Merge pull request #7 from Covid-19-Response-Greece/social-dist-measures-endpoint", 
8223d16,GitHub Action,Sun May 17 18:14:20 2020,"Automated Data Update using Workflows",   2, 1134 
e3aa181,GitHub Action,Sun May 17 18:14:18 2020,"Automated Data Update using Workflows",   2, 1134 
d1698ff,GitHub Action,Sun May 17 10:17:25 2020,"Automated Data Update using Workflows",   5, 151, 99 
f36d46c,GitHub Action,Sun May 17 10:17:24 2020,"Automated Data Update using Workflows",   5, 151, 99 
2af3149,billmats96,Sun May 17 08:15:22 2020,"Merge branch 'development' of https://github.com/Covid-19-Response-Greece/covid19-greece-api into development", 
b220419,billmats96,Sun May 17 08:13:38 2020,"Insert western macedonia deaths endpoint",   2, 35, 2 
5086f75,GitHub Action,Sun May 17 02:14:06 2020,"Automated Data Update using Workflows",   5, 101, 73 
d1a7eb8,GitHub Action,Sat May 16 18:13:58 2020,"Automated Data Update using Workflows",   5, 1199, 59 
b03761d,GitHub Action,Sat May 16 10:18:12 2020,"Automated Data Update using Workflows",   3, 21, 18 
24737d0,billmats96,Sat May 16 03:55:44 2020,"Update wm deaths data",   1, 3, 1 
32cd706,billmats96,Sat May 16 03:52:57 2020,"Merge branch 'master' of https://github.com/Covid-19-Response-Greece/covid19-greece-api", 
c6a18ad,billmats96,Wed May 13 08:06:10 2020,"Merge branch 'development' of https://github.com/Covid-19-Response-Greece/covid19-greece-api", 
aedfaa6,billmats96,Wed May 13 05:39:52 2020,"Fix date format in wm endpoint",   1, 2, 2 
3d48269,billmats96,Wed May 13 03:36:28 2020,"Data Updates",   10, 359, 308 
82884bc,Vasilis Matsoukas,Wed May 13 03:16:29 2020,"bug fix",   1, 2, 2 
3fbffa7,Alex Delitzas,Wed May 13 01:33:29 2020,"Move endpoint position in documentation",   1, 87, 87 
fc27ec2,Alex Delitzas,Wed May 13 01:29:59 2020,"Add /western-macedonia endpoint in documentation",   1, 87 
aecfcd8,Alex Delitzas,Tue May 12 22:29:05 2020,"Fix field name",   1, 1, 1 
f5217ae,Alex Delitzas,Tue May 12 22:25:55 2020,"Fix data path",   1, 1, 1 
45dce6a,billmats96,Tue May 12 21:45:23 2020,"Include regions update",   1, 3, 1 
fbd7589,billmats96,Tue May 12 21:43:08 2020,"Initialize Regions Data",   1, 5 
c8da89e,billmats96,Tue May 12 21:42:20 2020,"Create western macedonia endpoint",   1, 58, 1 
25c0533,GitHub Action,Tue May 12 18:13:57 2020,"Automated Data Update using Workflows",   2, 1128 
cc393c1,GitHub Action,Tue May 12 10:35:31 2020,"Automated Data Update using Workflows",   4, 20, 20 
827b03a,GitHub Action,Tue May 12 02:15:15 2020,"Automated Data Update using Workflows",   8, 321, 270 
582c92e,GitHub Action,Mon May 11 18:14:08 2020,"Automated Data Update using Workflows",   4, 1244, 116 
d4d802a,GitHub Action,Mon May 11 10:18:35 2020,"Automated Data Update using Workflows",   5, 148, 97 
9bb975d,GitHub Action,Mon May 11 02:14:21 2020,"Automated Data Update using Workflows",   6, 183, 182 
a13cdc4,GitHub Action,Sun May 10 18:14:15 2020,"Automated Data Update using Workflows",   2, 1130, 2 
f43421e,GitHub Action,Sun May 10 10:21:02 2020,"Automated Data Update using Workflows",   3, 199, 149 
09e7acb,GitHub Action,Sun May 10 02:14:00 2020,"Automated Data Update using Workflows",   3, 13, 13 
383e85d,Vasilis Matsoukas,Sat May 9 19:22:55 2020,"Update readme - project mentions",   1, 15, 1 
193bea1,GitHub Action,Sat May 9 18:14:03 2020,"Automated Data Update using Workflows",   2, 1128 
3e4fe35,GitHub Action,Sat May 9 10:25:41 2020,"Automated Data Update using Workflows",   5, 22, 21 
5e0c7c7,GitHub Action,Sat May 9 02:14:20 2020,"Automated Data Update using Workflows",   6, 242, 192 
8e72a29,GitHub Action,Fri May 8 18:14:15 2020,"Automated Data Update using Workflows",   6, 1192, 64 
b875d9d,GitHub Action,Fri May 8 10:25:45 2020,"Automated Data Update using Workflows",   4, 108, 106 
82d6dcc,GitHub Action,Fri May 8 02:17:41 2020,"Automated Data Update using Workflows",   5, 128, 78 
812c2aa,GitHub Action,Thu May 7 18:14:02 2020,"Automated Data Update using Workflows",   3, 1187, 59 
295008b,GitHub Action,Thu May 7 10:20:28 2020,"Automated Data Update using Workflows",   2, 20, 20 
63fcbd9,GitHub Action,Thu May 7 02:14:04 2020,"Automated Data Update using Workflows",   6, 242, 192 
3db0791,GitHub Action,Wed May 6 18:14:01 2020,"Automated Data Update using Workflows",   4, 1186, 58 
4d0c6c4,GitHub Action,Wed May 6 10:25:17 2020,"Automated Data Update using Workflows",   3, 76, 75 
95a9e63,GitHub Action,Wed May 6 02:13:55 2020,"Automated Data Update using Workflows",   6, 72, 21 
a7a8661,GitHub Action,Tue May 5 18:13:55 2020,"Automated Data Update using Workflows",   4, 1204, 76 
2f570c7,GitHub Action,Tue May 5 02:13:55 2020,"Automated Data Update using Workflows",   6, 129, 79 
9a413db,GitHub Action,Mon May 4 18:14:07 2020,"Automated Data Update using Workflows",   4, 1187, 59 
d2b0c04,GitHub Action,Mon May 4 10:15:23 2020,"Automated Data Update using Workflows",   3, 83, 83 
4d352d5,GitHub Action,Mon May 4 02:13:54 2020,"Automated Data Update using Workflows",   7, 291, 240 
e53396c,GitHub Action,Sun May 3 18:14:22 2020,"Automated Data Update using Workflows",   2, 1128 
5f952bb,GitHub Action,Sun May 3 10:15:23 2020,"Automated Data Update using Workflows",   2, 19, 18 
53a8619,GitHub Action,Sun May 3 02:14:04 2020,"Automated Data Update using Workflows",   7, 267, 217 
9dacbf2,GitHub Action,Sat May 2 18:14:14 2020,"Automated Data Update using Workflows",   2, 1128 
9161745,GitHub Action,Sat May 2 10:15:05 2020,"Automated Data Update using Workflows",   4, 175, 125 
68b2a75,GitHub Action,Sat May 2 02:13:58 2020,"Automated Data Update using Workflows",   6, 191, 190 
a7648a5,Alex Delitzas,Fri May 1 20:32:30 2020,"Update documentation",   1, 64 
b3dea25,Alex Delitzas,Fri May 1 20:21:05 2020,"Change cases to region_cases in json output",   1, 1, 1 
358a13f,GitHub Action,Fri May 1 18:14:09 2020,"Automated Data Update using Workflows",   2, 22346, 20026 
17217f3,GitHub Action,Fri May 1 10:16:50 2020,"Automated Data Update using Workflows",   2, 27, 27 
1456a89,billmats96,Fri May 1 03:00:36 2020,"Add regions-history endpoint",   1, 40 
adc2ace,GitHub Action,Fri May 1 02:13:56 2020,"Automated Data Update using Workflows",   8, 421, 370 
34ec47f,Alex Delitzas,Fri May 1 00:39:17 2020,"Manual data update",   2, 2, 3 
5c05e94,Alex Delitzas,Fri May 1 00:38:41 2020,"Update data sources to download",   1, 6, 2 
0ffc288,Alex Delitzas,Fri May 1 00:25:01 2020,"Update /regions endpoint with population data",   1, 17, 1 
f94e71e,Alex Delitzas,Fri May 1 00:09:31 2020,"Merge branch 'master' of https://github.com/Covid-19-Response-Greece/covid19-greece-api", 
09c237b,Alex Delitzas,Fri May 1 00:07:50 2020,"Add data files",   2, 76 
911eb9a,Alex Delitzas,Tue Apr 28 07:17:49 2020,"Set Google Analytics",   1, 11 
f41dd1c,GitHub Action,Tue Apr 28 02:14:06 2020,"Automated Data Update using Workflows",   8, 274, 223 
00f72c1,Alex Delitzas,Mon Apr 27 21:13:52 2020,"Fix descriptions",   1, 3, 3 
12ebaf2,Alex Delitzas,Mon Apr 27 20:49:29 2020,"Fix gender distribution percentages",   1, 2, 2 
c88bd14,GitHub Action,Mon Apr 27 18:13:53 2020,"Automated Data Update using Workflows",   2, 1116 
9421203,GitHub Action,Mon Apr 27 02:13:54 2020,"Automated Data Update using Workflows",   9, 1343, 176 
df61f76,GitHub Action,Sun Apr 26 02:14:09 2020,"Automated Data Update using Workflows",   7, 218, 167 
9795897,GitHub Action,Sat Apr 25 18:14:07 2020,"Automated Data Update using Workflows",   2, 1116 
9e83aca,GitHub Action,Sat Apr 25 10:15:04 2020,"Automated Data Update using Workflows",   1, 16, 16 
1efefbf,GitHub Action,Sat Apr 25 02:14:04 2020,"Automated Data Update using Workflows",   7, 256, 205 
ed56ccf,GitHub Action,Fri Apr 24 18:13:56 2020,"Automated Data Update using Workflows",   3, 1117, 1 
76637d4,GitHub Action,Fri Apr 24 10:15:26 2020,"Automated Data Update using Workflows",   8, 118, 67 
730caec,Vasilis Matsoukas,Thu Apr 23 20:45:23 2020,"Fix Time Schedule",   1, 1, 1 
96e8680,Vasilis Matsoukas,Thu Apr 23 20:43:30 2020,"Create workflow to update development branch",   1, 61 
9e1df0f,Vasilis Matsoukas,Thu Apr 23 20:41:28 2020,"Modify workflow to update master branch only",   1, 4 
7fba40b,Alex Delitzas,Thu Apr 23 18:59:03 2020,"Update README.md",   1, 39, 27 
6f8cdb8,GitHub Action,Thu Apr 23 18:13:57 2020,"Automated Data Update using Workflows",   7, 1240, 123 
3a04318,Vasilis Matsoukas,Thu Apr 23 10:28:02 2020,"Update main.yml",   1, 2, 3 
719f289,Vasilis Matsoukas,Thu Apr 23 02:24:46 2020,"Modify to update master and development branches",   1, 6, 1 
a17f165,GitHub Action,Thu Apr 23 02:13:54 2020,"Automated Data Update using Workflows",   7, 232, 182 
a4298b9,Alex Delitzas,Thu Apr 23 01:39:19 2020,"Change button text",   1, 1, 1 
5e8f496,Alex Delitzas,Thu Apr 23 01:10:31 2020,"Disable DEBUG mode",   1, 1, 1 
d4391c5,Alex Delitzas,Thu Apr 23 00:58:40 2020,"Add favicon",   1, 0, 0 
8f0b275,Alex Delitzas,Thu Apr 23 00:58:07 2020,"Add favicon",   1, 1 
2a0f4a0,Alex Delitzas,Thu Apr 23 00:51:14 2020,"Add intro page",   3, 208, 1 
5db05c0,Alex Delitzas,Wed Apr 22 21:58:41 2020,"Update ignore file",   1, 1 
a818b66,Alex Delitzas,Wed Apr 22 21:57:54 2020,"Change init() position",   1, 2, 3 
6c7e443,Alex Delitzas,Wed Apr 22 21:43:47 2020,"Add debug message",   1, 2 
e969216,Alex Delitzas,Wed Apr 22 21:13:59 2020,"Set Procfile and gunicorn",   2, 2 
4bc00e4,GitHub Action,Wed Apr 22 18:14:11 2020,"Automated Data Update using Workflows",   1, 1, 1 
0b0459c,GitHub Action,Wed Apr 22 10:14:02 2020,"Automated Data Update using Workflows",   7, 1305, 138 
d45f8d6,Alex Delitzas,Wed Apr 22 10:06:19 2020,"Merge branch 'master' of https://github.com/Covid-19-Response-Greece/covid19-greece-api", 
d3689ff,Alex Delitzas,Wed Apr 22 10:05:52 2020,"Fix type in example schema",   1, 2, 2 
49b878f,Alex Delitzas,Wed Apr 22 09:47:42 2020,"Update documentation file",   1, 164, 2 
e6914b9,Alex Delitzas,Wed Apr 22 08:14:25 2020,"Minor changes",   1, 3, 3 
24d2125,Alex Delitzas,Wed Apr 22 08:12:33 2020,"Add /gender-distribution and /age-distribution endpoints",   1, 25 
f1456af,Alex Delitzas,Wed Apr 22 06:39:36 2020,"Merge pull request #6 from Covid-19-Response-Greece/swagger-ui", 
2472e8a,Alex Delitzas,Tue Apr 21 21:44:34 2020,"Create LICENSE",   1, 274 
67669f0,GitHub Action,Tue Apr 21 18:14:10 2020,"Automated Data Update using Workflows",   1, 1, 1 
d4a1b8c,GitHub Action,Tue Apr 21 10:13:57 2020,"Automated Data Update using Workflows",   8, 1244, 128 
6b6d181,GitHub Action,Tue Apr 21 02:14:02 2020,"Automated Data Update using Workflows",   7, 213, 162 
9780a76,billmats96,Mon Apr 20 23:04:00 2020,"add intensive-care endpoint",   1, 8 
59a78bc,Alex Delitzas,Mon Apr 20 20:19:40 2020,"Update README.md",   1, 1, 1 
c87423a,Alex Delitzas,Mon Apr 20 20:12:09 2020,"Update README.md",   1, 3, 3 
14b11c0,Alex Delitzas,Mon Apr 20 20:07:33 2020,"Add requirements file",   1, 4 
381bd4a,Alex Delitzas,Mon Apr 20 20:07:14 2020,"Minor changes",   1, 6, 8 
e9a36d6,Alex Delitzas,Mon Apr 20 19:17:33 2020,"Merge pull request #4 from stamaleiferis/get-total-info", 
9832425,GitHub Action,Mon Apr 20 10:13:53 2020,"Automated Data Update using Workflows",   10, 8234, 269 
cfc2ee4,Vasilis Matsoukas,Mon Apr 20 06:48:05 2020,"Create workflow for API data update",   1, 58 
decdb54,Alex Delitzas,Sat Apr 18 09:05:42 2020,"Merge pull request #3 from stamaleiferis/all-add-active", 
8bb0c66,billmats96,Sat Apr 18 07:49:49 2020,"Adapt to new column names wikipedia/cases.csv",   2, 30, 26 
6f97fd8,Alex Delitzas,Fri Apr 17 23:18:35 2020,"Update README.md",   1, 1 
91ebf7e,billmats96,Fri Apr 17 21:07:17 2020,"Added total tests endpoint - fix print msg",   1, 1, 1 
d0e386d,billmats96,Fri Apr 17 21:03:50 2020,"Added total tests endpoint",   1, 16, 1 
64d4f78,Alex Delitzas,Fri Apr 17 20:32:09 2020,"Merge pull request #2 from stamaleiferis/active-cases-endpoint", 
4dcde9d,billmats96,Fri Apr 17 20:24:22 2020,"Modify date format",   1, 48, 49 
17abee1,Alex Delitzas,Fri Apr 17 03:23:28 2020,"Merge pull request #1 from dmanolidis/regions", 
daf7aa5,Alex Delitzas,Thu Apr 16 21:29:46 2020,"Update README.md",   1, 5 
acb899d,Alex Delitzas,Thu Apr 16 21:21:37 2020,"Update README.md",   1, 54 
dc49a93,Alex Delitzas,Thu Apr 16 20:52:17 2020,"Add /confirmed, /deaths, /recovered endpoints",   1, 59 
f7b5710,Alex Delitzas,Thu Apr 16 20:42:03 2020,"Add script to update data automatically",   1, 59 
731e257,Alex Delitzas,Thu Apr 16 20:41:31 2020,"Update data",   3, 1300, 3 
38a0d16,Alex Delitzas,Thu Apr 16 20:32:26 2020,"Add data sources",   10, 92127 
fec9fed,Alex Delitzas,Thu Apr 16 19:09:42 2020,"Add ignore file",   1, 1 
e541d36,Alex Delitzas,Thu Apr 16 19:03:13 2020,"First commit",   1, 1 