commit id,author,date,comment,changed files,lines added,lines deleted

54c0642,Timothy Roy,Fri Mar 27 06:44:45 2020,"Add MedSeg dataset as submodule, update readme",   3, 5, 1 
1ee4503,Timothy Roy,Fri Mar 27 04:20:24 2020,"Add Darshan's dataset as submodule, update readme",   3, 11 
abcf87f,Timothy Roy,Fri Mar 27 03:40:37 2020,"Update readme",   1, 2, 3 
686a79f,Timothy Roy,Fri Mar 27 02:31:53 2020,"Add covid-19-pos-case as submodule, update readme",   3, 13, 5 
d051eea,Timothy Roy,Fri Mar 27 02:18:12 2020,"Add license, code of conduct, NIH samples submodule",   6, 184, 11 
3457706,Timothy Roy,Thu Mar 26 06:11:48 2020,"Add AHP data as submodule",   5, 11, 8 
a662f0a,Timothy Roy,Thu Mar 26 02:32:52 2020,"Add Zhang Lab data as submodule",   2, 2, 1 
cbf6240,Timothy Roy,Thu Mar 26 02:21:21 2020,"Update readme, add Zhang Lab data submodule",   2, 9 
cacacb2,Timothy Roy,Wed Mar 25 06:08:33 2020,"Update readme and subproject commit",   2, 21, 4 
e4ec967,Timothy Roy,Wed Mar 25 05:10:40 2020,"Update readme",   1, 4 
4511572,Timothy Roy,Wed Mar 25 04:26:11 2020,"Update readme, add funding, issue states, change gitmodules",   4, 37, 3 
69c6bcd,Timothy Roy,Wed Mar 25 03:07:35 2020,"feature: add first subproject, update README",   3, 11, 1 
25a947f,coyotespike,Wed Mar 25 02:39:53 2020,"Initial commit",   1, 1 