commit id,author,date,comment,changed files,lines added,lines deleted

747e2d0,dependabot[bot],Mon Jul 20 08:19:05 2020,"Bump lodash from 4.17.15 to 4.17.19 in /functions",   2, 5, 5 
185c1a8,Farhan Ahmad,Mon Jun 15 03:30:19 2020,"Merge branch 'master' into production", 
aa5a20d,Farhan Ahmad,Mon Jun 15 02:13:23 2020,"Notifications Phase 2 (#103) (#111)",   34, 961, 203 
62e71a2,Farhan Ahmad,Mon Jun 15 01:43:24 2020,"Updating verison",   1, 1, 1 
3785bba,Scott Prue,Mon Jun 8 15:53:26 2020,"Notifications Phase 2 (#103)",   34, 963, 205 
dab4c88,dependabot[bot],Mon Jun 8 13:39:32 2020,"Bump websocket-extensions from 0.1.3 to 0.1.4 in /functions (#110)",   1, 3, 3 
a8b551e,Farhan Ahmad,Mon May 11 18:39:53 2020,"Merge branch 'master' into production", 
0ae27f1,Farhan Ahmad,Mon May 11 18:06:34 2020,"Milestone 5 (#107)",   28, 1446, 353 
4464649,Scott Prue,Fri May 8 16:47:14 2020,"UI Tests For Request Workflows (#99)",   14, 517, 67 
7a0c06d,Farhan Ahmad,Tue May 5 16:29:00 2020,"fix(ci): use correct sentry project name (#104)",   1, 2, 7 
aca1c91,Scott Prue,Tue May 5 15:21:36 2020,"fix(ci): use correct sentry project name",   1, 2, 7 
3160651,Farhan Ahmad,Tue May 5 15:14:56 2020,"Merge branch 'master' into production", 
31b7291,Farhan Ahmad,Tue May 5 15:14:39 2020,"chore(*): increment version for prod push",   1, 1, 1 
433cbb9,Scott Prue,Tue May 5 14:57:35 2020,"chore: switch notifications permissions deny from error to analytics event (#102)",   4, 38, 3 
f15ccd5,Scott Prue,Mon May 4 20:36:59 2020,"Check version before creating new release (#100)",   1, 6 
e20efef,Farhan Ahmad,Mon May 4 07:26:44 2020,"Merge branch 'master' into production", 
3e5c7ed,Farhan Ahmad,Mon May 4 07:26:11 2020,"chore(*): update version",   1, 1, 1 
ef00a9c,Farhan Ahmad,Mon May 4 07:12:42 2020,"Merge branch 'master' into production", 
cccc9e3,Farhan Ahmad,Mon May 4 07:12:12 2020,"feat(*): hook up sentry.io. (#95)",   6, 26, 14 
7ec4ea7,Scott Prue,Sun May 3 09:48:36 2020,"chore(tests): stabilize tests by adding retries (#86)",   11, 293, 3201 
c21f5bd,Farhan Ahmad,Fri May 1 03:34:58 2020,"Push the hoempage fix live.", 
cf28f72,Farhan Ahmad,Fri May 1 03:33:42 2020,"fix(Homepage): sign up button should take to the login page instead of the search page.",   1, 18, 8 
ff8c3be,Farhan Ahmad,Thu Apr 30 05:19:26 2020,"New Request/User Emails (#83) (#84)",   10, 625, 13 
9df96f9,Farhan Ahmad,Thu Apr 30 05:09:14 2020,"New Request/User Emails (#83)",   10, 625, 13 
cb15adb,Farhan Ahmad,Wed Apr 29 17:02:19 2020,"fix(newVersionMigration): adjust approach to createUser for Google Maps API throttling.",   2, 7, 18 
8fc6d97,Scott Prue,Wed Apr 29 16:24:55 2020,"fix(core): add index for my requests page",   5, 21, 4 
68d755f,Scott Prue,Wed Apr 29 16:02:17 2020,"chore(functions): skip contactCreated test because it is unstable",   1, 3, 2 
61be2aa,Scott Prue,Wed Apr 29 15:52:00 2020,"v0.6.0",   4, 8, 7 
e176999,Scott Prue,Wed Apr 29 15:41:24 2020,"New App Version (#58)",   296, 35233, 29093 
58979bc,Scott Prue,Tue Apr 28 14:26:52 2020,"Start index requests",   3, 158 
d1d55ba,Scott Prue,Mon Apr 27 17:01:18 2020,"fix: use correct query for requests in morningEmailCentral cloud function",   2, 2, 5 
30e394b,Scott Prue,Mon Apr 27 16:43:13 2020,"fix: pass request context to morning emials",   2, 17, 7 
8ac6877,Scott Prue,Mon Apr 27 15:19:18 2020,"Include users_privileged parameters in indexUser function (#80)",   2, 10, 2 
e80ea37,Farhan Ahmad,Mon Apr 27 15:01:41 2020,"Blog and other fixes (#79)",   33, 742, 1080 
6190e92,Scott Prue,Mon Apr 27 14:07:41 2020,"fix(docs): update README",   2, 26, 9 
3ca947e,Scott Prue,Mon Apr 27 13:50:24 2020,"fix(auth): fix multiple runs of user profile update (#78)",   2, 67, 43 
e15f7a3,Scott Prue,Mon Apr 27 09:02:24 2020,"Data Migration For New Structure (#71)",   6, 652, 1 
0a1a2b3,Farhan Ahmad,Sun Apr 26 16:01:08 2020,"Request details, acceptance/release/confirmation, search page and other fixes (#76)",   35, 2009, 710 
d3531c1,Scott Prue,Fri Apr 24 13:53:19 2020,"fix(app): prevent location of undefined issue by placing AnalyticsPageViewLogger within router",   3, 4, 11 
45b4df6,Scott Prue,Fri Apr 24 13:25:16 2020,"Firebase Analytics (#74)",   8, 49, 5 
e9ff29c,Scott Prue,Fri Apr 24 12:25:57 2020,"My Requests Page (#73)",   22, 468, 38 
965db0b,Farhan Ahmad,Sun Apr 19 12:09:16 2020,"Search enhancements and fixes (#69)",   12, 139, 69 
de9b1e1,Scott Prue,Fri Apr 17 15:21:35 2020,"Merge branch 'master' into next", 
d218bf7,Scott Prue,Fri Apr 17 15:14:21 2020,"fix(ci): parse SERVICE_ACCOUNT string from environment",   2, 16, 8 
b92a3a6,Scott Prue,Fri Apr 17 14:51:46 2020,"New Request Page Location Sets To Profile (#68)",   11, 234, 121 
fd134e3,Scott Prue,Fri Apr 17 14:08:14 2020,"fix(ci): add project alias for master branch (#57)",   1, 1 
2829d24,Farhan Ahmad,Fri Apr 17 13:33:30 2020,"Merge pull request #67 from CV19Assist/search-page", 
fefea64,Scott Prue,Fri Apr 17 05:05:03 2020,"fix(functions): pass data from d parameter to mail request template data",   3, 33, 5 
ec8a17a,Scott Prue,Thu Apr 16 17:36:38 2020,"fix(app): handle a case where messaging was getting run in unsupported brwosers",   1, 4, 7 
d492e96,Scott Prue,Thu Apr 16 17:12:57 2020,"fix(app): use redirect for login on mobile",   2, 36, 16 
a3c2a6d,Scott Prue,Thu Apr 16 16:33:55 2020,"Request Detail Page (#66)",   19, 996, 592 
81fdc64,Scott Prue,Thu Apr 16 15:39:22 2020,"Morning Unfulfilled Requests Email (#65)",   22, 1477, 47 
110e4a8,Scott Prue,Thu Apr 16 11:08:17 2020,"fix(messaging): only initialize messaging when logged in (#64)",   6, 147, 123 
3aa95fe,Scott Prue,Thu Apr 16 02:32:01 2020,"fix(messaging): only initialize messaging in FCM supported environments - #63",   1, 15, 4 
38f3f07,Scott Prue,Wed Apr 15 08:52:17 2020,"feat(app): add logo and update settings in firebase-messaging-sw.js",   5, 64, 24 
bacfcf9,Scott Prue,Wed Apr 15 05:23:05 2020,"fix(ci): add github branch env var so correct build script is used",   1, 5, 2 
962d270,Scott Prue,Wed Apr 15 05:06:39 2020,"Contact Page Form (#62)",   18, 357, 38 
862722e,Scott Prue,Tue Apr 14 14:34:06 2020,"Merge branch 'master' into next", 
e036965,Scott Prue,Tue Apr 14 14:26:53 2020,"Add github templates. Add rules requiring status.",   9, 260, 382 
e3ecf19,Scott Prue,Tue Apr 14 12:47:51 2020,"feat(core): simple notifications phase 1 (#59)",   16, 2233, 209 
ef66ec7,Farhan Ahmad,Tue Apr 14 11:35:59 2020,"Adding note about the next branch",   1, 3, 1 
10bbe9a,Scott Prue,Tue Apr 14 04:49:41 2020,"FIx syntax error in rules",   1, 1, 1 
152a81d,Scott Prue,Tue Apr 14 04:48:09 2020,"Add back create rule since createdBy is now uid",   3, 35, 43 
38f9a6f,Scott Prue,Tue Apr 14 02:29:16 2020,"fix(ci): use correct cache path for yarn settings",   1, 15, 9 
f745487,Farhan Ahmad,Sun Apr 12 18:44:14 2020,"Fixing lint errors.",   8, 15, 16 
a422450,Farhan Ahmad,Sun Apr 12 18:35:11 2020,"Adding the missed rules file.",   1, 16, 16 
eae5598,Farhan Ahmad,Sun Apr 12 18:34:47 2020,"Implemented the request creation. Removed references to old collections in rules. Added privacy policy and terms of service. Moved the ClickableMap to the proper location. Renamed requests.phoneNumber to requests.phone to make it consistent with `users`. Changed collection names to snake case. Included geofirestore for geo queries.",   28, 556, 117 
0604e3f,Farhan Ahmad,Sun Apr 12 16:37:16 2020,"Merge branch 'next' into cleanup", 
31f1b4d,Farhan Ahmad,Sun Apr 12 13:52:04 2020,"Removing aggregate and switching to .txt for now.",   1, 15 
23a172d,Farhan Ahmad,Sun Apr 12 07:14:22 2020,"Minor change",   1, 1, 1 
831255c,Farhan Ahmad,Sun Apr 12 07:13:07 2020,"Revising the schema based on discusison.",   1, 62, 66 
2713516,Farhan Ahmad,Sun Apr 12 05:31:38 2020,"Implemented the ClickableMap component. Merged request page changes, but still working on the request page. Added a few more request page tests. Hooked up the Notifications component in core layout. WIP - NeedsMap component on the homepage.",   11, 625, 361 
ddf7c24,Farhan Ahmad,Sun Apr 12 00:35:45 2020,"Merge branch 'generated' into cleanup", 
302a0a9,Farhan Ahmad,Sun Apr 12 00:03:39 2020,"Removing emotional support.",   3, 6, 15 
5a8aea5,Farhan Ahmad,Sat Apr 11 09:21:41 2020,"Temporary fixes for the lint errors.",   6, 12, 11 
9e61679,Farhan Ahmad,Sat Apr 11 06:11:47 2020,"Merge branch 'generated' into cleanup", 
1ef2e12,Farhan Ahmad,Sat Apr 11 04:30:24 2020,"Proposing schema changes.",   1, 129, 49 
ab76672,Farhan Ahmad,Sat Apr 11 03:25:59 2020,"Adding the original schema file so we can see the proposed changes.",   1, 114 
2743db4,Farhan Ahmad,Fri Apr 10 15:37:16 2020,"Started implementing the homepage maps component.",   12, 228, 89 
94bbf1b,Scott Prue,Fri Apr 10 14:27:04 2020,"Update lock file",   1, 169, 5 
b1df22b,Scott Prue,Fri Apr 10 14:21:57 2020,"Remove duplicated verify workflow",   2, 126, 159 
b2333d0,Scott Prue,Fri Apr 10 14:18:35 2020,"Fix tests since auth isn't required",   6, 13, 11 
f04e89d,Scott Prue,Fri Apr 10 14:01:50 2020,"Add tests for recently added pages",   9, 67, 5 
ee56564,Scott Prue,Fri Apr 10 13:51:31 2020,"Add other pages",   23, 364, 44 
78678ac,Scott Prue,Fri Apr 10 12:41:03 2020,"Add font. Remove RTDB rules. Fix requests form errors",   6, 60, 154 
ca729bb,Scott Prue,Fri Apr 10 12:18:19 2020,"Merged master.", 
2646005,Farhan Ahmad,Fri Apr 10 12:14:20 2020,"Cleaning up the blog changes a little.",   8, 420, 836 
850b08f,Farhan Ahmad,Fri Apr 10 12:10:10 2020,"Merge branch 'prescottprue-ci'", 
a64e2c6,Scott Prue,Fri Apr 10 12:10:00 2020,"Merged master", 
2bb7876,Scott Prue,Fri Apr 10 12:06:18 2020,"Add createdAt and lastUpdatedAt",   1, 6, 1 
2451df7,Scott Prue,Fri Apr 10 11:59:31 2020,"Add requests page and remove projects",   31, 523, 451 
17c51f1,Farhan Ahmad,Fri Apr 10 11:42:30 2020,"Merge pull request #47 from MauricioSo/master", 
eea32fa,Scott Prue,Fri Apr 10 11:33:53 2020,"Apply styling to navbar",   7, 23, 18 
9f6cf34,Scott Prue,Fri Apr 10 11:24:34 2020,"Generate project using generator-react-firebase",   182, 24956, 28277 
7e73659,Farhan Ahmad,Thu Apr 9 17:14:35 2020,"Incrementing version and a few other minor changes.",   3, 7, 4 
cc7f52c,Farhan Ahmad,Thu Apr 9 16:53:20 2020,"Started incorporating firebase web using the correct approach. * Now showing unfulfilled needs on the homepage, even for the unauth users. * Created triggers to updating the summary on homepage. * Cleaned up a little.",   27, 3083, 1634 
ff006c7,Farhan Ahmad,Mon Apr 6 15:37:10 2020,"Adding the new press coverage link.",   1, 43, 20 
ce9ad0f,Farhan Ahmad,Mon Apr 6 07:05:20 2020,"Small changes * Added a note about financial assistance and additional radio button to the request form. * Removed Twitter from the menu to save space, and added the donation button along with the donation page. * Added press coverage section to homepage.",   10, 456, 238 
8eaac32,Farhan Ahmad,Wed Apr 1 14:53:35 2020,"Started laying out the homepage components.",   6, 146, 87 
6b9158a,Farhan Ahmad,Tue Mar 31 14:06:28 2020,"Updating README.",   1, 7, 39 
3f84767,Farhan Ahmad,Tue Mar 31 14:05:48 2020,"Added a new staging environment for the -dev firebase project",   6, 71, 20 
772e528,Farhan Ahmad,Tue Mar 31 13:28:44 2020,"Increased default distance to 25 miles. Updated the about page. Added the additional CORS URL. Added dynamic logic for loading the functions config.",   10, 204, 104 
24607cf,Farhan Ahmad,Sun Mar 29 14:24:26 2020,"Menu, homepage, detail form improvements. Created new user notification emails. Cleaned up the menus and added content to about and contact pages. Add first and last names to the request form. Adding support for defaulting request using 'type' query param. Changed /volunteer to /search. Fixed and cleaned the task detail screen and dialog.",   30, 984, 582 
22ec3f9,Farhan Ahmad,Fri Mar 27 14:00:32 2020,"Merge branch 'janmande-Add-the-additional-menu-entries'", 
37dcf8b,Farhan Ahmad,Fri Mar 27 13:34:48 2020,"Cleaned up content, new homepage. Implemented notification emails.",   11, 297, 213 
a18fffd,Farhan Ahmad,Wed Mar 25 00:51:13 2020,"Fixing text",   1, 2, 2 
222e419,Farhan Ahmad,Wed Mar 25 00:49:23 2020,"Removing left around debugging code.",   1, 1, 3 
5ee7972,Farhan Ahmad,Tue Mar 24 14:20:13 2020,"Adding additional CORS URL.",   1, 1, 1 
f586307,Farhan Ahmad,Tue Mar 24 13:44:26 2020,"Minor cleanup.",   2, 115, 85 
f431ab2,Farhan Ahmad,Tue Mar 24 13:31:35 2020,"Merge pull request #43 from maazbaig/master", 
4217f96,Farhan Ahmad,Tue Mar 24 13:28:53 2020,"Adusting the display on the task list page.",   3, 17, 3 
f00623e,Farhan Ahmad,Tue Mar 24 13:21:25 2020,"Implemented location detection, removed shortDescription field.",   7, 120, 35 
5ed402c,Farhan Ahmad,Tue Mar 24 11:38:28 2020,"Fixed the task button visibility logic. Added my tasks page. Other minor fixes and updates.",   13, 469, 259 
3a8ef88,Farhan Ahmad,Tue Mar 24 06:41:29 2020,"Implemented task details view and sharing functionality.",   13, 346, 196 
9b8bbc4,Farhan Ahmad,Tue Mar 24 05:13:16 2020,"Fixes + cleanup",   8, 92, 48 
7968fe3,Farhan Ahmad,Mon Mar 23 17:57:37 2020,"Implemented most of the remaining functionality. Now need the my tasks screen and finish the task acceptance screen.",   21, 1152, 221 
3a2ad90,Farhan Ahmad,Mon Mar 23 13:47:15 2020,"Merge pull request #42 from maazbaig/master", 
0380db1,Farhan Ahmad,Mon Mar 23 07:54:43 2020,"Started implementing the search screen and task assignment.  Committing WIP to share current state with another dev.",   12, 527, 235 
40a1a85,Farhan Ahmad,Sun Mar 22 16:42:45 2020,"Adding hosting cache to the ignored files.",   1, 1 
95631b8,Farhan Ahmad,Sun Mar 22 16:40:07 2020,"Cleaned up the needs API. Converted the users collection to a geolocation store. Fixed a bug in the API validation middleware.",   11, 314, 248 
2937f3f,Farhan Ahmad,Sun Mar 22 15:00:14 2020,"Merge pull request #41 from maazbaig/master", 
1915714,Farhan Ahmad,Sun Mar 22 12:23:34 2020,"Switching to the SearchResults component.",   2, 6, 6 
0807072,Farhan Ahmad,Sun Mar 22 09:39:24 2020,"Merge pull request #40 from jessluo8/search-results-ui", 
d8b0e2a,Farhan Ahmad,Sun Mar 22 09:10:27 2020,"Merge pull request #36 from MrSimsek/create-search-results", 
1b2deaf,Farhan Ahmad,Sun Mar 22 09:10:17 2020,"Adding missed files.",   4, 21, 4 
14a588d,Farhan Ahmad,Sun Mar 22 07:44:44 2020,"Getting things ready for prod - Moved more config to .env, created .env.production and removed hard coded values. - Configured firebase prod config. - Still need to do the server side functions separation.",   9, 51, 25 
6930be5,Farhan Ahmad,Sun Mar 22 04:53:30 2020,"Committing WIP for handing off to someone.",   1, 16, 15 
578fefe,Farhan Ahmad,Sun Mar 22 04:33:23 2020,"Fixed the auth redirect, now the user is appropriately redirected to the launch URL. Committing WIP for requesting help with #34",   5, 367, 277 
a714f4b,Farhan Ahmad,Sun Mar 22 03:35:49 2020,"Merge pull request #32 from MrSimsek/create-needs-endpoint", 
37b41f7,Farhan Ahmad,Sun Mar 22 03:35:24 2020,"Merge pull request #31 from jessluo8/user-profile-ui", 
0458b83,Farhan Ahmad,Sat Mar 21 14:16:35 2020,"Merge pull request #27 from jessluo8/request-help-ui", 
a5e895b,Farhan Ahmad,Sat Mar 21 02:55:31 2020,"Updating schema",   1, 18, 6 
50e2ed3,Farhan Ahmad,Sat Mar 21 02:11:39 2020,"WIP",   8, 149, 10 
69bed1a,Farhan Ahmad,Fri Mar 20 20:53:30 2020,"Implemented the user sign up workflow.",   20, 693, 421 
9c5dbc7,Farhan Ahmad,Fri Mar 20 15:45:19 2020,"Merge pull request #23 from maazbaig/master", 
38bda28,Farhan Ahmad,Fri Mar 20 15:37:56 2020,"Cleaned up the auth workflow a bit.",   5, 65, 52 
5bf8427,Farhan Ahmad,Fri Mar 20 03:10:55 2020,"WIP - Adding auth",   9, 271, 23 
da8473d,Farhan Ahmad,Thu Mar 19 16:33:39 2020,"Created the initial set of user profile API end points..",   12, 249, 72 
8e3992b,Farhan Ahmad,Thu Mar 19 14:38:09 2020,"Merge pull request #20 from CV19Assist/new-user-form", 
c2585ad,Farhan Ahmad,Thu Mar 19 06:18:18 2020,"Added formik and yup",   3, 81, 3 
bb786e7,Farhan Ahmad,Wed Mar 18 19:06:17 2020,"Added logic for checking user profile.",   3, 22, 36 
5507954,Farhan Ahmad,Wed Mar 18 18:28:52 2020,"Adding firebase config.",   1, 8 
92af332,Farhan Ahmad,Wed Mar 18 18:25:15 2020,"Implemented login and sign up. Abstracted auth logic into fire_auth.js.",   18, 4041, 3531 
2d62ba7,Farhan Ahmad,Wed Mar 18 12:49:53 2020,"Merge pull request #16 from CV19Assist/Redux-Setup", 
b6d3875,Farhan Ahmad,Wed Mar 18 10:43:58 2020,"* Starting incorporating redux, rxjs, redux-observable, and immutable libraries.",   8, 154, 9 
03a2d2f,Farhan Ahmad,Wed Mar 18 02:24:19 2020,"Added the firebase pieces and some basic structure.",   21, 4880, 73 
04177d8,Farhan Ahmad,Tue Mar 17 06:19:29 2020,"Initialize project using Create React App",   18, 15407 