commit id,author,date,comment,changed files,lines added,lines deleted

aa12f54,dependabot[bot],Sat Aug 8 00:29:42 2020,"Bump lodash from 4.17.15 to 4.17.19 (#59)",   1, 6, 6 
1c055c5,D4L Web Team,Sat Aug 8 00:16:16 2020,"Release: 1.20.0 (#58)",   22, 646, 86 
5514a2f,dependabot[bot],Thu Jul 23 21:30:30 2020,"Bump lodash from 4.17.15 to 4.17.19 (#57)",   1, 3, 3 
f1bdbec,TimWalz,Tue Jun 16 00:37:21 2020,"🐛 Fixing build after Release 1.19.0 (#56)",   6, 18, 446 
117a40a,D4L Web Team,Fri May 29 20:31:30 2020,"Release: 1.19.0 (#54)",   12, 4222, 26 
2942240,D4L Web Team,Tue May 26 00:49:09 2020,"Release: 1.18.1 (#53)",   3, 22, 10 
895cbdd,Burtchen,Mon May 25 22:45:32 2020,"📝 Update Logic Flow PDF chart (#52)",   2, 0, 0 
8d6bcdb,D4L Web Team,Tue May 19 17:56:58 2020,"Release: 1.18.0 (#50)",   41, 1243, 219 
a3de213,Burtchen,Fri May 15 02:11:35 2020,"📝 Update documentation spreadsheet (#48)",   2, 0, 0 
a173efc,Evgeniya Anikina,Wed May 13 18:13:01 2020,"Add Russian translation 🇷🇺 (#47)",   1, 183 
51a5598,D4L Web Team,Mon May 11 17:57:29 2020,"Release: 1.17.1 (#46)",   20, 127, 37 
b8bfa5e,D4L Web Team,Mon Apr 27 22:16:54 2020,"Release: 1.16.0 (#44)",   9, 50, 20 
f01c139,D4L Web Team,Mon Apr 20 18:08:45 2020,"Release: 1.15.0 (#39)",   5, 26, 28 
3cfa86c,Radimir Bitsov,Thu Apr 16 16:22:36 2020,"📝 update the customization section in the readme",   1, 2 
d4e91c7,D4L Web Team,Wed Apr 15 21:20:22 2020,"Release: 1.14.1 (#38)",   13, 498, 35 
c454d60,D4L Web Team,Tue Apr 14 22:02:58 2020,"Release: 1.14.0 (#37)",   17, 580, 6 
79cdcc4,D4L Web Team,Thu Apr 9 17:14:10 2020,"Release: 1.13.0 (#34)",   24, 676, 225 
d0746b4,Radimir Bitsov,Thu Apr 9 01:52:56 2020,"🐛 remove failing GH actions (#30)",   3, 50 
237a3ab,D4L Web Team,Wed Apr 8 20:52:44 2020,"Release: 1.12.0 (#28)",   13, 137, 40 
0c6c04a,D4L Web Team,Wed Apr 8 00:04:18 2020,"📝 update pull request template",   1, 3, 1 
91b6ccc,Mehdi,Tue Apr 7 20:23:57 2020,"Add mouse pointer on the back button (#14)",   1, 1 
f544039,D4L Web Team,Tue Apr 7 18:28:43 2020,"Release: 1.11.0 (#27)",   15, 63, 15 
9d5f34b,D4L Web Team,Mon Apr 6 19:57:59 2020,"Release: 1.10.4 (#26)",   3, 11, 11 
4e21b4a,D4L Web Team,Sat Apr 4 01:14:51 2020,"Release: 1.10.3 (#25)",   4, 34, 20 
ff31030,Julius Severin,Sat Apr 4 00:17:07 2020,":bug: fix case in template path (#24)",   1, 1, 1 
20eabd8,D4L Web Team,Sat Apr 4 00:13:32 2020,"Release: 1.10.2 (#23)",   1, 2, 2 
3f60ea0,Julius Severin,Fri Apr 3 23:55:16 2020,":bug: Update release sync action (#22)",   1, 1, 1 
18e54c0,D4L Web Team,Fri Apr 3 23:52:34 2020,"Release: 1.10.1 (#18)",   3, 6, 5 
1ff89a9,Julius Severin,Fri Apr 3 18:46:08 2020,"Clean up autoresponses (#21)",   2, 2, 3 
0b2d952,D4L Web Team,Fri Apr 3 02:14:53 2020,"Release: 1.10.0 (#17)",   39, 823, 352 
34817cf,Burtchen,Fri Apr 3 01:33:27 2020,"Create greetings.yml/upate pull_request_auto_response.yaml (#15)",   2, 15 
b6e0e96,Burtchen,Thu Apr 2 22:41:31 2020,"Update release_sync_pull_requests.yaml (#12)",   1, 2, 2 
3889f56,Burtchen,Thu Apr 2 21:37:17 2020,"📝 update docs (#13)",   3, 7, 15 
565b38c,Burtchen,Thu Apr 2 18:58:57 2020,"✏️ test:watch with a colon (#11)",   1, 1, 1 
4ebb169,Burtchen,Thu Apr 2 18:58:44 2020,"add Excel file and decision tree PDF to docs (#9)",   2, 0, 0 
62ae7fc,Burtchen,Thu Apr 2 04:48:33 2020,"🌐 add placeholder texts where original content is too Berlin-specific (#8)",   5, 54, 26 
e194823,Julius Severin,Thu Apr 2 02:30:21 2020,"renmane workflow to workflows folder (#7)",   3, 0, 0 
ce68191,Glumli,Thu Apr 2 02:22:09 2020,"renmane workflow to workflows folder",   3, 0, 0 
916f088,Burtchen,Thu Apr 2 01:43:37 2020,"Merge pull request #6 from d4l-data4life/change-order-in-readme", 
b0eea8f,Burtchen,Wed Apr 1 23:06:54 2020,"Integrate Github actions", 
8d75dea,Burtchen,Wed Apr 1 22:58:49 2020,"Merge pull request #5 from d4l-data4life/pull-request-template-1", 
ad82494,Burtchen,Wed Apr 1 21:59:22 2020,"Merge pull request #4 from d4l-data4life/update-issue-template", 
558ac47,Burtchen,Wed Apr 1 21:51:56 2020,"Update issue template",   1, 10 
dd7b069,Stefan Judis,Wed Apr 1 02:03:01 2020,"Merge pull request #2 from d4l-data4life/release-1.9.2", 
ef61bce,Stefan Judis,Wed Apr 1 00:41:48 2020,"Merge pull request #1 from d4l-data4life/release-1.9.1", 
a1c223f,stefan judis,Wed Apr 1 00:11:36 2020,"Initial commit",   1, 1 