commit id,author,date,comment,changed files,lines added,lines deleted

3e28440,Sean Greene,Thu Sep 17 15:06:13 2020,"Update",   11, 1359, 195 
394d226,palewire,Wed Sep 16 15:14:05 2020,"Update",   8, 1566, 14 
2d3d618,Ryan Murphy,Wed Sep 16 15:00:01 2020,"Update",   12, 1554, 172 
886245b,palewire,Wed Sep 16 01:08:20 2020,"Update",   4, 1554 
8f8b95c,Ryan Murphy,Tue Sep 15 15:07:34 2020,"Update",   12, 1418, 129 
cec97ed,Thomas,Mon Sep 14 15:03:17 2020,"Update",   12, 2264, 17 
1a4f94b,palewire,Sun Sep 13 15:59:05 2020,"Update",   4, 1227, 1 
2d6158a,Thomas,Sun Sep 13 15:50:47 2020,"Update",   14, 2611, 16 
1392de2,Sean Greene,Sat Sep 12 15:06:16 2020,"Update",   18, 3124, 146 
9804465,Sean Greene,Fri Sep 11 14:59:34 2020,"Update",   11, 1274, 50 
8512b1c,Krishnakumar,Thu Sep 10 14:58:50 2020,"Update",   16, 4496, 58 
6c3033b,palewire,Wed Sep 9 15:23:57 2020,"Trim readme",   1, 6 
c4de3d2,Andy Roberson,Wed Sep 9 15:06:05 2020,"Update",   12, 1318, 250 
1a5c43e,palewire,Tue Sep 8 16:11:02 2020,"Update",   1, 26, 26 
941cfe6,palewire,Tue Sep 8 15:58:54 2020,"Update",   16, 3734, 20 
c9e1f9e,palewire,Mon Sep 7 15:50:37 2020,"Update",   10, 145692, 143455 
9a7f889,palewire,Sun Sep 6 15:53:03 2020,"Update",   10, 5078, 4181 
c9437ba,Ben Welsh,Sun Sep 6 06:39:20 2020,"Merge pull request #13 from JasonNielsen/fix-typo-Aliso-Viejo", 
cf873a4,palewire,Sun Sep 6 02:19:11 2020,"README",   1, 2, 2 
9a53e4f,palewire,Sun Sep 6 02:18:09 2020,"README",   1, 2 
3ee3b76,palewire,Sun Sep 6 02:16:37 2020,"README",   1, 29, 4 
0069169,palewire,Sun Sep 6 02:14:50 2020,"Update",   7, 1660, 26 
97cf3ba,Sean Greene,Sat Sep 5 14:51:58 2020,"Update",   18, 4508, 138 
2346e56,palewire,Sat Sep 5 13:53:03 2020,"hyphen",   1, 2, 2 
d41116e,palewire,Sat Sep 5 13:52:08 2020,"Merge branch 'master' of github.com:datadesk/california-coronavirus-data", 
d31c634,palewire,Sat Sep 5 13:52:00 2020,"Added CDCR state totals",   2, 191 
3c00d10,palewire,Thu Sep 3 04:59:06 2020,"Update",   3, 342, 342 
afbd027,Krishnakumar,Wed Sep 2 15:06:56 2020,"Update",   17, 2953, 128 
550ec44,Ryan Murphy,Tue Sep 1 15:52:32 2020,"Update",   16, 5593, 137 
a53b143,Thomas,Mon Aug 31 15:09:45 2020,"Update",   9, 917, 12 
7a96f50,palewire,Sun Aug 30 14:56:34 2020,"Update",   11, 2578, 18 
cb40bb4,palewire,Sun Aug 30 00:27:46 2020," Resort",   1, 30, 30 
81f3fec,palewire,Sun Aug 30 00:05:44 2020,"README",   1, 14 
f1e06cc,palewire,Sat Aug 29 23:58:34 2020,"Update",   1, 59 
a0a40a7,palewire,Sat Aug 29 15:14:09 2020,"Update",   16, 2173, 88 
57e1ad1,Andy Roberson,Fri Aug 28 14:57:33 2020,"Update",   14, 2662, 19 
be3432a,Ryan Murphy,Thu Aug 27 15:30:19 2020,"Update",   12, 2668, 25 
6c5aac8,jenpenned,Wed Aug 26 16:08:34 2020,"Update",   16, 2815, 214 
389a927,palewire,Tue Aug 25 15:34:07 2020,"Update",   4, 4, 4 
5086024,Ryan Murphy,Tue Aug 25 15:23:30 2020,"Update",   14, 2700, 25 
9faf770,Thomas,Mon Aug 24 16:30:31 2020,"Update",   4, 6, 6 
e30f098,Thomas,Mon Aug 24 15:56:16 2020,"Update",   13, 2314, 16 
82a5a10,swethakan,Sun Aug 23 15:17:45 2020,"Update",   12, 2560, 14 
cb01e54,Sean Greene,Sat Aug 22 14:46:43 2020,"Update",   12, 2708, 19 
ae53f95,jenpenned,Fri Aug 21 16:01:50 2020,"Update",   12, 2425, 19 
ea00d14,Ryan Murphy,Thu Aug 20 15:21:04 2020,"Update",   11, 2605, 19 
4b52330,palewire,Wed Aug 19 15:12:49 2020,"Update",   14, 3959, 1287 
302ad7f,Ryan Murphy,Tue Aug 18 15:14:31 2020,"Update",   12, 2420, 106 
21b9bc6,Thomas,Mon Aug 17 15:47:44 2020,"Update",   12, 2483, 14 
6b6cb35,Andy Roberson,Sun Aug 16 15:27:05 2020,"Update",   13, 2406, 13 
1e59ed4,Sean Greene,Sat Aug 15 14:47:48 2020,"Update",   15, 2774, 18 
f539227,swethakan,Fri Aug 14 15:20:35 2020,"Update",   17, 2635, 75 
5d99fca,Ryan Murphy,Thu Aug 13 15:17:37 2020,"Update",   14, 2762, 64 
bc8df88,Andy Roberson,Wed Aug 12 15:25:56 2020,"Update",   16, 2819, 94 
51a34f2,Ryan Murphy,Tue Aug 11 15:19:15 2020,"Update",   14, 2608, 69 
9ef4868,Ben Welsh,Tue Aug 11 02:39:25 2020,"Update README.md",   1, 1 
c1bd320,Thomas,Mon Aug 10 15:35:34 2020,"Update",   14, 2403, 18 
c86eb95,palewire,Sun Aug 9 15:54:24 2020,"Update",   10, 2066, 5 
79153b4,palewire,Sun Aug 9 09:36:47 2020,"Lets call it percent",   2, 12, 11 
d2b0fd2,palewire,Sun Aug 9 09:33:44 2020,"TOC",   1, 1 
66a94aa,palewire,Sun Aug 9 09:32:28 2020,"README and rounding",   2, 149, 135 
b248c34,palewire,Sun Aug 9 09:30:25 2020,"Update",   5, 545, 98 
7058e3c,palewire,Sun Aug 9 07:07:55 2020,"Clean up some nulls",   1, 27172, 27172 
b9be995,palewire,Sun Aug 9 06:59:06 2020,"Update",   2, 38423, 38423 
4f74ee8,palewire,Sun Aug 9 03:17:34 2020,"Link fix",   1, 2, 2 
33b8cdb,palewire,Sun Aug 9 03:16:07 2020,"Link fix",   1, 2, 2 
666dc15,palewire,Sun Aug 9 03:08:33 2020,"PDFs in for adult and senior care source material",   99, 2, 2 
3e375a8,palewire,Sun Aug 9 03:07:28 2020,"Update",   1, 3, 3 
0f227ac,Sean Greene,Sat Aug 8 15:04:01 2020,"Update",   13, 2703, 66 
c4528c0,Krishnakumar,Fri Aug 7 15:01:24 2020,"Update",   14, 2698, 108 
a094d20,Ryan Murphy,Thu Aug 6 15:29:43 2020,"Update",   14, 2718, 87 
86b8bfc,Andy Roberson,Wed Aug 5 15:02:50 2020,"Update",   12, 2557, 84 
a333f2a,Ryan Murphy,Tue Aug 4 15:52:26 2020,"Update",   13, 2855, 85 
7e5b181,Thomas,Mon Aug 3 15:44:59 2020,"Update",   3, 121, 1 
449ccf6,palewire,Mon Aug 3 13:54:03 2020,"Update",   3, 235, 235 
342328c,palewire,Mon Aug 3 13:13:45 2020,"Update",   9, 1995, 175 
907759a,palewire,Sun Aug 2 15:22:20 2020,"Update",   9, 1597, 2 
95f96b5,palewire,Sun Aug 2 14:23:48 2020,"Table of contents update",   1, 1 
12e4f01,palewire,Sun Aug 2 14:22:48 2020,"Added age table to README",   1, 13 
eed6d2a,palewire,Sun Aug 2 14:21:08 2020,"Update",   4, 1194, 2 
df4ab7d,Sean Greene,Sat Aug 1 15:13:12 2020,"Update",   11, 3474, 882 
60b8d1b,Andy Roberson,Fri Jul 31 15:09:19 2020,"Update",   11, 2576, 34 
5f541f1,Andy Roberson,Thu Jul 30 15:38:57 2020,"Update",   10, 1831, 22 
bdb4a72,palewire,Thu Jul 30 11:00:56 2020,"Update",   7, 762, 81 
9955688,Krishnakumar,Wed Jul 29 15:05:34 2020,"Update",   13, 2662, 71 
7cc13cd,swethakan,Tue Jul 28 15:42:52 2020,"Update",   13, 2557, 79 
81fe9d2,swethakan,Mon Jul 27 15:22:32 2020,"Update",   11, 2326, 5 
22a2c12,palewire,Sun Jul 26 15:33:04 2020,"Update",   1, 102, 43 
51dc71d,swethakan,Sun Jul 26 15:18:05 2020,"Update",   10, 2367, 7 
f09022d,Sean Greene,Sat Jul 25 15:07:06 2020,"Update",   11, 2434, 1 
97df700,Sean Greene,Fri Jul 24 14:53:19 2020,"Update",   13, 2898, 380 
1b90398,Krishnakumar,Thu Jul 23 15:08:46 2020,"Update",   12, 2559, 3 
80792de,Andy Roberson,Wed Jul 22 15:23:21 2020,"Update",   11, 2151, 80 
f055b8d,palewire,Wed Jul 22 13:08:39 2020,"Update",   6, 6912, 77 
8c405e9,palewire,Wed Jul 22 13:08:11 2020,"Conflict", 
3640587,palewire,Wed Jul 22 13:07:40 2020,"Updated README",   1, 27, 26 
165bd6a,palewire,Wed Jul 22 13:06:33 2020,"Added icu beds to hospitals CSV",   1, 6382, 6270 
cc9bed3,palewire,Tue Jul 21 04:25:45 2020,"Update",   4, 6, 3 
ef9cf6e,swethakan,Mon Jul 20 15:19:38 2020,"Update",   10, 2121, 71 
32a6899,swethakan,Sun Jul 19 15:23:31 2020,"Update",   11, 2177, 11 
083aed2,Sean Greene,Sat Jul 18 15:07:25 2020,"Update",   12, 2386, 3 
a1ac5a9,Sean Greene,Fri Jul 17 15:14:05 2020,"Update",   11, 2340, 3 
e92ad5e,Andy Roberson,Thu Jul 16 15:44:35 2020,"Update",   12, 3183, 383 
cea08fb,Ryan Murphy,Wed Jul 15 15:20:04 2020,"Update",   13, 2510, 8 
89686ee,Ryan Murphy,Tue Jul 14 15:20:05 2020,"Update",   14, 2522, 81 
d02de2c,Thomas,Mon Jul 13 16:00:50 2020,"Update",   3, 3, 3 
70c6377,Thomas,Mon Jul 13 15:35:41 2020,"Update",   11, 2211 
53b41d6,palewire,Sun Jul 12 15:22:16 2020,"Update",   11, 2357, 111 
3fd7534,Sean Greene,Sat Jul 11 15:20:06 2020,"Update",   11, 3870, 25 
be91b6f,Ryan Murphy,Fri Jul 10 14:50:57 2020,"Update",   10, 1170, 86 
e280176,Ryan Murphy,Thu Jul 9 14:43:50 2020,"Update",   12, 2468, 3 
51645ff,Ryan Murphy,Wed Jul 8 14:55:02 2020,"Update",   13, 2887, 458 
ef874a2,palewire,Tue Jul 7 15:43:29 2020,"Update",   13, 2593, 187 
d8d9ca6,palewire,Mon Jul 6 15:37:45 2020,"Update",   11, 674, 25 
f36602c,palewire,Mon Jul 6 02:03:06 2020,"Update",   11, 1824, 51 
29bd224,palewire,Sat Jul 4 15:30:33 2020,"Update",   11, 1127, 315 
e0dd012,ryanvmenezes,Fri Jul 3 15:05:24 2020,"Update",   13, 2550, 102 
507f399,Andy Roberson,Thu Jul 2 15:01:05 2020,"Update",   13, 2483, 91 
b6b19c3,Andy Roberson,Wed Jul 1 15:33:20 2020,"Update",   14, 3246, 645 
6b302a5,Ryan Murphy,Tue Jun 30 14:38:08 2020,"Update",   11, 2515, 1 
4e2a802,Thomas,Mon Jun 29 15:12:27 2020,"Update",   10, 2085 
090c12d,Thomas,Sun Jun 28 15:07:57 2020,"Update",   11, 2170, 14 
41f62d6,palewire,Sat Jun 27 16:11:15 2020,"Update",   13, 3871, 123 
94b43da,Andy Roberson,Fri Jun 26 14:54:03 2020,"Update",   9, 1716, 749 
a59c07f,Andy Roberson,Thu Jun 25 15:37:09 2020,"Update",   13, 2496, 92 
79ee5a0,vnessamartinez,Wed Jun 24 15:26:37 2020,"Update",   14, 2602, 195 
d3fb4b5,Ben Welsh,Wed Jun 24 08:50:53 2020,"Update README.md",   1, 1 
a840b3a,palewire,Tue Jun 23 14:59:52 2020,"Update",   13, 2496, 92 
07a2da2,palewire,Tue Jun 23 14:58:28 2020,"Flag the top growing counties",   1, 685, 124 
07c113f,palewire,Tue Jun 23 14:08:15 2020,"Requirement of nb_black",   1, 2, 1 
3eb0fc5,palewire,Tue Jun 23 14:06:00 2020,"Merge branch 'master' of github.com:datadesk/california-coronavirus-data", 
8fb20c1,palewire,Tue Jun 23 14:05:49 2020,"Added nb_black extension",   4, 749, 616 
b7b456a,palewire,Thu Jun 18 14:55:42 2020,"Update",   13, 5186, 422 
1c593e1,palewire,Thu Jun 18 14:54:29 2020,"Merge branch 'master' of github.com:datadesk/california-coronavirus-data", 
44b4932,palewire,Thu Jun 18 14:54:21 2020,"README stuff",   1, 12, 5 
5d04fb8,palewire,Sat Jun 13 06:40:21 2020,"Update",   10, 105493, 105493 
db2ce3e,palewire,Sat Jun 13 06:35:25 2020,"Update",   10, 45358, 45294 
7ad73a1,palewire,Sat Jun 13 01:34:48 2020,"Update",   1, 5675 
fd0bd59,palewire,Sat Jun 13 01:34:18 2020,"Merge it", 
f32460c,palewire,Sat Jun 13 01:33:55 2020,"Added recoveries",   3, 5789, 5550 
9a2ec88,palewire,Thu Jun 11 02:10:07 2020,"Update",   2, 100 
61edc10,Sean Greene,Wed Jun 10 14:45:09 2020,"Update",   14, 2441, 131 
f2bd280,palewire,Tue Jun 9 16:35:22 2020,"Update",   9, 2256, 9 
670ff10,palewire,Mon Jun 8 16:04:24 2020,"FIPS fix #10",   1, 4489, 4489 
0bfdbcf,Thomas,Mon Jun 8 15:56:51 2020,"Update",   10, 3471, 1 
ea9167b,Thomas,Sun Jun 7 16:00:42 2020,"Update",   8, 803, 34 
ba9b1e5,palewire,Sun Jun 7 09:08:36 2020,"README link fix",   1, 1, 1 
47c6843,palewire,Sun Jun 7 09:07:46 2020,"Docs",   1, 14 
35d173d,palewire,Sun Jun 7 09:01:13 2020,"Substituted in simplified shapes",   1, 350, 354 
7c7f977,palewire,Sun Jun 7 08:59:10 2020,"Added LA county areas",   1, 354 
cd2f890,palewire,Sat Jun 6 15:06:29 2020,"Update",   12, 2481, 113 
0490ab9,palewire,Sat Jun 6 02:08:52 2020,"Update",   13, 2514, 25 
8dee1c1,palewire,Thu Jun 4 17:13:52 2020,"Update",   12, 2417, 145 
0aa95be,palewire,Wed Jun 3 15:18:15 2020,"Update",   12, 2384, 118 
3576e93,palewire,Tue Jun 2 15:12:48 2020,"Update",   14, 2482, 114 
580b225,palewire,Mon Jun 1 15:29:06 2020,"Update",   9, 953, 3 
7d8cfdb,palewire,Sun May 31 14:48:35 2020,"Update",   10, 2491, 9 
ac57462,vnessamartinez,Sat May 30 15:38:57 2020,"Update",   11, 966, 201 
4e5dfbe,Ryan Murphy,Fri May 29 15:56:13 2020,"Update",   11, 1131, 11 
7c9d2d6,palewire,Thu May 28 15:46:26 2020,"Update",   1, 2, 2 
ec07290,vnessamartinez,Thu May 28 15:36:21 2020,"Update",   11, 1252, 134 
b1f84f4,palewire,Thu May 28 01:08:26 2020,"Update",   8, 1045, 102 
144692a,palewire,Wed May 27 02:42:46 2020,"Update",   9, 1217, 306 
3d56891,palewire,Wed May 27 02:41:53 2020,"Merge branch 'master' of github.com:datadesk/california-coronavirus-data", 
e31e3fc,palewire,Wed May 27 02:41:47 2020,"Revert "Update"",   9, 314, 1998 
6e9bd56,palewire,Wed May 27 02:41:10 2020,"Update",   9, 1998, 314 
fa6ff7d,palewire,Sun May 24 15:32:59 2020,"Update",   10, 2156, 3 
f6902cc,palewire,Sat May 23 15:03:09 2020,"Update",   15, 3532, 158 
1ff6c89,palewire,Thu May 21 15:39:36 2020,"Update",   13, 7007, 4771 
5d6b669,palewire,Wed May 20 16:09:32 2020,"Data type fixes",   1, 4, 4 
c52b968,palewire,Wed May 20 16:08:41 2020,"Typo",   1, 1, 1 
359872c,palewire,Wed May 20 16:08:05 2020,"Typo",   1, 1, 1 
6ef032c,palewire,Wed May 20 16:07:23 2020,"README",   1, 18 
c7dcdf9,palewire,Wed May 20 16:06:12 2020,"Update",   12, 1885, 736 
b413523,palewire,Tue May 19 14:54:30 2020,"Update",   13, 2371, 106 
0d6047b,palewire,Mon May 18 14:41:50 2020,"Update",   9, 2094 
d8fb4aa,palewire,Sun May 17 16:06:40 2020,"TRIM",   1, 30, 48 
015f713,palewire,Sun May 17 15:59:28 2020,"Update",   1, 684, 684 
feab4a1,palewire,Sun May 17 15:41:31 2020,"Update",   8, 1013, 112 
00bf583,palewire,Sat May 16 15:04:54 2020,"Update",   12, 4687, 116 
420ab3b,palewire,Thu May 14 14:55:35 2020,"Update",   11, 1187, 107 
554aff4,palewire,Thu May 14 01:10:28 2020,"Merge branch 'master' of github.com:datadesk/california-coronavirus-data", 
9f619b9,palewire,Thu May 14 01:10:26 2020,"Update",   12, 2419, 154 
6bfadb7,palewire,Tue May 12 14:50:04 2020,"Merge branch 'master' of github.com:datadesk/california-coronavirus-data", 
d3f2463,palewire,Tue May 12 14:50:01 2020,"Update",   12, 2430, 157 
31fb704,palewire,Mon May 11 15:26:33 2020,"Table of contents",   1, 17 
ae325d1,palewire,Mon May 11 15:20:56 2020,"More docs on assisted living facilities",   1, 3, 3 
4eeeb16,palewire,Mon May 11 15:13:49 2020,"Update",   9, 32674, 30953 
3f3c629,palewire,Mon May 11 13:58:24 2020,"Update",   5, 831, 380 
52d1856,palewire,Mon May 11 13:55:58 2020,"Two new tables with totals for nursing homes",   3, 60 
f77cf41,palewire,Mon May 11 11:01:29 2020,"Split nursing home facilities lists in the archive",   3, 15502, 4 
e124419,palewire,Mon May 11 10:49:38 2020,"Expanded docs",   1, 17, 13 
c18d870,palewire,Sun May 10 16:07:09 2020,"Update",   7, 2256, 48 
6577353,palewire,Sat May 9 14:58:57 2020,"Update",   10, 15320, 13023 
a8bf7e7,palewire,Fri May 8 16:16:30 2020,"Update",   9, 2395, 142 
88a77b8,palewire,Thu May 7 16:46:48 2020,"Added examples of reuse to README",   1, 1, 1 
8772fca,palewire,Thu May 7 16:46:16 2020,"Added examples of reuse to README",   1, 7 
899ed85,palewire,Thu May 7 15:35:42 2020,"Update",   10, 4425, 172 
10a60f2,palewire,Wed May 6 14:45:36 2020,"Update",   8, 248, 138 
3c3097a,palewire,Wed May 6 01:53:37 2020,"Update",   5, 74, 15 
0ed607c,palewire,Tue May 5 15:29:22 2020,"Update",   10, 1060, 74 
afec0f7,palewire,Mon May 4 15:05:31 2020,"Update",   6, 845, 13 
f7e6994,palewire,Mon May 4 01:39:37 2020,"Better name",   2, 1, 1 
3119f2b,palewire,Mon May 4 01:38:36 2020,"More docs",   1, 1, 1 
9a7ffde,palewire,Mon May 4 01:36:56 2020,"Added roomkey data",   2, 45 
74fb306,palewire,Sun May 3 15:12:45 2020,"Update",   7, 2152, 1 
2dcbc27,palewire,Sat May 2 15:50:57 2020,"Fixed beach-closures file name",   1, 0, 0 
7d9d9e9,palewire,Sat May 2 15:49:55 2020,"Typo",   1, 2, 2 
1080a6c,palewire,Sat May 2 15:47:47 2020,"Update",   7, 2206, 3 
abed2fb,palewire,Sat May 2 15:40:28 2020,"Beach closures are in",   3, 268 
a60436f,palewire,Fri May 1 15:48:19 2020,"Update",   7, 2246, 1 
a7e1044,palewire,Thu Apr 30 15:38:58 2020,"Updated place totals",   1, 1475, 2575 
d9a7014,palewire,Thu Apr 30 15:37:41 2020,"Update",   1, 3 
3f971b6,palewire,Thu Apr 30 15:32:11 2020,"Merge branch 'master' of github.com:datadesk/california-coronavirus-data", 
856720a,palewire,Thu Apr 30 15:32:09 2020,"Update",   4, 1377 
4dd12d8,palewire,Thu Apr 30 12:21:06 2020,"Update",   1, 59 
cbf13d5,palewire,Wed Apr 29 14:47:52 2020,"Update",   5, 1458 
0160d15,palewire,Wed Apr 29 03:10:51 2020,"Whatever",   1, 633, 633 
acb66d2,palewire,Wed Apr 29 02:43:33 2020,"Improved the notes on city lists",   1, 3878, 2000 
b026131,palewire,Wed Apr 29 01:27:10 2020,"Merge branch 'master' of github.com:datadesk/california-coronavirus-data", 
8eda0a1,palewire,Wed Apr 29 01:27:08 2020,"Update",   3, 110 
82eda28,palewire,Tue Apr 28 14:51:05 2020,"Update",   3, 110 
e12f7f4,palewire,Tue Apr 28 14:48:47 2020,"Update",   4, 1224, 110 
e1b4e9e,palewire,Tue Apr 28 14:39:47 2020,"Test tricks",   2, 26 
6be373f,palewire,Tue Apr 28 14:37:57 2020,"Added Python testing tools",   4, 891, 110 
d9fcd50,palewire,Tue Apr 28 14:16:14 2020,"README",   1, 9 
7b915a3,palewire,Tue Apr 28 14:13:49 2020,"Added websites file",   1, 62 
c35decd,palewire,Tue Apr 28 13:33:56 2020,"Better file name",   2, 1, 1 
130ba96,palewire,Tue Apr 28 13:31:33 2020,"README addition",   1, 14 
08da7ba,palewire,Tue Apr 28 13:26:30 2020,"New hospitalization file",   1, 1534 
cc0465d,palewire,Mon Apr 27 14:58:00 2020,"Update",   4, 118, 7 
1c8f592,palewire,Sun Apr 26 14:51:44 2020,"Update",   3, 110 
13ce350,palewire,Sun Apr 26 09:36:25 2020,"Update",   1, 2, 1 
57ad044,palewire,Sun Apr 26 09:14:34 2020,"README updates",   1, 61, 45 
860ffb9,palewire,Sun Apr 26 09:01:49 2020,"Update",   4, 3367, 2497 
599e64b,palewire,Sat Apr 25 15:17:49 2020,"Update",   6, 1842 
ffaa5d0,palewire,Fri Apr 24 16:01:31 2020,"Update",   5, 817, 6 
e06576e,palewire,Thu Apr 23 16:42:44 2020,"Update",   6, 958, 194 
4b9e789,palewire,Wed Apr 22 15:23:09 2020,"Merge branch 'master' of github.com:datadesk/california-coronavirus-data", 
ce45578,palewire,Wed Apr 22 15:23:07 2020,"Update",   6, 1331, 509 
628b16c,palewire,Tue Apr 21 15:18:57 2020,"Update",   5, 805 
16af0fd,palewire,Mon Apr 20 16:53:58 2020,"README",   1, 3 
f214b33,palewire,Mon Apr 20 16:53:36 2020,"Update",   1, 34, 28 
9de6660,palewire,Mon Apr 20 14:52:42 2020,"Update",   5, 758, 4 
e9e10eb,palewire,Sun Apr 19 15:23:46 2020,"Explain what they are doing",   1, 3, 1 
34aaabb,palewire,Sun Apr 19 15:21:54 2020,"dtype",   1, 255, 255 
ad1aa4a,palewire,Sun Apr 19 15:20:24 2020,"Added docs for new nursing home table",   1, 15 
28f07d5,palewire,Sun Apr 19 15:13:18 2020,"Update",   6, 1030, 3 
57e1989,palewire,Sat Apr 18 14:24:35 2020,"Update",   5, 1547, 3 
2097e53,palewire,Thu Apr 16 15:06:50 2020,"Update",   5, 766, 1 
99f36b7,palewire,Wed Apr 15 15:20:06 2020,"Update",   5, 1183, 485 
92bdc8e,palewire,Wed Apr 15 03:29:58 2020,"Update",   1, 86, 86 
afa2f60,palewire,Tue Apr 14 15:27:13 2020,"Update",   5, 775, 26 
ed37c88,palewire,Tue Apr 14 14:45:34 2020,"Added a Pez chart example",   1, 192, 15 
458dd10,palewire,Tue Apr 14 05:54:32 2020,"Update",   1, 12, 1 
e888bcc,palewire,Tue Apr 14 01:37:36 2020,"indent",   1, 3, 1 
f433fa0,palewire,Mon Apr 13 15:12:38 2020,"Since n-th day log chart example",   1, 245, 90 
ccb5933,palewire,Mon Apr 13 15:08:18 2020,"Update",   4, 755 
9726fde,palewire,Mon Apr 13 08:46:57 2020,"Update",   1, 9351, 9351 
09d592a,palewire,Mon Apr 13 08:45:51 2020,"Update",   1, 9757, 9757 
ee5cbd6,palewire,Mon Apr 13 08:44:40 2020,"Added more",   1, 8 
d14c0b9,palewire,Mon Apr 13 08:43:06 2020,"README for new table",   1, 16 
1191e76,palewire,Mon Apr 13 08:42:22 2020,"Update",   1, 1899, 1899 
a8b7fe4,palewire,Mon Apr 13 08:39:31 2020,"Update",   1, 1854, 1854 
9a75dac,palewire,Mon Apr 13 08:34:29 2020,"Update",   5, 2395, 486 
749db8b,palewire,Sun Apr 12 15:14:25 2020,"Update",   4, 2163, 1083 
c429e3e,palewire,Sun Apr 12 04:26:20 2020,"Added a state totals table as a con•ven•ience",   2, 158, 67 
1467f51,palewire,Sun Apr 12 04:04:11 2020,"Added new racial numbers to the state file",   3, 98, 82 
ded92f1,palewire,Sun Apr 12 03:03:12 2020,"Added gender column to README",   1, 3 
896870e,palewire,Sat Apr 11 14:30:07 2020,"Update",   3, 7509, 5500 
ba66522,palewire,Fri Apr 10 16:04:41 2020,"Data update",   3, 604, 75 
a3448e1,palewire,Fri Apr 10 03:44:23 2020,"Fix lat/lng",   2, 6449, 6449 
950b0b7,palewire,Fri Apr 10 03:32:56 2020,"ints",   1, 6453, 6453 
f14f98a,palewire,Fri Apr 10 03:30:49 2020,"Again",   1, 799, 799 
a03a6cc,palewire,Fri Apr 10 03:29:49 2020,"Another pipeline patch",   1, 6453, 6453 
f7850a6,palewire,Fri Apr 10 03:23:30 2020,"Leading zero on FIPS",   1, 6202, 6202 
746222b,palewire,Fri Apr 10 03:20:33 2020,"Fixed bug in place totals",   2, 6456, 6352 
6cb86c0,palewire,Fri Apr 10 01:33:07 2020,"Cleaned up notebook examples a bit",   1, 269, 339 
c4eab1a,palewire,Thu Apr 9 15:15:27 2020,"Typo fix",   1, 44, 44 
8b2cb46,palewire,Thu Apr 9 15:05:12 2020,"Added a log scale example",   1, 210, 100 
be52b6f,palewire,Thu Apr 9 14:45:05 2020,"Update",   3, 395, 1 
b6d7dbf,palewire,Thu Apr 9 09:39:01 2020,"Trim",   1, 3, 27 
50f3a68,palewire,Wed Apr 8 15:07:57 2020,"Added seven-day-average chart example to notebook",   2, 195, 123 
4a46eb8,palewire,Wed Apr 8 14:44:29 2020,"Merge branch 'master' of github.com:datadesk/california-coronavirus-data", 
bdb1315,palewire,Wed Apr 8 14:44:28 2020,"Update",   3, 2938, 2433 
9d99210,palewire,Tue Apr 7 15:25:18 2020,"Merge branch 'master' of github.com:datadesk/california-coronavirus-data", 
2c96678,palewire,Tue Apr 7 15:25:17 2020,"Update",   3, 3979, 3403 
de83f62,palewire,Mon Apr 6 15:24:55 2020,"Update",   2, 505, 17 
a5ca0d1,palewire,Mon Apr 6 13:15:40 2020,"Hello world",   9, 7595 