commit id,author,date,comment,changed files,lines added,lines deleted

6344c2d,GitHub Action,Thu Sep 17 16:07:10 2020,"Auto-update of the data packages",   7, 84967, 74491 
2631138,GitHub Action,Wed Sep 16 16:07:57 2020,"Auto-update of the data packages",   7, 161258, 150782 
2e22ce5,GitHub Action,Tue Sep 15 16:07:34 2020,"Auto-update of the data packages",   7, 161991, 151515 
f3dbf7c,GitHub Action,Mon Sep 14 16:07:36 2020,"Auto-update of the data packages",   7, 161356, 150880 
9d9c196,GitHub Action,Sun Sep 13 16:06:42 2020,"Auto-update of the data packages",   7, 160704, 150228 
822fb74,GitHub Action,Sat Sep 12 16:06:46 2020,"Auto-update of the data packages",   7, 160074, 149598 
fd0e6df,GitHub Action,Fri Sep 11 16:07:23 2020,"Auto-update of the data packages",   7, 158028, 147552 
76a2b6f,GitHub Action,Thu Sep 10 16:07:33 2020,"Auto-update of the data packages",   7, 157392, 146916 
e6bd1cb,GitHub Action,Wed Sep 9 16:07:33 2020,"Auto-update of the data packages",   7, 156770, 146294 
6b031bf,GitHub Action,Tue Sep 8 16:07:58 2020,"Auto-update of the data packages",   7, 156120, 145644 
0c9d75b,GitHub Action,Mon Sep 7 16:06:50 2020,"Auto-update of the data packages",   7, 155484, 145008 
fc827f2,GitHub Action,Sun Sep 6 16:07:53 2020,"Auto-update of the data packages",   7, 154867, 144391 
f9782a5,GitHub Action,Sat Sep 5 16:09:50 2020,"Auto-update of the data packages",   7, 154212, 143736 
77fe919,GitHub Action,Fri Sep 4 23:52:34 2020,"Auto-update of the data packages", 
c5b86f8,Sebastien Lavoie,Fri Sep 4 23:46:34 2020,"[fix][s]: Fix typo in resource name for worldwide aggregate",   2, 3, 3 
08f933f,Sebastien Lavoie,Fri Sep 4 23:30:06 2020,"[readme][s]: Add build badge back",   1, 2, 1 
096ffeb,GitHub Action,Fri Sep 4 23:03:07 2020,"Auto-update of the data packages",   7, 153576, 143100 
7dd840a,Sebastien Lavoie,Fri Sep 4 22:53:58 2020,"Merge branch 'axtrev-solution' - Thanks 
TrevorWinstral", 
08f9f71,Sebastien Lavoie,Fri Sep 4 07:03:53 2020,"[manual-update][xl]: Update 2020-09-03",   7, 185026, 177889 
25b213f,Christophe Morisset,Thu Sep 3 02:53:25 2020,"merge Merge branch 'master' of github.com:Morisset/covid-19", 
63bd92b,Christophe Morisset,Wed Sep 2 17:06:49 2020,"Update 09-02-20",   7, 9189, 2052 
7ed20f8,Christophe Morisset,Tue Sep 1 17:06:52 2020,"Update 09-01-20",   7, 185179, 178042 
1769625,Christophe Morisset,Tue Sep 1 08:53:41 2020,"Update 08-31-20",   1, 1, 1 
1b16895,Christophe Morisset,Tue Sep 1 08:41:38 2020,"Update 08-31-20",   1, 2, 2 
c4717f6,Christophe Morisset,Tue Sep 1 06:29:17 2020,"test update",   1, 20, 18 
2dc748c,Christophe Morisset,Tue Sep 1 05:53:16 2020,"Update 2020-08-31",   7, 785892, 700248 
00cd23a,Sébastien Lavoie,Mon Aug 31 12:38:30 2020,"[workflow][xs][fix]: Up the timeout to 60 minutes",   1, 1, 1 
cd3b2d3,GitHub Action,Thu Aug 20 13:24:07 2020,"Auto-update of the data packages",   2, 699725, 699727 
e48e996,GitHub Action,Wed Aug 19 19:28:56 2020,"Auto-update of the data packages",   7, 140076, 132939 
2a1b304,GitHub Action,Wed Aug 19 01:22:37 2020,"Auto-update of the data packages", 
b417430,GitHub Action,Tue Aug 18 22:29:13 2020,"Auto-update of the data packages",   7, 139901, 132764 
ad2b843,GitHub Action,Mon Aug 17 19:28:49 2020,"Auto-update of the data packages",   7, 138804, 131667 
de49a46,GitHub Action,Mon Aug 17 01:25:06 2020,"Auto-update of the data packages",   7, 138179, 131042 
4359bdd,GitHub Action,Sun Aug 16 13:26:17 2020,"Auto-update of the data packages",   7, 264885, 109943 
12ae63f,GitHub Action,Sat Aug 15 04:24:51 2020,"Auto-update of the data packages",   3, 52, 147857 
a9918a9,GitHub Action,Fri Aug 14 22:28:35 2020,"Auto-update of the data packages",   2, 141100, 60 
1e28fdc,GitHub Action,Fri Aug 14 19:23:55 2020,"Auto-update of the data packages",   2, 60, 141100 
d94edc9,GitHub Action,Fri Aug 14 16:25:47 2020,"Auto-update of the data packages",   7, 136903, 129766 
057b4a6,GitHub Action,Fri Aug 14 10:35:28 2020,"Auto-update of the data packages",   8, 1346960, 1339823 
9d25d5c,GitHub Action,Thu Aug 13 10:34:05 2020,"Auto-update of the data packages",   6, 14, 14 
5060b71,GitHub Action,Thu Aug 13 01:26:17 2020,"Auto-update of the data packages",   4, 11, 11 
0c40df2,GitHub Action,Wed Aug 12 22:29:16 2020,"Auto-update of the data packages",   5, 16, 2858 
c467a30,GitHub Action,Wed Aug 12 16:30:22 2020,"Auto-update of the data packages",   7, 138466, 128487 
d8d16ec,GitHub Action,Wed Aug 12 13:22:03 2020,"Auto-update of the data packages", 
ce5b721,GitHub Action,Tue Aug 11 19:26:45 2020,"Auto-update of the data packages",   7, 134988, 127851 
e88ef00,GitHub Action,Tue Aug 11 07:26:35 2020,"Auto-update of the data packages", 
d6295de,GitHub Action,Tue Aug 11 04:28:19 2020,"Auto-update of the data packages", 
50fd380,GitHub Action,Tue Aug 11 01:25:54 2020,"Auto-update of the data packages", 
7ef02ef,GitHub Action,Mon Aug 10 16:31:09 2020,"Auto-update of the data packages",   7, 134352, 127215 
d345a5e,GitHub Action,Mon Aug 10 07:24:37 2020,"Auto-update of the data packages", 
15f3937,GitHub Action,Mon Aug 10 01:26:40 2020,"Auto-update of the data packages",   7, 133716, 126579 
4e7d0f3,GitHub Action,Sun Aug 9 13:26:48 2020,"Auto-update of the data packages", 
97d6727,GitHub Action,Sun Aug 9 10:34:47 2020,"Auto-update of the data packages", 
c6d2eb6,GitHub Action,Sun Aug 9 07:24:20 2020,"Auto-update of the data packages", 
e7c235f,GitHub Action,Sat Aug 8 22:23:12 2020,"Auto-update of the data packages",   7, 133278, 126141 
bcc7145,GitHub Action,Sat Aug 8 10:31:42 2020,"Auto-update of the data packages",   7, 134020, 126883 
02aa1be,Sébastien Lavoie,Fri Aug 7 23:14:40 2020,"[workflow][xs][fix]: Up the timeout to 40 minutes",   1, 1, 1 
f7cef7a,Sébastien Lavoie,Fri Aug 7 23:11:21 2020,"[workflow][xs]: Up the timeout to 40 minutes",   1, 1, 1 
a119f94,GitHub Action,Fri Aug 7 13:27:36 2020,"Auto-update of the data packages",   6, 576, 576 
83c7160,GitHub Action,Fri Aug 7 01:23:42 2020,"Auto-update of the data packages", 
3349bb2,GitHub Action,Thu Aug 6 19:26:06 2020,"Auto-update of the data packages", 
8ccb93b,GitHub Action,Thu Aug 6 16:27:03 2020,"Auto-update of the data packages",   7, 135728, 128591 
d04a94e,GitHub Action,Thu Aug 6 13:22:25 2020,"Auto-update of the data packages", 
814e7b4,GitHub Action,Thu Aug 6 10:34:35 2020,"Auto-update of the data packages",   5, 47, 47 
3fe1d8b,GitHub Action,Thu Aug 6 01:25:32 2020,"Auto-update of the data packages",   4, 4715, 4715 
ef5c7cb,GitHub Action,Wed Aug 5 22:25:17 2020,"Auto-update of the data packages", 
a9670cc,GitHub Action,Wed Aug 5 16:29:13 2020,"Auto-update of the data packages",   7, 131172, 124035 
7302ab9,GitHub Action,Wed Aug 5 13:25:50 2020,"Auto-update of the data packages",   2, 649357, 649355 
07c1733,GitHub Action,Wed Aug 5 10:37:42 2020,"Auto-update of the data packages",   2, 649745, 649747 
2aada49,GitHub Action,Wed Aug 5 07:22:08 2020,"Auto-update of the data packages", 
6093cf1,GitHub Action,Wed Aug 5 04:24:30 2020,"Auto-update of the data packages", 
d3d00a2,GitHub Action,Wed Aug 5 01:27:23 2020,"Auto-update of the data packages", 
082f1fb,GitHub Action,Tue Aug 4 22:28:30 2020,"Auto-update of the data packages", 
24d4b26,GitHub Action,Tue Aug 4 19:27:28 2020,"Auto-update of the data packages",   7, 28, 28 
eeee077,GitHub Action,Tue Aug 4 16:24:49 2020,"Auto-update of the data packages",   7, 145093, 137956 
77820d2,GitHub Action,Tue Aug 4 10:38:02 2020,"Auto-update of the data packages", 
2bb7973,GitHub Action,Tue Aug 4 07:26:25 2020,"Auto-update of the data packages", 
85309e4,GitHub Action,Tue Aug 4 01:25:33 2020,"Auto-update of the data packages", 
7c72794,GitHub Action,Mon Aug 3 22:30:11 2020,"Auto-update of the data packages", 
04ca04f,GitHub Action,Mon Aug 3 19:25:28 2020,"Auto-update of the data packages",   7, 714314, 707175 
0b2d4df,GitHub Action,Mon Aug 3 04:27:48 2020,"Auto-update of the data packages",   2, 643467, 643469 
1b590eb,GitHub Action,Mon Aug 3 01:27:57 2020,"Auto-update of the data packages", 
bf09c2d,GitHub Action,Sun Aug 2 19:24:45 2020,"Auto-update of the data packages",   7, 129264, 122127 
de41c7f,GitHub Action,Sun Aug 2 13:27:21 2020,"Auto-update of the data packages", 
62c5575,GitHub Action,Sun Aug 2 01:26:08 2020,"Auto-update of the data packages", 
23a99d1,GitHub Action,Sat Aug 1 19:25:44 2020,"Auto-update of the data packages",   7, 128628, 121491 
6529112,GitHub Action,Sat Aug 1 13:25:10 2020,"Auto-update of the data packages", 
2ee0293,GitHub Action,Sat Aug 1 10:34:14 2020,"Auto-update of the data packages",   6, 26, 26 
77a85fe,GitHub Action,Sat Aug 1 01:25:54 2020,"Auto-update of the data packages", 
cbaf8e6,GitHub Action,Fri Jul 31 22:28:11 2020,"Auto-update of the data packages", 
efea63f,GitHub Action,Fri Jul 31 19:24:51 2020,"Auto-update of the data packages",   7, 128000, 120863 
5a2f48a,GitHub Action,Fri Jul 31 07:26:52 2020,"Auto-update of the data packages",   4, 7, 7 
a80d71c,GitHub Action,Thu Jul 30 22:27:32 2020,"Auto-update of the data packages",   7, 127356, 120219 
36f7764,GitHub Action,Thu Jul 30 13:22:49 2020,"Auto-update of the data packages", 
1b104e2,GitHub Action,Thu Jul 30 10:35:21 2020,"Auto-update of the data packages",   7, 198, 198 
49af676,GitHub Action,Thu Jul 30 01:23:42 2020,"Auto-update of the data packages",   4, 7, 7 
ffbb891,GitHub Action,Wed Jul 29 16:28:16 2020,"Auto-update of the data packages",   7, 127001, 119864 
a13cfa3,GitHub Action,Wed Jul 29 13:24:19 2020,"Auto-update of the data packages",   7, 13, 13 
6ca6c84,GitHub Action,Wed Jul 29 10:34:23 2020,"Auto-update of the data packages",   6, 14, 13 
a98051e,GitHub Action,Wed Jul 29 07:21:36 2020,"Auto-update of the data packages",   4, 8, 8 
66ec261,GitHub Action,Wed Jul 29 04:26:12 2020,"Auto-update of the data packages", 
9b4e017,GitHub Action,Tue Jul 28 22:26:42 2020,"Auto-update of the data packages", 
22c7a38,GitHub Action,Tue Jul 28 19:22:24 2020,"Auto-update of the data packages",   7, 126084, 118947 
4353641,GitHub Action,Tue Jul 28 13:24:12 2020,"Auto-update of the data packages", 
d1585d5,GitHub Action,Tue Jul 28 10:34:07 2020,"Auto-update of the data packages", 
725cb0b,GitHub Action,Tue Jul 28 07:24:54 2020,"Auto-update of the data packages", 
4319518,GitHub Action,Tue Jul 28 04:25:41 2020,"Auto-update of the data packages", 
1a7d1fa,GitHub Action,Tue Jul 28 01:24:50 2020,"Auto-update of the data packages", 
5429621,GitHub Action,Mon Jul 27 19:24:26 2020,"Auto-update of the data packages",   7, 125496, 118359 
ae1106a,GitHub Action,Mon Jul 27 10:31:04 2020,"Auto-update of the data packages",   4, 353, 353 
f858475,Sébastien Lavoie,Mon Jul 27 03:06:44 2020,"[actions][xs]: Timeout at 30 min, use `main` branch",   1, 2, 2 
7eb5723,GitHub Action,Sun Jul 26 19:26:46 2020,"Auto-update of the data packages", 
75228e1,GitHub Action,Sun Jul 26 16:27:00 2020,"Auto-update of the data packages",   7, 124812, 117675 
29e34db,GitHub Action,Sun Jul 26 13:25:17 2020,"Auto-update of the data packages",   5, 23, 23 
16da80b,GitHub Action,Sun Jul 26 04:23:22 2020,"Auto-update of the data packages",   4, 9, 9 
7d754ed,GitHub Action,Sun Jul 26 01:21:27 2020,"Auto-update of the data packages", 
9f90b0c,GitHub Action,Sat Jul 25 22:24:18 2020,"Auto-update of the data packages", 
36e7b3f,GitHub Action,Sat Jul 25 19:23:03 2020,"Auto-update of the data packages",   7, 124196, 117059 
aed4020,GitHub Action,Sat Jul 25 07:26:45 2020,"Auto-update of the data packages", 
87ed2b6,GitHub Action,Sat Jul 25 01:25:49 2020,"Auto-update of the data packages", 
094829a,GitHub Action,Fri Jul 24 22:26:33 2020,"Auto-update of the data packages", 
5813f1d,GitHub Action,Fri Jul 24 16:25:32 2020,"Auto-update of the data packages",   7, 123540, 116403 
08069be,GitHub Action,Fri Jul 24 13:20:53 2020,"Auto-update of the data packages",   6, 16, 16 
a3aa823,GitHub Action,Fri Jul 24 07:24:38 2020,"Auto-update of the data packages", 
9219205,GitHub Action,Fri Jul 24 04:26:01 2020,"Auto-update of the data packages", 
7b169ea,GitHub Action,Fri Jul 24 01:26:15 2020,"Auto-update of the data packages", 
b3c5cc2,GitHub Action,Thu Jul 23 19:25:06 2020,"Auto-update of the data packages", 
999997e,GitHub Action,Thu Jul 23 16:24:01 2020,"Auto-update of the data packages",   7, 122904, 115767 
48a0fb8,GitHub Action,Thu Jul 23 13:24:09 2020,"Auto-update of the data packages", 
cc64d3c,GitHub Action,Thu Jul 23 10:33:04 2020,"Auto-update of the data packages",   5, 107, 107 
c0460bd,GitHub Action,Thu Jul 23 07:27:33 2020,"Auto-update of the data packages",   4, 113, 113 
f528045,GitHub Action,Thu Jul 23 04:25:10 2020,"Auto-update of the data packages",   4, 349, 349 
57845c1,GitHub Action,Thu Jul 23 01:23:15 2020,"Auto-update of the data packages",   7, 122279, 115142 
2472f51,GitHub Action,Wed Jul 22 13:23:27 2020,"Auto-update of the data packages", 
c29fddf,GitHub Action,Wed Jul 22 07:26:50 2020,"Auto-update of the data packages",   7, 15, 15 
a35aa46,GitHub Action,Tue Jul 21 16:25:29 2020,"Auto-update of the data packages",   7, 123432, 116295 
4750879,GitHub Action,Tue Jul 21 13:24:06 2020,"Auto-update of the data packages", 
eb3afac,GitHub Action,Tue Jul 21 07:26:42 2020,"Auto-update of the data packages", 
2115f70,GitHub Action,Tue Jul 21 01:23:02 2020,"Auto-update of the data packages", 
8179808,GitHub Action,Mon Jul 20 16:23:00 2020,"Auto-update of the data packages",   7, 147846, 140709 
5f074a9,GitHub Action,Mon Jul 20 13:25:31 2020,"Auto-update of the data packages",   6, 728, 728 
1ae08a9,GitHub Action,Mon Jul 20 10:33:02 2020,"Auto-update of the data packages", 
e13f23b,GitHub Action,Mon Jul 20 07:25:55 2020,"Auto-update of the data packages",   2, 5, 5 
2a8340f,GitHub Action,Sun Jul 19 22:24:32 2020,"Auto-update of the data packages", 
8df2fc2,GitHub Action,Sun Jul 19 19:24:24 2020,"Auto-update of the data packages", 
f898028,GitHub Action,Sun Jul 19 16:25:29 2020,"Auto-update of the data packages",   7, 180880, 173743 
de2d948,GitHub Action,Sun Jul 19 13:25:38 2020,"Auto-update of the data packages",   3, 1186204, 1186200 
1c996cb,GitHub Action,Sun Jul 19 10:31:22 2020,"Auto-update of the data packages",   3, 1186913, 1158793 
c0aae2d,GitHub Action,Sun Jul 19 07:23:34 2020,"Auto-update of the data packages", 
57399a7,GitHub Action,Sun Jul 19 04:24:02 2020,"Auto-update of the data packages", 
207c3fa,GitHub Action,Sun Jul 19 01:20:53 2020,"Auto-update of the data packages", 
66a094d,GitHub Action,Sat Jul 18 19:20:25 2020,"Auto-update of the data packages",   7, 117088, 110109 
bb51db9,GitHub Action,Sat Jul 18 13:21:52 2020,"Auto-update of the data packages", 
6f1eaf7,GitHub Action,Sat Jul 18 10:32:53 2020,"Auto-update of the data packages",   5, 182, 181 
3fd8431,GitHub Action,Sat Jul 18 07:25:32 2020,"Auto-update of the data packages", 
fb89cb2,GitHub Action,Sat Jul 18 04:27:12 2020,"Auto-update of the data packages", 
2f896c3,GitHub Action,Fri Jul 17 19:23:03 2020,"Auto-update of the data packages",   7, 116466, 109487 
3e59935,GitHub Action,Fri Jul 17 13:25:56 2020,"Auto-update of the data packages", 
27f86e9,GitHub Action,Fri Jul 17 10:33:06 2020,"Auto-update of the data packages",   8, 88, 75 
16e0ad4,GitHub Action,Fri Jul 17 04:25:08 2020,"Auto-update of the data packages", 
d238de2,GitHub Action,Fri Jul 17 01:26:11 2020,"Auto-update of the data packages",   2, 85, 15 
694c3f3,GitHub Action,Thu Jul 16 19:25:17 2020,"Auto-update of the data packages",   7, 116722, 109743 
6dca8bc,GitHub Action,Thu Jul 16 13:25:31 2020,"Auto-update of the data packages",   6, 188, 188 
3d955e2,GitHub Action,Thu Jul 16 10:29:51 2020,"Auto-update of the data packages",   6, 12, 12 
491eafb,GitHub Action,Thu Jul 16 07:23:55 2020,"Auto-update of the data packages",   4, 19, 19 
e6edfe7,GitHub Action,Thu Jul 16 01:23:12 2020,"Auto-update of the data packages", 
737e2b4,GitHub Action,Wed Jul 15 19:21:09 2020,"Auto-update of the data packages", 
9113a41,GitHub Action,Wed Jul 15 16:20:39 2020,"Auto-update of the data packages",   7, 116614, 109635 
8c275a0,GitHub Action,Wed Jul 15 13:20:47 2020,"Auto-update of the data packages",   8, 11384, 11375 
4d7bc5d,GitHub Action,Wed Jul 15 07:23:50 2020,"Auto-update of the data packages",   4, 274, 274 
bdd8490,GitHub Action,Wed Jul 15 04:22:44 2020,"Auto-update of the data packages",   2, 45, 7 
b68ce62,GitHub Action,Tue Jul 14 19:26:08 2020,"Auto-update of the data packages", 
5bed66e,GitHub Action,Tue Jul 14 16:21:44 2020,"Auto-update of the data packages",   7, 112524, 105545 
09a5eb3,GitHub Action,Tue Jul 14 13:23:02 2020,"Auto-update of the data packages", 
2d0bca0,GitHub Action,Tue Jul 14 10:32:20 2020,"Auto-update of the data packages", 
586ab86,GitHub Action,Tue Jul 14 04:23:20 2020,"Auto-update of the data packages", 
b20ebcd,GitHub Action,Tue Jul 14 01:24:44 2020,"Auto-update of the data packages", 
5762a52,GitHub Action,Mon Jul 13 22:28:17 2020,"Auto-update of the data packages", 
90aa75c,GitHub Action,Mon Jul 13 19:21:18 2020,"Auto-update of the data packages",   7, 111914, 104935 
b8fbe60,GitHub Action,Mon Jul 13 13:24:46 2020,"Auto-update of the data packages", 
b4293f6,GitHub Action,Mon Jul 13 10:31:35 2020,"Auto-update of the data packages", 
8c9fbd9,GitHub Action,Mon Jul 13 04:24:28 2020,"Auto-update of the data packages", 
384a516,GitHub Action,Mon Jul 13 01:24:27 2020,"Auto-update of the data packages", 
076a1cb,GitHub Action,Sun Jul 12 22:23:19 2020,"Auto-update of the data packages", 
df88ac0,GitHub Action,Sun Jul 12 19:24:40 2020,"Auto-update of the data packages", 
e0837cc,GitHub Action,Sun Jul 12 16:24:16 2020,"Auto-update of the data packages",   7, 111304, 104325 
a883b52,GitHub Action,Sun Jul 12 13:26:22 2020,"Auto-update of the data packages", 
32e38b1,GitHub Action,Sun Jul 12 10:27:33 2020,"Auto-update of the data packages", 
699f88c,GitHub Action,Sun Jul 12 07:21:06 2020,"Auto-update of the data packages", 
62a6205,GitHub Action,Sun Jul 12 04:24:46 2020,"Auto-update of the data packages", 
f02e09d,GitHub Action,Sun Jul 12 01:26:06 2020,"Auto-update of the data packages", 
f93aef3,GitHub Action,Sat Jul 11 19:21:20 2020,"Auto-update of the data packages", 
914eb57,GitHub Action,Sat Jul 11 16:23:47 2020,"Auto-update of the data packages",   7, 110864, 103885 
51bdc42,GitHub Action,Sat Jul 11 13:24:38 2020,"Auto-update of the data packages", 
9239b28,GitHub Action,Sat Jul 11 07:25:16 2020,"Auto-update of the data packages", 
cfad046,GitHub Action,Sat Jul 11 01:22:42 2020,"Auto-update of the data packages", 
b62da5f,GitHub Action,Fri Jul 10 19:24:10 2020,"Auto-update of the data packages",   7, 110591, 103612 
fdc1163,GitHub Action,Fri Jul 10 13:19:07 2020,"Auto-update of the data packages", 
9d1dd17,GitHub Action,Fri Jul 10 10:31:28 2020,"Auto-update of the data packages", 
eb26eab,GitHub Action,Fri Jul 10 07:18:49 2020,"Auto-update of the data packages", 
92aabe4,GitHub Action,Fri Jul 10 04:25:58 2020,"Auto-update of the data packages", 
8ee24a9,GitHub Action,Fri Jul 10 01:52:35 2020,"Auto-update of the data packages",   7, 16814, 2856 
16b7af9,Sébastien Lavoie,Fri Jul 10 00:57:32 2020,"[workflow,github-actions][xs]: Update Python to 3.6.11",   1, 1, 1 
dc6deee,GitHub Action,Wed Jul 8 13:22:31 2020,"Auto-update of the data packages", 
74cd106,GitHub Action,Wed Jul 8 10:27:40 2020,"Auto-update of the data packages", 
a5feeb2,GitHub Action,Wed Jul 8 07:18:00 2020,"Auto-update of the data packages", 
f49e3ca,GitHub Action,Wed Jul 8 04:24:38 2020,"Auto-update of the data packages", 
ccd4cc8,GitHub Action,Wed Jul 8 01:22:36 2020,"Auto-update of the data packages", 
0012a67,GitHub Action,Tue Jul 7 22:20:41 2020,"Auto-update of the data packages", 
1f86581,GitHub Action,Tue Jul 7 16:26:04 2020,"Auto-update of the data packages",   7, 108272, 101293 
9a93311,GitHub Action,Tue Jul 7 07:23:59 2020,"Auto-update of the data packages", 
09991ca,GitHub Action,Tue Jul 7 04:18:48 2020,"Auto-update of the data packages", 
2fdd3d3,GitHub Action,Tue Jul 7 01:22:13 2020,"Auto-update of the data packages", 
827ebb9,GitHub Action,Mon Jul 6 22:22:14 2020,"Auto-update of the data packages", 
a043ba4,GitHub Action,Mon Jul 6 19:22:45 2020,"Auto-update of the data packages",   7, 107644, 100665 
40a35e6,GitHub Action,Mon Jul 6 13:19:47 2020,"Auto-update of the data packages", 
32ffbf0,GitHub Action,Mon Jul 6 10:32:27 2020,"Auto-update of the data packages", 
c06b8e1,GitHub Action,Mon Jul 6 07:19:58 2020,"Auto-update of the data packages", 
8a7f6e8,GitHub Action,Mon Jul 6 04:21:35 2020,"Auto-update of the data packages", 
d652320,GitHub Action,Sun Jul 5 22:21:55 2020,"Auto-update of the data packages", 
e09a534,GitHub Action,Sun Jul 5 19:19:47 2020,"Auto-update of the data packages", 
c540fde,GitHub Action,Sun Jul 5 16:23:37 2020,"Auto-update of the data packages",   7, 107034, 100055 
0e89fd2,GitHub Action,Sun Jul 5 13:27:54 2020,"Auto-update of the data packages",   4, 7, 7 
697850f,GitHub Action,Sun Jul 5 10:32:02 2020,"Auto-update of the data packages", 
0f675a8,GitHub Action,Sun Jul 5 07:19:21 2020,"Auto-update of the data packages", 
57070b6,GitHub Action,Sun Jul 5 04:23:27 2020,"Auto-update of the data packages", 
b70b7f8,GitHub Action,Sun Jul 5 01:20:23 2020,"Auto-update of the data packages", 
5e02711,GitHub Action,Sat Jul 4 22:23:36 2020,"Auto-update of the data packages", 
f4c4fea,GitHub Action,Sat Jul 4 19:19:44 2020,"Auto-update of the data packages", 
a8cca4f,GitHub Action,Sat Jul 4 16:25:03 2020,"Auto-update of the data packages",   7, 107467, 100488 
da9a3ca,GitHub Action,Sat Jul 4 13:26:53 2020,"Auto-update of the data packages", 
041941d,GitHub Action,Sat Jul 4 10:30:59 2020,"Auto-update of the data packages", 
0af72d6,GitHub Action,Sat Jul 4 07:23:38 2020,"Auto-update of the data packages",   7, 16, 16 
aa4886c,GitHub Action,Sat Jul 4 04:21:03 2020,"Auto-update of the data packages",   5, 614, 614 
7723f73,GitHub Action,Sat Jul 4 01:22:07 2020,"Auto-update of the data packages",   4, 8, 8 
cab45f9,GitHub Action,Fri Jul 3 22:22:59 2020,"Auto-update of the data packages", 
c9cd79a,GitHub Action,Fri Jul 3 19:19:51 2020,"Auto-update of the data packages", 
acad883,GitHub Action,Fri Jul 3 16:27:36 2020,"Auto-update of the data packages",   7, 117964, 110985 
d2ef2aa,GitHub Action,Fri Jul 3 13:23:53 2020,"Auto-update of the data packages",   4, 7, 7 
b39b876,GitHub Action,Fri Jul 3 10:32:40 2020,"Auto-update of the data packages",   7, 376, 376 
3c71558,GitHub Action,Fri Jul 3 04:25:16 2020,"Auto-update of the data packages", 
6d2b3ca,GitHub Action,Fri Jul 3 01:27:29 2020,"Auto-update of the data packages", 
574bae7,GitHub Action,Thu Jul 2 19:23:56 2020,"Auto-update of the data packages", 
29a48c3,GitHub Action,Thu Jul 2 16:25:13 2020,"Auto-update of the data packages",   7, 587402, 580421 
cc91411,GitHub Action,Thu Jul 2 13:23:12 2020,"Auto-update of the data packages",   6, 307, 307 
59ef578,GitHub Action,Thu Jul 2 07:26:48 2020,"Auto-update of the data packages",   7, 62, 62 
a9de0e0,GitHub Action,Thu Jul 2 04:21:00 2020,"Auto-update of the data packages",   5, 530501, 530503 
f02de30,GitHub Action,Thu Jul 2 01:21:37 2020,"Auto-update of the data packages", 
a9db164,GitHub Action,Wed Jul 1 19:23:07 2020,"Auto-update of the data packages", 
fd0c500,GitHub Action,Wed Jul 1 16:23:04 2020,"Auto-update of the data packages",   7, 104594, 97615 
7ac7c39,GitHub Action,Wed Jul 1 13:21:10 2020,"Auto-update of the data packages",   6, 14, 14 
df88787,GitHub Action,Wed Jul 1 04:21:32 2020,"Auto-update of the data packages", 
c68772a,GitHub Action,Wed Jul 1 01:19:26 2020,"Auto-update of the data packages", 
d573a68,Sebastien Lavoie,Tue Jun 30 23:40:11 2020,"[readme,sources][s]: Update data sources to match upstream repository",   1, 81, 17 
6df8d56,GitHub Action,Tue Jun 30 22:19:11 2020,"Auto-update of the data packages", 
4531ca3,GitHub Action,Tue Jun 30 19:21:58 2020,"Auto-update of the data packages", 
9305589,GitHub Action,Tue Jun 30 16:25:36 2020,"Auto-update of the data packages",   7, 103984, 97005 
87d3b31,GitHub Action,Tue Jun 30 13:19:34 2020,"Auto-update of the data packages", 
8038e34,GitHub Action,Tue Jun 30 07:21:25 2020,"Auto-update of the data packages", 
21b461d,GitHub Action,Tue Jun 30 04:18:37 2020,"Auto-update of the data packages", 
beef7d4,GitHub Action,Tue Jun 30 01:24:57 2020,"Auto-update of the data packages", 
1df9291,GitHub Action,Mon Jun 29 22:23:30 2020,"Auto-update of the data packages", 
ee3ccfc,GitHub Action,Mon Jun 29 19:21:54 2020,"Auto-update of the data packages", 
bc7af4d,GitHub Action,Mon Jun 29 16:20:52 2020,"Auto-update of the data packages",   7, 103374, 96395 
d101a81,GitHub Action,Mon Jun 29 13:20:03 2020,"Auto-update of the data packages", 
fb8c7a0,GitHub Action,Mon Jun 29 10:27:17 2020,"Auto-update of the data packages", 
23ab25d,GitHub Action,Mon Jun 29 07:23:45 2020,"Auto-update of the data packages", 
345290a,GitHub Action,Mon Jun 29 04:19:32 2020,"Auto-update of the data packages",   5, 111, 111 
6060aa1,GitHub Action,Mon Jun 29 01:17:46 2020,"Auto-update of the data packages", 
2972ffd,GitHub Action,Sun Jun 28 22:23:37 2020,"Auto-update of the data packages",   7, 102764, 95785 
c37535a,GitHub Action,Sun Jun 28 13:24:04 2020,"Auto-update of the data packages", 
3dcb650,GitHub Action,Sun Jun 28 10:29:44 2020,"Auto-update of the data packages", 
fc418a8,GitHub Action,Sun Jun 28 07:18:59 2020,"Auto-update of the data packages", 
2a1adcb,GitHub Action,Sun Jun 28 04:21:52 2020,"Auto-update of the data packages", 
ca3f194,GitHub Action,Sat Jun 27 22:23:59 2020,"Auto-update of the data packages", 
c891e1c,GitHub Action,Sat Jun 27 19:23:12 2020,"Auto-update of the data packages", 
a8951cf,GitHub Action,Sat Jun 27 16:26:01 2020,"Auto-update of the data packages",   7, 102154, 95175 
1c9d8d8,GitHub Action,Sat Jun 27 13:20:31 2020,"Auto-update of the data packages", 
d084385,GitHub Action,Sat Jun 27 10:29:47 2020,"Auto-update of the data packages", 
497680c,GitHub Action,Sat Jun 27 07:22:55 2020,"Auto-update of the data packages", 
ec73afa,GitHub Action,Sat Jun 27 04:19:36 2020,"Auto-update of the data packages", 
1b0bf64,GitHub Action,Sat Jun 27 01:19:27 2020,"Auto-update of the data packages", 
650a997,GitHub Action,Fri Jun 26 19:22:27 2020,"Auto-update of the data packages",   7, 101544, 94565 
706194c,GitHub Action,Fri Jun 26 10:24:01 2020,"Auto-update of the data packages",   7, 79, 79 
eb40bca,GitHub Action,Fri Jun 26 01:20:52 2020,"Auto-update of the data packages",   7, 6994, 15 
02d5ea1,GitHub Action,Thu Jun 25 22:24:59 2020,"Auto-update of the data packages", 
c743b73,GitHub Action,Thu Jun 25 19:18:39 2020,"Auto-update of the data packages", 
b7f58b8,GitHub Action,Thu Jun 25 16:18:17 2020,"Auto-update of the data packages", 
9191683,GitHub Action,Thu Jun 25 13:17:54 2020,"Auto-update of the data packages", 
0f73526,GitHub Action,Thu Jun 25 07:20:35 2020,"Auto-update of the data packages", 
00d4e66,GitHub Action,Thu Jun 25 04:20:43 2020,"Auto-update of the data packages",   7, 63, 63 
9f0fb7e,GitHub Action,Thu Jun 25 01:23:22 2020,"Auto-update of the data packages", 
2af97a4,GitHub Action,Wed Jun 24 22:24:58 2020,"Auto-update of the data packages", 
751dd32,GitHub Action,Wed Jun 24 19:17:32 2020,"Auto-update of the data packages", 
32e2c7a,GitHub Action,Wed Jun 24 16:27:25 2020,"Auto-update of the data packages",   7, 100324, 93345 
89cfbff,GitHub Action,Wed Jun 24 13:16:28 2020,"Auto-update of the data packages",   4, 14, 14 
096a859,GitHub Action,Wed Jun 24 07:19:55 2020,"Auto-update of the data packages", 
f811457,GitHub Action,Wed Jun 24 04:21:10 2020,"Auto-update of the data packages", 
d86bf6b,GitHub Action,Wed Jun 24 01:16:12 2020,"Auto-update of the data packages", 
0a1b139,GitHub Action,Tue Jun 23 22:21:20 2020,"Auto-update of the data packages", 
cd92ba8,GitHub Action,Tue Jun 23 19:22:48 2020,"Auto-update of the data packages",   7, 99714, 92735 
590dcb1,GitHub Action,Tue Jun 23 13:21:47 2020,"Auto-update of the data packages",   4, 15, 15 
3ef8bbd,GitHub Action,Tue Jun 23 07:22:17 2020,"Auto-update of the data packages",   7, 97, 97 
50863de,GitHub Action,Tue Jun 23 04:20:53 2020,"Auto-update of the data packages", 
72a958a,GitHub Action,Mon Jun 22 19:19:00 2020,"Auto-update of the data packages", 
9b0f100,GitHub Action,Mon Jun 22 16:18:39 2020,"Auto-update of the data packages",   7, 99104, 92125 
4a70630,GitHub Action,Mon Jun 22 13:21:00 2020,"Auto-update of the data packages", 
3a251b6,GitHub Action,Mon Jun 22 10:28:31 2020,"Auto-update of the data packages", 
e6aff00,GitHub Action,Mon Jun 22 07:22:33 2020,"Auto-update of the data packages", 
2ab478e,GitHub Action,Mon Jun 22 04:19:48 2020,"Auto-update of the data packages", 
eb32314,GitHub Action,Mon Jun 22 01:16:33 2020,"Auto-update of the data packages", 
5c9f02f,GitHub Action,Sun Jun 21 19:18:14 2020,"Auto-update of the data packages", 
5541efa,GitHub Action,Sun Jun 21 16:20:42 2020,"Auto-update of the data packages",   7, 98598, 91619 
02926bf,GitHub Action,Sun Jun 21 13:20:47 2020,"Auto-update of the data packages", 
26d7ead,GitHub Action,Sun Jun 21 10:26:04 2020,"Auto-update of the data packages", 
9020906,GitHub Action,Sun Jun 21 04:19:23 2020,"Auto-update of the data packages", 
9c6a431,GitHub Action,Sun Jun 21 01:19:15 2020,"Auto-update of the data packages", 
ec315e9,GitHub Action,Sat Jun 20 22:22:23 2020,"Auto-update of the data packages", 
6415867,GitHub Action,Sat Jun 20 19:21:02 2020,"Auto-update of the data packages", 
834bfc8,GitHub Action,Sat Jun 20 16:20:35 2020,"Auto-update of the data packages",   7, 97884, 90905 
bdc1303,GitHub Action,Sat Jun 20 13:22:06 2020,"Auto-update of the data packages", 
c6f53b2,GitHub Action,Sat Jun 20 10:24:49 2020,"Auto-update of the data packages", 
fa53dab,GitHub Action,Sat Jun 20 07:18:03 2020,"Auto-update of the data packages",   4, 13, 13 
906e24f,GitHub Action,Sat Jun 20 04:20:20 2020,"Auto-update of the data packages", 
b74f9a8,GitHub Action,Sat Jun 20 01:18:26 2020,"Auto-update of the data packages", 
8c97244,GitHub Action,Fri Jun 19 22:21:31 2020,"Auto-update of the data packages", 
fddee5d,GitHub Action,Fri Jun 19 19:20:48 2020,"Auto-update of the data packages", 
f9e4313,GitHub Action,Fri Jun 19 16:20:50 2020,"Auto-update of the data packages",   7, 98754, 91775 
c69a75b,GitHub Action,Fri Jun 19 13:16:58 2020,"Auto-update of the data packages", 
61198b4,GitHub Action,Fri Jun 19 10:22:29 2020,"Auto-update of the data packages", 
c35a299,GitHub Action,Fri Jun 19 07:19:42 2020,"Auto-update of the data packages", 
5a63082,GitHub Action,Fri Jun 19 04:19:11 2020,"Auto-update of the data packages", 
935a0ec,GitHub Action,Fri Jun 19 01:21:33 2020,"Auto-update of the data packages", 
23344f5,GitHub Action,Thu Jun 18 22:19:07 2020,"Auto-update of the data packages", 
2cce2b2,GitHub Action,Thu Jun 18 19:18:45 2020,"Auto-update of the data packages", 
cb84bcb,GitHub Action,Thu Jun 18 16:20:19 2020,"Auto-update of the data packages",   7, 117832, 110853 
69592a2,GitHub Action,Thu Jun 18 13:20:16 2020,"Auto-update of the data packages", 
16d9529,GitHub Action,Thu Jun 18 07:20:02 2020,"Auto-update of the data packages", 
b8a5d38,GitHub Action,Thu Jun 18 04:18:52 2020,"Auto-update of the data packages", 
5b65418,GitHub Action,Thu Jun 18 01:18:31 2020,"Auto-update of the data packages", 
c2f6252,GitHub Action,Wed Jun 17 22:21:58 2020,"Auto-update of the data packages", 
10cb3a0,GitHub Action,Wed Jun 17 16:18:01 2020,"Auto-update of the data packages",   7, 959212, 952229 
17b1339,GitHub Action,Wed Jun 17 13:16:24 2020,"Auto-update of the data packages", 
ae48439,GitHub Action,Wed Jun 17 10:21:46 2020,"Auto-update of the data packages",   2, 474943, 474945 
108798f,GitHub Action,Wed Jun 17 07:21:32 2020,"Auto-update of the data packages",   2, 474943, 474945 
a8db968,GitHub Action,Wed Jun 17 04:19:47 2020,"Auto-update of the data packages", 
7a0cb7f,GitHub Action,Wed Jun 17 01:19:25 2020,"Auto-update of the data packages", 
f74cf71,GitHub Action,Tue Jun 16 22:17:51 2020,"Auto-update of the data packages", 
5d84391,GitHub Action,Tue Jun 16 19:17:44 2020,"Auto-update of the data packages",   7, 95460, 88481 
d9a197e,GitHub Action,Tue Jun 16 10:28:11 2020,"Auto-update of the data packages", 
4c11a35,GitHub Action,Tue Jun 16 07:19:21 2020,"Auto-update of the data packages", 
326950c,GitHub Action,Tue Jun 16 04:17:43 2020,"Auto-update of the data packages", 
2f0d16f,GitHub Action,Tue Jun 16 01:21:36 2020,"Auto-update of the data packages", 
bda5dbd,GitHub Action,Mon Jun 15 22:17:20 2020,"Auto-update of the data packages", 
15d7376,GitHub Action,Mon Jun 15 19:17:28 2020,"Auto-update of the data packages",   7, 96418, 89439 
8c35cdb,GitHub Action,Mon Jun 15 13:19:41 2020,"Auto-update of the data packages", 
4321adb,GitHub Action,Mon Jun 15 10:29:00 2020,"Auto-update of the data packages", 
dc3f9bc,GitHub Action,Mon Jun 15 07:16:10 2020,"Auto-update of the data packages", 
a3ce96c,GitHub Action,Mon Jun 15 04:19:24 2020,"Auto-update of the data packages", 
46bbade,GitHub Action,Mon Jun 15 01:20:42 2020,"Auto-update of the data packages", 
94aabec,GitHub Action,Sun Jun 14 22:23:22 2020,"Auto-update of the data packages", 
0dfe179,GitHub Action,Sun Jun 14 19:19:23 2020,"Auto-update of the data packages", 
99b5f58,GitHub Action,Sun Jun 14 16:21:39 2020,"Auto-update of the data packages",   7, 115245, 108266 
f463bc9,GitHub Action,Sun Jun 14 13:17:36 2020,"Auto-update of the data packages",   7, 22658, 22658 
dda3f51,GitHub Action,Sun Jun 14 10:26:34 2020,"Auto-update of the data packages", 
cda3f4f,GitHub Action,Sun Jun 14 07:17:09 2020,"Auto-update of the data packages", 
cdf2869,GitHub Action,Sun Jun 14 04:19:29 2020,"Auto-update of the data packages", 
0de7f33,GitHub Action,Sun Jun 14 01:16:35 2020,"Auto-update of the data packages", 
49bc59c,GitHub Action,Sat Jun 13 19:17:08 2020,"Auto-update of the data packages", 
71e1930,GitHub Action,Sat Jun 13 16:19:24 2020,"Auto-update of the data packages",   7, 938662, 931679 
c1ccc48,GitHub Action,Sat Jun 13 13:19:24 2020,"Auto-update of the data packages",   2, 461931, 461933 
f68c4d1,GitHub Action,Sat Jun 13 10:25:43 2020,"Auto-update of the data packages",   6, 468101, 468103 
a6b6d96,GitHub Action,Sat Jun 13 07:18:59 2020,"Auto-update of the data packages",   4, 10, 10 
c93bc00,GitHub Action,Sat Jun 13 04:20:11 2020,"Auto-update of the data packages",   4, 8, 8 
0b32b1a,GitHub Action,Fri Jun 12 22:21:03 2020,"Auto-update of the data packages", 
89ea01f,GitHub Action,Fri Jun 12 19:19:22 2020,"Auto-update of the data packages", 
8951259,GitHub Action,Fri Jun 12 16:19:04 2020,"Auto-update of the data packages",   7, 93004, 86025 
86fc0f9,GitHub Action,Fri Jun 12 13:15:18 2020,"Auto-update of the data packages",   2, 328, 328 
be4fb60,GitHub Action,Fri Jun 12 07:18:28 2020,"Auto-update of the data packages",   6, 18, 18 
3541754,GitHub Action,Fri Jun 12 04:20:10 2020,"Auto-update of the data packages", 
705a760,GitHub Action,Thu Jun 11 22:21:23 2020,"Auto-update of the data packages", 
acba329,GitHub Action,Thu Jun 11 19:18:13 2020,"Auto-update of the data packages", 
cf2b543,GitHub Action,Thu Jun 11 16:16:46 2020,"Auto-update of the data packages",   7, 92534, 85555 
290fce1,GitHub Action,Thu Jun 11 13:18:17 2020,"Auto-update of the data packages", 
8bd4472,GitHub Action,Thu Jun 11 10:22:45 2020,"Auto-update of the data packages", 
3fd96ac,GitHub Action,Thu Jun 11 07:19:53 2020,"Auto-update of the data packages",   8, 92902, 85923 
d6e3266,Sebastien Lavoie,Thu Jun 11 04:14:45 2020,"[ci][xs]: Add timeout to workflow and run it every 3 hours",   1, 2, 1 
3452bd8,GitHub Action,Wed Jun 10 10:37:12 2020,"Auto-update of the data packages",   5, 460, 411 
81d0f65,GitHub Action,Wed Jun 10 04:25:18 2020,"Auto-update of the data packages", 
b378bb8,GitHub Action,Tue Jun 9 22:25:42 2020,"Auto-update of the data packages", 
ca776b7,GitHub Action,Tue Jun 9 16:25:59 2020,"Auto-update of the data packages",   7, 96556, 89577 
9345380,GitHub Action,Tue Jun 9 10:38:00 2020,"Auto-update of the data packages",   7, 7156, 7156 
9790036,GitHub Action,Mon Jun 8 22:27:47 2020,"Auto-update of the data packages",   7, 90564, 83585 
3df6374,GitHub Action,Mon Jun 8 10:38:33 2020,"Auto-update of the data packages", 
a394a73,GitHub Action,Mon Jun 8 04:24:40 2020,"Auto-update of the data packages", 
e1e0eb9,GitHub Action,Sun Jun 7 16:25:05 2020,"Auto-update of the data packages",   7, 89954, 82975 
3c9036b,GitHub Action,Sun Jun 7 10:38:01 2020,"Auto-update of the data packages",   7, 87282, 87282 
29f7ce3,GitHub Action,Sat Jun 6 16:22:50 2020,"Auto-update of the data packages",   7, 89608, 82629 
486e32d,GitHub Action,Sat Jun 6 04:23:24 2020,"Auto-update of the data packages", 
c53c1f7,GitHub Action,Fri Jun 5 16:20:58 2020,"Auto-update of the data packages",   8, 88758, 81757 
f41588b,GitHub Action,Fri Jun 5 04:26:58 2020,"Auto-update of the data packages", 
b4a9d72,GitHub Action,Thu Jun 4 22:24:28 2020,"Auto-update of the data packages",   7, 88124, 81145 
8e7fa6f,GitHub Action,Thu Jun 4 10:35:19 2020,"Auto-update of the data packages", 
a24a450,GitHub Action,Thu Jun 4 04:26:45 2020,"Auto-update of the data packages", 
0298d23,GitHub Action,Wed Jun 3 22:25:32 2020,"Auto-update of the data packages", 
bb4dc75,GitHub Action,Wed Jun 3 16:23:11 2020,"Auto-update of the data packages",   7, 87514, 80535 
b144571,GitHub Action,Wed Jun 3 10:34:18 2020,"Auto-update of the data packages",   7, 16, 16 
462c8b0,GitHub Action,Wed Jun 3 04:22:03 2020,"Auto-update of the data packages",   2, 23, 23 
cb1c8a7,GitHub Action,Tue Jun 2 16:20:29 2020,"Auto-update of the data packages",   7, 86904, 79925 
4b34f3e,GitHub Action,Tue Jun 2 10:38:14 2020,"Auto-update of the data packages",   8, 86328, 79323 
732e86d,GitHub Action,Mon Jun 1 04:23:04 2020,"Auto-update of the data packages", 
ea5e93e,GitHub Action,Sun May 31 22:22:22 2020,"Auto-update of the data packages", 
0228e28,GitHub Action,Sun May 31 16:21:26 2020,"Auto-update of the data packages",   7, 86458, 79479 
e46e5a3,GitHub Action,Sun May 31 10:38:08 2020,"Auto-update of the data packages", 
0d3aed2,GitHub Action,Sun May 31 04:24:26 2020,"Auto-update of the data packages", 
1f61731,GitHub Action,Sat May 30 22:25:43 2020,"Auto-update of the data packages", 
84682c0,GitHub Action,Sat May 30 16:21:24 2020,"Auto-update of the data packages",   7, 94674, 87695 
3b50351,GitHub Action,Sat May 30 10:36:47 2020,"Auto-update of the data packages",   2, 92, 6 
531c6dd,GitHub Action,Sat May 30 04:23:45 2020,"Auto-update of the data packages", 
b46eb36,GitHub Action,Fri May 29 22:26:41 2020,"Auto-update of the data packages", 
9e85650,GitHub Action,Fri May 29 16:22:36 2020,"Auto-update of the data packages",   7, 464832, 457851 
3fe3709,GitHub Action,Fri May 29 10:33:24 2020,"Auto-update of the data packages",   2, 15, 15 
e12da9f,GitHub Action,Fri May 29 04:24:30 2020,"Auto-update of the data packages",   5, 418238, 418240 
a92834b,GitHub Action,Thu May 28 22:26:40 2020,"Auto-update of the data packages",   7, 83854, 76875 
102b180,GitHub Action,Thu May 28 10:44:15 2020,"Auto-update of the data packages", 
bb32bd8,GitHub Action,Thu May 28 04:21:19 2020,"Auto-update of the data packages",   5, 132, 132 
0a22606,GitHub Action,Wed May 27 22:32:48 2020,"Auto-update of the data packages", 
8073181,GitHub Action,Wed May 27 16:22:40 2020,"Auto-update of the data packages",   7, 83244, 76265 
27f0b36,GitHub Action,Wed May 27 10:40:54 2020,"Auto-update of the data packages",   2, 33, 9 
fb6fd24,GitHub Action,Wed May 27 04:23:59 2020,"Auto-update of the data packages",   2, 39, 5 
af1e785,GitHub Action,Tue May 26 16:25:12 2020,"Auto-update of the data packages",   7, 82634, 75655 
22aec81,GitHub Action,Tue May 26 10:39:18 2020,"Auto-update of the data packages", 
113414c,GitHub Action,Tue May 26 04:25:04 2020,"Auto-update of the data packages", 
6750398,GitHub Action,Mon May 25 22:25:21 2020,"Auto-update of the data packages", 
f1c1ff1,GitHub Action,Mon May 25 16:25:45 2020,"Auto-update of the data packages",   7, 87548, 80569 
9a567b2,GitHub Action,Mon May 25 10:42:02 2020,"Auto-update of the data packages", 
3c8f890,GitHub Action,Sun May 24 22:27:38 2020,"Auto-update of the data packages", 
0c5fac3,GitHub Action,Sun May 24 16:21:51 2020,"Auto-update of the data packages",   7, 81414, 74435 
e74d35f,GitHub Action,Sun May 24 10:40:27 2020,"Auto-update of the data packages", 
f57fd74,GitHub Action,Sat May 23 22:26:21 2020,"Auto-update of the data packages",   7, 82135, 75156 
c62b935,GitHub Action,Sat May 23 10:36:26 2020,"Auto-update of the data packages",   2, 8, 8 
2926091,GitHub Action,Fri May 22 22:19:48 2020,"Auto-update of the data packages", 
161a24d,GitHub Action,Fri May 22 16:17:52 2020,"Auto-update of the data packages",   7, 97834, 90855 
731fa7d,GitHub Action,Fri May 22 10:29:05 2020,"Auto-update of the data packages",   2, 56, 5 
43701aa,GitHub Action,Fri May 22 04:20:33 2020,"Auto-update of the data packages",   6, 41, 41 
0ad655a,GitHub Action,Thu May 21 22:20:00 2020,"Auto-update of the data packages", 
9836d99,GitHub Action,Thu May 21 16:19:00 2020,"Auto-update of the data packages",   7, 787759, 780776 
66d01ac,GitHub Action,Thu May 21 10:28:08 2020,"Auto-update of the data packages",   8, 780460, 780463 
b0314d7,GitHub Action,Wed May 20 22:19:05 2020,"Auto-update of the data packages", 
71f0134,GitHub Action,Wed May 20 16:19:52 2020,"Auto-update of the data packages",   8, 79021, 71997 
ce53d55,GitHub Action,Wed May 20 04:20:14 2020,"Auto-update of the data packages", 
87a8bc6,GitHub Action,Tue May 19 22:17:43 2020,"Auto-update of the data packages", 
09a05fb,GitHub Action,Tue May 19 16:19:48 2020,"Auto-update of the data packages",   7, 78364, 71385 
6d375ce,GitHub Action,Tue May 19 10:28:40 2020,"Auto-update of the data packages",   2, 39, 6 
878259b,GitHub Action,Tue May 19 04:17:55 2020,"Auto-update of the data packages",   2, 6, 6 
d67d03c,GitHub Action,Mon May 18 22:17:30 2020,"Auto-update of the data packages", 
2b899ed,GitHub Action,Mon May 18 16:15:56 2020,"Auto-update of the data packages",   7, 77754, 70775 
b5032aa,GitHub Action,Mon May 18 10:28:41 2020,"Auto-update of the data packages", 
cd87d9e,GitHub Action,Mon May 18 04:19:24 2020,"Auto-update of the data packages", 
64c5686,anuveyatsu,Sun May 17 22:14:01 2020,"[data][l]: manual update of the data due to gh action failure.",   7, 77719, 70740 
01a9ae9,GitHub Action,Sun May 17 04:19:58 2020,"Auto-update of the data packages", 
5cd2ab2,GitHub Action,Sat May 16 22:20:44 2020,"Auto-update of the data packages", 
bb0ab24,GitHub Action,Sat May 16 16:22:22 2020,"Auto-update of the data packages",   7, 84742, 77763 
7d99807,GitHub Action,Sat May 16 10:25:03 2020,"Auto-update of the data packages",   2, 5, 5 
d39b5f3,GitHub Action,Sat May 16 04:26:35 2020,"Auto-update of the data packages", 
96fe8dc,GitHub Action,Fri May 15 22:22:36 2020,"Auto-update of the data packages", 
3fe79d9,GitHub Action,Fri May 15 16:21:24 2020,"Auto-update of the data packages",   7, 409955, 402974 
cb70ad4,GitHub Action,Fri May 15 10:27:12 2020,"Auto-update of the data packages", 
b5c94a9,GitHub Action,Fri May 15 04:29:18 2020,"Auto-update of the data packages",   3, 367641, 367643 
8d94a9c,GitHub Action,Thu May 14 22:35:07 2020,"Auto-update of the data packages",   8, 75562, 68337 
ac63571,GitHub Action,Thu May 14 04:22:42 2020,"Auto-update of the data packages", 
1a2f2cd,GitHub Action,Wed May 13 16:18:45 2020,"Auto-update of the data packages",   8, 75831, 68837 
520cce9,GitHub Action,Wed May 13 10:45:15 2020,"Auto-update of the data packages",   7, 89932, 82955 
a9949a6,GitHub Action,Tue May 12 10:39:39 2020,"Auto-update of the data packages",   8, 717904, 710923 
e37bf17,GitHub Action,Mon May 11 10:23:53 2020,"Auto-update of the data packages", 
f76cf58,GitHub Action,Mon May 11 04:16:23 2020,"Auto-update of the data packages",   4, 115, 115 
9e48e27,anuveyatsu,Sun May 10 17:42:53 2020,"[data][xl]: manual update",   7, 710974, 697024 
21cedc5,GitHub Action,Sat May 9 04:17:06 2020,"Auto-update of the data packages", 
62bd35f,GitHub Action,Fri May 8 16:19:55 2020,"Auto-update of the data packages",   7, 698910, 691937 
147689f,GitHub Action,Thu May 7 16:17:51 2020,"Auto-update of the data packages",   7, 13973, 19 
09d7509,GitHub Action,Wed May 6 10:28:26 2020,"Auto-update of the data packages", 
586bd16,GitHub Action,Wed May 6 04:16:38 2020,"Auto-update of the data packages",   7, 69822, 62845 
352f740,GitHub Action,Mon May 4 16:17:50 2020,"Auto-update of the data packages",   7, 69212, 62235 
51b6264,GitHub Action,Sun May 3 22:14:55 2020,"Auto-update of the data packages", 
296647e,GitHub Action,Sun May 3 16:16:55 2020,"Auto-update of the data packages",   7, 68602, 61625 
05d64ff,GitHub Action,Sun May 3 10:23:14 2020,"Auto-update of the data packages",   4, 58, 58 
84cd8eb,GitHub Action,Sat May 2 22:16:50 2020,"Auto-update of the data packages", 
a2bdf18,GitHub Action,Sat May 2 16:13:33 2020,"Auto-update of the data packages",   7, 67992, 61215 
f7d3309,GitHub Action,Sat May 2 10:23:11 2020,"Auto-update of the data packages", 
d18a844,GitHub Action,Sat May 2 04:16:12 2020,"Auto-update of the data packages",   4, 62, 62 
2d86da9,GitHub Action,Fri May 1 22:15:38 2020,"Auto-update of the data packages",   8, 67885, 60489 
ed9bdc7,GitHub Action,Thu Apr 30 22:17:48 2020,"Auto-update of the data packages",   7, 66672, 59697 
6973191,GitHub Action,Wed Apr 29 16:17:16 2020,"Auto-update of the data packages",   7, 66063, 59088 
c7ee957,GitHub Action,Wed Apr 29 10:28:16 2020,"Auto-update of the data packages",   4, 139, 139 
9ecc3cc,GitHub Action,Tue Apr 28 16:16:39 2020,"Auto-update of the data packages", 
93df8fb,anuveyatsu,Tue Apr 28 13:27:14 2020,"[data][xl]: manual update of the data.",   7, 65582, 58607 
1162f23,GitHub Action,Tue Apr 28 04:14:00 2020,"Auto-update of the data packages",   4, 55, 55 
94a0fdd,GitHub Action,Mon Apr 27 22:18:20 2020,"Auto-update of the data packages", 
12a5c06,GitHub Action,Mon Apr 27 16:16:28 2020,"Auto-update of the data packages", 
a2e5dcc,anuveyatsu,Mon Apr 27 14:53:14 2020,"[data][xl]: Manual update of the data due to gh action failure.",   7, 64845, 57870 
753df58,GitHub Action,Mon Apr 27 04:17:27 2020,"Auto-update of the data packages", 
b9b5ccb,GitHub Action,Sun Apr 26 22:17:30 2020,"Auto-update of the data packages",   7, 64327, 57352 
ffdea47,GitHub Action,Sun Apr 26 10:20:49 2020,"Auto-update of the data packages",   3, 55, 55 
e88e85f,GitHub Action,Sun Apr 26 04:15:32 2020,"Auto-update of the data packages",   7, 64650, 57675 
4d97363,GitHub Action,Sat Apr 25 16:15:42 2020,"Auto-update of the data packages", 
681ad90,GitHub Action,Sat Apr 25 10:21:28 2020,"Auto-update of the data packages",   5, 47, 47 
ac9187d,GitHub Action,Sat Apr 25 04:16:53 2020,"Auto-update of the data packages",   4, 47, 47 
1547db1,GitHub Action,Fri Apr 24 16:13:51 2020,"Auto-update of the data packages",   7, 608492, 601329 
f3981a1,GitHub Action,Fri Apr 24 10:21:18 2020,"Auto-update of the data packages",   7, 25, 25 
ef57c01,GitHub Action,Fri Apr 24 04:14:54 2020,"Auto-update of the data packages", 
1f6a04a,GitHub Action,Thu Apr 23 16:13:19 2020,"Auto-update of the data packages", 
d3ff465,anuveyatsu,Thu Apr 23 14:32:14 2020,"[data][xl]: manual update due to gh action failure.",   7, 603958, 598437 
33ad73c,GitHub Action,Thu Apr 23 04:14:50 2020,"Auto-update of the data packages",   7, 596675, 596679 
b86a7b4,GitHub Action,Wed Apr 22 22:17:20 2020,"Auto-update of the data packages", 
ce4a204,GitHub Action,Wed Apr 22 16:16:06 2020,"Auto-update of the data packages", 
7f99e19,GitHub Action,Wed Apr 22 10:19:59 2020,"Auto-update of the data packages",   7, 63254, 54825 
985db5b,GitHub Action,Wed Apr 22 04:15:10 2020,"Auto-update of the data packages", 
eaf5e9c,GitHub Action,Tue Apr 21 22:15:25 2020,"Auto-update of the data packages", 
8794252,GitHub Action,Tue Apr 21 16:15:56 2020,"Auto-update of the data packages",   2, 6, 5 
63d9e6b,GitHub Action,Tue Apr 21 10:21:23 2020,"Auto-update of the data packages",   7, 62079, 55106 
13820eb,GitHub Action,Tue Apr 21 04:15:13 2020,"Auto-update of the data packages", 
c83e525,GitHub Action,Mon Apr 20 22:18:28 2020,"Auto-update of the data packages", 
7474301,GitHub Action,Mon Apr 20 16:15:11 2020,"Auto-update of the data packages",   7, 73962, 65933 
66f1d94,GitHub Action,Mon Apr 20 04:14:14 2020,"Auto-update of the data packages",   2, 11, 5 
9ff29a3,GitHub Action,Sun Apr 19 22:15:36 2020,"Auto-update of the data packages", 
7cabcbf,GitHub Action,Sun Apr 19 16:13:49 2020,"Auto-update of the data packages", 
798ac71,anuveyatsu,Sun Apr 19 15:51:19 2020,"[data upate][xl]: manual update of data due to issues in gh actions.",   7, 8069, 1108 
b7cb8e0,GitHub Action,Sun Apr 19 04:14:50 2020,"Auto-update of the data packages", 
583156e,GitHub Action,Sat Apr 18 16:13:37 2020,"Auto-update of the data packages", 
1290bdd,GitHub Action,Sat Apr 18 10:17:31 2020,"Auto-update of the data packages",   7, 567530, 560565 
095ad46,GitHub Action,Sat Apr 18 04:15:43 2020,"Auto-update of the data packages",   4, 559882, 560053 
4e091d3,GitHub Action,Fri Apr 17 22:14:07 2020,"Auto-update of the data packages", 
42ade68,GitHub Action,Fri Apr 17 16:13:27 2020,"Auto-update of the data packages",   5, 29, 29 
bed2cba,GitHub Action,Fri Apr 17 10:19:01 2020,"Auto-update of the data packages",   7, 64822, 57859 
c9b9152,GitHub Action,Fri Apr 17 04:13:54 2020,"Auto-update of the data packages",   6, 22, 22 
eed1fb1,GitHub Action,Thu Apr 16 22:14:24 2020,"Auto-update of the data packages", 
27ef1e5,GitHub Action,Thu Apr 16 16:13:28 2020,"Auto-update of the data packages", 
ef39ec6,GitHub Action,Thu Apr 16 15:21:06 2020,"Auto-update of the data packages",   7, 558195, 550722 
d8d973e,GitHub Action,Thu Apr 16 04:17:07 2020,"Auto-update of the data packages", 
3196952,GitHub Action,Wed Apr 15 22:19:35 2020,"Auto-update of the data packages",   1, 1, 1 
b069959,anuveyatsu,Wed Apr 15 15:04:07 2020,"Merge branch 'master' of github.com:datasets/covid-19", 
01fdc31,anuveyatsu,Wed Apr 15 15:02:42 2020,"[data update][xl]: manual update since gh action is stuck again.",   7, 305611, 298656 
ab802fd,anuveyatsu,Wed Apr 15 01:31:43 2020,"[data][l]: added reference data.",   3, 3671, 4 
a6f67b7,anuveyatsu,Wed Apr 15 01:15:48 2020,"[us data][xl]: put back all extra fields.",   4, 540080, 540008 
1aa550f,GitHub Action,Tue Apr 14 22:14:59 2020,"Auto-update of the data packages", 
e30a57a,GitHub Action,Tue Apr 14 16:14:24 2020,"Auto-update of the data packages",   6, 14, 14 
0612b95,GitHub Action,Tue Apr 14 10:30:17 2020,"Auto-update of the data packages",   7, 56582, 49625 
b9d962a,GitHub Action,Tue Apr 14 04:12:12 2020,"Auto-update of the data packages", 
7490d6c,GitHub Action,Mon Apr 13 22:14:42 2020,"Auto-update of the data packages", 
e80109f,GitHub Action,Mon Apr 13 16:12:19 2020,"Auto-update of the data packages",   4, 9, 9 
d012d50,GitHub Action,Mon Apr 13 10:17:57 2020,"Auto-update of the data packages",   7, 55977, 49020 
3ba2c6b,GitHub Action,Mon Apr 13 04:13:44 2020,"Auto-update of the data packages", 
8e6ba0c,GitHub Action,Sun Apr 12 22:13:54 2020,"Auto-update of the data packages", 
ca42109,GitHub Action,Sun Apr 12 16:14:33 2020,"Auto-update of the data packages", 
815308f,GitHub Action,Sun Apr 12 10:18:39 2020,"Auto-update of the data packages",   7, 55772, 48815 
99f660a,GitHub Action,Sun Apr 12 04:13:35 2020,"Auto-update of the data packages", 
4b1cc8c,GitHub Action,Sat Apr 11 16:12:08 2020,"Auto-update of the data packages", 
474af32,GitHub Action,Sat Apr 11 10:18:56 2020,"Auto-update of the data packages",   7, 60534, 53419 
df67f98,GitHub Action,Sat Apr 11 04:13:05 2020,"Auto-update of the data packages", 
53c6e1f,GitHub Action,Fri Apr 10 22:12:48 2020,"Auto-update of the data packages", 
0ecb7cd,GitHub Action,Fri Apr 10 16:14:56 2020,"Auto-update of the data packages", 
5e9308b,GitHub Action,Fri Apr 10 10:20:18 2020,"Auto-update of the data packages",   7, 59809, 52854 
6a01500,GitHub Action,Thu Apr 9 22:16:10 2020,"Auto-update of the data packages", 
7f0cf5e,GitHub Action,Thu Apr 9 16:11:58 2020,"Auto-update of the data packages", 
a478bf7,GitHub Action,Thu Apr 9 10:19:33 2020,"Auto-update of the data packages",   7, 59253, 52298 
1855325,GitHub Action,Thu Apr 9 04:13:13 2020,"Auto-update of the data packages", 
b9e7e63,GitHub Action,Wed Apr 8 22:13:51 2020,"Auto-update of the data packages", 
625e2ee,GitHub Action,Wed Apr 8 16:12:59 2020,"Auto-update of the data packages",   7, 36272, 29317 
ab35560,anuveyatsu,Wed Apr 8 16:00:16 2020,"[data][xl]: don't join us confirmed and deaths data as it is causing pipelines stuck.",   5, 494554, 247290 
3acd089,anuveyatsu,Tue Apr 7 19:04:32 2020,"Merge branch 'master' of github.com:datasets/covid-19", 
53e3ae7,anuveyatsu,Tue Apr 7 19:03:54 2020,"[process][xs]: print data on different stages so it is easier to debug where the cd/ci is stuck.",   1, 4 
adb89a9,anuveyatsu,Tue Apr 7 19:03:19 2020,"[data][xl]: update data for last 2 days since the ci/cd wasn't working.",   6, 13411, 5489 
22542f8,anuveyatsu,Mon Apr 6 02:09:50 2020,"[data][xl]: us data by region processed and saved to separate `us.csv` file.",   3, 240860, 3 
d1197dc,GitHub Action,Sun Apr 5 22:09:38 2020,"Auto-update of the data packages", 
9653c78,GitHub Action,Sun Apr 5 16:10:01 2020,"Auto-update of the data packages", 
480cc7a,GitHub Action,Sun Apr 5 10:16:00 2020,"Auto-update of the data packages",   5, 1183, 668 
8b48ac7,GitHub Action,Sun Apr 5 04:10:30 2020,"Auto-update of the data packages", 
6b2061a,GitHub Action,Sat Apr 4 16:10:23 2020,"Auto-update of the data packages", 
9830ec3,GitHub Action,Sat Apr 4 10:17:17 2020,"Auto-update of the data packages",   5, 1100, 659 
bbc19f2,GitHub Action,Sat Apr 4 04:09:41 2020,"Auto-update of the data packages", 
e9e7f3f,GitHub Action,Fri Apr 3 22:11:41 2020,"Auto-update of the data packages", 
5e22318,GitHub Action,Fri Apr 3 16:11:53 2020,"Auto-update of the data packages", 
df4d539,GitHub Action,Fri Apr 3 10:15:12 2020,"Auto-update of the data packages",   5, 1304, 650 
dd18a5c,GitHub Action,Fri Apr 3 04:09:59 2020,"Auto-update of the data packages", 
ccf0e5d,GitHub Action,Thu Apr 2 22:12:11 2020,"Auto-update of the data packages", 
5b07e41,GitHub Action,Thu Apr 2 16:11:30 2020,"Auto-update of the data packages",   5, 1079, 641 
9e32533,GitHub Action,Thu Apr 2 04:09:38 2020,"Auto-update of the data packages", 
810d5d7,GitHub Action,Wed Apr 1 22:11:13 2020,"Auto-update of the data packages", 
092cd6f,GitHub Action,Wed Apr 1 16:10:03 2020,"Auto-update of the data packages", 
57b508d,GitHub Action,Wed Apr 1 10:16:21 2020,"Auto-update of the data packages",   5, 1346, 632 
9ece8f1,GitHub Action,Wed Apr 1 04:09:54 2020,"Auto-update of the data packages", 
1434a36,GitHub Action,Tue Mar 31 22:10:52 2020,"Auto-update of the data packages", 
3d14255,GitHub Action,Tue Mar 31 16:10:26 2020,"Auto-update of the data packages", 
1c8c86e,GitHub Action,Tue Mar 31 10:17:36 2020,"Auto-update of the data packages",   5, 1193, 623 
5ab9333,GitHub Action,Tue Mar 31 04:10:26 2020,"Auto-update of the data packages", 
4c4f1ce,GitHub Action,Mon Mar 30 22:11:03 2020,"Auto-update of the data packages", 
0ccafe2,GitHub Action,Mon Mar 30 16:11:06 2020,"Auto-update of the data packages", 
d9167a1,GitHub Action,Mon Mar 30 10:16:57 2020,"Auto-update of the data packages",   5, 1046, 614 
d3c8604,GitHub Action,Mon Mar 30 04:10:27 2020,"Auto-update of the data packages", 
475d5cc,anuveyatsu,Mon Mar 30 03:00:23 2020,"[data][s]: bug fix in recovered data for Canada - refs #47",   3, 11, 74 
4974c4c,anuveyatsu,Mon Mar 30 02:39:11 2020,"[data][xl]: add recovery data for Canada and sort results by country, province and date.",   5, 3080, 2987 
7356b2f,GitHub Action,Sun Mar 29 22:11:50 2020,"Auto-update of the data packages", 
2871666,Anuar Ustayev,Sun Mar 29 17:37:53 2020,"Merge pull request #49 from WeileiZeng/patch-1", 
0b05a11,GitHub Action,Sun Mar 29 16:09:42 2020,"Auto-update of the data packages", 
a3cca2d,GitHub Action,Sun Mar 29 10:15:26 2020,"Auto-update of the data packages",   5, 1367, 605 
4f0d296,GitHub Action,Sun Mar 29 04:10:12 2020,"Auto-update of the data packages", 
23f705e,GitHub Action,Sat Mar 28 22:10:16 2020,"Auto-update of the data packages", 
09297c4,anuveyatsu,Sat Mar 28 17:38:22 2020,"[data][xl]: put back recovered data since it is still available in the upstream.",   5, 28191, 28128 
08a2437,GitHub Action,Sat Mar 28 16:08:49 2020,"Auto-update of the data packages", 
dce1021,GitHub Action,Sat Mar 28 10:13:16 2020,"Auto-update of the data packages",   5, 1283, 726 
66cd8b1,GitHub Action,Sat Mar 28 04:09:10 2020,"Auto-update of the data packages", 
7b63fe2,GitHub Action,Fri Mar 27 22:11:39 2020,"Auto-update of the data packages", 
de2d868,GitHub Action,Fri Mar 27 16:09:38 2020,"Auto-update of the data packages", 
a2ced42,Anuar Ustayev,Fri Mar 27 13:22:35 2020,"Merge pull request #42 from kant/patch-1", 
4726ddd,GitHub Action,Fri Mar 27 10:19:53 2020,"Auto-update of the data packages",   5, 759, 78 
de560fd,GitHub Action,Fri Mar 27 04:39:31 2020,"Auto-update of the data packages", 
b0f4726,anuveyatsu,Thu Mar 26 23:15:09 2020,"[data][l]: removed "recovered" data as it isn't supported by the upstream repo anymore.",   5, 26893, 26957 
3e53110,GitHub Action,Thu Mar 26 10:17:16 2020,"Auto-update of the data packages",   5, 3680, 2755 
203bb3b,GitHub Action,Thu Mar 26 04:11:35 2020,"Auto-update of the data packages", 
2cb0e34,anuveyatsu,Thu Mar 26 01:43:58 2020,"[increase rate][s]: add increase rate from the previous day and add a graph for it.",   3, 135, 79 
d60f6a2,anuveyatsu,Thu Mar 26 00:16:20 2020,"[views][s]: add a new graph for displaying mortality rate.",   2, 50 
06c1d69,anuveyatsu,Wed Mar 25 23:35:40 2020,"[setup][s]: put scripts and related files into 'scripts' directory.",   4, 4, 4 
a16f154,anuveyatsu,Wed Mar 25 23:23:15 2020,"[auto update][xs]: change commit message for auto-updates since it isn't updated daily but every 6h now.",   1, 1, 1 
c45e58c,GitHub Action,Wed Mar 25 22:10:49 2020,"Daily auto-update of the data", 
6732305,GitHub Action,Wed Mar 25 16:10:41 2020,"Daily auto-update of the data",   4, 2748, 2748 
bad59fc,GitHub Action,Wed Mar 25 10:18:49 2020,"Daily auto-update of the data",   5, 3276, 2553 
41adde9,GitHub Action,Wed Mar 25 04:10:30 2020,"Daily auto-update of the data", 
cd623a8,anuveyatsu,Wed Mar 25 00:54:19 2020,"[docs][xs]: fix instructions to install dependencies from the requriements.txt + add python version badge.",   1, 5, 2 
376bec9,anuveyatsu,Wed Mar 25 00:04:22 2020,"[views][s]: added the graph containing confirmed cases in the key countries - refs #19",   2, 32, 1 
26567f9,anuveyatsu,Tue Mar 24 23:54:09 2020,"[gh actions][xs]: allow empty commits so that builds don't fail when there is no update.",   1, 1, 1 
ad6dd56,anuveyatsu,Tue Mar 24 23:52:06 2020,"[data][xl]: added a new resource with key countries and pivoted it to make it easy to vizualize.",   3, 182, 11 
0875bc9,anuveyatsu,Tue Mar 24 23:15:33 2020,"[data][xl]: updated the data sources for confirmed and death cases.",   5, 14842, 32078 
442b984,anuveyatsu,Tue Mar 24 22:57:55 2020,"[schema][xs]: missing values should be string, otherwise, it raises error when validating.",   2, 3, 6 
c150f41,anuveyatsu,Tue Mar 24 18:21:45 2020,"[schema change][xs]: specify missing values property in the schema so that we don't got cast error for integer field for value 'None'.",   5, 5101, 2818 
c01c152,anuveyatsu,Mon Mar 23 22:19:06 2020,"Merge branch 'master' of github.com:datasets/covid-19", 
0297da6,anuveyatsu,Mon Mar 23 22:15:13 2020,"[data][xl]:  update datapackage.json and add new resource re total data per country.",   2, 10486, 3 
fe74b4e,anuveyatsu,Mon Mar 23 21:49:38 2020,"Merge branch 'master' of github.com:datasets/covid-19", 
d3dde96,anuveyatsu,Mon Mar 23 21:47:43 2020,"[data][s]: add another resource with data per country.",   1, 72, 2 
4c98133,anuveyatsu,Mon Mar 23 16:23:18 2020,"[gh actions][s]: setup deploy to datahub action.",   1, 16, 1 
3149b95,anuveyatsu,Mon Mar 23 16:12:25 2020,"[gh actions][xs]: run the job every 6 hours.",   1, 2, 2 
3e1da32,GitHub Action,Mon Mar 23 16:06:47 2020,"Daily auto-update of the data",   3, 29788, 29812 
01c8441,anuveyatsu,Mon Mar 23 15:59:57 2020,"Merge branch 'master' of github.com:datasets/covid-19", 
394a032,anuveyatsu,Mon Mar 23 15:58:01 2020,"[flows][xs]: fix script to make the schema correct for both resources.",   1, 1, 25 
a4e1708,anuveyatsu,Mon Mar 23 15:45:54 2020,"[gh actions][xs]: specify on which branch to run the job.",   1, 4 
65e4925,anuveyatsu,Mon Mar 23 15:44:18 2020,"[gh actions][xs]: run it on every commit for test.",   1, 1, 5 
c5d481e,Anuar Ustayev,Mon Mar 23 15:42:24 2020,"[badge][xs]: gh actions status badge.",   1, 2 
326936d,anuveyatsu,Mon Mar 23 15:39:58 2020,"[schema][m]: update resources schema to include titles and change order of the columns.",   1, 105, 1 
84e775e,anuveyatsu,Mon Mar 23 15:10:37 2020,"[views][s]: added a graph of world total up to date.",   2, 42, 10 
e577d45,GitHub Action,Mon Mar 23 10:09:57 2020,"Daily auto-update of the data",   1, 2, 5 
2402de3,Rufus Pollock,Mon Mar 23 08:34:59 2020,"[README][m]: significant overhaul and extension of the README thanks to 
loleg.",   2, 56, 8 
0f03ca6,Rufus Pollock,Mon Mar 23 08:03:38 2020,"[datapackage][s]: add column descriptions for main time series.",   1, 4, 1 
72fd6a2,Anuar Ustayev,Mon Mar 23 04:29:36 2020,"Merge pull request #18 from datasets/feature/datapackage-improvements", 
7c62f59,Anuar Ustayev,Mon Mar 23 04:23:09 2020,"Merge pull request #17 from krunal-darji/patch-1", 
b9eeaa3,Anuar Ustayev,Mon Mar 23 01:51:14 2020,"Merge pull request #15 from datasets/feature/auto-update-data", 
057c7a0,Irakli Mchedlishvili,Sun Mar 22 14:53:14 2020,"Merge pull request #13 from datasets/fix/readme", 
a521ced,zelima,Sun Mar 22 14:32:40 2020,"Latest data 2020-03-21",   2, 782, 5 
40d21e6,zelima,Sat Mar 21 16:02:21 2020,"Latest data 2020-03-20",   2, 1004, 5 
d808538,zelima,Fri Mar 20 14:59:27 2020,"Latest data 2020-03-19",   2, 929, 119 
a1e6a24,zelima,Thu Mar 19 16:12:52 2020,"Latest data 2020-03-18",   2, 859, 285 
6ccfd7e,zelima,Wed Mar 18 14:17:18 2020,"Latest data 2020-03-17",   2, 690, 395 
c479c21,zelima,Tue Mar 17 21:53:22 2020,"latest data",   2, 21016, 8319 
b04f524,Irakli Mchedlishvili,Tue Mar 10 18:01:58 2020,"Merge pull request #5 from pidugusundeep/patch-1", 
a258e5b,zelima,Tue Mar 10 15:55:01 2020,"typo in github URL",   1, 1, 1 
489121a,zelima,Tue Mar 10 15:52:03 2020,"[data]: join on country field as well to avoid mismatch",   3, 8362, 4549 
c24f4d2,zelima,Sun Mar 8 01:21:37 2020,"[Data]: Refactor to Combine confirmed, death and recovery cases + update data",   6, 9025, 26895 
65154d6,zelima,Sat Mar 7 22:56:33 2020,"[All]: Use dataflows to process and normilize data",   11, 26983, 3451 
84c61ac,Nirab Pudasaini,Sat Mar 7 21:25:34 2020,"Initial commit",   7, 3459 