commit id,author,date,comment,changed files,lines added,lines deleted

213a88b,David Barbarán,Wed Jun 17 15:58:08 2020,"Update README.md",   1, 2, 2 
7bb76f0,David Barbarán,Wed Jun 17 15:52:30 2020,"Update README.md",   1, 1 
66637c5,David Barbarán,Wed Jun 17 15:52:10 2020,"Update README.md",   1, 7, 2 
9962edd,David Barbarán,Mon Jun 15 16:03:06 2020,"Merge pull request #3 from COVID19-App/master", 
a346528,David Barbarán,Thu Apr 2 07:45:53 2020,"Merge pull request #1 from COVID19-App/develop", 
d2706c0,davidbarbaran,Wed Mar 25 20:51:59 2020,"Update gitignore",   1, 4, 1 
83d3648,David Barbarán,Wed Mar 25 03:57:43 2020,"Update README.md",   1, 1 
d2326c0,David Barbarán,Wed Mar 25 03:57:29 2020,"Update README.md",   1, 7, 2 
b254eb1,davidbarbaran,Wed Mar 25 03:23:34 2020,"Update readme",   1, 8, 2 
1620b20,davidbarbaran,Wed Mar 25 03:17:31 2020,"Add readme",   1, 50 
4ce52db,davidbarbaran,Wed Mar 25 03:10:46 2020,"Add project :rocket:",   135, 7033 