commit id,author,date,comment,changed files,lines added,lines deleted

f6051aa,Rohit Verma,Thu Jun 25 20:00:54 2020,"Update README.md",   1, 1 
9e82533,Rohit Verma,Thu Jun 25 20:00:22 2020,"Update README.md",   1, 2, 2 
971d0e1,Rohit Verma,Thu Jun 25 19:59:07 2020,"Update README.md",   1, 15 
5d55fc2,deadskull7,Mon Jun 22 23:05:10 2020,"Merge branch 'master' of https://github.com/deadskull7/One-Stop-for-COVID-19-Infection-and-Lung-Segmentation-plus-Classification", 
490a75d,deadskull7,Mon Jun 22 23:05:00 2020,"...",   1, 1, 1 
41d294a,deadskull7,Mon Jun 22 22:36:34 2020,"Initial Commit",   123, 35080, 1 
31b840f,Rohit Verma,Mon Jun 22 22:34:12 2020,"Initial commit",   1, 1 