commit id,author,date,comment,changed files,lines added,lines deleted

fb2eb5e,Timo Moeller,Tue Jun 23 01:46:47 2020,"Merge branch 'master' of github.com:deepset-ai/COVID-QA", 
321e304,Timo Moeller,Tue Jun 23 01:46:20 2020,"Add annotation guidelines",   1, 0, 0 
d1b1b39,Timo Moeller,Thu Jun 18 19:21:34 2020,"Add paper to readme",   1, 1, 1 
683b619,Timo Moeller,Thu Jun 18 19:01:54 2020,"Adjust readme",   1, 1, 3 
43e4e77,Timo Moeller,Thu Jun 18 19:00:30 2020,"Adjust readme",   1, 15, 7 
9c2367b,Timo Moeller,Thu Jun 18 02:57:28 2020,"Adjust readme",   1, 2 
19b3238,Timo Moeller,Thu Jun 18 01:41:35 2020,"Add COVID-QA dataset used in paper",   1, 1 
ea703c6,Malte Pietsch,Wed Jun 17 22:47:24 2020,"Update README.md",   1, 1, 43 
fd47871,Timo Moeller,Sat May 9 21:28:14 2020,"Merge pull request #106 from deepset-ai/dwhitena-master", 
9f6e5b4,Timo Moeller,Sat May 9 21:23:54 2020,"Adjust SIL language detection",   1, 22, 2 
67f8c3b,mfleming99,Tue May 5 17:50:59 2020,"Added more start_urls to WHO scraper. (#105)",   1, 12, 2 
c509f82,Daniel Whitenack,Sat May 2 00:11:01 2020,"Integrate SIL language identification API",   3, 37, 7 
5380862,Tanay Soni,Mon Apr 27 23:39:40 2020,"Fix config",   1, 1, 1 
471a9d8,Timo Moeller,Fri Apr 24 03:52:05 2020,"Correct offsets in QA annotations file",   1, 1 
d07bb7f,TeepaBlue,Thu Apr 23 17:18:13 2020,"Update README.md (#102)",   1, 3, 2 
009f46c,Timo Moeller,Tue Apr 21 17:51:41 2020,"Update annotations file",   1, 5519, 3194 
8410c7f,Timo Moeller,Mon Apr 20 18:52:20 2020,"Fix cdc gen scraper, add deduplication of crawled questions (#101)",   8, 150, 74 
1b11703,Timo Moeller,Mon Apr 20 18:51:05 2020,"Fix cdc gen scraper, add dedup",   8, 150, 74 
98b178c,Bogdan Kostić,Thu Apr 16 18:52:00 2020,"Added predictions of some of the labeled data",   2, 806 
305aff6,Timo Moeller,Wed Apr 15 18:24:59 2020,"Add QA data (#98)",   2, 13243, 3 
93e40a9,Timo Moeller,Wed Apr 15 18:12:16 2020,"Adjust readme",   1, 4, 4 
2dccd72,Timo Moeller,Wed Apr 15 17:41:41 2020,"Adjust readme, add QA data",   2, 13241, 1 
07d4e80,Simon Fakir,Thu Apr 9 18:32:08 2020,"Merge pull request #95 from sfakir/master", 
1293376,bogdankostic,Mon Apr 6 20:23:15 2020,"Updated scraper for CDC-Water page (#97)",   1, 11, 6 
88b1a57,Bogdan Kostić,Mon Apr 6 20:21:40 2020,"Updated scraper for CDC-Water page",   1, 11, 6 
032c23f,Kyle Shannon,Mon Apr 6 19:55:46 2020,"Add manual data formatting script to create and format text files from CORD-19 data subsets to be added to the annotation tool (#93)",   1, 78 
4890ad5,Timo Moeller,Wed Apr 1 01:54:22 2020,"Add wayback scraper for testing",   1, 62 
b21f082,Timo Moeller,Wed Apr 1 01:23:02 2020,"Add test for automatic scraper",   1, 49, 7 
30647da,Malte Pietsch,Tue Mar 31 20:41:32 2020,"Update README.md",   1, 1, 1 
d48a9f4,Malte Pietsch,Tue Mar 31 20:39:55 2020,"Update README.md",   1, 2, 2 
e1bcc06,Simon Fakir,Tue Mar 31 04:50:36 2020,"Merge branch 'master' into master", 
a2effc3,theapache64,Sat Mar 28 00:12:40 2020,"Update telegram bot to generic endpoint (#92)",   6, 44, 36 
d0d1409,Simon Fakir,Fri Mar 27 23:59:13 2020,"Merge pull request #87 from David-Mueller/feature/frontend-multilingual", 
007bc0b,Tanay Soni,Fri Mar 27 21:58:00 2020,"Add model_id in response(#90)", 
6a7dc23,Bogdan Kostić,Fri Mar 27 20:59:03 2020,"Fixed SaluteIT and CDC scraper and scraped data with metascraper",   4, 7634, 3 
5248111,Tanay Soni,Fri Mar 27 19:56:50 2020,"Merge branch 'master' of https://github.com/deepset-ai/COVID-QA", 
a5d942a,Tanay Soni,Fri Mar 27 19:56:22 2020,"Add check if request has no filters",   1, 2 
34e1697,Tanay Soni,Fri Mar 27 18:45:50 2020,"Update Dockerfile",   1, 3, 1 
6e1002f,Tanay Soni,Fri Mar 27 18:39:10 2020,"Merge branch 'master' of https://github.com/deepset-ai/COVID-QA", 
48452be,Tanay Soni,Fri Mar 27 18:32:39 2020,"Update requirements",   1, 1 
3ca1a66,Malte Pietsch,Fri Mar 27 18:17:12 2020,"add filter for en model. make cld3 optional requirement",   3, 5, 5 
cecb38f,Tanay Soni,Fri Mar 27 03:53:21 2020,"Merge pull request #85 from deepset-ai/language-detection", 
1003f12,theapache64,Fri Mar 27 03:36:30 2020,"- 👆 update scholar api to haystack api (#76)",   4, 45, 14 
9c2960a,Bogdan Kostić,Fri Mar 27 01:37:17 2020,"Added language detection in backend",   2, 17, 4 
038093d,Malte Pietsch,Thu Mar 26 19:53:53 2020,"Update backend docker (#80)",   3, 31, 21 
4e9f6d4,Malte Pietsch,Thu Mar 26 19:52:58 2020,"update docs",   3, 26, 19 
eecf165,Timo Moeller,Thu Mar 26 19:52:41 2020,"Add automatic scraper (#79)",   9, 567, 4 
70ca5e2,Malte Pietsch,Thu Mar 26 18:56:36 2020,"update backend docker",   1, 5, 2 
66eee8f,Timo Moeller,Thu Mar 26 18:28:30 2020,"Add sources sheet",   1, 31 
47a11c7,Timo Moeller,Thu Mar 26 18:25:56 2020,"Add autoscraper, move language handling",   8, 536, 4 
d87d5bf,Malte Pietsch,Thu Mar 26 18:08:06 2020,"Update README.md",   1, 2 
d8ecb44,Simon Fakir,Thu Mar 26 01:24:32 2020,"Unified external API endpoint to ask questions (#72)",   1, 8 
a847495,theapache64,Wed Mar 25 00:03:09 2020,"Add matched question and feedback option to telegram bot (#71)",   39, 848, 203 
67853fe,Tanay Soni,Tue Mar 24 23:21:45 2020,"Merge branch 'master' of https://github.com/deepset-ai/COVID-QA", 
41412b8,Tanay Soni,Tue Mar 24 23:21:11 2020,"Disable doc-qa API endpoint",   1, 31, 31 
5669474,Tanay Soni,Tue Mar 24 21:19:49 2020,"Merge branch 'master' of https://github.com/deepset-ai/COVID-QA", 
8d0b4a1,Tanay Soni,Tue Mar 24 21:19:10 2020,"Add logging",   2, 6, 10 
c9b07cf,Malte Pietsch,Tue Mar 24 18:21:41 2020,"make answer optional in feedback api",   1, 3, 1 
9197486,Timo Moeller,Tue Mar 24 03:44:17 2020,"Move scripts out of data",   4, 1, 1 
1b6e15f,Runinho,Tue Mar 24 03:41:35 2020,"add Zeit Online scraper (#33)",   1, 66 
e38cdbb,Timo Moeller,Tue Mar 24 03:30:25 2020,"Merge pull request #64 from deepset-ai/bogdan_scrapers", 
1283d68,Malte Pietsch,Tue Mar 24 00:59:31 2020,"Update README.md",   1, 4, 4 
97cf029,theapache64,Tue Mar 24 00:57:43 2020,"Add Telegram Bot (#58)",   23, 587, 9 
13f87c7,Timo Moeller,Tue Mar 24 00:18:00 2020,"Merge pull request #62 from deepset-ai/bogdan_scrapers", 
5be560a,Tanay Soni,Tue Mar 24 00:09:21 2020,"Merge branch 'master' of https://github.com/deepset-ai/COVID-QA", 
b10e2e1,Tanay Soni,Tue Mar 24 00:08:32 2020,"Add Elastic-APM",   3, 10, 4 
8ca5151,Branden Chan,Mon Mar 23 23:21:23 2020,"rename covid-qa to covid_nlp",   12, 75, 4 
f34af00,Timo Moeller,Mon Mar 23 21:54:51 2020,"Refactor kbv scraper",   1, 76, 77 
42c254e,Timo Moeller,Mon Mar 23 21:49:43 2020,"Merge pull request #38 from DataWorm/kbvScraper", 
cb0e34b,Tanay Soni,Mon Mar 23 21:24:29 2020,"Fix document_id to be unique (related to #59)",   1, 2, 5 
dd913ec,Tanay Soni,Mon Mar 23 21:23:14 2020,"Fix answer_html for scraper",   1, 1, 1 
e9907a9,Tanay Soni,Mon Mar 23 21:17:57 2020,"Merge branch 'master' of https://github.com/deepset-ai/COVID-QA", 
29951fb,Tanay Soni,Mon Mar 23 21:14:31 2020,"Fix answer_html for scraper",   1, 1, 1 
7395f28,Malte Pietsch,Mon Mar 23 02:33:49 2020,"separate models by language: bert for english, bm25: for rest",   2, 10, 5 
7ab2301,Tanay Soni,Mon Mar 23 02:28:37 2020,"Add autocomplete for faq-qa",   1, 4 
5657904,Tanay Soni,Mon Mar 23 02:08:26 2020,"Merge pull request #51 from sfakir/master", 
fda41b5,Tanay Soni,Mon Mar 23 02:07:09 2020,"Fix ES Indexing",   1, 1, 2 
aa8d3e5,DataWorm,Mon Mar 23 01:57:09 2020,"Fix CDC children scraper (#49)",   2, 61, 81 
ae3db8d,Timo Moeller,Mon Mar 23 01:55:19 2020,"Add investigation notebook for crawls",   1, 971 
a262c48,Malte Pietsch,Mon Mar 23 01:52:55 2020,"add update_embeddings() for data ingestion. extend API config",   4, 88, 51 
81db351,Timo Moeller,Mon Mar 23 01:31:03 2020,"Add merged files", 
f3b571a,Timo Moeller,Mon Mar 23 01:28:09 2020,"Test and update scrapers, add output file from current crawl",   9, 2428, 14 
cb8c39c,Simon Fakir,Mon Mar 23 00:12:14 2020,"Merge pull request #48 from schafeld/master", 
340a8cc,Runinho,Mon Mar 23 00:01:44 2020,"add BMG scraper (#37)",   1, 67 
655349d,Timo Moeller,Sun Mar 22 22:56:22 2020,"Add html extraction to GOC scraper",   1, 1, 1 
288db26,Malte Pietsch,Sun Mar 22 22:04:10 2020,"Update README.md",   1, 2, 2 
5a7ddac,Malte Pietsch,Sun Mar 22 21:57:04 2020,"Update README.md",   1, 2, 2 
f6d4e09,Malte Pietsch,Sun Mar 22 21:51:05 2020,"Add eval of pretrained transformers using haystack. rename embedding folder",   4, 51 
477409f,Malte Pietsch,Sun Mar 22 21:47:02 2020,"add eval script for pretrained transformer models using farm/haystack. rename folder with embedding models",   4, 51 
baa0594,Runinho,Sun Mar 22 21:38:19 2020,"add faq from german Bundesregierung (#35)",   1, 62 
73d2fa2,Runinho,Sun Mar 22 21:34:36 2020,"add UNICEF scraper (#34)",   1, 62 
8d6f6cb,Timo Moeller,Sun Mar 22 21:27:48 2020,"Merge branch 'master' of github.com:deepset-ai/COVID-QA", 
eca0c01,Timo Moeller,Sun Mar 22 21:27:35 2020,"Merge branch 'Runinho-add_ecdc_faq'", 
6885d24,Malte Pietsch,Sun Mar 22 21:24:08 2020,"add german eval dataset",   1, 625 
b64e61a,Timo Moeller,Sun Mar 22 21:20:22 2020,"Merge branch 'master' of github.com:deepset-ai/COVID-QA", 
8190f42,Timo Moeller,Sun Mar 22 21:16:38 2020,"Remove outdated scraper, update req for scraper",   2, 1, 1 
c4b0cae,Carmen Heger,Sun Mar 22 21:08:01 2020,"tuned tfidf params; added f1 score to eval (#40)",   4, 10, 7 
ee9c7f8,andra-pumnea,Sun Mar 22 21:05:33 2020,"Analysis of embedding models (glove, fasttext, flair, elmo) (#32)",   2, 1101 
0098e8c,Tanay Soni,Sun Mar 22 21:01:15 2020,"Update META_scraper.py",   1, 1, 1 
92edaeb,Simon Fakir,Sun Mar 22 07:20:18 2020,"Merge pull request #36 from sfakir/master", 
f56c99e,Timo Moeller,Sun Mar 22 03:46:36 2020,"Merge branch 'HenrykBorzymowski-feature/RKI_scraper'", 
30690ec,Andrada Pumnea,Sun Mar 22 03:25:40 2020,"add ROC plot for all the embeddings  #6",   1, 64, 9 
ee5aef6,Tanay Soni,Sun Mar 22 03:24:11 2020,"Add validation for user feedback",   1, 7, 1 
b66311d,Timo Moeller,Sun Mar 22 03:00:00 2020,"Merge branch 'master' of github.com:deepset-ai/COVID-QA", 
c4140a0,Timo Moeller,Sun Mar 22 02:59:29 2020,"Merge branch 'tkh42-master3'", 
8daa2e8,Andrada Pumnea,Sun Mar 22 02:43:15 2020,"Merge branch 'master' of github.com:deepset-ai/COVID-QA into embedding_models", 
0782e3d,Andrada Pumnea,Sun Mar 22 01:27:36 2020,"Merge branch 'master' of github.com:deepset-ai/COVID-QA into embedding_models", 
29896b8,Andrada Pumnea,Sun Mar 22 01:16:47 2020,"create csv with similarity scorse for the different embeddings and visualize them #6",   2, 1046 
2accebe,Tanay Soni,Sun Mar 22 00:03:48 2020,"Restructure backend into modules",   15, 497, 210 
af726f1,Timo Moeller,Sat Mar 21 23:51:11 2020,"Merge branch 'tkh42-master2'", 
b95f71e,Timo Moeller,Sat Mar 21 23:48:31 2020,"Merge branch 'master' of github.com:deepset-ai/COVID-QA", 
de3e1f8,Timo Moeller,Sat Mar 21 23:27:04 2020,"Merge branch 'master' of https://github.com/tkh42/COVID-QA", 
7c068cc,Simon Fakir,Sat Mar 21 23:10:26 2020,"Merge pull request #25 from schafeld/master", 
619bc56,Simon Fakir,Sat Mar 21 23:07:44 2020,"Merge pull request #24 from David-Mueller/feature/add-feedback", 
a781a92,Malte Pietsch,Sat Mar 21 22:29:53 2020,"Add eval script for question similarity (#23)",   1, 49 
b60a6c8,Malte Pietsch,Sat Mar 21 22:24:35 2020,"basic eval script for question similarity",   1, 49 
0afcccf,Timo Moeller,Sat Mar 21 21:46:33 2020,"Merge branch 'tkh42-master'", 
f031618,Tanay Soni,Sat Mar 21 21:34:19 2020,"Merge branch 'master' of https://github.com/deepset-ai/COVID-QA", 
e5950ea,Tanay Soni,Sat Mar 21 21:33:54 2020,"Add User Feedback API",   1, 33, 13 
460794c,Malte Pietsch,Sat Mar 21 19:51:20 2020,"add evaluation dataset for question similarity (english)",   1, 489 
a0d4975,Timo Moeller,Sat Mar 21 19:48:35 2020,"Merge branch 'stedomedo-add_italian_faq'", 
5414aad,Timo Moeller,Sat Mar 21 19:47:37 2020,"Update requirements, add execution to scraper",   2, 14, 3 
980a0cd,Timo Moeller,Sat Mar 21 19:32:50 2020,"Merge branch 'add_italian_faq' of https://github.com/stedomedo/COVID-QA into stedomedo-add_italian_faq", 
43ce9c0,Tanay Soni,Sat Mar 21 18:43:08 2020,"Fix classname",   1, 2, 3 
f22eac5,Tanay Soni,Sat Mar 21 17:14:56 2020,"Update requirements.txt",   1, 2, 2 
18c57ea,HenrykBorzymowski,Sat Mar 21 06:03:40 2020,"added RKI_sraper.py (#9)",   1, 55 
1735eb2,Timo Moeller,Sat Mar 21 05:24:03 2020,"Add data format example for scraper (#11)",   2, 4, 3 
5da3ed0,Timo Moeller,Sat Mar 21 05:21:37 2020,"Add data format",   2, 4, 3 
3467c23,Simon Fakir,Sat Mar 21 04:48:33 2020,"Merge branch 'master' of github.com:deepset-ai/COVID-QA", 
b5ad70e,Simon Fakir,Sat Mar 21 04:48:16 2020,"added production link",   1, 1, 1 
0857460,Simon Fakir,Sat Mar 21 03:12:51 2020,"removed all middleware",   1, 1 
ef5f99d,Simon Fakir,Sat Mar 21 03:12:23 2020,"middleware node",   61, 6909 
8b3c80d,Simon Fakir,Sat Mar 21 03:11:46 2020,"added middleware2",   1, 0, 0 
a684a6b,Simon Fakir,Sat Mar 21 03:10:51 2020,"setup",   1, 0, 0 
0d203bf,Simon Fakir,Sat Mar 21 03:03:46 2020,"moved folders",   2, 1 
837b2d6,Simon Fakir,Sat Mar 21 02:58:49 2020,"added frontend / middleware",   91, 18883 
1af48ac,Malte Pietsch,Fri Mar 20 23:21:59 2020,"Merge pull request #1 from deepset-ai/scrapers", 
3762336,Malte Pietsch,Fri Mar 20 23:04:30 2020,"Update README.md",   1, 12, 8 
55b7ec9,Malte Pietsch,Fri Mar 20 22:53:59 2020,"Update README.md",   1, 1, 1 
b58c67d,Malte Pietsch,Fri Mar 20 22:50:31 2020,"Merge branch 'master' of github.com:deepset-ai/COVID-QA", 
e3d7813,Malte Pietsch,Fri Mar 20 22:50:23 2020,"fix env variables",   1, 2, 2 
f5ab291,Malte Pietsch,Fri Mar 20 21:51:30 2020,"fix search_field_name",   1, 1, 1 
5530045,Malte Pietsch,Fri Mar 20 21:34:22 2020,"enable bm25 baseline for retriever",   2, 28, 24 
0863177,Malte Pietsch,Fri Mar 20 05:25:22 2020,"Update README.md",   1, 4 
c5d99d2,Malte Pietsch,Fri Mar 20 05:16:34 2020,"Merge branch 'master' of github.com:deepset-ai/COVID-QA", 
1d910ec,Malte Pietsch,Fri Mar 20 05:16:26 2020,"add sick bert. update docker compose and data ingestion",   3, 9, 9 
53b2249,Malte Pietsch,Thu Mar 19 02:32:50 2020,"fix names of env variables",   1, 2, 2 
af0fdbb,Malte Pietsch,Thu Mar 19 00:36:23 2020,"adjust docker. add fastAPI",   5, 206, 5 
161fe05,Malte Pietsch,Wed Mar 18 23:28:25 2020,"add basic, static faq data",   2, 1146, 1 
83ed430,Malte Pietsch,Wed Mar 18 23:26:06 2020,"minimal dockerfile and data ingestion of FAQs",   3, 58 
cb20287,Malte Pietsch,Tue Mar 17 22:46:31 2020,"Update README.md",   1, 3 
1c7e483,Malte Pietsch,Tue Mar 17 22:45:50 2020,"Update README.md",   1, 1, 1 
15c44ad,Malte Pietsch,Tue Mar 17 22:44:47 2020,"Initial commit",   2, 203 