commit id,author,date,comment,changed files,lines added,lines deleted

ffa2f49,Janos Tolgyesi,Wed Apr 15 03:19:28 2020,"Remove unused import",   1, 2, 2 
7709dae,Janos Tolgyesi,Wed Apr 15 03:06:11 2020,"Calculate train loss and metrics only at the end of the epoch",   1, 33, 32 
01a83c8,Janos Tolgyesi,Wed Apr 1 06:35:25 2020,"Add a variant of roc_auc_score that is robust for single label batches",   1, 8, 2 
7e08790,Alessandro Ferrari,Tue Mar 31 02:35:24 2020,"Changed OpenCV version.",   1, 3, 5 
7c20234,Alessandro Ferrari,Tue Mar 31 00:29:55 2020,"Committed dockerbuild and tools for running training from docker container.",   4, 150 
8006765,Janos Tolgyesi,Wed Apr 1 20:31:07 2020,"Revert "Add a variant of roc_auc_score that is robust for single label batches"",   1, 2, 8 
2ac2e5d,Janos Tolgyesi,Wed Apr 1 07:02:14 2020,"Add NIH-CX38 dataset",   3, 88, 2 
e8c8a37,Janos Tolgyesi,Wed Apr 1 06:35:25 2020,"Add a variant of roc_auc_score that is robust for single label batches",   1, 8, 2 
57ff52c,Diego Ferri,Tue Mar 31 23:43:25 2020,"README: update score to current seed.",   1, 1, 1 
e655a23,Diego Ferri,Tue Mar 31 23:42:39 2020,"Fix a lucky seed.",   1, 1, 1 
c08747c,Diego Ferri,Tue Mar 31 22:03:52 2020,"Fix seed in trainer.",   1, 13 
bd31df0,Diego Ferri,Tue Mar 31 21:54:50 2020,"Add cuda version to diagnostics.",   1, 1 
28e582e,Diego Ferri,Tue Mar 31 21:52:56 2020,"Gitignore.",   1, 1 
cc59365,Diego Ferri,Tue Mar 31 21:52:48 2020,"Remove gitignored pycache folder.",   2, 0, 0 
fe9ed82,Diego Ferri,Fri Mar 27 21:19:33 2020,"Typo. Integrations.",   1, 3, 3 
ce0a6e5,Diego Ferri,Fri Mar 27 01:35:45 2020,"README.",   1, 35, 1 
3c92987,Diego Ferri,Fri Mar 27 01:23:21 2020,"Removed useless jupyter notebook.",   1, 551 
87831f2,Diego Ferri,Fri Mar 27 01:02:31 2020,"Gitignore and cleanup.",   10, 1 
a7752ac,Diego Ferri,Fri Mar 27 01:00:09 2020,"Conda env export.",   1, 91, 47 
795b45d,Diego Ferri,Fri Mar 27 00:59:57 2020,"Remove scipy dependency.",   1, 2 
fb1710f,Diego Ferri,Fri Mar 27 00:49:59 2020,"Checkpoints folder.",   3, 3, 3 
31e7dca,Diego Ferri,Fri Mar 27 00:25:31 2020,"Gitignore.",   1, 1, 1 
a2023b1,Diego Ferri,Thu Mar 26 23:14:10 2020,"Stratified cross validation.",   2, 34, 18 
695d476,Diego Ferri,Thu Mar 26 22:25:31 2020,"Convert pynb to py script.",   25, 430 
776befd,Diego Ferri,Thu Mar 26 01:09:46 2020,"Tunable learning rate.",   1, 1, 2 
b555eb7,Diego Ferri,Thu Mar 26 00:51:32 2020,"Tuning.",   1, 4, 4 
d851842,Diego Ferri,Thu Mar 26 00:51:46 2020,"COVID19 fine-tuning.",   1, 11 
28b21b9,Diego Ferri,Thu Mar 26 00:50:43 2020,"Citations.",   1, 1, 1 
aff869a,Diego Ferri,Wed Mar 25 22:25:25 2020,"Clear all output.",   1, 8, 27 
7391067,Diego Ferri,Wed Mar 25 22:25:11 2020,"Smoothing fix.",   1, 1, 1 
94f4585,Diego Ferri,Wed Mar 25 21:16:57 2020,"COVID19Dataset loader.",   1, 30, 143 
2837c15,Diego Ferri,Wed Mar 25 19:54:26 2020,"Loss/metric smoothing.",   1, 106, 41 
0ba7f39,Diego Ferri,Wed Mar 25 03:04:16 2020,"Gitignore.",   1, 3 
d431727,Diego Ferri,Wed Mar 25 03:03:30 2020,"Notebook.",   1, 107, 54 
c6c791c,Diego Ferri,Wed Mar 25 02:26:55 2020,"Initial import.",   3, 619 
db63d82,Diego Ferri,Tue Mar 24 20:00:58 2020,"Initial commit",   1, 2 
29f41dc,Diego Ferri,Fri Mar 27 01:22:38 2020,"Initial commit",   1, 21 