commit id,author,date,comment,changed files,lines added,lines deleted

734c890,Luca Bianchi,Thu Apr 2 19:45:04 2020,"Merge pull request #3 from Iamsdt/master", 
96eb8f5,Janos Tolgyesi,Wed Apr 1 00:41:27 2020,"Update github workflow file",   1, 1, 1 
894445e,Luca Bianchi,Wed Apr 1 00:30:27 2020,"Merge pull request #7 from MatteoStefanini/patch-3", 
3229e01,Luca Bianchi,Fri Mar 27 22:29:55 2020,"Update hospitals.md",   1, 2, 2 
0d9f4ab,Luca Bianchi,Fri Mar 27 18:39:45 2020,"Updated with trained model reference",   1, 1 
29e7814,Janos Tolgyesi,Fri Mar 27 04:07:47 2020,"Merge pull request #6 from pdondi/patch-1", 
5925518,Janos Tolgyesi,Fri Mar 27 03:36:48 2020,"Integrate bugfix for actions/chcekout",   1, 1, 1 
5a9845f,Janos Tolgyesi,Fri Mar 27 01:31:19 2020,"Added documentation links",   1, 9, 1 
cf339d1,Janos Tolgyesi,Fri Mar 27 01:14:45 2020,"Merge pull request #5 from mrtj/master", 
ad48530,Luca Bianchi,Fri Mar 27 01:04:01 2020,"Update hospitals.md",   1, 1, 1 
c5a679e,Luca Bianchi,Fri Mar 27 01:03:03 2020,"Updated hospital list",   1, 24, 6 
60e5e3e,Diego Ferri,Tue Mar 24 22:42:29 2020,"Drive document list.",   1, 4, 1 
3342290,Diego Ferri,Tue Mar 24 22:24:45 2020,"Mail fix",   1, 1, 1 
0ea2796,Darpan Jain,Mon Mar 23 18:52:30 2020,"Pull request for some minor changes in Readme (#4)",   1, 6, 6 
4b25ec6,Luca Bianchi,Sun Mar 22 09:34:19 2020,"Merge pull request #2 from thundo/patch-2", 
43d42c2,Luca Bianchi,Sun Mar 22 09:34:06 2020,"Merge pull request #1 from thundo/patch-1", 
08c6f9d,Luca Bianchi,Sat Mar 21 22:02:59 2020,":bug: Small bug fix on titles",   1, 3, 3 
d33281b,aletheia,Sat Mar 21 21:57:12 2020,":bug: Small fix",   1, 4, 4 
74e7eb8,aletheia,Sat Mar 21 21:53:20 2020,":pencil: Fix links",   1, 5, 5 
d9f73ec,aletheia,Sat Mar 21 21:49:37 2020,":page_facing_up: Added LICENSE and CoC",   2, 27, 1 
b5a7990,Luca Bianchi,Sat Mar 21 21:46:50 2020,"Create CODE_OF_CONDUCT.md",   1, 76 
d28d900,aletheia,Sat Mar 21 21:41:46 2020,":pencil: Added project description and information",   5, 170 