commit id,author,date,comment,changed files,lines added,lines deleted

95c2fcd,Arthur Ribeiro,Thu Sep 17 08:34:22 2020,"Update reports",   2, 352, 80 
65660a7,Arthur Ribeiro,Wed Sep 16 08:34:33 2020,"Update reports",   2, 353, 81 
530b2cf,Arthur Ribeiro,Tue Sep 15 08:34:25 2020,"Update reports",   2, 351, 79 
b1bd3ad,Arthur Ribeiro,Mon Sep 14 08:34:19 2020,"Update reports",   2, 351, 79 
2d9a07d,Arthur Ribeiro,Sun Sep 13 07:34:37 2020,"Update reports",   2, 360, 88 
0e22173,Arthur Ribeiro,Sat Sep 12 14:17:38 2020,"Merge pull request #50 from devarthurribeiro/dependabot/npm_and_yarn/crawler/yargs-parser-18.1.3", 
edd5a5c,Arthur Ribeiro,Sat Sep 12 08:34:20 2020,"Update reports",   2, 353, 81 
0e7a02c,Arthur Ribeiro,Fri Sep 11 08:34:35 2020,"Update reports",   2, 353, 81 
1922130,Arthur Ribeiro,Thu Sep 10 08:34:24 2020,"Update reports",   2, 359, 87 
2d2bec1,Arthur Ribeiro,Wed Sep 9 08:34:24 2020,"Update reports",   2, 359, 87 
80348b0,Arthur Ribeiro,Tue Sep 8 08:34:22 2020,"Update reports",   2, 351, 79 
f99339d,Arthur Ribeiro,Mon Sep 7 08:34:25 2020,"Update reports",   2, 357, 85 
9fb8b56,Arthur Ribeiro,Sun Sep 6 08:34:07 2020,"Update reports",   2, 186, 186 
bb256c2,Arthur Ribeiro,Sun Sep 6 03:34:03 2020,"Update reports",   2, 302, 30 
873a48c,Arthur Ribeiro,Sat Sep 5 08:34:20 2020,"Update reports",   2, 365, 93 
a3ea37b,Arthur Ribeiro,Fri Sep 4 08:34:13 2020,"Update reports",   2, 353, 81 
5cd4008,Arthur Ribeiro,Thu Sep 3 08:34:06 2020,"Update reports",   2, 353, 81 
e2627d9,Arthur Ribeiro,Wed Sep 2 08:34:24 2020,"Update reports",   2, 353, 81 
6eb8931,Arthur Ribeiro,Tue Sep 1 08:34:10 2020,"Update reports",   2, 366, 94 
42900f3,Arthur Ribeiro,Mon Aug 31 07:33:46 2020,"Update reports",   2, 188, 188 
258ff4a,Arthur Ribeiro,Mon Aug 31 03:33:53 2020,"Update reports",   2, 300, 28 
1e9c60c,Arthur Ribeiro,Sun Aug 30 08:33:37 2020,"Update reports",   2, 358, 86 
5de7c6e,Arthur Ribeiro,Sat Aug 29 08:34:17 2020,"Update reports",   2, 351, 79 
80590b4,Arthur Ribeiro,Fri Aug 28 08:33:59 2020,"Update reports",   2, 359, 87 
543743f,Arthur Ribeiro,Thu Aug 27 08:34:00 2020,"Update reports",   2, 351, 79 
e191fdf,Arthur Ribeiro,Wed Aug 26 07:34:32 2020,"Update reports",   2, 363, 91 
45fb073,Arthur Ribeiro,Tue Aug 25 08:33:56 2020,"Update reports",   2, 352, 80 
ad3f77b,Arthur Ribeiro,Mon Aug 24 07:34:02 2020,"Update reports",   2, 352, 80 
337eabc,Arthur Ribeiro,Sun Aug 23 07:33:56 2020,"Update reports",   2, 371, 99 
80fda5b,Arthur Ribeiro,Sat Aug 22 07:34:07 2020,"Update reports",   2, 366, 94 
16101f2,Arthur Ribeiro,Fri Aug 21 08:34:05 2020,"Update reports",   2, 374, 102 
d4825e6,Arthur Ribeiro,Thu Aug 20 08:34:01 2020,"Update reports",   2, 360, 88 
6c7baee,Arthur Ribeiro,Wed Aug 19 08:34:07 2020,"Update reports",   2, 367, 95 
8a0b755,Arthur Ribeiro,Tue Aug 18 08:33:58 2020,"Update reports",   2, 366, 94 
8a3e0f1,Arthur Ribeiro,Mon Aug 17 07:33:35 2020,"Update reports",   2, 362, 90 
8765401,Arthur Ribeiro,Sun Aug 16 07:34:00 2020,"Update reports",   2, 358, 86 
1a061b9,Arthur Ribeiro,Sat Aug 15 08:33:56 2020,"Update reports",   2, 365, 93 
d32b54a,Arthur Ribeiro,Fri Aug 14 13:25:59 2020,"Merge pull request #48 from devarthurribeiro/dependabot/npm_and_yarn/crawler/lodash-4.17.19", 
eb3875d,Arthur Ribeiro,Fri Aug 14 13:25:38 2020,"Merge pull request #47 from devarthurribeiro/dependabot/npm_and_yarn/api/lodash-4.17.19", 
cdb55e8,Arthur Ribeiro,Fri Aug 14 13:25:23 2020,"Merge pull request #49 from devarthurribeiro/dependabot/npm_and_yarn/api/elliptic-6.5.3", 
b82929c,Arthur Ribeiro,Fri Aug 14 08:34:01 2020,"Update reports",   2, 367, 95 
422307b,Arthur Ribeiro,Thu Aug 13 08:33:56 2020,"Update reports",   2, 360, 88 
f182325,Arthur Ribeiro,Wed Aug 12 08:33:41 2020,"Update reports",   2, 360, 88 
4667937,Arthur Ribeiro,Tue Aug 11 07:33:45 2020,"Update reports",   2, 366, 94 
3aedba3,Arthur Ribeiro,Mon Aug 10 07:33:53 2020,"Update reports",   2, 352, 80 
2476f37,Arthur Ribeiro,Sun Aug 9 08:33:45 2020,"Update reports",   2, 358, 86 
557278e,Arthur Ribeiro,Sat Aug 8 08:33:43 2020,"Update reports",   2, 353, 81 
fc6ab05,Arthur Ribeiro,Fri Aug 7 07:33:49 2020,"Update reports",   2, 367, 95 
4f5b7f5,Arthur Ribeiro,Thu Aug 6 08:33:50 2020,"Update reports",   2, 359, 87 
224ffd1,Arthur Ribeiro,Wed Aug 5 08:33:50 2020,"Update reports",   2, 359, 87 
471c0f8,Arthur Ribeiro,Tue Aug 4 08:33:43 2020,"Update reports",   2, 160, 160 
6d102dd,Arthur Ribeiro,Tue Aug 4 03:34:21 2020,"Update reports",   2, 359, 87 
a68a8de,Arthur Ribeiro,Sun Aug 2 07:33:53 2020,"Update reports",   2, 360, 88 
fc40362,Arthur Ribeiro,Sat Aug 1 08:33:56 2020,"Update reports",   2, 374, 102 
44f1b28,Arthur Ribeiro,Fri Jul 31 08:34:05 2020,"Update reports",   2, 370, 98 
f14bbe8,Arthur Ribeiro,Wed Jul 29 08:34:09 2020,"Update reports",   2, 358, 86 
9c66ed5,Arthur Ribeiro,Tue Jul 28 08:33:34 2020,"Update reports",   2, 367, 95 
c7cff0c,Arthur Ribeiro,Mon Jul 27 07:33:36 2020,"Update reports",   2, 358, 86 
18b08c1,Arthur Ribeiro,Sun Jul 26 08:33:41 2020,"Update reports",   2, 367, 95 
4745c0b,Arthur Ribeiro,Sat Jul 25 08:33:29 2020,"Update reports",   2, 162, 162 
5f97026,Arthur Ribeiro,Sat Jul 25 03:33:49 2020,"Update reports",   2, 367, 95 
b176a0d,Arthur Ribeiro,Thu Jul 23 08:33:59 2020,"Update reports",   2, 374, 102 
e4e6b5e,Arthur Ribeiro,Wed Jul 22 08:33:34 2020,"Update reports",   2, 353, 81 
920f2bf,Arthur Ribeiro,Tue Jul 21 08:33:41 2020,"Update reports",   2, 353, 81 
ae93305,Arthur Ribeiro,Mon Jul 20 07:33:49 2020,"Update reports",   2, 371, 99 
ffca489,Arthur Ribeiro,Sun Jul 19 08:33:37 2020,"Update reports",   2, 384, 112 
7aa1464,Arthur Ribeiro,Sat Jul 18 08:33:50 2020,"Update reports",   2, 353, 81 
5595aa0,Arthur Ribeiro,Fri Jul 17 08:33:48 2020,"Update reports",   2, 367, 95 
3d4ee1c,Arthur Ribeiro,Thu Jul 16 07:33:46 2020,"Update reports",   2, 360, 88 
1cd0d43,Arthur Ribeiro,Wed Jul 15 08:33:31 2020,"Update reports",   2, 367, 95 
e88c50e,Arthur Ribeiro,Tue Jul 14 08:33:42 2020,"Update reports",   2, 353, 81 
70f1e53,Arthur Ribeiro,Mon Jul 13 07:33:31 2020,"Update reports",   2, 359, 87 
4bbd52d,Arthur Ribeiro,Sun Jul 12 08:33:44 2020,"Update reports",   2, 372, 100 
e0d1708,Arthur Ribeiro,Sat Jul 11 08:33:57 2020,"Update reports",   2, 364, 92 
a8efd89,Arthur Ribeiro,Fri Jul 10 08:33:38 2020,"Update reports",   2, 367, 95 
aa8d94f,Arthur Ribeiro,Thu Jul 9 07:33:41 2020,"Update reports",   2, 374, 102 
41633ad,Arthur Ribeiro,Wed Jul 8 08:33:39 2020,"Update reports",   2, 360, 88 
dafe078,Arthur Ribeiro,Tue Jul 7 08:33:38 2020,"Update reports",   2, 367, 95 
f69129a,Arthur Ribeiro,Mon Jul 6 08:33:54 2020,"Update reports",   2, 359, 87 
22d908c,Arthur Ribeiro,Sun Jul 5 07:33:55 2020,"Update reports",   2, 379, 107 
755ab09,Arthur Ribeiro,Sat Jul 4 08:33:55 2020,"Update reports",   2, 360, 88 
bd7098b,Arthur Ribeiro,Fri Jul 3 07:33:47 2020,"Update reports",   2, 374, 102 
ea8d0c7,Arthur Ribeiro,Thu Jul 2 08:33:32 2020,"Update reports",   2, 367, 95 
03f274f,Arthur Ribeiro,Wed Jul 1 08:33:40 2020,"Update reports",   2, 367, 95 
4e06e83,Arthur Ribeiro,Tue Jun 30 08:33:42 2020,"Update reports",   2, 371, 99 
2a25a91,Arthur Ribeiro,Mon Jun 29 08:33:37 2020,"Update reports",   2, 366, 94 
14dde0e,Arthur Ribeiro,Sun Jun 28 08:34:00 2020,"Update reports",   2, 363, 91 
e55da55,Arthur Ribeiro,Sat Jun 27 08:33:37 2020,"Update reports",   2, 367, 95 
1b98c11,Arthur Ribeiro,Fri Jun 26 08:34:01 2020,"Update reports",   2, 160, 160 
bafc728,Arthur Ribeiro,Fri Jun 26 03:33:38 2020,"Update reports",   2, 367, 95 
4ab7337,Arthur Ribeiro,Wed Jun 24 08:33:51 2020,"Update reports",   2, 367, 95 
ed573df,Arthur Ribeiro,Tue Jun 23 09:48:52 2020,"add vercel logo to footer",   1, 12, 2 
0b8a47d,Arthur Ribeiro,Tue Jun 23 08:33:49 2020,"Update reports",   2, 359, 87 
9a0c0cc,Arthur Ribeiro,Mon Jun 22 08:33:54 2020,"Update reports",   2, 370, 98 
bb6606f,Arthur Ribeiro,Sun Jun 21 08:33:34 2020,"Update reports",   2, 367, 95 
5a3840e,Arthur Ribeiro,Sat Jun 20 08:33:49 2020,"Update reports",   2, 374, 102 
eeb4b7d,Arthur Ribeiro,Fri Jun 19 08:33:44 2020,"Update reports",   2, 360, 88 
d881ecd,Arthur Ribeiro,Thu Jun 18 08:33:36 2020,"Update reports",   2, 350, 78 
4799547,Arthur Ribeiro,Wed Jun 17 07:33:58 2020,"Update reports",   2, 371, 99 
08e71d3,Arthur Ribeiro,Tue Jun 16 08:33:44 2020,"Update reports",   2, 367, 95 
bf29ad9,Arthur Ribeiro,Mon Jun 15 07:33:32 2020,"Update reports",   2, 360, 88 
4d04f94,Arthur Ribeiro,Sun Jun 14 08:33:43 2020,"Update reports",   2, 359, 87 
f20e6f5,Arthur Ribeiro,Sat Jun 13 08:33:51 2020,"Update reports",   2, 374, 102 
6372d42,Arthur Ribeiro,Fri Jun 12 07:34:02 2020,"Update reports",   2, 360, 88 
6b71093,Arthur Ribeiro,Thu Jun 11 08:33:47 2020,"Update reports",   2, 353, 81 
ddc9766,Arthur Ribeiro,Wed Jun 10 08:33:42 2020,"Update reports",   2, 202, 202 
da301c5,Arthur Ribeiro,Wed Jun 10 05:33:41 2020,"Update reports",   2, 370, 98 
ffc2720,Arthur Ribeiro,Sat Jun 6 03:33:49 2020,"Update reports",   2, 380, 108 
869f0d5,Arthur Ribeiro,Fri Jun 5 03:33:45 2020,"Update reports",   2, 359, 87 
d0ecea8,Arthur Ribeiro,Thu Jun 4 03:33:45 2020,"Update reports",   2, 373, 101 
8de1548,Arthur Ribeiro,Tue Jun 2 09:44:17 2020,"Update reports",   2, 184, 184 
86a7efa,Arthur Ribeiro,Tue Jun 2 03:33:36 2020,"Update reports",   2, 373, 101 
2f2e631,Arthur Ribeiro,Sun May 31 08:33:52 2020,"Update reports",   2, 374, 102 
ff2b508,Arthur Ribeiro,Sat May 30 08:34:59 2020,"Update reports",   2, 384, 112 
3b21675,Arthur Ribeiro,Thu May 28 22:24:13 2020,"Update reports",   2, 364, 92 
795468b,Arthur Ribeiro,Thu May 28 08:33:45 2020,"Update reports",   2, 202, 202 
c9c5dd8,Arthur Ribeiro,Thu May 28 03:33:55 2020,"Update reports",   2, 366, 94 
1e61609,Arthur Ribeiro,Tue May 26 08:33:49 2020,"Update reports",   2, 375, 103 
1f82258,Arthur Ribeiro,Sat May 23 10:33:47 2020,"Update reports",   2, 372, 100 
4aebe73,Arthur Ribeiro,Fri May 22 09:52:48 2020,"Update reports",   2, 210, 210 
b767357,Arthur Ribeiro,Sat May 23 08:33:42 2020,"Update reports",   2, 359, 87 
7754aba,Arthur Ribeiro,Fri May 22 01:53:27 2020,"Update reports",   2, 359, 87 
ef1e1fb,Arthur Ribeiro,Thu May 21 09:40:45 2020,"Update reports",   2, 378, 106 
16cedbc,Arthur Ribeiro,Wed May 20 08:33:47 2020,"Update reports",   2, 372, 100 
ab3a1f8,Arthur Ribeiro,Tue May 19 11:50:22 2020,"Update reports",   1, 1 
f48fa97,Arthur Ribeiro,Tue May 19 11:48:31 2020,"Update reports",   1, 3 
d6b0f3b,Arthur Ribeiro,Tue May 19 08:38:21 2020,"update reports",   2, 371, 99 
90de6a3,Arthur Ribeiro,Mon May 18 00:18:48 2020,"update reports",   2, 365, 93 
d437674,Arthur Ribeiro,Sun May 17 12:19:59 2020,"update reports",   2, 162, 162 
23377a9,Arthur Ribeiro,Sat May 16 10:37:28 2020,"update reports",   2, 372, 100 
be5a3a5,Arthur Ribeiro,Fri May 15 15:43:44 2020,"fix crawler and reports",   4, 132, 134 
0901a39,Arthur Ribeiro,Fri May 15 14:12:23 2020,"update action .env",   1, 1, 1 
b66e1b7,Arthur Ribeiro,Fri May 15 14:08:45 2020,"fix crawler",   3, 91, 90 
4cc3315,Arthur Ribeiro,Fri May 15 14:06:19 2020,"update reports",   2, 412, 140 
054a75b,Arthur Ribeiro,Mon May 11 08:33:58 2020,"Update reports",   2, 377, 105 
9db258e,Arthur Ribeiro,Sun May 10 08:33:43 2020,"Update reports",   2, 365, 93 
28607a3,Arthur Ribeiro,Sat May 9 08:33:58 2020,"Update reports",   2, 377, 105 
ad7c035,Arthur Ribeiro,Fri May 8 08:33:56 2020,"Update reports",   2, 396, 124 
a588467,Arthur Ribeiro,Thu May 7 08:33:34 2020,"Update reports",   2, 365, 93 
61ac6f9,Arthur Ribeiro,Wed May 6 08:33:52 2020,"Update reports",   2, 218, 218 
34d31f7,Arthur Ribeiro,Wed May 6 03:33:33 2020,"Update reports",   2, 308, 36 
96a2f91,Arthur Ribeiro,Tue May 5 08:33:49 2020,"Update reports",   2, 70, 70 
3f8d5a8,Arthur Ribeiro,Tue May 5 06:34:57 2020,"Update reports",   2, 168, 168 
9bc88fb,Arthur Ribeiro,Tue May 5 05:33:34 2020,"Update reports",   2, 335, 63 
e2e85a2,Arthur Ribeiro,Mon May 4 07:33:51 2020,"Update reports",   2, 192, 192 
18d72cb,Arthur Ribeiro,Mon May 4 06:33:44 2020,"Update reports",   2, 346, 74 
8c5cf09,Arthur Ribeiro,Sun May 3 08:49:18 2020,"Update reports",   2, 357, 85 
57135f7,Arthur Ribeiro,Sat May 2 05:33:37 2020,"Update reports",   2, 359, 87 
1fdc614,Arthur Ribeiro,Fri May 1 06:33:52 2020,"Update reports",   2, 374, 102 
52fb07f,Arthur Ribeiro,Thu Apr 30 06:33:40 2020,"Update reports",   2, 375, 103 
a5621bc,Arthur Ribeiro,Wed Apr 29 07:33:32 2020,"Update reports",   2, 170, 170 
4e4cf79,Arthur Ribeiro,Wed Apr 29 06:35:12 2020,"Update reports",   2, 307, 35 
a9c9300,Arthur Ribeiro,Tue Apr 28 06:34:16 2020,"Update reports",   2, 84, 84 
22efb19,Arthur Ribeiro,Tue Apr 28 05:33:53 2020,"Update reports",   2, 345, 73 
4ec7f99,Arthur Ribeiro,Mon Apr 27 07:33:34 2020,"Update reports",   2, 108, 108 
3198e9b,Arthur Ribeiro,Mon Apr 27 06:34:02 2020,"Update reports",   2, 333, 61 
e715f90,Arthur Ribeiro,Sun Apr 26 06:34:06 2020,"Update reports",   2, 366, 94 
836a974,Arthur Ribeiro,Sun Apr 26 06:25:41 2020,"fix user team role",   1, 1 
e336c27,Arthur Ribeiro,Sun Apr 26 06:23:43 2020,"remove world graphic page link",   1, 5 
d8f0686,Arthur Ribeiro,Sat Apr 25 05:33:42 2020,"Update reports",   2, 373, 101 
cae6d91,Arthur Ribeiro,Sat Apr 25 02:57:17 2020,"Merge pull request #37 from epcgrs/master", 
8233a27,Arthur Ribeiro,Fri Apr 24 06:38:50 2020,"Update reports",   2, 369, 97 
bf72b03,Arthur Ribeiro,Thu Apr 23 05:33:52 2020,"Update reports",   2, 364, 92 
2c68482,Arthur Ribeiro,Wed Apr 22 07:33:48 2020,"Update reports",   2, 371, 99 
4e632ea,Arthur Ribeiro,Tue Apr 21 06:33:50 2020,"Update reports",   2, 373, 101 
ac7de0d,Arthur Ribeiro,Mon Apr 20 06:34:35 2020,"Update reports",   2, 356, 84 
24f0514,Arthur Ribeiro,Sun Apr 19 04:33:58 2020,"Update reports",   2, 359, 87 
a197a47,Arthur Ribeiro,Sat Apr 18 04:33:47 2020,"Update reports",   2, 382, 110 
05b343d,Arthur Ribeiro,Fri Apr 17 20:13:48 2020,"Merge pull request #35 from jadson179/develop", 
99e392d,Arthur Ribeiro,Fri Apr 17 04:33:43 2020,"Update reports",   2, 381, 109 
3a09cef,Arthur Ribeiro,Thu Apr 16 18:54:37 2020,"fix cralwer github action",   2, 3, 5 
9c87cc6,Arthur Ribeiro,Wed Apr 15 18:50:41 2020,"Update reports",   2, 365, 93 
e9a5267,Arthur Ribeiro,Wed Apr 15 07:12:50 2020,"Merge branch 'master' of github.com:devarthurribeiro/covid19-brazil-api", 
4f20c34,Arthur Ribeiro,Wed Apr 15 07:11:51 2020,"Update reports",   2, 361, 89 
15b310d,Arthur Ribeiro,Mon Apr 13 06:51:38 2020,"Update reports",   2, 368, 96 
f723b9e,Arthur Ribeiro,Sun Apr 12 08:26:40 2020,"Update reports",   2, 362, 90 
1f073f0,Arthur Ribeiro,Sat Apr 11 08:40:51 2020,"Update reports",   2, 381, 109 
ddfde8b,Arthur Ribeiro,Fri Apr 10 20:48:48 2020,"remove console log",   1, 2 
fd8e150,Arthur Ribeiro,Fri Apr 10 20:42:34 2020,"disable code coverage",   2, 2, 1 
a2413e7,Arthur Ribeiro,Fri Apr 10 20:41:29 2020,"add start script",   1, 1 
0e370d0,Arthur Ribeiro,Fri Apr 10 20:36:59 2020,"move code to src directory",   10, 164, 12 
c6cb57b,Arthur Ribeiro,Fri Apr 10 20:36:42 2020,"add jest config",   1, 189 
e307841,Arthur Ribeiro,Fri Apr 10 20:30:48 2020,"remove fix reports script",   1, 36 
94293de,Arthur Ribeiro,Fri Apr 10 20:20:26 2020,"Merge branch 'master' into develop", 
3adcf01,Arthur Ribeiro,Fri Apr 10 20:16:01 2020,"update crawler actions .env vars",   1, 2, 3 
e602dba,Arthur Ribeiro,Mon Apr 6 16:37:42 2020,"fix deps",   1, 2 
7ccc917,Arthur Ribeiro,Mon Apr 6 16:32:40 2020,"Update README.md",   1, 1 
0646036,Arthur Ribeiro,Mon Apr 6 11:18:07 2020,"Merge pull request #29 from devarthurribeiro/develop", 
1bcc460,Arthur Ribeiro,Mon Apr 6 07:06:17 2020,"Update reports",   2, 372, 100 
66ee00f,Arthur Ribeiro,Sun Apr 5 07:33:57 2020,"Update reports",   2, 56, 56 
467f0d4,Arthur Ribeiro,Sun Apr 5 06:33:51 2020,"Update reports",   2, 373, 101 
e236a47,Arthur Ribeiro,Sat Apr 4 07:52:34 2020,"Update reports",   2, 372, 100 
8b56f98,Arthur Ribeiro,Fri Apr 3 08:33:45 2020,"Update reports",   2, 349, 77 
eccbb76,Arthur Ribeiro,Thu Apr 2 13:11:56 2020,"📝update readme",   1, 1, 1 
741d6f7,Arthur Ribeiro,Thu Apr 2 07:33:34 2020,"Update reports",   2, 370, 98 
fd53978,Arthur Ribeiro,Thu Apr 2 04:24:36 2020,"Merge pull request #27 from devarthurribeiro/dependabot/npm_and_yarn/api/next-9.3.2", 
c7b02d8,Arthur Ribeiro,Wed Apr 1 06:33:33 2020,"Update reports",   2, 367, 95 
60bbd92,Arthur Ribeiro,Tue Mar 31 09:30:50 2020,"Fix reports",   2, 58, 54 
15982bf,Arthur Ribeiro,Tue Mar 31 09:11:31 2020,"Fix report",   1, 272 
2af8bad,Arthur Ribeiro,Tue Mar 31 08:56:50 2020,"Update reports",   2, 78, 82 
caa5b38,Arthur Ribeiro,Tue Mar 31 08:21:06 2020,"Update reports",   2, 353, 81 
ac47e7f,Arthur Ribeiro,Mon Mar 30 06:32:05 2020,"Update reports",   2, 369, 97 
5063661,Arthur Ribeiro,Sun Mar 29 11:13:28 2020,"Merge pull request #24 from devarthurribeiro/develop", 
ed8655a,Arthur Ribeiro,Sun Mar 29 11:01:50 2020,"fix reports 2020-03-24",   1, 27, 27 
28f5b44,Arthur Ribeiro,Sun Mar 29 11:01:36 2020,"fix reports 2020-03-26",   1, 27, 27 
a478f7e,Arthur Ribeiro,Sun Mar 29 11:01:21 2020,"fix reports 2020-03-23",   1, 27, 27 
458e504,Arthur Ribeiro,Sun Mar 29 10:58:24 2020,"fix reports 20200328",   2, 54, 54 
58b89ba,Arthur Ribeiro,Sun Mar 29 09:38:34 2020,"🔥remove olhardigital datasource",   2, 13 
9889cdb,Arthur Ribeiro,Sun Mar 29 07:48:33 2020,"🔥remove not used data map",   1, 18 
fc8dc2f,Arthur Ribeiro,Sun Mar 29 07:38:40 2020,"Merge branch 'master' of github.com:devarthurribeiro/covid19-brazil-api", 
ae5d0dd,Arthur Ribeiro,Sun Mar 29 07:38:23 2020,"🔥 remove not used datasources",   1, 26 
4304d0b,Arthur Ribeiro,Sun Mar 29 06:33:48 2020,"Update reports",   2, 138, 138 
518eb74,Arthur Ribeiro,Sun Mar 29 02:29:04 2020,"🐛fix crawler bug",   1, 4, 2 
20b4efa,Arthur Ribeiro,Sat Mar 28 10:17:54 2020,"📝update readme",   1, 8 
0bf7bf6,Arthur Ribeiro,Sat Mar 28 10:05:19 2020,"Merge branch 'master' of github.com:devarthurribeiro/covid19-brazil-api", 
6e086f7,Arthur Ribeiro,Sat Mar 28 10:04:55 2020,"update reports",   2, 332, 60 
74503af,Arthur Ribeiro,Fri Mar 27 07:12:29 2020,"update reports",   2, 349, 77 
abfd5a8,Arthur Ribeiro,Thu Mar 26 23:58:04 2020,"📝update readme crawler",   1, 1, 1 
93e3c8a,Arthur Ribeiro,Thu Mar 26 23:45:00 2020,"📝create crawler redme",   1, 28 
08fadc7,Arthur Ribeiro,Thu Mar 26 21:18:02 2020,"📝create api readme",   1, 28 
fea6272,Arthur Ribeiro,Thu Mar 26 21:17:06 2020,"📝update readme",   1, 4, 4 
ae14d2b,Arthur Ribeiro,Thu Mar 26 08:48:31 2020,"Merge pull request #17 from danilexx/patch-1", 
222684a,Arthur Ribeiro,Thu Mar 26 08:33:40 2020,"Update reports",   2, 20, 20 
4a81a49,Arthur Ribeiro,Thu Mar 26 07:34:11 2020,"Update reports",   2, 146, 146 
850c390,Arthur Ribeiro,Thu Mar 26 05:27:21 2020,"update reports",   1, 2, 2 
b8570eb,Arthur Ribeiro,Wed Mar 25 20:18:43 2020,"📝update readme",   1, 10, 1 
4386ffe,Arthur Ribeiro,Wed Mar 25 19:30:42 2020,"⏱update action crontab",   1, 1, 1 
f1392aa,Arthur Ribeiro,Wed Mar 25 19:15:01 2020,"Update and rename updateReports.yml to data-extract.yml",   1, 1, 1 
f76eec6,Arthur Ribeiro,Wed Mar 25 18:55:14 2020,":art: add components to team site section",   5, 134, 109 
92b2f12,Arthur Ribeiro,Wed Mar 25 16:26:55 2020,":twisted_rightwards_arrows: merge remote origin to master", 
2a3fa9c,Arthur Ribeiro,Wed Mar 25 16:24:46 2020,":sparkles: add logs dashboard",   2, 38 
442fd05,Arthur Ribeiro,Wed Mar 25 16:21:05 2020,"🎨fix sidenav tootip color",   1, 1, 1 
90c5808,Arthur Ribeiro,Wed Mar 25 12:58:51 2020,"Merge branch 'develop'", 
db7e04d,Arthur Ribeiro,Wed Mar 25 12:39:37 2020,"update reports",   3, 351, 351 
d508f10,Arthur Ribeiro,Wed Mar 25 12:32:55 2020,"Update reports",   2, 300, 28 
379c07c,Arthur Ribeiro,Wed Mar 25 11:54:44 2020,"📝update showcase",   1, 8, 1 
3e387bb,Arthur Ribeiro,Wed Mar 25 07:33:02 2020,"Update reports",   2, 154, 154 
c5e8f37,Arthur Ribeiro,Wed Mar 25 06:32:58 2020,"Update reports",   2, 355, 83 
789b1d6,Arthur Ribeiro,Tue Mar 24 16:19:37 2020,"add flags doc in readme",   1, 7 
a4911ba,Arthur Ribeiro,Tue Mar 24 15:51:14 2020,"Update updateReports.yml",   1, 1, 1 
0cd4c0a,Arthur Ribeiro,Tue Mar 24 11:52:35 2020,"Update README.md",   1, 1, 1 
7f176fd,Arthur Ribeiro,Tue Mar 24 10:46:07 2020,"crawler bug fix",   2, 3, 14 
e2ff6a3,Arthur Ribeiro,Tue Mar 24 10:43:27 2020,"convert utc date to -3 of news search",   1, 5, 7 
fe57280,Arthur Ribeiro,Tue Mar 24 09:44:26 2020,"Merge branch 'master' of github.com:devarthurribeiro/covid19-brazil-api", 
dde20ab,Arthur Ribeiro,Tue Mar 24 09:42:59 2020,"update reports",   2, 416, 144 
b429893,Arthur Ribeiro,Tue Mar 24 01:59:16 2020,"add state flag in table status",   1, 14, 2 
47d9140,Arthur Ribeiro,Tue Mar 24 01:21:35 2020,"fix reports",   48, 1338, 1338 
68b4a03,Arthur Ribeiro,Tue Mar 24 00:59:36 2020,"add states flags",   27, 0, 0 
0f56c1a,Arthur Ribeiro,Mon Mar 23 22:58:01 2020,"update crawler to extract data from news",   5, 93, 24 
b5ff948,Arthur Ribeiro,Mon Mar 23 17:53:17 2020,"Merge branch 'develop'", 
e1a235c,Arthur Ribeiro,Mon Mar 23 17:47:35 2020,"Merge pull request #13 from devarthurribeiro/develop", 
8bc6f87,Arthur Ribeiro,Mon Mar 23 14:03:15 2020,"update api docs",   3, 3, 3 
161d0f7,Arthur Ribeiro,Mon Mar 23 13:54:26 2020,"add cases by brazilian states endpoint",   1, 20 
66d97bf,Arthur Ribeiro,Mon Mar 23 13:33:51 2020,"add report by states",   8, 204, 45 
5128fac,Arthur Ribeiro,Mon Mar 23 09:57:51 2020,"update reports",   2, 162, 162 
9602acb,Arthur Ribeiro,Mon Mar 23 09:51:33 2020,"fix arcgis data parser",   1, 2, 2 
1f10c00,Arthur Ribeiro,Mon Mar 23 09:48:52 2020,"fix site name",   1, 1, 1 
cb6ba11,Arthur Ribeiro,Mon Mar 23 09:18:01 2020,"add new showcase",   1, 1 
a82ce0d,Arthur Ribeiro,Mon Mar 23 09:04:09 2020,"Update reports",   2, 364, 364 
6715f47,Arthur Ribeiro,Mon Mar 23 08:57:42 2020,"add new dataset arcgis",   3, 49 
53a9a34,Arthur Ribeiro,Mon Mar 23 08:54:46 2020,"update env vars",   1, 1 
2ebd9f4,Arthur Ribeiro,Sun Mar 22 20:21:36 2020,"Merge pull request #11 from devarthurribeiro/new-ui", 
6727a14,Arthur Ribeiro,Sun Mar 22 17:27:16 2020,"Fix share data button",   1, 11, 6 
aac3ae2,Arthur Ribeiro,Sun Mar 22 17:26:49 2020,"add api doc deploy settings",   2, 8 
ceab1a3,Arthur Ribeiro,Sun Mar 22 17:15:39 2020,"add new doc link",   1, 3, 3 
b9d2951,Arthur Ribeiro,Sun Mar 22 17:13:59 2020,"Update README-US.md",   1, 8 
87117f1,Arthur Ribeiro,Sun Mar 22 17:12:29 2020,"Update README.md",   1, 2 
883ef97,Arthur Ribeiro,Sun Mar 22 17:10:35 2020,"Update README.md",   1, 6, 80 
0593aef,Arthur Ribeiro,Sun Mar 22 16:35:07 2020,"fix api docs",   3, 1, 1 
c32e2cf,Arthur Ribeiro,Sun Mar 22 16:32:28 2020,"Merge branch 'master' of github.com:devarthurribeiro/covid19-brazil-api", 
42d778e,Arthur Ribeiro,Sun Mar 22 16:32:15 2020,"📄add api docs site",   9, 77, 1 
b352db3,Arthur Ribeiro,Sun Mar 22 16:31:26 2020,"add map router",   2, 39 
b4a2e75,Arthur Ribeiro,Sun Mar 22 15:29:26 2020,"Merge branch 'master' of github.com:devarthurribeiro/covid19-brazil-api", 
1a932ca,Arthur Ribeiro,Sun Mar 22 15:28:06 2020,"📄add insomnia api doc",   1, 1 
21c3cfe,Arthur Ribeiro,Sun Mar 22 14:39:15 2020,"script to extract data from saude.gov.br",   1, 30 
b575cb4,Arthur Ribeiro,Sun Mar 22 11:35:12 2020,"update reports 2020-03-22T01:34:24.533Z",   1, 51, 51 
8c91376,Arthur Ribeiro,Sun Mar 22 04:56:26 2020,"add showcase to readme",   1, 4 
c826497,Arthur Ribeiro,Sun Mar 22 04:49:24 2020,"Merge branch 'master' of github.com:devarthurribeiro/covid19-brazil-api", 
b1aca6d,Arthur Ribeiro,Sun Mar 22 04:49:10 2020,"add team section in home page",   2, 60, 1 
d3c0fd5,Arthur Ribeiro,Sun Mar 22 03:11:42 2020,"fix country endpoint",   1, 7, 7 
02cac6b,Arthur Ribeiro,Sun Mar 22 02:58:47 2020,"Linter fix pages e configure linter",   13, 161, 113 
1ae5b0b,Arthur Ribeiro,Sun Mar 22 02:58:21 2020,"linter fix api files",   6, 50, 50 
ac4dcf1,Arthur Ribeiro,Sun Mar 22 02:32:32 2020,"add share button and fix deps",   5, 245, 296 
e8178fd,Arthur Ribeiro,Sun Mar 22 01:24:11 2020,"fix yarn.lock",   2, 394, 7910 
b7ed7ce,Arthur Ribeiro,Sun Mar 22 01:22:20 2020,"Merge pull request #5 from Lukazovic/master", 
1ee1704,Arthur Ribeiro,Sun Mar 22 00:47:31 2020,"update site footer",   2, 47, 33 
104bc96,Arthur Ribeiro,Sun Mar 22 00:27:22 2020,"add csv endpoint",   3, 36 
be958a7,Arthur Ribeiro,Sat Mar 21 23:39:16 2020,"update site navbar",   2, 40, 34 
04b0320,Arthur Ribeiro,Sat Mar 21 23:05:43 2020,"Add status page",   7, 219, 147 
9c6cd52,Arthur Ribeiro,Sat Mar 21 22:04:56 2020,"add License file",   1, 21 
522b60d,Arthur Ribeiro,Sat Mar 21 22:01:51 2020,"Merge branch 'master' of github.com:devarthurribeiro/covid19-brazil-api", 
aabbeb6,Arthur Ribeiro,Sat Mar 21 22:01:46 2020,"add readme english version",   2, 126 
c1917e9,Arthur Ribeiro,Sat Mar 21 21:35:11 2020,"add donate button in home page",   1, 10 
8c5b6d9,Arthur Ribeiro,Sat Mar 21 21:33:44 2020,"Merge branch 'master' of github.com:devarthurribeiro/covid19-brazil-api", 
ef14eac,Arthur Ribeiro,Sat Mar 21 21:15:18 2020,"remove not used functions",   2, 20 
ce15715,Arthur Ribeiro,Sat Mar 21 20:17:32 2020,"add eslint to crawler and fix all files",   8, 1404, 112 
3883571,Arthur Ribeiro,Sat Mar 21 19:41:27 2020,"add log to crawler request",   1, 1 
4e6f3ed,Arthur Ribeiro,Sat Mar 21 19:39:33 2020,"Merge branch 'master' of github.com:devarthurribeiro/covid19-brazil-api", 
e6e4684,Arthur Ribeiro,Sat Mar 21 18:42:44 2020,"add country brand to share card",   1, 6, 6 
71880c3,Arthur Ribeiro,Sat Mar 21 16:49:32 2020,"update reports 2020-03-21T06:49:32.594Z",   2, 108, 108 
e669c22,Arthur Ribeiro,Sat Mar 21 15:48:19 2020,"add end point to return situation report in specifc data",   3, 28, 2 
d277268,Arthur Ribeiro,Sat Mar 21 15:47:23 2020,"promise reject in fetch data module",   1, 1 
a56177f,Arthur Ribeiro,Sat Mar 21 15:46:54 2020,"update site logo color",   1, 1, 1 
ae26bd9,Arthur Ribeiro,Sat Mar 21 15:46:35 2020,"add analytics event to share data button",   1, 5 
4c92142,Arthur Ribeiro,Sat Mar 21 15:45:52 2020,"add olhardigital datamap",   1, 20 
9d72be8,Arthur Ribeiro,Sat Mar 21 15:34:43 2020,"add dynamic parse data",   1, 6, 4 
c025567,Arthur Ribeiro,Sat Mar 21 15:31:31 2020,"update reports 21/03/2020 - 02:31",   4, 417, 172 
aa7f837,Arthur Ribeiro,Sat Mar 21 14:36:07 2020,"Merge branch 'master' of github.com:devarthurribeiro/covid19-brazil-api", 
9fbcf55,Arthur Ribeiro,Sat Mar 21 14:35:46 2020,"add crawler file test",   1, 1 
5093e07,Arthur Ribeiro,Fri Mar 20 18:43:20 2020,"update reports",   1, 10, 10 
49ac54a,Arthur Ribeiro,Fri Mar 20 12:20:59 2020,"update reports 15/03/2020 - 19:15",   3, 978 
97b50ae,Arthur Ribeiro,Fri Mar 20 12:20:59 2020,"update reports 13/03/2020 - 15:45",   1, 302 
efaba88,Arthur Ribeiro,Fri Mar 20 12:20:59 2020,"update reports 11/03/2020 - 16:45",   3, 882 
eb26398,Arthur Ribeiro,Fri Mar 20 12:20:59 2020,"update reports 08/03/2020 - 17:30",   1, 290 
de11398,Arthur Ribeiro,Fri Mar 20 12:20:59 2020,"update reports 07/03/2020 - 18:35",   2, 556 
09fa82a,Arthur Ribeiro,Fri Mar 20 12:20:59 2020,"update reports 05/03/2020 - 16:00",   1, 278 
f9dc245,Arthur Ribeiro,Fri Mar 20 12:20:59 2020,"update reports 04/03/2020 - 17:15",   1, 278 
b032df5,Arthur Ribeiro,Fri Mar 20 12:20:59 2020,"update reports 02/03/2020 - 16:30",   2, 556 
53341bc,Arthur Ribeiro,Fri Mar 20 12:20:59 2020,"update reports 28/02/2020 - 16:10",   6, 1200 
7be5491,Arthur Ribeiro,Fri Mar 20 12:20:59 2020,"update reports 24/02/2020 - 12:25",   2, 196 
5819526,Arthur Ribeiro,Fri Mar 20 12:20:59 2020,"update reports 22/02/2020 - 13:40",   1, 98 
caf0eeb,Arthur Ribeiro,Fri Mar 20 12:20:58 2020,"update reports 21/02/2020 - 14:30",   1, 98 
5c919a7,Arthur Ribeiro,Fri Mar 20 12:20:58 2020,"update reports 20/02/2020 - 15:50",   1, 98 
fa8bfc1,Arthur Ribeiro,Fri Mar 20 12:20:58 2020,"update reports 18/02/2020 - 15:50",   4, 392 
d47f760,Arthur Ribeiro,Fri Mar 20 12:20:58 2020,"update reports 14/02/2020 - 16:00",   3, 294 
9fa6ab8,Arthur Ribeiro,Fri Mar 20 12:20:58 2020,"update reports 12/02/2020 - 16:00",   1, 98 
60ff3a8,Arthur Ribeiro,Fri Mar 20 12:20:58 2020,"update reports 10/02/2020 - 15:30",   3, 258 
04a0d5c,Arthur Ribeiro,Fri Mar 20 12:20:58 2020,"update reports 05/02/2020 - 12:00",   11, 946 
0d4ae88,Arthur Ribeiro,Fri Mar 20 12:18:48 2020,"fix crawler",   2, 10, 5 
bf030b9,Arthur Ribeiro,Fri Mar 20 12:16:59 2020,"update reports 18/03/2020 - 20:00",   2, 474, 474 
ea2f753,Arthur Ribeiro,Fri Mar 20 09:16:35 2020,"add automated commit in crawler",   2, 30, 5 
b7d8462,Arthur Ribeiro,Fri Mar 20 09:03:48 2020,"🔍add data crawler to repo",   7, 177 
7332bf2,Arthur Ribeiro,Fri Mar 20 07:09:44 2020,"add whatsapp share button",   3, 89, 25 
eccbfc8,Arthur Ribeiro,Fri Mar 20 05:49:02 2020,"fix router name",   3, 5, 5 
f2fca9b,Arthur Ribeiro,Fri Mar 20 00:01:18 2020,"add country status in home page",   5, 102, 36 
a92e900,Arthur Ribeiro,Thu Mar 19 22:31:39 2020,"add confirmed filed in country routes",   3, 11, 7 
054c023,Arthur Ribeiro,Thu Mar 19 20:34:10 2020,"Merge branch 'master' of github.com:devarthurribeiro/covid19-brazil-api", 
e0189aa,Arthur Ribeiro,Thu Mar 19 20:33:49 2020,"🔧fix favicon",   2, 4, 3 
e80c12e,Arthur Ribeiro,Thu Mar 19 20:28:36 2020,"🔃create card component",   2, 68, 61 
513106e,Arthur Ribeiro,Thu Mar 19 19:19:13 2020,"📝update readme",   1, 5, 7 
46d4654,Arthur Ribeiro,Thu Mar 19 19:12:13 2020,"update reports",   2, 652, 656 
059f75f,Arthur Ribeiro,Thu Mar 19 19:01:27 2020,"use local repo dataset",   2, 3, 2 
b22a99c,Arthur Ribeiro,Thu Mar 19 18:54:11 2020,"add reports",   2, 656 
bd47de5,Arthur Ribeiro,Thu Mar 19 18:50:36 2020,"Merge branch 'master' of github.com:devarthurribeiro/covid19-brazil-api", 
f8d028c,Arthur Ribeiro,Thu Mar 19 18:50:16 2020,"📂 separate api into folder",   12, 0, 0 
ee809ff,Arthur Ribeiro,Thu Mar 19 18:19:27 2020,"📱fix mobile intaface",   1, 5, 3 
1ef6a6f,Arthur Ribeiro,Thu Mar 19 17:57:49 2020,"Update README.md",   1, 51, 6 
6b2a6b1,Arthur Ribeiro,Thu Mar 19 17:40:59 2020,"✅add country routes",   6, 79, 12 
9e0f712,Arthur Ribeiro,Thu Mar 19 17:36:42 2020,"move analytic module",   1, 1, 1 
00d9c18,Arthur Ribeiro,Thu Mar 19 17:32:46 2020,"Merge branch 'master' of github.com:devarthurribeiro/covid19-brazil-api", 
ab542aa,Arthur Ribeiro,Thu Mar 19 17:32:32 2020,"📈add google analytics",   4, 81, 55 
b8218e8,Arthur Ribeiro,Thu Mar 19 08:12:17 2020,"🎨add porject logo",   4, 29, 18 
e70ed3e,Arthur Ribeiro,Thu Mar 19 01:36:02 2020,"Merge branch 'master' of github.com:devarthurribeiro/covid19-brazil-api", 
1b92a3c,Arthur Ribeiro,Thu Mar 19 01:35:15 2020,"🏠add home page project",   1, 17, 17 
9a7a368,Arthur Ribeiro,Wed Mar 18 22:34:27 2020,"add report endpoint",   2, 29 
e519715,Arthur Ribeiro,Wed Mar 18 19:17:10 2020,"✅ add api status endpoint",   3, 33, 274 
76dc1a9,Arthur Ribeiro,Wed Mar 18 19:06:48 2020,"update readme",   1, 17, 16 
e8c2481,Arthur Ribeiro,Wed Mar 18 18:48:46 2020,"Initial commit from Create Next App",   7, 6430 