commit id,author,date,comment,changed files,lines added,lines deleted

e785097,Ritheesh,Thu May 28 05:00:55 2020,"Update README.md",   1, 1, 1 
c9ebfeb,THARUN KUMAR TALLAPALLI,Sat May 16 21:18:16 2020,"Update README.md",   1, 3, 1 
635324a,Ritheesh,Tue May 5 11:40:11 2020,"Update README.md",   1, 1, 1 
6f6f75b,THARUN KUMAR TALLAPALLI,Mon Apr 27 16:22:10 2020,"Update app.py",   1, 1 
9545185,Ritheesh,Mon Apr 27 07:15:27 2020,"Update README.md",   1, 1, 1 
83d01c4,Ritheesh,Mon Apr 27 07:02:34 2020,"Set theme jekyll-theme-hacker",   1, 1, 1 
32fc98b,Ritheesh,Mon Apr 27 07:00:46 2020,"Set theme jekyll-theme-slate",   1, 1 
dc76875,Ritheesh,Mon Apr 27 06:58:48 2020,"Update README.md",   1, 3, 3 
fb07fdc,Ritheesh,Mon Apr 27 06:56:18 2020,"Uploaded Images",   18, 0, 0 
739e6cc,Ritheesh,Mon Apr 27 06:53:53 2020,"Updated README.md",   1, 154 
7f60d07,Ritheesh,Sun Apr 26 22:59:29 2020,"Uploaded Feedback-Cookbook v0.1.0",   17, 431 
ce6673f,Ritheesh,Sun Apr 26 22:57:32 2020,"Uploaded app.py v0.1.0",   1, 94 
da66b51,Ritheesh,Sun Apr 26 22:52:06 2020,"Uploaded data.json",   1, 25 
0e217ff,Ritheesh,Sun Apr 26 22:51:13 2020,"Uploaded requirements.txt",   1, 3 
fc770c4,Ritheesh,Sun Apr 26 22:50:13 2020,"Uploaded index.html",   1, 90 
35ee42c,Ritheesh,Sun Apr 26 22:49:36 2020,"Uploaded static content for Flask server",   3, 0, 0 
4b9a286,Ritheesh,Sun Apr 26 22:43:40 2020,"Initial commit",   1, 201 