commit id,author,date,comment,changed files,lines added,lines deleted

14db519,dependabot-preview[bot],Fri Sep 18 08:42:05 2020,"build(deps-dev): bump 
types/node from 12.12.30 to 14.11.1",   2, 5, 10 
3f8581b,dependabot-preview[bot],Thu Sep 17 08:45:27 2020,"build(deps-dev): bump 
angular/language-service from 9.0.6 to 10.1.2",   2, 5, 5 
b824f83,dependabot-preview[bot],Thu Sep 10 08:26:40 2020,"build(deps-dev): bump 
angular-builders/custom-webpack",   2, 1147, 1201 
2f1466f,dependabot-preview[bot],Mon Sep 7 14:02:59 2020,"build(deps): bump rxjs from 6.5.4 to 6.6.3",   2, 9, 2 
0de8db0,dependabot-preview[bot],Sat Sep 5 11:10:45 2020,"build(deps): bump sweetalert2 from 9.10.2 to 9.17.2",   2, 5, 5 
b5506a6,dependabot-preview[bot],Sat Sep 5 11:04:41 2020,"build(deps): [security] bump http-proxy from 1.18.0 to 1.18.1",   1, 9, 11 
472c30e,dependabot-preview[bot],Wed Aug 19 13:34:40 2020,"build(deps-dev): bump karma-jasmine from 2.0.1 to 4.0.1",   2, 15, 10 
74ccda3,dependabot-preview[bot],Wed Aug 19 13:33:59 2020,"build(deps): bump tslib from 1.11.1 to 1.13.0",   2, 7, 2 
d8945d4,bernard ng,Wed Aug 19 08:54:51 2020,"Merge pull request #34 from devscast/dependabot/npm_and_yarn/tailwindcss-1.6.2", 
16ce1f7,dependabot-preview[bot],Tue Aug 18 13:34:36 2020,"build(deps): bump 
ngx-translate/http-loader from 4.0.0 to 5.0.0",   2, 5, 7 
8e75977,dependabot-preview[bot],Tue Aug 18 13:34:10 2020,"build(deps-dev): bump jasmine-core from 3.5.0 to 3.6.0",   2, 5, 5 
1c8315d,dependabot-preview[bot],Mon Aug 17 13:31:59 2020,"build(deps-dev): bump protractor from 5.4.3 to 7.0.0",   2, 55, 12 
fa38981,bernard ng,Sat Aug 15 19:44:51 2020,"Merge pull request #33 from devscast/dependabot/npm_and_yarn/angular-devkit/build-angular-0.901.12", 
b295b88,bernard ng,Sat Aug 15 11:27:30 2020,"Merge pull request #32 from devscast/dependabot/npm_and_yarn/jasmine-spec-reporter-5.0.2", 
869eb7e,bernard ng,Sat Aug 15 11:25:59 2020,"Merge pull request #31 from devscast/dependabot/npm_and_yarn/zone.js-0.10.3", 
43dcc46,bernard ng,Sat Aug 15 11:25:11 2020,"Merge pull request #30 from devscast/dependabot/npm_and_yarn/tslint-5.20.1", 
8020e30,bernard ng,Sat Aug 15 11:24:15 2020,"Merge pull request #29 from devscast/dependabot/npm_and_yarn/karma-coverage-istanbul-reporter-3.0.3", 
047fffd,bernard-ng,Fri Aug 7 04:41:50 2020,"fix(ci): remove app-error component",   3, 5 
a59ff63,bernard-ng,Fri Aug 7 04:28:32 2020,"refactoring(app): error handling at interceptor level",   9, 50, 90 
46110e2,bernard-ng,Fri Aug 7 03:59:48 2020,"refactoring(app): using a loader interceptor",   21, 67, 54 
32cf5e7,bernard-ng,Fri Aug 7 00:52:25 2020,"refactoring(app): sync dashboard request and use subscription",   7, 100, 65 
0898018,bernard-ng,Fri Aug 7 00:32:28 2020,"refactoring(app): separate services and models",   18, 221, 207 
2227044,bernard-ng,Thu Aug 6 23:41:02 2020,"Merge branch 'master' of github.com:devscast/covid19-client", 
9008046,bernard-ng,Tue Apr 21 19:29:28 2020,"fix(alert-component): unregister timer",   3, 1, 9 
f951609,bernard-ng,Tue Apr 21 03:40:33 2020,"fix: refactoring and removing dead code",   5, 11, 75 
27570ad,bernard ng,Mon Apr 13 17:30:34 2020,"Merge pull request #20 from SamyMwamba/master", 
0b344a1,bernard-ng,Mon Apr 6 15:05:51 2020,"feat: #19 fix color contrast and margin",   1, 3, 3 
c94a642,bernard-ng,Mon Apr 6 14:57:25 2020,"feat: #19 add missing redix param",   1, 3, 3 
9be7b28,bernard-ng,Mon Apr 6 14:50:06 2020,"feat: #19 Pensez-vous que les gestes barrières sont respectés",   3, 20, 4 
fe59b5b,bernard-ng,Mon Apr 6 11:39:18 2020,"feat: #19 Pensez-vous qu'il y a d'autres cas dans votre entourage",   3, 22, 4 
a774234,bernard-ng,Mon Apr 6 11:00:02 2020,"feat: #19 Connaissez vous le centre de prise en charge le plus proche",   3, 73, 12 
b9cc2c0,bernard-ng,Mon Apr 6 06:50:18 2020,"feat: #19 fix number name",   2, 2, 2 
09a7d00,bernard-ng,Mon Apr 6 06:33:58 2020,"feat: #19 Clavier numérique lorsque l'on rentre un numéro de téléphone",   2, 5, 12 
a82f2d0,bernard-ng,Mon Apr 6 06:25:12 2020,"feat: #19 Plateforme officielle de l'ANICiiS au lieu de ANNICiiS",   1, 2, 2 
50cdfe6,bernard-ng,Thu Apr 2 02:27:57 2020,"fix: typo footer notice",   1, 1, 1 
c46d3b1,bernard ng,Thu Apr 2 02:15:04 2020,"Merge pull request #15 from bilwifi/ANICiiS_spelling_correction", 
a828981,bernard-ng,Mon Mar 30 10:36:16 2020,"fix: alert message text size",   1, 1, 1 
2004c66,bernard-ng,Mon Mar 30 10:15:28 2020,"feat: add government informations",   9, 34, 29 
ee2138c,bernard ng,Sat Mar 28 03:19:35 2020,"Merge pull request #13 from oesukam/fix-countries-lists", 
3133eb4,bernard-ng,Thu Mar 26 19:45:01 2020,"Merge branch 'master' of github.com:devscast/covid19-client", 
e0b384f,bernard-ng,Thu Mar 26 19:44:38 2020,"feat: active tidio bot",   2, 13, 1 
c2f41cc,bernard ng,Thu Mar 26 18:15:16 2020,"Merge pull request #9 from oesukam/add-translations", 
09b48ed,bernard-ng,Thu Mar 26 07:38:00 2020,"fix: #8 rename dashboard to repports",   1, 2, 2 
f3c01d2,bernard-ng,Wed Mar 25 09:33:58 2020,"feat: fix design issue of the pagination",   3, 31, 130 
1e8793a,bernard-ng,Wed Mar 25 07:59:03 2020,"feat: add pagination", 
b213a0f,bernard-ng,Wed Mar 25 07:57:29 2020,"Merge branch 'master' of github.com:devscast/covid19-client", 
f6ef45b,bernard-ng,Wed Mar 25 06:02:25 2020,"feat: use flex for small devices in countries page",   1, 1, 1 
8999b01,bernard ng,Wed Mar 25 05:37:55 2020,"feat: Add Sort By for countries", 
0b6de3b,bernard ng,Wed Mar 25 00:36:47 2020,"feat: Comment PR template", 
4c84efc,bernard-ng,Tue Mar 24 11:32:00 2020,"feat: add travis built status",   1, 5, 4 
d85fe9b,bernard-ng,Tue Mar 24 06:56:45 2020,"feat: Add Contribution Guide",   5, 236 
055f5b2,bernard-ng,Tue Mar 24 00:21:07 2020,"fix: download app link",   1, 2, 2 
c9a350f,bernard-ng,Tue Mar 24 00:09:04 2020,"feat: Add Apk Download Link",   1, 11, 2 
6b8a8be,bernard-ng,Mon Mar 23 23:04:23 2020,"feat: Remove Personnal infos from map :)",   2, 1, 2 
19061c2,bernard-ng,Mon Mar 23 22:08:11 2020,"fix: Fix Tidio bot Url",   2, 3, 4 
d90cf69,bernard ng,Mon Mar 23 22:05:43 2020,"feat: add tidio Bot", 
a3c64f8,bernard-ng,Mon Mar 23 19:56:54 2020,"feat: Add Travis CI",   4, 20, 3 
2f131bb,bernard-ng,Mon Mar 23 10:37:28 2020,"feat: Add Case Status to suspect Map",   2, 7, 1 
8e819e8,bernard-ng,Mon Mar 23 10:31:13 2020,"feat: Add suspect map",   8, 114, 67 
9262c2d,bernard-ng,Mon Mar 23 09:23:59 2020,"feat: Remove Unused CommonModule",   1, 2 
61ddbb6,bernard-ng,Mon Mar 23 09:20:54 2020,"feat: Fix LazyLoad CountriesComponent",   8, 53, 23 
46a165f,bernard-ng,Mon Mar 23 08:10:58 2020,"feat: LazyLoad All component",   23, 272, 199 
d2d5e71,bernard-ng,Mon Mar 23 02:49:48 2020,"feat: Generalize Links",   1, 4, 4 
61077fc,bernard-ng,Sun Mar 22 00:50:26 2020,"feat: Fetch DRC Data and change logos",   7, 10, 12 
585cb89,bernard-ng,Sun Mar 22 00:35:33 2020,"feat: Add DRC Custom API",   3, 24, 15 
ca0d09d,bernard-ng,Sat Mar 21 21:23:13 2020,"feat: Add Logo",   1, 1, 1 
3a38a34,bernard-ng,Sat Mar 21 19:16:22 2020,"feat: Add Meta description",   1, 3, 3 
1514557,bernard-ng,Sat Mar 21 19:13:31 2020,"feat: Add State Logo to all pages",   3, 28, 10 
5c31ecb,bernard-ng,Sat Mar 21 19:02:18 2020,"feat: Add State Logo",   3, 5, 3 
d9d5410,bernard-ng,Sat Mar 21 18:50:48 2020,"feat: Add Symptoms",   1, 2 
9ab70f4,bernard-ng,Sat Mar 21 07:35:46 2020,"feat: Add LICENSE",   2, 177 
484d2f1,bernard-ng,Fri Mar 20 04:50:07 2020,"feat: Add DRC Case to dashboard",   11, 165, 108 
27461eb,bernard-ng,Thu Mar 19 20:52:28 2020,"feat: Add Alert",   10, 142, 54 
cc33baf,bernard-ng,Thu Mar 19 05:19:48 2020,"feat: Add Notification Subscription",   10, 173, 1 
088a2e0,bernard-ng,Wed Mar 18 23:37:10 2020,"feat: Fix Show country bug",   6, 17, 9 
c386780,bernard-ng,Wed Mar 18 22:59:09 2020,"feat: Update States data",   5, 66, 56 
8d8c778,bernard-ng,Wed Mar 18 22:03:59 2020,"feat: Add News and Images",   4, 56, 4 
c71ad38,bernard-ng,Wed Mar 18 11:55:46 2020,"feat: Add Source",   7, 96, 1 
b4e5b0d,bernard-ng,Wed Mar 18 11:31:42 2020,"feat: Add Articles Source From covid19news Api",   6, 81, 50 
093399e,bernard-ng,Wed Mar 18 01:13:01 2020,"feat: Add Usefull Resource",   1, 48 
00c1903,bernard-ng,Tue Mar 17 21:43:03 2020,"feat: Fix Map Margin",   1, 2, 2 
3a0b8eb,bernard-ng,Tue Mar 17 21:36:48 2020,"feat: Add Error component and hotfix design",   12, 115, 36 
a3ea1f1,bernard-ng,Tue Mar 17 13:47:17 2020,"feat: Update dep and Add Infos in README",   2, 138, 42 
8a4ce7d,bernard-ng,Tue Mar 17 13:43:56 2020,"feat: Add Meta tags for seo",   2, 48, 6 
d9d539b,bernard-ng,Tue Mar 17 13:08:02 2020,"feat: Add Custom Error Message",   4, 68, 52 
efed56f,bernard-ng,Tue Mar 17 12:59:40 2020,"feat: Add Map and Danger Zone",   15, 243, 152 
1f78135,bernard-ng,Tue Mar 17 11:15:43 2020,"feat: Fix Image Link",   3, 10, 13 
436adc6,bernard-ng,Tue Mar 17 11:01:38 2020,"feat: Country Defail",   4, 91, 51 
772b88a,bernard-ng,Tue Mar 17 09:42:44 2020,"fix: routing and link design",   6, 114, 95 
d363050,bernard-ng,Tue Mar 17 07:51:58 2020,"feat: Add Countries Page",   14, 306, 150 
f924c9b,bernard-ng,Tue Mar 17 01:03:02 2020,"feat: Add Api model and Service",   2, 91 
ccaee65,bernard-ng,Tue Mar 17 00:25:48 2020,"feat: Add Routing and views template",   8, 120, 103 
8772105,bernard-ng,Mon Mar 16 23:21:34 2020,"feat: Add App shell",   16, 243, 22 
9fb18e3,bernard-ng,Mon Mar 16 22:56:30 2020,"initial Commit",   15, 401, 725 
1298579,bernard-ng,Mon Mar 16 21:40:52 2020,"initial commit",   31, 9921 