commit id,author,date,comment,changed files,lines added,lines deleted

99a1cfe,DillibabuKPSSD,Mon May 11 08:32:13 2020,"Update README.md",   1, 2, 2 
aaaa9c8,DillibabuKPSSD,Mon May 11 07:18:11 2020,"Update README.md",   1, 1, 1 
4b201ed,DillibabuKPSSD,Mon May 11 06:03:51 2020,"Update README.md",   1, 3, 3 
01f05f9,DillibabuKPSSD,Mon May 11 04:53:42 2020,"Update README.md",   1, 1, 1 
1760e82,DillibabuKPSSD,Mon May 11 04:32:48 2020,"Update config.php",   1, 2, 2 
79c8b14,DillibabuKPSSD,Mon May 11 04:30:01 2020,"Update index.php",   1, 35, 64 
b28fadb,DillibabuKPSSD,Sun May 10 20:18:02 2020,"Update README.md",   1, 1 
f385311,DillibabuKPSSD,Sun May 10 20:14:07 2020,"Update README.md",   1, 5, 5 
6ae18fe,DillibabuKPSSD,Sun May 10 15:54:12 2020,"Add files via upload",   1, 0, 0 
8675318,DillibabuKPSSD,Sun May 10 15:53:43 2020,"Delete Screenshot.png",   1, 0, 0 
4e14af3,DillibabuKPSSD,Sun May 10 15:46:09 2020,"Add files via upload", 
99a4968,DillibabuKPSSD,Sun May 10 15:42:08 2020,"Add files via upload",   1, 0, 0 
3c115eb,DillibabuKPSSD,Sun May 10 15:41:03 2020,"Delete screenshot.png",   1, 0, 0 
71ef9fe,DillibabuKPSSD,Sun May 10 15:40:34 2020,"Add files via upload",   1, 0, 0 
77889d0,DillibabuKPSSD,Sun May 10 15:38:11 2020,"Delete screenshot.png",   1, 0, 0 
640b715,DillibabuKPSSD,Sun May 10 15:37:18 2020,"Add files via upload",   1, 0, 0 
6df5980,DillibabuKPSSD,Sun May 10 15:36:06 2020,"Delete preview.png",   1, 0, 0 
4c6e368,DillibabuKPSSD,Sun May 10 14:49:28 2020,"Update README.md",   1, 1, 1 
a2e9115,DillibabuKPSSD,Sun May 10 14:06:57 2020,"Update README.md",   1, 1, 1 
d8d03b2,DillibabuKPSSD,Wed May 6 23:31:02 2020,"Add files via upload",   1, 0, 0 
df85fe4,DillibabuKPSSD,Mon May 4 06:34:19 2020,"Update README.md",   1, 5 
debd2ff,DillibabuKPSSD,Mon May 4 06:27:35 2020,"Update README.md",   1, 1 
3733a4e,DillibabuKPSSD,Mon May 4 06:25:09 2020,"Update README.md",   1, 2, 1 
56544c4,DillibabuKPSSD,Mon May 4 06:22:18 2020,"Update README.md",   1, 6 
7d9eb1c,DillibabuKPSSD,Mon May 4 06:15:02 2020,"Update README.md",   1, 1, 1 
17f0732,DillibabuKPSSD,Mon May 4 06:13:32 2020,"Update README.md",   1, 3, 3 
2120420,DillibabuKPSSD,Mon May 4 06:10:16 2020,"Update README.md",   1, 1, 1 
ebde179,DillibabuKPSSD,Mon May 4 06:07:15 2020,"Update README.md",   1, 2, 2 
a8b37de,DillibabuKPSSD,Mon May 4 06:04:31 2020,"Add files via upload",   1, 0, 0 
ac6043b,DillibabuKPSSD,Mon May 4 06:04:14 2020,"Delete screenshot.png",   1, 0, 0 
34a72c6,DillibabuKPSSD,Mon May 4 06:02:28 2020,"Add files via upload",   1, 0, 0 
14c5bc2,DillibabuKPSSD,Mon May 4 06:02:07 2020,"Delete screenshot.png",   1, 0, 0 
83d0d83,DillibabuKPSSD,Mon May 4 06:01:27 2020,"Update README.md",   1, 2, 2 
5fcf452,DillibabuKPSSD,Mon May 4 05:58:57 2020,"Update README.md",   1, 1 
1e6100b,DillibabuKPSSD,Mon May 4 05:20:23 2020,"Update README.md",   1, 1, 1 
03e4085,DillibabuKPSSD,Mon May 4 05:17:54 2020,"Update README.md",   1, 11, 5 
216363c,DillibabuKPSSD,Mon May 4 04:56:15 2020,"Update README.md",   1, 3, 3 
957fd37,DillibabuKPSSD,Mon May 4 04:52:53 2020,"Update README.md",   1, 7, 3 
d3b42bb,DillibabuKPSSD,Mon May 4 04:18:44 2020,"Add files via upload",   1, 74623 
7cce33c,DillibabuKPSSD,Mon May 4 03:57:18 2020,"Update README.md",   1, 39 
6d28a0b,DillibabuKPSSD,Mon May 4 03:08:08 2020,"Add files via upload",   3, 909 
1952c9d,DillibabuKPSSD,Mon May 4 02:57:56 2020,"Initial commit",   1, 2 