commit id,author,date,comment,changed files,lines added,lines deleted

c8e66c8,github-actions[bot],Sun Sep 13 06:41:51 2020,"Merge 8b5e3b3ccc11bce16e126eb976941665d2f84c13 into prod", 
8b5e3b3,Ethan Winters,Sun Sep 13 06:40:14 2020,"Merge pull request #870 from Collin-St/test-single", 
01b871f,github-actions[bot],Sun Sep 13 00:35:18 2020,"Merge 1f8dc1112af4600a0e4299b1e8f194d10973a321 into prod", 
d9fb34c,github-actions[bot],Sat Sep 12 12:36:11 2020,"Merge fd2a97952850ab905bcd810aa9c19e92724361d8 into prod", 
fd2a979,Collin-St,Sat Sep 12 12:34:38 2020,"Raps fix (#868)",   3, 8, 8 
3a36b87,github-actions[bot],Fri Sep 4 02:56:33 2020,"Merge df70bc1d4d92ad63a256eb43011a3a3c4bf14654 into prod", 
df70bc1,Ethan Winters,Fri Sep 4 02:54:51 2020,"Merge pull request #859 from Collin-St/nyt-redis", 
3bf896e,github-actions[bot],Thu Sep 3 22:22:00 2020,"Merge ca90decfc74401702f4b13dd546a3c70231cf578 into prod", 
ca90dec,Ethan Winters,Thu Sep 3 22:20:15 2020,"Merge pull request #864 from ebwinters/master", 
555c019,github-actions[bot],Thu Sep 3 10:58:01 2020,"Merge 7c2e8c11e175730ee5ddc8f59b07964cc63d2547 into prod", 
7c2e8c1,Ethan Winters,Thu Sep 3 10:56:24 2020,"Update updateCheck.js",   1, 1 
9e9527e,github-actions[bot],Wed Sep 2 23:32:53 2020,"Merge 943e1581958333294763041dcf9096366bc2b7e1 into prod", 
943e158,Ethan Winters,Wed Sep 2 23:31:08 2020,"Merge pull request #863 from ebwinters/master", 
a7f6c19,github-actions[bot],Wed Sep 2 10:05:18 2020,"Merge 916898d44c55ff84ec4e683c80ce79fdc0c4adf8 into prod", 
916898d,Ethan Winters,Wed Sep 2 10:03:33 2020,"Update updateCheck.js",   1, 1 
1e6135b,github-actions[bot],Wed Sep 2 04:36:49 2020,"Merge 8d7aef3e9932c5b601b1eb7b52ec92c8f9af0c29 into prod", 
8d7aef3,Julian Pufler,Wed Sep 2 04:35:16 2020,"Rename checkOutOfDate.js to updateCheck.js",   1, 0, 0 
49d033f,github-actions[bot],Tue Sep 1 23:06:58 2020,"Merge d0a138862054196e65ad4b8dc56015eea202b6e7 into prod", 
d0a1388,Ethan Winters,Tue Sep 1 23:05:12 2020,"Merge pull request #860 from ebwinters/master", 
aac8e1d,github-actions[bot],Mon Aug 31 00:47:35 2020,"Merge 5d22de9bd55ff028fe61d4e9becedc4ab54f297d into prod", 
5d22de9,Ethan Winters,Mon Aug 31 00:45:58 2020,"Merge pull request #849 from puf17640/master", 
9b1ca99,github-actions[bot],Mon Aug 31 00:20:10 2020,"Merge 9a484bb05151e6f9d35136cb42241c2c3a5ea233 into prod", 
9a484bb,Ethan Winters,Mon Aug 31 00:18:31 2020,"Merge pull request #858 from ebwinters/master", 
85f9b01,github-actions[bot],Fri Aug 28 23:01:53 2020,"Merge 3d7d7a492311cf3095fc3da61b8509d29e55214e into prod", 
3d7d7a4,Ethan Winters,Fri Aug 28 22:59:59 2020,"Merge pull request #854 from neo7337/issue/#844", 
5ccac68,github-actions[bot],Fri Aug 28 04:38:32 2020,"Merge 5901334897c5fcb60f78efe87bf216e638437a38 into prod", 
5901334,Julian Pufler,Fri Aug 28 04:36:46 2020,"Update package.json",   1, 1 
86e9339,github-actions[bot],Thu Aug 27 06:38:33 2020,"Merge cd9021eabce6c2dc05e5dc69d3735256896216fd into prod", 
cd9021e,Ethan Winters,Thu Aug 27 06:36:54 2020,"Merge pull request #856 from Collin-St/uk-hotfix2", 
97a4dcd,github-actions[bot],Sun Aug 23 22:23:57 2020,"Merge 432a4740ad045084010f7dcb95f9c7eeba126afc into prod", 
432a474,Ethan Winters,Sun Aug 23 22:22:14 2020,"Merge pull request #850 from Collin-St/RAPS-therapeutics", 
763139b,github-actions[bot],Thu Aug 20 23:10:15 2020,"Merge 5662a38105ffddff5f7c053f1b5dbbf5c872b3a9 into prod", 
5662a38,Ethan Winters,Thu Aug 20 23:08:29 2020,"Merge pull request #844 from neo7337/neo7337/feature835", 
ff2c7c6,github-actions[bot],Mon Aug 17 23:01:09 2020,"Merge 2e8f54b08feca273fff6f4f92cf6da92d6bbfc38 into prod", 
2e8f54b,Julian Pufler,Mon Aug 17 22:59:35 2020,"Merge pull request #848 from puf17640/master", 
73dd44b,github-actions[bot],Mon Aug 17 06:54:57 2020,"Merge 2b3c4785550c9e095f3f7a3714778fb6e116e724 into prod", 
2b3c478,Julian Pufler,Mon Aug 17 06:53:28 2020,"Merge pull request #845 from MarvelDC/patch-1", 
cbde856,github-actions[bot],Mon Aug 17 06:53:24 2020,"Merge 07d43a0fdfbcb6f058828ba00da047482343f166 into prod", 
07d43a0,Julian Pufler,Mon Aug 17 06:51:54 2020,"Merge pull request #846 from puf17640/master", 
ce7539a,github-actions[bot],Mon Aug 17 01:56:34 2020,"Merge e4dfb409d491a182081e65ac2d76f85637d56312 into prod", 
e4dfb40,Ethan Winters,Mon Aug 17 01:54:50 2020,"Merge pull request #841 from ebwinters/master", 
4c620c8,github-actions[bot],Mon Aug 17 01:02:35 2020,"Merge 9afaffab1d43391b18aed17c0c8c03008d8d4a90 into prod", 
9afaffa,Julian Pufler,Mon Aug 17 01:01:06 2020,"Merge pull request #839 from puf17640/master", 
c44f70d,github-actions[bot],Sun Aug 16 15:19:12 2020,"Merge 64a78518e0b2bbaaa46138e311cc39689edbf411 into prod", 
241b192,github-actions[bot],Sun Aug 16 15:18:37 2020,"Merge 63dc93a67af2c7a9f7892924b9ace973a07523d4 into prod", 
64a7851,EliteDaMyth,Sun Aug 16 15:17:36 2020,"Merge pull request #838 from disease-sh/all-contributors/add-MarvelDC", 
63dc93a,EliteDaMyth,Sun Aug 16 15:16:56 2020,"Merge pull request #836 from MarvelDC/master", 
f056ba5,github-actions[bot],Fri Aug 14 08:25:01 2020,"Merge b20fc63cb809cdd8852a1bd7d2344bc3f0a3dda0 into prod", 
b20fc63,Ethan Winters,Fri Aug 14 08:23:18 2020,"Merge pull request #829 from ebwinters/master", 
819f0f1,github-actions[bot],Thu Aug 13 23:31:31 2020,"Merge 330458b3af92b936ba48e8d5650631502b2c1b78 into prod", 
330458b,Ethan Winters,Thu Aug 13 23:29:55 2020,"Merge pull request #826 from meirroth/master", 
4fcc341,github-actions[bot],Tue Aug 11 22:17:16 2020,"Merge 26505b351bc24f2c7ad86c525fe124fc5a247338 into prod", 
26505b3,Ethan Winters,Tue Aug 11 22:15:29 2020,"Merge pull request #824 from Collin-St/mexico-fix", 
ad9a611,github-actions[bot],Mon Aug 10 22:26:43 2020,"Merge 479a4d9f39b244fa0037b59b9023cb70a6fd6e74 into prod", 
479a4d9,Ethan Winters,Mon Aug 10 22:23:56 2020,"Merge pull request #821 from Collin-St/extend-mexico", 
265f04d,github-actions[bot],Thu Aug 6 23:19:34 2020,"Merge 5755dea2af9b09f2848452ade42fdbeadbb44591 into prod", 
5755dea,Ethan Winters,Thu Aug 6 23:17:55 2020,"Merge pull request #814 from Collin-St/fix/twitter-btn", 
4eef66b,github-actions[bot],Thu Aug 6 04:22:57 2020,"Merge 108c1b56ef599b1b73e747098b61bf26cf5175d0 into prod", 
108c1b5,EliteDaMyth,Thu Aug 6 04:20:12 2020,"Merge pull request #819 from disease-sh/all-contributors/add-Collin-St", 
3012803,github-actions[bot],Thu Aug 6 04:19:05 2020,"Merge 032793657e2832add81aa9fe7c032426634faece into prod", 
0327936,EliteDaMyth,Thu Aug 6 04:17:14 2020,"Merge pull request #813 from Collin-St/uk-hotfix", 
67e8760,github-actions[bot],Wed Aug 5 23:21:48 2020,"Merge b0daa467fc0c42a2b93e1d2c22f0f1ace4f41dce into prod", 
b0daa46,Ethan Winters,Wed Aug 5 23:19:20 2020,"Merge pull request #811 from Collin-St/mexico", 
566cb04,github-actions[bot],Wed Aug 5 22:12:35 2020,"Merge dc899f0685d90cf455a9d8358b66e99fd6b60dcd into prod", 
dc899f0,Julian Pufler,Wed Aug 5 22:10:46 2020,"Merge pull request #817 from puf17640/master", 
9a00a3f,github-actions[bot],Mon Aug 3 03:43:40 2020,"Merge 3e4173488a43a1ae8077d261372ae6c78bf68a2e into prod", 
3e41734,Ethan Winters,Mon Aug 3 03:41:51 2020,"Merge pull request #809 from Collin-St/getCanada/csv", 
18ba874,github-actions[bot],Mon Aug 3 03:22:01 2020,"Merge 6e3491bf11f566a25a347dcbb14322592e248477 into prod", 
6e3491b,Ethan Winters,Mon Aug 3 03:20:15 2020,"Merge pull request #808 from neo7337/neo7337/master", 
9368890,github-actions[bot],Sun Aug 2 10:04:09 2020,"Merge caf4b0c198efff5d8d1e454952d8fbb332118b35 into prod", 
caf4b0c,Ethan Winters,Sun Aug 2 10:02:28 2020,"Merge pull request #807 from meirroth/master", 
7c85aca,github-actions[bot],Sun Aug 2 01:56:43 2020,"Merge 45ce308464722191da58d4ab044e4f943ce0242f into prod", 
45ce308,Ethan Winters,Sun Aug 2 01:55:03 2020,"Merge pull request #806 from ebwinters/master", 
56eba72,github-actions[bot],Sat Aug 1 23:39:24 2020,"Merge 4cbd28076ffffa86d500ca76b2fa429421194d35 into prod", 
4cbd280,Ethan Winters,Sat Aug 1 23:36:34 2020,"Update getVaccine.js",   1, 1, 1 
e367d2b,github-actions[bot],Thu Jul 30 22:41:39 2020,"Merge e6a7712b0932b4667653d94ae620aa43ab635c54 into prod", 
e6a7712,EliteDaMyth,Thu Jul 30 22:38:42 2020,"Merge pull request #805 from TogamiCookiie/patch-1", 
cdd431b,github-actions[bot],Wed Jul 29 04:30:39 2020,"Merge b83f6270a26a23488afd715c80f5277fcaa799e0 into prod", 
b83f627,Julian Pufler,Wed Jul 29 04:28:57 2020,"Merge pull request #802 from puf17640/master", 
6969402,github-actions[bot],Tue Jul 28 03:02:25 2020,"Merge 01783d64bee2b4c923619a9a5da7574d68783ec1 into prod", 
01783d6,Ethan Winters,Tue Jul 28 03:00:41 2020,"Merge pull request #799 from ebwinters/vax", 
89ee308,github-actions[bot],Tue Jul 28 02:54:22 2020,"Merge 5dffa5dab80454b200637c39ac217260f109d8d4 into prod", 
5dffa5d,Ethan Winters,Tue Jul 28 02:52:41 2020,"Merge pull request #800 from ebwinters/master", 
53c8699,github-actions[bot],Sun Jul 26 01:59:10 2020,"Merge d22c5cbcb9b58494486c3e6244efd4a36eeb8a88 into prod", 
d22c5cb,Ethan Winters,Sun Jul 26 01:57:41 2020,"Merge pull request #796 from ebwinters/master", 
5ee3196,github-actions[bot],Fri Jul 24 19:51:36 2020,"Merge 9af78bcc755d36d369b8804ef70f7b93ac5e46ac into prod", 
9af78bc,Julian Pufler,Fri Jul 24 19:49:59 2020,"Added visits badge",   1, 1 
374ced2,github-actions[bot],Thu Jul 16 23:41:56 2020,"Merge f7e1726cc2973590f9bd3759e0277df94c2a8daa into prod", 
f7e1726,Julian Pufler,Thu Jul 16 23:40:19 2020,"Merge pull request #791 from disease-sh/dependabot/npm_and_yarn/lodash-4.17.19", 
8976553,github-actions[bot],Thu Jul 16 18:50:53 2020,"Merge 807d598bdc9d95796bc7ea0cafbcf8a0d523111d into prod", 
807d598,Julian Pufler,Thu Jul 16 18:49:12 2020,"Merge pull request #789 from MenaiAla/config", 
5c0d023,github-actions[bot],Thu Jul 16 18:18:52 2020,"Merge 33a98309d2e1a69f9a89edacae1888f05299a46a into prod", 
33a9830,Julian Pufler,Thu Jul 16 18:17:16 2020,"Merge pull request #790 from puf17640/master", 
acbf52d,github-actions[bot],Wed Jul 15 16:40:29 2020,"Merge 576c9fe511585b49a1d193c0420dbe59fb1d076d into prod", 
576c9fe,Julian Pufler,Wed Jul 15 16:38:50 2020,"Update README.md",   1, 10, 10 
349ca12,github-actions[bot],Wed Jul 15 01:02:22 2020,"Merge db79cde3979e61865b909c1b8e59c09cad292742 into prod", 
db79cde,Ravy,Wed Jul 15 00:59:44 2020,"Merge pull request #786 from puf17640/master", 
1b36fde,github-actions[bot],Mon Jul 13 10:19:26 2020,"Merge 8109730feae58cd6f75f14a24b4eec88986c7635 into prod", 
8109730,Ethan Winters,Mon Jul 13 10:17:38 2020,"Merge pull request #784 from ebwinters/master", 
740b0c0,github-actions[bot],Fri Jul 10 18:45:21 2020,"Merge 16390a34a973a7e31513654ecc50965a9b3a48a9 into prod", 
16390a3,EliteDaMyth,Fri Jul 10 18:43:13 2020,"Update index.ejs",   1, 4, 4 
4ff4558,github-actions[bot],Tue Jul 7 01:28:57 2020,"Merge 610bf73d2c01fdaf30aa0f089eb68d2584896d83 into prod", 
610bf73,puf17640,Tue Jul 7 01:27:12 2020,"Merge pull request #779 from puf17640/master", 
8b7aa96,github-actions[bot],Tue Jul 7 00:35:09 2020,"Merge b81bacb44619d54783a23d8c972b9f1bed3f9ef6 into prod", 
b81bacb,Ethan Winters,Tue Jul 7 00:33:34 2020,"Merge pull request #776 from meirroth/master", 
d84b98a,github-actions[bot],Sun Jul 5 10:42:10 2020,"Merge b5e1f02253c7e3a7902f2944adba57e490777f38 into prod", 
b5e1f02,Ethan Winters,Sun Jul 5 10:40:36 2020,"Merge pull request #772 from puf17640/master", 
d996d78,github-actions[bot],Sun Jul 5 09:26:29 2020,"Merge ec59b72aa16c884f7e90bb95b9c35eff2123bce5 into prod", 
ec59b72,Ethan Winters,Sun Jul 5 09:24:54 2020,"Merge pull request #774 from ebwinters/master", 
374f1fa,github-actions[bot],Sat Jul 4 23:30:15 2020,"Merge 09910828b238f2acedc8065ea120e3df7c28a61d into prod", 
0991082,Ethan Winters,Sat Jul 4 23:28:44 2020,"Merge pull request #773 from shashwat1998/master", 
71a50a3,github-actions[bot],Sat Jul 4 01:16:14 2020,"Merge 1af2a07fa7738defaf79cf96132a5afb6990ba61 into prod", 
1af2a07,Ethan Winters,Sat Jul 4 01:14:41 2020,"Merge pull request #766 from puf17640/master", 
6794ec6,github-actions[bot],Fri Jul 3 18:09:50 2020,"Merge ea114d73972f806ca96f5c8224d1dd57a2cd46f3 into prod", 
ea114d7,EliteDaMyth,Fri Jul 3 18:08:18 2020,"Merge pull request #770 from TogamiCookiie/patch-1", 
b961687,github-actions[bot],Thu Jul 2 00:52:54 2020,"Merge ae7508527e1726b803d3ece748a38e6eb10cd24b into prod", 
ae75085,Ethan Winters,Thu Jul 2 00:51:22 2020,"Merge pull request #767 from ebwinters/master", 
f427e93,github-actions[bot],Wed Jul 1 18:50:06 2020,"Merge 8e7a5ae367aec8a0d260f2ccfdfea7e670f3dc4e into prod", 
8e7a5ae,EliteDaMyth,Wed Jul 1 18:48:13 2020,"Update index.ejs",   1, 2, 2 
d29cb3e,github-actions[bot],Wed Jul 1 13:03:40 2020,"Merge 0a9d5b6757964261d16dcd1311a9889c2a53c2a1 into prod", 
0a9d5b6,Ethan Winters,Wed Jul 1 13:01:57 2020,"Merge pull request #765 from ebwinters/master", 
453d68b,github-actions[bot],Wed Jul 1 11:14:35 2020,"Merge 7dda9c88014a871acf1f537759c9a715d2573844 into prod", 
7dda9c8,Ethan Winters,Wed Jul 1 11:12:59 2020,"Merge pull request #764 from disease-sh/v3-update", 
e8c4827,github-actions[bot],Sun Jun 28 01:13:02 2020,"Merge 13e33840baeaa26be9521b2b774d7093f97e96ed into prod", 
13e3384,Ethan Winters,Sun Jun 28 01:11:33 2020,"Merge pull request #760 from ebwinters/master", 
d6f10bc,github-actions[bot],Sat Jun 27 19:36:25 2020,"Merge 3ee868090ea4940ae267cd30698bcfb352af1dba into prod", 
3ee8680,EliteDaMyth,Sat Jun 27 19:34:59 2020,"Update index.ejs",   1, 1, 1 
5b03f39,github-actions[bot],Sat Jun 27 03:31:37 2020,"Merge d567d9d55e6b6e6d920d717fd8bae48484babe8f into prod", 
d567d9d,Ethan Winters,Sat Jun 27 03:30:03 2020,"Merge pull request #759 from crazyuploader/patch-1", 
c98095a,github-actions[bot],Fri Jun 26 23:42:43 2020,"Merge acb0d77d72a8d42c60a4a0fbe647e41ef307877e into prod", 
acb0d77,puf17640,Fri Jun 26 23:41:02 2020,"Merge pull request #758 from puf17640/master", 
0828232,github-actions[bot],Fri Jun 26 00:21:26 2020,"Merge 3951f2bf7ca34767c4840283a78b37fadb91b3be into prod", 
3951f2b,Ethan Winters,Fri Jun 26 00:19:09 2020,"Merge pull request #757 from ebwinters/master", 
b130e11,github-actions[bot],Tue Jun 23 11:56:04 2020,"Merge c7b10654334efbbec20ce694ae25e5e60a0958ef into prod", 
c7b1065,Ethan Winters,Tue Jun 23 11:54:18 2020,"Update docker-publish.yml",   1, 2, 2 
d6b1b8c,Ethan Winters,Tue Jun 23 07:40:10 2020,"Fix Readme badges for new org name",   1, 8, 8 
ff4ac96,Ethan Winters,Tue Jun 23 07:29:05 2020,"Merge pull request #753 from skyzadev/master", 
6b39c51,Ethan Winters,Tue Jun 23 02:47:10 2020,"Merge pull request #754 from ebwinters/master", 
a264ce4,github-actions[bot],Sat Jun 20 03:23:27 2020,"Merge fb1c1e0a1a40b78b48982c6913e16be0532e989b into prod", 
fb1c1e0,puf17640,Sat Jun 20 03:21:55 2020,"Merge pull request #752 from puf17640/master", 
1252310,github-actions[bot],Wed Jun 17 15:48:59 2020,"Merge cf53d7fa2e684e72a73f32d79d2a7a53c6689a45 into prod", 
cf53d7f,puf17640,Wed Jun 17 15:47:23 2020,"Merge pull request #747 from jsebastianms1/gov/colombia", 
e81889c,github-actions[bot],Sun Jun 14 16:37:02 2020,"Merge e134fc7495679a3caeaf5e9e1bc13baf314e0abb into prod", 
e134fc7,EliteDaMyth,Sun Jun 14 16:35:34 2020,"Update getIndia.js",   1, 1, 1 
ade8e62,github-actions[bot],Sun Jun 14 16:30:27 2020,"Merge bb24fa737d415a8c1baa9e6adcedc3306d2ae5f0 into prod", 
5fd64be,github-actions[bot],Sun Jun 14 16:30:17 2020,"Merge 03dc9b917bd4df38bc0782f8f5559c68d13af244 into prod", 
bb24fa7,EliteDaMyth,Sun Jun 14 16:29:00 2020,"Update getIndia.js",   1, 1, 1 
03dc9b9,EliteDaMyth,Sun Jun 14 16:28:50 2020,"Update api_gov.spec.js",   1, 2, 2 
8b03944,github-actions[bot],Sun Jun 14 16:26:42 2020,"Merge 4538b0ca865f79959d05727ceb5cea50024cea83 into prod", 
4538b0c,EliteDaMyth,Sun Jun 14 16:25:01 2020,"Update getIndia.js",   1, 1, 1 
7bda485,github-actions[bot],Sun Jun 14 16:19:21 2020,"Merge 2be6d6d2bb040c1128232f5dc6ab0a160cebf4aa into prod", 
2be6d6d,EliteDaMyth,Sun Jun 14 16:17:49 2020,"Update api_gov.spec.js",   1, 1, 1 
0e845db,github-actions[bot],Fri Jun 12 15:12:36 2020,"Merge b2d1c259a4d02e9b5619573ee6185e6b6f1cf704 into prod", 
b2d1c25,EliteDaMyth,Fri Jun 12 15:11:09 2020,"Merge pull request #743 from NovelCOVID/all-contributors/add-jsebastianms1", 
fe717fa,github-actions[bot],Fri Jun 12 15:11:03 2020,"Merge e65d016b4a7e46622d2bd4f12bea4a9334319e77 into prod", 
e65d016,EliteDaMyth,Fri Jun 12 15:09:31 2020,"Merge pull request #741 from jsebastianms1/gov/colombia", 
399f646,github-actions[bot],Thu Jun 11 04:51:25 2020,"Merge bcff72f1dcce5ae1ab33f8de1aaa1a31c4c4068f into prod", 
bcff72f,Ethan Winters,Thu Jun 11 04:49:50 2020,"Merge pull request #739 from ebwinters/master", 
bb6b524,github-actions[bot],Wed Jun 10 20:39:19 2020,"Merge fda49e96fd69ed56d570787db5bd42ae264988d0 into prod", 
fda49e9,EliteDaMyth,Wed Jun 10 20:37:45 2020,"Merge pull request #736 from MarvelDC/patch-1", 
5742068,github-actions[bot],Wed Jun 10 03:04:32 2020,"Merge 6375d813cf3ca6388793ee019b8fb4dbc673f247 into prod", 
6375d81,Ethan Winters,Wed Jun 10 03:02:49 2020,"Merge pull request #734 from puf17640/master", 
c93de9d,github-actions[bot],Sun Jun 7 20:56:30 2020,"Merge aaa6477a00774954822353dcb4e5a61cb85d82a1 into prod", 
aaa6477,EliteDaMyth,Sun Jun 7 20:54:56 2020,"Merge pull request #733 from vinitshahdeo/master", 
028d84d,github-actions[bot],Sat Jun 6 22:44:53 2020,"Merge b8ed947c696c12a5ccb16cff56b31727b4a922e2 into prod", 
b8ed947,EliteDaMyth,Sat Jun 6 22:43:17 2020,"Remove ProbableCases from tests",   1, 2 
f14a567,github-actions[bot],Sat Jun 6 22:40:52 2020,"Merge 93c71cc37f88b7a8da7835f9992efc7ac4e5a9c4 into prod", 
93c71cc,EliteDaMyth,Sat Jun 6 22:39:21 2020,"Remove Canada Probable Cases",   1, 1, 1 
1c6fca9,github-actions[bot],Wed Jun 3 03:07:02 2020,"Merge 95560c41399020ce30a9645a18179b52c6f2ffc2 into prod", 
95560c4,puf17640,Wed Jun 3 03:05:12 2020,"Update README.md",   1, 1, 1 
4687762,github-actions[bot],Wed Jun 3 02:44:13 2020,"Merge 808b1b8e7e725b5e9bbf0dd8f11b9a685eaf2129 into prod", 
808b1b8,puf17640,Wed Jun 3 02:42:22 2020,"Merge pull request #726 from puf17640/master", 
211c76f,github-actions[bot],Tue Jun 2 13:24:09 2020,"Merge 7f19566981276a3f77cb471e73a51e079bfe3efc into prod", 
7f19566,Ethan Winters,Tue Jun 2 13:22:37 2020,"Merge pull request #725 from ebwinters/master", 
3837795,github-actions[bot],Sat May 30 04:36:37 2020,"Merge ea345ee8956c198cadbd0ec32a3d99a4a877bda2 into prod", 
ea345ee,Ethan Winters,Sat May 30 04:35:05 2020,"Merge pull request #723 from ebwinters/master", 
c02f40c,github-actions[bot],Fri May 29 15:54:52 2020,"Merge 1cb62e3e9bed9728af0a19e108a6e521b87662e8 into prod", 
1cb62e3,Ethan Winters,Fri May 29 15:53:17 2020,"Merge pull request #721 from ebwinters/master", 
9b49847,github-actions[bot],Thu May 28 12:46:00 2020,"Merge 345177a3809c06247cf0ff39f59cf7d79098ab37 into prod", 
345177a,Ethan Winters,Thu May 28 12:44:18 2020,"Update hardcoded test for Nigera gov",   1, 1, 1 
eae0d52,github-actions[bot],Tue May 26 04:55:38 2020,"Merge 0349c5a31ef10f4d1d56fa7f6e58842c45fd4188 into prod", 
0349c5a,Ethan Winters,Tue May 26 04:54:08 2020,"Merge pull request #715 from ebwinters/master", 
697a0a5,github-actions[bot],Tue May 26 01:41:03 2020,"Merge 6186426514e9dbee01ba30130c685a7352682749 into prod", 
6186426,puf17640,Tue May 26 01:39:23 2020,"Merge pull request #714 from pgrimaud/master", 
40e84c3,github-actions[bot],Mon May 25 21:07:29 2020,"Merge 1692669032c0924f847c17f860337b408de77f8f into prod", 
1692669,EliteDaMyth,Mon May 25 21:05:55 2020,"Update SECURITY.md",   1, 1, 1 
20fe72a,github-actions[bot],Mon May 25 00:47:11 2020,"Merge ce8c3246e4b4090f54b73e2b76ce2349888cd880 into prod", 
a652bb7,github-actions[bot],Mon May 25 00:46:18 2020,"Merge f2a73b75f8412e5d0213014544275cd40b56d29e into prod", 
ce8c324,EliteDaMyth,Mon May 25 00:45:34 2020,"Update README.md",   1, 1, 2 
f2a73b7,EliteDaMyth,Mon May 25 00:44:47 2020,"Update .all-contributorsrc",   1, 4, 13 
52adbc1,github-actions[bot],Thu May 21 23:42:56 2020,"Merge 695a827d5963570a66ba19de9df80815140e9313 into prod", 
695a827,EliteDaMyth,Thu May 21 23:41:12 2020,"Merge pull request #710 from NovelCOVID/all-contributors/add-egbakou", 
bb98b41,github-actions[bot],Thu May 21 23:40:14 2020,"Merge 9f51cc711cf26960612b804e7169cfc009c6e90c into prod", 
9f51cc7,puf17640,Thu May 21 23:38:06 2020,"Merge pull request #709 from egbakou/master", 
1d2acf7,github-actions[bot],Thu May 21 22:14:06 2020,"Merge 471419dce45b1d87ee6c7fa38d715c11418ea64b into prod", 
471419d,EliteDaMyth,Thu May 21 22:12:31 2020,"Update index.ejs",   1, 5, 6 
8099b90,github-actions[bot],Thu May 21 09:01:17 2020,"Merge bc77d96f97fa25f4907d023b9acf488262380155 into prod", 
bc77d96,Ethan Winters,Thu May 21 08:59:40 2020,"Merge pull request #707 from ebwinters/master", 
63efd74,github-actions[bot],Thu May 21 03:58:41 2020,"Merge 0bbd7873884dc72ddee03efcb2d66bdc213ed876 into prod", 
eaafad4,github-actions[bot],Thu May 21 03:57:26 2020,"Merge d416649eae598f0eb82d820c17aa2b66acd5cd3e into prod", 
0bbd787,Ethan Winters,Thu May 21 03:57:14 2020,"Update issue templates",   2, 18, 1 
a578a93,github-actions[bot],Thu May 21 03:56:34 2020,"Merge 6e937db95a19d9a63a9de61e88f6724df940fc27 into prod", 
d416649,Ethan Winters,Thu May 21 03:55:51 2020,"Update bug_report.md",   1, 1, 1 
6e937db,Ethan Winters,Thu May 21 03:54:57 2020,"Update issue templates",   1, 27 
387b17a,EliteDaMyth,Thu May 21 00:18:47 2020,"Remove facebook",   1, 2, 2 
d9f76d0,EliteDaMyth,Thu May 21 00:16:00 2020,"Merge pull request #706 from NovelCOVID/all-contributors/add-himanshu2406", 
de3c242,github-actions[bot],Wed May 20 23:01:02 2020,"Merge e9fe45b539a93a877dee4770823db453113ac112 into prod", 
e9fe45b,EliteDaMyth,Wed May 20 22:59:29 2020,"Merge pull request #704 from seyi-adeleke/master", 
3ed40c7,github-actions[bot],Wed May 20 15:00:05 2020,"Merge 0c859a499a493e9ceba4259c1c62261670b7130d into prod", 
0c859a4,Ethan Winters,Wed May 20 14:58:38 2020,"Merge pull request #703 from ebwinters/master", 
f257387,github-actions[bot],Wed May 20 10:58:01 2020,"Merge c96d2c7a239a4e3b54d3d6e772550d4709d974e0 into prod", 
c96d2c7,Ethan Winters,Wed May 20 10:31:01 2020,"Update docker-publish.yml",   1, 2, 2 
facb50e,Ethan Winters,Wed May 20 09:55:23 2020,"Update docker-publish.yml",   1, 6, 6 
2eda374,Ethan Winters,Wed May 20 09:15:14 2020,"Merge pull request #702 from ebwinters/master", 
644d3bc,github-actions[bot],Wed May 20 04:54:07 2020,"Merge 2847c4b91c065bbe7fbfcc6fdf2828a07bd1b8a7 into prod", 
2847c4b,Ethan Winters,Wed May 20 04:52:24 2020,"Update docker-publish.yml",   1, 1, 1 
d985360,puf17640,Wed May 20 04:47:46 2020,"Update docker-publish.yml",   1, 1, 1 
12eee1e,puf17640,Wed May 20 04:47:15 2020,"Update docker-publish.yml",   1, 1, 1 
37c9396,Ethan Winters,Wed May 20 04:40:11 2020,"Update docker-publish.yml",   1, 1, 1 
0763f62,Ethan Winters,Wed May 20 04:38:52 2020,"Update docker-publish.yml",   1, 1, 1 
30272f2,Ethan Winters,Wed May 20 04:38:13 2020,"Update docker-publish.yml",   1, 8, 1 
9b4b7af,github-actions[bot],Wed May 20 03:45:56 2020,"Merge dc3d1713de92dce6a0c1010656ff6328bfba823c into prod", 
dc3d171,Ethan Winters,Wed May 20 03:44:05 2020,"Merge pull request #701 from ebwinters/master", 
767de3c,github-actions[bot],Wed May 20 02:40:44 2020,"Merge 30ac8ce9f24ebc436ab6cba2c17b6e07eac0a8f2 into prod", 
30ac8ce,Ethan Winters,Wed May 20 02:38:50 2020,"Merge pull request #700 from MarvelDC/patch-1", 
a35c25f,github-actions[bot],Mon May 18 18:12:53 2020,"Merge 7c660fb0fef14ca8d7aa8d1e6cbcd721463bde90 into prod", 
7c660fb,puf17640,Mon May 18 18:11:10 2020,"updated example req domain",   1, 1, 1 
5dbe8ad,github-actions[bot],Mon May 18 15:06:56 2020,"Merge 5197b36c1ab76c640f20357361c0b84213492723 into prod", 
5197b36,Ethan Winters,Mon May 18 15:04:54 2020,"Update index.ejs",   1, 3, 3 
80a04a5,github-actions[bot],Mon May 18 11:02:44 2020,"Merge 170397c5346ae3700d9941036a871e6ca4480cc7 into prod", 
170397c,Ethan Winters,Mon May 18 11:00:59 2020,"Update amount of requests served",   1, 1, 1 
79b7b7a,github-actions[bot],Mon May 18 07:02:09 2020,"Merge 58448edc739024be17555a25104259fc50de6e81 into prod", 
58448ed,Ethan Winters,Mon May 18 07:00:06 2020,"Merge pull request #693 from ebwinters/master", 
def692a,github-actions[bot],Sun May 17 22:33:38 2020,"Merge e6dec0487d483465eaa79c46429911ae53ea8a0c into prod", 
e6dec04,puf17640,Sun May 17 22:31:57 2020,"Merge pull request #692 from puf17640/master", 
e1ca22d,github-actions[bot],Sun May 17 21:42:57 2020,"Merge e23dd9078669ea7129ec5c004da5a123b97b85b2 into prod", 
e23dd90,Raven,Sun May 17 21:41:14 2020,"Merge pull request #691 from puf17640/master", 
5173677,github-actions[bot],Sun May 17 08:32:26 2020,"Merge 69bada0dd8042942ad2f593a8185cd77b8a5c6a2 into prod", 
69bada0,Ethan Winters,Sun May 17 08:30:30 2020,"Merge pull request #688 from puf17640/master", 
05f638d,github-actions[bot],Sun May 17 07:26:05 2020,"Merge c004ef09f928ed8df166bff74b09919653ae666b into prod", 
c004ef0,puf17640,Sun May 17 07:24:27 2020,"Merge pull request #683 from puf17640/phamleduy04-master", 
8115b6a,github-actions[bot],Sun May 17 02:57:24 2020,"Merge 54f309b46055f893161b92804b696e2a49fdb85f into prod", 
54f309b,puf17640,Sun May 17 02:55:47 2020,"Merge pull request #686 from puf17640/master", 
f148b36,github-actions[bot],Sat May 16 15:47:37 2020,"Merge 43c27329cca9cff384dcaee2f7389b5719b280b7 into prod", 
43c2732,puf17640,Sat May 16 15:45:56 2020,"Merge pull request #681 from ebwinters/master", 
808e598,github-actions[bot],Sat May 16 07:15:08 2020,"Merge 6e56ca8e3a2a38d60ebddd4606275a9d5e9e4133 into prod", 
6e56ca8,Ethan Winters,Sat May 16 07:13:25 2020,"Merge pull request #680 from ebwinters/master", 
a94a33f,github-actions[bot],Fri May 15 17:56:53 2020,"Merge d1dd839015da5864d4f0e2dafd3d138fdde0737d into prod", 
5d80bf5,github-actions[bot],Fri May 15 17:55:40 2020,"Merge a77bee441da2bdd23e2a542ede91f1c1421c9653 into prod", 
d1dd839,puf17640,Fri May 15 17:55:02 2020,"Update README.md",   1, 2, 2 
a77bee4,puf17640,Fri May 15 17:53:49 2020,"New README, who dis?",   1, 28, 22 
a4c66e6,github-actions[bot],Fri May 15 16:51:46 2020,"Merge ecc2d8942e8293bedc20d3516178f7e4e20f7ba4 into prod", 
ecc2d89,puf17640,Fri May 15 16:49:57 2020,"Merge pull request #678 from puf17640/master", 
d8089ea,github-actions[bot],Fri May 15 14:23:52 2020,"Merge 7a2363c16c8da24861d50a382380553acc0c1f14 into prod", 
7a2363c,Ethan Winters,Fri May 15 14:22:09 2020,"Merge pull request #675 from ebwinters/master", 
29b38f4,github-actions[bot],Fri May 15 14:00:51 2020,"Merge bbd877dc8d00a37619edcc90dde624f067340020 into prod", 
bbd877d,Ethan Winters,Fri May 15 13:59:10 2020,"Merge pull request #672 from ebwinters/master", 
cc14e7c,github-actions[bot],Fri May 15 09:46:44 2020,"Merge 18dd8dcc787fc34e6ec83cad2844cada5ee6b933 into prod", 
18dd8dc,Ethan Winters,Fri May 15 09:44:59 2020,"Merge pull request #670 from ebwinters/master", 
3ede400,github-actions[bot],Fri May 15 00:47:24 2020,"Merge f157aff86cfd4ba5ba4e7f116844b29ed47e06a8 into prod", 
f157aff,puf17640,Fri May 15 00:45:37 2020,"Merge pull request #668 from puf17640/master", 
96aeb70,github-actions[bot],Thu May 14 23:27:01 2020,"Merge c0584d9e8a0df2f730d03bb0b62ab419336de82d into prod", 
c0584d9,puf17640,Thu May 14 23:25:19 2020,"Merge pull request #667 from puf17640/master", 
884284a,github-actions[bot],Thu May 14 22:58:04 2020,"Merge 459b7ba54cfa49aa36f15c55404d3320c85ee298 into prod", 
459b7ba,puf17640,Thu May 14 22:56:15 2020,"Merge pull request #666 from puf17640/master", 
4699603,github-actions[bot],Thu May 14 22:30:34 2020,"Merge 7bc2ff9f61a12b7cb907f7b4434e23d7df67b039 into prod", 
7bc2ff9,puf17640,Thu May 14 22:28:33 2020,"Merge pull request #665 from puf17640/master", 
d8dfe68,github-actions[bot],Thu May 14 19:52:42 2020,"Merge a4dcd78d313e3c5486dbf5f171cf922edf290da1 into prod", 
a4dcd78,puf17640,Thu May 14 19:50:50 2020,"Update README.md",   1, 3, 23 
0760dd0,github-actions[bot],Thu May 14 19:21:20 2020,"Merge cf71d3e4da490e4219bbd28819d7d3454326a0e7 into prod", 
cf71d3e,puf17640,Thu May 14 19:19:29 2020,"changed discord link to #info channel",   1, 2, 2 
4ec1227,github-actions[bot],Thu May 14 17:02:44 2020,"Merge 960b60289522705a0019c15a8ffe67443b461353 into prod", 
960b602,puf17640,Thu May 14 17:00:51 2020,"Merge pull request #664 from puf17640/master", 
d30bc6a,github-actions[bot],Wed May 13 20:42:30 2020,"Merge ee2003661d0581f4d270095f80aa99298fa60020 into prod", 
ee20036,puf17640,Wed May 13 20:40:26 2020,"update discord invite",   1, 2, 2 
aa6204b,github-actions[bot],Wed May 13 20:40:16 2020,"Merge 4b8fe20b6196fb2fefd644c22b4568ddf7420dec into prod", 
4b8fe20,puf17640,Wed May 13 20:38:24 2020,"Merge pull request #663 from puf17640/master", 
22fa98c,github-actions[bot],Wed May 13 02:45:08 2020,"Merge 7006e712dcc929771bdcc47d48c0b3ccd6c74a94 into prod", 
7006e71,Ethan Winters,Wed May 13 02:43:06 2020,"Merge pull request #662 from puf17640/master", 
c9da65e,github-actions[bot],Tue May 12 08:31:28 2020,"Merge e317351a7b619dfc6cb05325b7ef7921b7450ae6 into prod", 
e317351,Ethan Winters,Tue May 12 08:29:43 2020,"Merge pull request #661 from ebwinters/master", 
bc781f9,github-actions[bot],Mon May 11 11:42:01 2020,"Merge d8e87095163e3a8c2a781317d6d09b171490444a into prod", 
d8e8709,Ethan Winters,Mon May 11 11:40:09 2020,"Merge pull request #659 from ebwinters/gov-italy", 
68949d0,github-actions[bot],Mon May 11 08:26:07 2020,"Merge 85aa5ce96402923d8b2c6a3233d20cb63564662b into prod", 
85aa5ce,puf17640,Mon May 11 08:24:15 2020,"closes #568",   1, 1, 1 
27b2daf,github-actions[bot],Mon May 11 08:01:15 2020,"Merge f51856126f6087381499bef1c3c04466aeeb95ab into prod", 
f518561,puf17640,Mon May 11 07:59:31 2020,"Update README.md",   1, 1, 1 
9de0d34,github-actions[bot],Mon May 11 06:21:19 2020,"Merge 39065e4aeb55cbd31ade43ade506d6d612c19314 into prod", 
39065e4,Ethan Winters,Mon May 11 06:19:41 2020,"Merge pull request #656 from ebwinters/master", 
ed6987e,github-actions[bot],Mon May 11 02:24:31 2020,"Merge 645cfa660aeacaa5ed1e90e4a768d4bdab76b095 into prod", 
645cfa6,Ethan Winters,Mon May 11 02:22:32 2020,"Merge pull request #655 from NovelCOVID/gov-data", 
7071a81,github-actions[bot],Fri May 8 17:46:18 2020,"Merge 9c9fbc9125da3f92db652326310fcd393bab65a3 into prod", 
9c9fbc9,puf17640,Fri May 8 17:44:04 2020,"Merge pull request #648 from puf17640/master", 
767e60b,github-actions[bot],Fri May 8 16:28:32 2020,"Merge 87793946d89507be054e3855283c107d237457d9 into prod", 
8779394,puf17640,Fri May 8 16:26:36 2020,"Merge pull request #646 from ebwinters/master", 
fda0bb2,github-actions[bot],Thu May 7 15:22:14 2020,"Merge 727cf0873a9d5f28893971079fb67b2563b94284 into prod", 
727cf08,EliteDaMyth,Thu May 7 15:20:02 2020,"Change the country flags domains to disease.sh",   1, 2, 2 
1e3f158,github-actions[bot],Thu May 7 03:57:06 2020,"Merge 9fc3463ee08b5ef0160ce1a021d685dc1fc7b8a9 into prod", 
9fc3463,puf17640,Thu May 7 03:54:53 2020,"Merge pull request #644 from puf17640/master", 
d5dcede,github-actions[bot],Thu May 7 00:37:36 2020,"Merge 7e2e3c5a383926339513adccc3f476334267be6c into prod", 
7e2e3c5,Ethan Winters,Thu May 7 00:34:59 2020,"Update package.json",   1, 1, 1 
64dfea3,github-actions[bot],Wed May 6 20:42:10 2020,"Merge ee00cfb2a0c5a89da53a21c35bce848eeac76c5f into prod", 
ee00cfb,puf17640,Wed May 6 20:39:20 2020,"Merge pull request #642 from puf17640/master", 
26d148f,github-actions[bot],Wed May 6 18:59:11 2020,"Merge 0d54ce9aa2e9f246199077b8f5473b58d655f50c into prod", 
0d54ce9,puf17640,Wed May 6 18:56:55 2020,"Update README.md",   1, 14, 14 
6926aa8,github-actions[bot],Wed May 6 18:56:39 2020,"Merge 80e9e32179418a78e4743f6aba04e2412f820d83 into prod", 
80e9e32,puf17640,Wed May 6 18:54:13 2020,"Update example.env",   1, 3, 3 
383701a,github-actions[bot],Wed May 6 11:48:32 2020,"Merge fb7ffadeaadb6428679778427fa35ccb8329ed81 into prod", 
fb7ffad,Ethan Winters,Wed May 6 11:46:25 2020,"Merge pull request #639 from dicedtomatoreal/master", 
e5332d4,github-actions[bot],Tue May 5 22:19:43 2020,"Merge 76ad6dd69ba03d1963ccf5c24ef594843f16df46 into prod", 
76ad6dd,puf17640,Tue May 5 22:17:34 2020,"Merge pull request #637 from ebwinters/master", 
7e15c10,github-actions[bot],Mon May 4 12:35:40 2020,"Merge 907b3e4f3a3647e9bb02b547e890c6fc7890e822 into prod", 
907b3e4,Ethan Winters,Mon May 4 12:33:30 2020,"Merge pull request #634 from ebwinters/master", 
31f807a,github-actions[bot],Mon May 4 05:35:41 2020,"Merge dcdb80cf200eae9a374b287f1a91967fa00adbc6 into prod", 
dcdb80c,Ethan Winters,Mon May 4 05:33:32 2020,"Merge pull request #633 from ebwinters/master", 
6dcc51e,github-actions[bot],Mon May 4 02:32:36 2020,"Merge 6bac26055c893c2b5c0f01d1d54a094d76cc8ad5 into prod", 
6bac260,Ethan Winters,Mon May 4 02:30:34 2020,"Merge pull request #632 from ebwinters/master", 
6ffef6b,github-actions[bot],Mon May 4 02:17:45 2020,"Merge cd14d074a448a42df6e309ddf7cd554ffab61406 into prod", 
cd14d07,Ethan Winters,Mon May 4 02:15:35 2020,"Merge pull request #630 from NovelCOVID/apple-data", 
d0252d6,github-actions[bot],Sat May 2 01:03:05 2020,"Merge 6ba988dac2cd20259f57e6fac7379113d1c246ff into prod", 
6ba988d,puf17640,Sat May 2 01:00:24 2020,"Merge pull request #628 from puf17640/master", 
63b25ed,github-actions[bot],Fri May 1 08:21:00 2020,"Merge b2087780338a85948d2998aea88cb1313ec1c582 into prod", 
b208778,puf17640,Fri May 1 08:18:53 2020,"Merge pull request #624 from puf17640/master", 
78a3d8e,github-actions[bot],Fri May 1 08:10:46 2020,"Merge 64575638d0791f27373f2872772215ba6f7efd78 into prod", 
6457563,puf17640,Fri May 1 08:08:33 2020,"Merge pull request #623 from puf17640/master", 
6527e02,github-actions[bot],Fri May 1 03:29:20 2020,"Merge 8780750ba100046f4f0724b4e838062d8f8244f6 into prod", 
8780750,puf17640,Fri May 1 03:26:46 2020,"Merge pull request #622 from puf17640/master", 
777c015,github-actions[bot],Fri May 1 02:15:25 2020,"Merge fdac95e902aa6c9062f1907ed42c79c09a2717af into prod", 
fdac95e,Ethan Winters,Fri May 1 02:13:16 2020,"Update index.ejs",   1, 1, 1 
e85f4e8,github-actions[bot],Fri May 1 02:07:28 2020,"Merge 964bac2d25b30d07f6c206bcecefdb09654363d0 into prod", 
964bac2,Ethan Winters,Fri May 1 02:05:11 2020,"Update index.ejs",   1, 2, 2 
1e2bd10,github-actions[bot],Fri May 1 01:41:57 2020,"Merge c519396920c81c71ce94b42567b839d49e42b57a into prod", 
c519396,Ethan Winters,Fri May 1 01:39:34 2020,"Merge pull request #619 from puf17640/buster95-master", 
8cbf8c1,github-actions[bot],Thu Apr 30 05:48:58 2020,"Merge 6ca2cb56e6a06c23a99a544cc43de0bcaa0c1854 into prod", 
6ca2cb5,Ethan Winters,Thu Apr 30 05:46:55 2020,"Merge pull request #615 from puf17640/master", 
1cf82c7,github-actions[bot],Thu Apr 30 04:07:23 2020,"Merge a76d49e62e0e17407056a84479acba47aa211f52 into prod", 
a76d49e,puf17640,Thu Apr 30 04:05:03 2020,"Create SECURITY.md",   1, 18 
2dcff84,github-actions[bot],Wed Apr 29 19:58:53 2020,"Merge 2dd89edac1e2eb41fb417c2d7cc5b6c82d636392 into prod", 
2dd89ed,Raven,Wed Apr 29 19:56:42 2020,"Merge pull request #614 from NovelCOVID/docker-dev", 
cb3edaf,Ethan Winters,Wed Apr 29 06:34:04 2020,"Update README.md",   1, 3, 2 
06af32f,Ethan Winters,Tue Apr 28 05:46:32 2020,"Merge pull request #609 from buster95/patch-2", 
1473325,Ethan Winters,Tue Apr 28 03:23:07 2020,"Update styles.css",   1, 1 
844a77b,github-actions[bot],Tue Apr 28 02:05:53 2020,"Merge 5b1d0f473e08a9e07aada06090be2415aa8809fa into prod", 
bc4017a,github-actions[bot],Tue Apr 28 01:59:31 2020,"Merge 509ba26448185bb01244d94577b1be9a8cf58a4d into prod", 
5d7d383,EliteDaMyth,Tue Apr 28 01:32:57 2020,"Update index.ejs",   1, 1 
e437f5e,EliteDaMyth,Mon Apr 27 23:01:44 2020,"Update swagger_v1.json",   1, 1, 1 
3eaa2d7,EliteDaMyth,Mon Apr 27 23:00:40 2020,"Update swagger_v2.json",   1, 2, 2 
0371d08,EliteDaMyth,Mon Apr 27 15:37:29 2020,"Update README.md",   1, 1 
4eb5f42,puf17640,Sun Apr 26 10:39:35 2020,"Update README.md",   1, 3 
0424e03,Ethan Winters,Sun Apr 26 02:08:09 2020,"Merge pull request #592 from buster95/feature/docker", 
b31461e,Ethan Winters,Sat Apr 25 12:47:10 2020,"Delete FETCH_HEAD",   1, 0, 0 
7526f68,Ethan Winters,Sat Apr 25 02:08:04 2020,"Merge pull request #591 from ebwinters/master", 
49e173b,puf17640,Fri Apr 24 19:50:27 2020,"Merge pull request #589 from puf17640/master", 
00934ab,puf17640,Fri Apr 24 19:43:33 2020,"Merge pull request #588 from puf17640/master", 
d0688cf,puf17640,Fri Apr 24 02:16:39 2020,"Merge pull request #579 from renanbastos93/patch-1", 
9b900fd,EliteDaMyth,Thu Apr 23 20:08:54 2020,"Merge pull request #585 from NovelCOVID/puf17640-patch-1", 
be9264c,EliteDaMyth,Thu Apr 23 16:51:47 2020,"Update TERMS.md",   1, 2, 2 
66d4284,EliteDaMyth,Thu Apr 23 14:50:14 2020,"Merge pull request #584 from ebwinters/master", 
9e5d078,Ethan Winters,Thu Apr 23 12:51:34 2020,"Merge pull request #583 from ebwinters/master", 
f8e6d20,Ethan Winters,Thu Apr 23 10:58:42 2020,"Merge pull request #582 from gmagno/fix-flag", 
fbf4a76,Ethan Winters,Thu Apr 23 05:19:51 2020,"Merge pull request #576 from puf17640/patch-2", 
99258c8,Ethan Winters,Thu Apr 23 02:09:47 2020,"Merge pull request #571 from puf17640/master", 
b3e59a5,EliteDaMyth,Thu Apr 23 00:54:26 2020,"Update index.ejs",   1, 1, 1 
8858fcc,EliteDaMyth,Wed Apr 22 15:39:22 2020,"Merge pull request #568 from puf17640/master", 
fa07879,Ethan Winters,Wed Apr 22 14:35:30 2020,"Merge pull request #567 from puf17640/master", 
5ccb450,EliteDaMyth,Wed Apr 22 14:24:53 2020,"Merge pull request #566 from puf17640/master", 
b7d1435,Ethan Winters,Wed Apr 22 13:49:16 2020,"Merge pull request #565 from ebwinters/master", 
775b94c,EliteDaMyth,Tue Apr 21 18:54:28 2020,"Update index.html",   1, 2, 2 
99c44a7,EliteDaMyth,Tue Apr 21 01:38:02 2020,"Merge pull request #560 from puf17640/master", 
2f77a4f,Ethan Winters,Mon Apr 20 09:34:31 2020,"Merge pull request #556 from puf17640/master", 
d80e081,Ethan Winters,Mon Apr 20 09:31:44 2020,"Merge pull request #558 from ebwinters/master", 
d9417f6,Ethan Winters,Mon Apr 20 02:39:06 2020,"Merge pull request #553 from ebwinters/master", 
3da133d,EliteDaMyth,Sun Apr 19 22:37:29 2020,"Merge pull request #551 from NovelCOVID/all-contributors/add-OlukaDenis", 
b4eb302,EliteDaMyth,Sun Apr 19 22:36:09 2020,"Merge pull request #550 from OlukaDenis/master", 
6a737da,EliteDaMyth,Sun Apr 19 13:48:57 2020,"Merge pull request #547 from ebwinters/master", 
31f7479,EliteDaMyth,Sat Apr 18 22:26:13 2020,"Merge pull request #544 from ba1948/master", 
f6ff98e,Ethan Winters,Sat Apr 18 13:36:28 2020,"Merge pull request #543 from ebwinters/master", 
f6c5b95,Ethan Winters,Sat Apr 18 05:02:31 2020,"Merge pull request #520 from buster95/master", 
a42cf64,EliteDaMyth,Fri Apr 17 23:37:47 2020,"Merge pull request #537 from puf17640/master", 
63f127e,EliteDaMyth,Fri Apr 17 18:51:32 2020,"Merge pull request #533 from puf17640/patch-1", 
41c7ac9,EliteDaMyth,Fri Apr 17 17:19:54 2020,"Update index.html",   1, 1, 1 
41ab9bf,EliteDaMyth,Fri Apr 17 17:17:39 2020,"Update index.html",   1, 5 
37a2704,Ethan Winters,Fri Apr 17 13:41:46 2020,"Update index.html",   1, 1, 1 
c85397a,Ethan Winters,Fri Apr 17 13:37:24 2020,"Merge pull request #530 from ebwinters/static-landing", 
6d2c5e7,Ethan Winters,Fri Apr 17 10:27:15 2020,"Merge pull request #527 from puf17640/master", 
1b9bffe,Ethan Winters,Fri Apr 17 08:45:04 2020,"Merge pull request #525 from ebwinters/master", 
952e218,Ethan Winters,Fri Apr 17 08:22:33 2020,"Merge pull request #518 from vincentvb/nyt_integration", 
53ceaf7,Ethan Winters,Fri Apr 17 01:07:51 2020,"Merge pull request #522 from puf17640/master", 
437072d,Ethan Winters,Thu Apr 16 01:06:31 2020,"Merge pull request #513 from puf17640/master", 
0c36b2a,Ethan Winters,Wed Apr 15 03:02:46 2020,"Fix v2/historical/all lastdays missing (#512)",   3, 24, 7 
8e607d1,Ethan Winters,Mon Apr 13 16:28:03 2020,"Merge pull request #505 from puf17640/master", 
7a703c7,Ethan Winters,Mon Apr 13 14:25:36 2020,"Merge pull request #503 from ebwinters/master", 
967e0c8,Ethan Winters,Mon Apr 13 14:03:33 2020,"Merge pull request #502 from ebwinters/master", 
1ef6789,Ethan Winters,Mon Apr 13 11:26:05 2020,"Merge pull request #500 from ebwinters/jhu-fix", 
c3b642a,Ethan Winters,Mon Apr 13 08:11:35 2020,"Merge pull request #498 from puf17640/master", 
f3401c6,EliteDaMyth,Sun Apr 12 18:12:18 2020,"Update README.md",   1, 3 
568d283,Ethan Winters,Sun Apr 12 10:16:10 2020,"Merge pull request #493 from puf17640/master", 
b3b014b,Ethan Winters,Sat Apr 11 07:35:17 2020,"Merge pull request #484 from buster95/master", 
c7a70bd,Ethan Winters,Fri Apr 10 04:49:53 2020,"Merge pull request #480 from buster95/master", 
47c3cbd,Ethan Winters,Fri Apr 10 03:06:05 2020,"Merge pull request #468 from ebwinters/master", 
4e8268a,Ethan Winters,Fri Apr 10 00:39:59 2020,"Merge pull request #479 from puf17640/master", 
6621371,EliteDaMyth,Thu Apr 9 22:26:40 2020,"Update README.md",   1, 1, 1 
4b6f1a8,EliteDaMyth,Thu Apr 9 22:17:03 2020,"Merge pull request #478 from puf17640/master", 
7af9379,Ethan Winters,Wed Apr 8 12:01:26 2020,"Merge pull request #466 from buster95/master", 
669240c,Ethan Winters,Wed Apr 8 07:49:02 2020,"Merge pull request #465 from ebwinters/master", 
ba018c5,Ethan Winters,Wed Apr 8 07:21:53 2020,"Merge pull request #463 from Slethen/count-cols", 
c1eb8cc,Ethan Winters,Wed Apr 8 02:27:00 2020,"Merge pull request #460 from ebwinters/master", 
3f6cf30,Ethan Winters,Wed Apr 8 01:54:16 2020,"Merge pull request #457 from puf17640/master", 
9e0cd9a,Ethan Winters,Tue Apr 7 13:16:58 2020,"Merge pull request #453 from ebwinters/master", 
a763671,Ethan Winters,Tue Apr 7 13:09:57 2020,"Merge pull request #452 from puf17640/master", 
67224cd,Ethan Winters,Tue Apr 7 13:02:49 2020,"Merge pull request #451 from buster95/master", 
4a23f35,Ethan Winters,Tue Apr 7 05:59:16 2020,"Update README.md",   1, 1, 1 
28ba64b,Ethan Winters,Tue Apr 7 05:58:59 2020,"Update README.md",   1, 2, 1 
ba46854,Ethan Winters,Tue Apr 7 05:55:03 2020,"Merge pull request #450 from ebwinters/master", 
b80eaa0,Ethan Winters,Tue Apr 7 03:23:15 2020,"Merge pull request #449 from puf17640/master", 
fa8d856,Ethan Winters,Tue Apr 7 02:57:55 2020,"Update README.md",   1, 1, 1 
442855c,Ethan Winters,Tue Apr 7 02:12:43 2020,"Update README.md",   1, 1, 1 
a1c4e33,Ethan Winters,Tue Apr 7 01:55:35 2020,"Merge pull request #448 from ebwinters/master", 
f96f1f1,Ethan Winters,Tue Apr 7 01:43:58 2020,"Merge pull request #447 from nibble-4bits/patch-5", 
08a2ac2,EliteDaMyth,Mon Apr 6 16:45:05 2020,"Update main.yml",   1, 19, 20 
17d78ad,EliteDaMyth,Mon Apr 6 16:34:55 2020,"Update README.md",   1, 1 
34a8389,EliteDaMyth,Mon Apr 6 16:29:22 2020,"Update README.md",   1, 1 
cbbeab2,EliteDaMyth,Mon Apr 6 16:28:52 2020,"Update README.md",   1, 2, 5 
5193474,EliteDaMyth,Mon Apr 6 16:26:17 2020,"add multiple badges",   1, 11, 5 
6c4f3d6,EliteDaMyth,Mon Apr 6 16:02:33 2020,"Merge pull request #440 from nleborgne/deepscan-fix", 
8bd04e7,Ethan Winters,Mon Apr 6 14:03:55 2020,"Add linting and testing badge",   1, 1 
ce37d35,Ethan Winters,Mon Apr 6 14:02:48 2020,"Add deepscan",   1, 1 
40422ef,Ethan Winters,Mon Apr 6 11:29:38 2020,"Merge pull request #438 from puf17640/master", 
82ddf75,Ethan Winters,Mon Apr 6 11:06:42 2020,"Merge pull request #436 from buster95/master", 
90def35,Ethan Winters,Mon Apr 6 10:26:50 2020,"Merge pull request #433 from puf17640/master", 
a50c3ba,Ethan Winters,Mon Apr 6 05:47:46 2020,"Merge pull request #432 from ebwinters/master", 
7075fb5,Ethan Winters,Mon Apr 6 05:16:24 2020,"Merge pull request #428 from buster95/master", 
7f2f575,Ethan Winters,Mon Apr 6 04:46:29 2020,"Merge pull request #431 from ebwinters/master", 
e86d4d9,Ethan Winters,Mon Apr 6 02:45:15 2020,"Merge pull request #419 from benjamin-sommer/master", 
3e74d88,EliteDaMyth,Sun Apr 5 23:47:49 2020,"Merge pull request #426 from puf17640/master", 
8ef5d0a,EliteDaMyth,Sun Apr 5 22:42:12 2020,"Merge pull request #425 from NovelCOVID/all-contributors/add-puf17640", 
24317df,EliteDaMyth,Sun Apr 5 22:41:30 2020,"Merge pull request #424 from puf17640/master", 
ab3bf3a,Ethan Winters,Sun Apr 5 12:49:47 2020,"Merge pull request #417 from ebwinters/master", 
8fd616d,Ethan Winters,Sun Apr 5 12:18:46 2020,"Merge pull request #416 from nibble-4bits/patch-4", 
8d02ed3,Ethan Winters,Sun Apr 5 12:16:03 2020,"Merge pull request #410 from benjamin-sommer/master", 
11e7dc4,Ethan Winters,Sun Apr 5 10:16:32 2020,"Merge pull request #407 from nibble-4bits/patch-3", 
bcd636d,Ethan Winters,Sun Apr 5 09:16:12 2020,"Merge pull request #404 from buster95/master", 
cb2824c,Ethan Winters,Sun Apr 5 04:55:01 2020,"Merge pull request #402 from buster95/master", 
a2494a6,Ethan Winters,Sun Apr 5 02:53:56 2020,"Merge pull request #401 from ebwinters/master", 
dbf4b85,Ethan Winters,Sun Apr 5 02:47:14 2020,"Merge pull request #396 from Tetracyl/patch-1", 
ecfe1cc,Ethan Winters,Sun Apr 5 02:46:33 2020,"Merge pull request #400 from ebwinters/master", 
298f248,Ethan Winters,Sun Apr 5 02:18:19 2020,"Update /all to match world row in worldometers (#397)",   5, 15, 50 
0c4c0b6,EliteDaMyth,Sun Apr 5 00:40:16 2020,"Update api_worldometers.js",   1, 1, 1 
9f050c7,EliteDaMyth,Sun Apr 5 00:38:37 2020,"Update api_worldometers.js",   1, 1 
55dafff,EliteDaMyth,Sun Apr 5 00:35:42 2020,"Update api_worldometers.js",   1, 1, 1 
2968a4f,EliteDaMyth,Sun Apr 5 00:34:41 2020,"Update api_worldometers.js",   1, 1, 1 
dd99678,EliteDaMyth,Sun Apr 5 00:30:02 2020,"Update api_worldometers.js",   1, 53, 77 
38cfcee,EliteDaMyth,Sun Apr 5 00:27:39 2020,"Update api_worldometers.js",   1, 67, 53 
346e651,EliteDaMyth,Sun Apr 5 00:25:35 2020,"Update api_worldometers.js",   1, 1, 1 
06a1ae4,EliteDaMyth,Sun Apr 5 00:24:19 2020,"Update api_worldometers.js",   1, 1, 1 
ba42269,EliteDaMyth,Sat Apr 4 18:35:20 2020,"Merge pull request #390 from codacy-badger/codacy-badge", 
b3c1c2c,EliteDaMyth,Sat Apr 4 17:46:48 2020,"Merge pull request #389 from NovelCOVID/all-contributors/add-nibble-4bits", 
eb85df2,EliteDaMyth,Sat Apr 4 17:46:33 2020,"Merge pull request #388 from nibble-4bits/patch-2", 
d420fe1,Ethan Winters,Sat Apr 4 14:32:43 2020,"Merge pull request #385 from buster95/master", 
870c9d8,Ethan Winters,Sat Apr 4 09:51:23 2020,"Update main.yml",   1, 1, 1 
b4eee85,Ethan Winters,Sat Apr 4 09:49:33 2020,"Merge pull request #379 from nibble-4bits/patch-1", 
37d26ba,Ethan Winters,Sat Apr 4 09:48:33 2020,"Add testing infra action  (#383)",   5, 33, 8 
1e8f1a7,Ethan Winters,Sat Apr 4 08:28:01 2020,"Merge pull request #376 from buster95/master", 
69f8917,Ethan Winters,Sat Apr 4 05:59:26 2020,"Merge pull request #374 from ebwinters/master", 
153276b,Ethan Winters,Sat Apr 4 05:49:58 2020,"Merge pull request #373 from buster95/master", 
f6d2949,Ethan Winters,Sat Apr 4 05:42:24 2020,"Merge pull request #372 from ebwinters/master", 
31945e0,EliteDaMyth,Sat Apr 4 01:58:44 2020,"Merge pull request #371 from codacy-badger/codacy-badge", 
9d39df5,Ethan Winters,Sat Apr 4 01:57:20 2020,"Merge pull request #370 from ebwinters/master", 
14ac592,Ethan Winters,Fri Apr 3 13:20:41 2020,"Merge pull request #364 from benjamin-sommer/patch-2", 
ef31f8e,Ethan Winters,Fri Apr 3 12:31:05 2020,"Merge pull request #363 from benjamin-sommer/patch-1", 
1b8fa36,Ethan Winters,Fri Apr 3 12:11:54 2020,"Merge pull request #358 from nibble-4bits/feature-query-multiple-countries", 
22af222,Ethan Winters,Fri Apr 3 11:57:18 2020,"Merge pull request #362 from snomile/master", 
88242da,Ethan Winters,Fri Apr 3 10:08:08 2020,"Merge pull request #360 from ebwinters/master", 
18130e5,Ethan Winters,Fri Apr 3 09:46:06 2020,"Merge pull request #357 from ebwinters/pr-352-ethan", 
c008037,Ethan Winters,Fri Apr 3 02:47:48 2020,"Merge pull request #344 from ebwinters/master", 
3db3a27,EliteDaMyth,Thu Apr 2 23:29:42 2020,"Update getWorldometers.js",   1, 1, 1 
0ad7ac4,EliteDaMyth,Thu Apr 2 16:31:25 2020,"Update custom.css",   1, 1793 
458704e,EliteDaMyth,Thu Apr 2 16:31:12 2020,"Update swagger_v1.json",   1, 3, 3 
9e6eb2b,EliteDaMyth,Thu Apr 2 16:30:53 2020,"Update swagger_v2.json",   1, 2, 2 
a88e421,EliteDaMyth,Thu Apr 2 16:29:26 2020,"Update custom.css",   1, 1794, 1 
9ea4a9a,Ethan Winters,Thu Apr 2 13:03:53 2020,"Merge pull request #337 from buster95/master", 
1a2367e,Ethan Winters,Thu Apr 2 12:08:16 2020,"Merge pull request #336 from ebwinters/master", 
f450f13,Ethan Winters,Thu Apr 2 11:43:33 2020,"Merge pull request #335 from ebwinters/master", 
9e82e2a,Ethan Winters,Thu Apr 2 11:27:25 2020,"Merge pull request #332 from buster95/master", 
90e9146,Ethan Winters,Thu Apr 2 08:50:25 2020,"Merge pull request #328 from buster95/master", 
e12d041,Ethan Winters,Thu Apr 2 08:50:16 2020,"Merge pull request #331 from ebwinters/master", 
d4e522d,Ethan Winters,Thu Apr 2 08:30:34 2020,"Merge pull request #188 from Mr-Cerberus/patch-2", 
d1f7a55,Ethan Winters,Thu Apr 2 06:10:24 2020,"Merge pull request #327 from ebwinters/master", 
d2d9e5e,Ethan Winters,Thu Apr 2 05:48:48 2020,"Merge pull request #324 from buster95/master", 
b370d41,Ethan Winters,Thu Apr 2 03:12:38 2020,"Merge pull request #322 from buster95/master", 
b22cbfd,Ethan Winters,Thu Apr 2 02:38:01 2020,"Merge pull request #323 from ebwinters/master", 
53ee8db,Ethan Winters,Thu Apr 2 01:31:18 2020,"Merge pull request #320 from ebwinters/master", 
a1a4718,EliteDaMyth,Wed Apr 1 23:25:28 2020,"Update README.md",   1, 1, 1 
c85f5b9,EliteDaMyth,Wed Apr 1 23:22:30 2020,"Update server.js",   1, 3, 3 
10b28d7,EliteDaMyth,Wed Apr 1 17:35:52 2020,"broke the api for now",   1, 3, 3 
e257c9f,EliteDaMyth,Wed Apr 1 17:34:47 2020,"Merge pull request #317 from buster95/master", 
252eea2,Ethan Winters,Wed Apr 1 11:30:12 2020,"Merge pull request #315 from ebwinters/master", 
ee0a24f,Ethan Winters,Wed Apr 1 08:58:00 2020,"Merge pull request #307 from buster95/master", 
cedce58,Ethan Winters,Wed Apr 1 03:45:32 2020,"Merge pull request #306 from AstroCB/historical-multiple", 
1e81537,Ethan Winters,Wed Apr 1 01:34:03 2020,"Merge pull request #312 from benjamin-sommer/master", 
4a3df3c,Ethan Winters,Tue Mar 31 12:15:02 2020,"Merge pull request #305 from ebwinters/master", 
70b3b20,Ethan Winters,Tue Mar 31 08:11:42 2020,"Merge pull request #304 from Anish-Shobith/master", 
ac42ff8,EliteDaMyth,Tue Mar 31 02:07:33 2020,"Merge pull request #302 from ebwinters/master", 
bd19359,Ethan Winters,Tue Mar 31 01:38:26 2020,"Merge pull request #301 from ebwinters/master", 
e354358,EliteDaMyth,Mon Mar 30 23:49:33 2020,"Merge pull request #298 from benjamin-sommer/master", 
d0d5e60,Ethan Winters,Mon Mar 30 13:24:11 2020,"Merge pull request #287 from buster95/master", 
23ac15a,Ethan Winters,Mon Mar 30 12:08:02 2020,"Merge pull request #292 from NovelCOVID/all-contributors/add-benjamin-sommer", 
88c05eb,Ethan Winters,Mon Mar 30 11:30:15 2020,"Merge pull request #291 from S1MB10T3/master", 
f8d049d,Ethan Winters,Mon Mar 30 02:07:56 2020,"Merge pull request #284 from ebwinters/master", 
1a0db69,EliteDaMyth,Mon Mar 30 00:40:11 2020,"Update getWorldometers.js",   1, 1 
f9fe9e2,EliteDaMyth,Sun Mar 29 23:00:04 2020,"Update README.md",   1, 1 
63bcea6,EliteDaMyth,Sun Mar 29 22:14:53 2020,"Merge pull request #281 from benjamin-sommer/master", 
0d7e016,EliteDaMyth,Sun Mar 29 16:00:02 2020,"Merge pull request #277 from saisk73/patch-4", 
98a9ccb,Ethan Winters,Sun Mar 29 13:17:53 2020,"Merge pull request #275 from ebwinters/master", 
a39b4c1,dicedtomato,Sun Mar 29 12:38:54 2020,"Remove old docs, and add new doc link",   1, 2, 21 
d331e34,Ethan Winters,Sun Mar 29 12:23:28 2020,"Merge pull request #273 from NovelCOVID/all-contributors/add-benjamin-sommer", 
f799b90,Ethan Winters,Sun Mar 29 12:14:59 2020,"Merge pull request #271 from benjamin-sommer/master", 
2b30c70,Ethan Winters,Sun Mar 29 11:02:46 2020,"Merge pull request #266 from cmcleese/feature/v2history", 
1d49359,Ethan Winters,Sun Mar 29 07:57:16 2020,"Merge pull request #268 from ebwinters/master", 
b605779,Ethan Winters,Sun Mar 29 05:08:07 2020,"Merge pull request #264 from ebwinters/master", 
7e475ed,Ethan Winters,Sun Mar 29 05:01:04 2020,"Merge pull request #247 from ebwinters/master", 
0330b4f,Ethan Winters,Sun Mar 29 04:57:46 2020,"Merge pull request #243 from chriswales95/contrib_addition", 
41360fe,EliteDaMyth,Sun Mar 29 02:49:13 2020,"Merge pull request #260 from NovelCOVID/all-contributors/add-chroventer", 
7e31902,EliteDaMyth,Sun Mar 29 00:35:41 2020,"Merge pull request #258 from chroventer/countryname", 
7ce7c5b,EliteDaMyth,Sat Mar 28 23:00:45 2020,"Update config.example.json",   1, 2, 1 
72c0031,EliteDaMyth,Sat Mar 28 19:22:19 2020,"Merge pull request #253 from NovelCOVID/all-contributors/add-MrAugu", 
f17bf85,EliteDaMyth,Sat Mar 28 19:21:45 2020,"Merge pull request #252 from MrAugu/patch-1", 
3b0a098,EliteDaMyth,Sat Mar 28 18:50:35 2020,"Update README.md",   1, 4 
a0ad7b5,Ethan Winters,Sat Mar 28 05:34:26 2020,"Merge pull request #239 from ebwinters/master", 
5f6ee2c,Ethan Winters,Sat Mar 28 03:16:25 2020,"Merge pull request #234 from Nikhil-Wagh/patch-1", 
2905f21,Ethan Winters,Sat Mar 28 03:09:09 2020,"Merge pull request #229 from buster95/master", 
537cae1,EliteDaMyth,Sat Mar 28 02:31:51 2020,"Update README.md",   1, 4, 4 
9f83bc2,Ethan Winters,Sat Mar 28 01:38:02 2020,"Merge pull request #235 from ebwinters/master", 
67b65a2,Ethan Winters,Sat Mar 28 01:26:12 2020,"Merge pull request #233 from ebwinters/master", 
97f384a,EliteDaMyth,Fri Mar 27 21:23:18 2020,"Merge pull request #227 from Cal-Hagner/master", 
a03d371,Ethan Winters,Fri Mar 27 15:28:14 2020,"Merge pull request #220 from alitas/patch-4", 
a9be405,Ethan Winters,Fri Mar 27 14:59:43 2020,"Merge pull request #195 from thealiilman/patch-1", 
805826f,Ethan Winters,Fri Mar 27 14:36:00 2020,"Merge pull request #193 from buster95/master", 
46bb457,Ethan Winters,Fri Mar 27 14:20:04 2020,"Merge pull request #198 from ben-richardson-moneysmart/master", 
4bc1f39,Ethan Winters,Fri Mar 27 14:01:17 2020,"Merge pull request #224 from ebwinters/master", 
b34d4a4,Ethan Winters,Fri Mar 27 13:54:16 2020,"Merge pull request #210 from lovung/master", 
2f2448e,dicedtomato,Fri Mar 27 13:30:05 2020,"add postman recoemndation",   1, 3 
e88ee8f,EliteDaMyth,Fri Mar 27 13:23:56 2020,"Delete main.yml",   1, 15 
2d449c2,dicedtomato,Fri Mar 27 00:07:32 2020,"Update README.md",   1, 4 
890eff8,dicedtomato,Thu Mar 26 14:57:56 2020,"Update main.yml",   1, 2, 1 
72d5b5e,dicedtomato,Thu Mar 26 13:39:51 2020,"Update main.yml",   1, 1, 1 
bdb6bac,dicedtomato,Thu Mar 26 13:33:25 2020,"Create main.yml",   1, 14 
ea4d863,EliteDaMyth,Thu Mar 26 13:25:41 2020,"Merge pull request #183 from Mr-Cerberus/patch-1", 
4d8c807,dicedtomato,Thu Mar 26 12:50:02 2020,"Merge pull request #186 from ebwinters/master", 
9221403,dicedtomato,Thu Mar 26 12:49:34 2020,"Merge pull request #185 from buster95/master", 
0b591c1,EliteDaMyth,Thu Mar 26 00:19:11 2020,"Merge pull request #182 from NovelCOVID/all-contributors/add-ahmadawais", 
af590a1,EliteDaMyth,Wed Mar 25 23:31:21 2020,"Merge pull request #166 from romfrolov/null-response", 
ffdb857,EliteDaMyth,Wed Mar 25 23:28:52 2020,"Merge pull request #171 from ahmadawais/patch-1", 
4ea673a,EliteDaMyth,Wed Mar 25 23:28:21 2020,"Merge pull request #178 from moinahmed9999/patch-1", 
5cb4b64,EliteDaMyth,Wed Mar 25 23:27:28 2020,"Merge pull request #179 from JamesShelley/case-death-per-million-decimal", 
ef1332a,dicedtomato,Wed Mar 25 09:04:32 2020,"Merge pull request #165 from ebwinters/csse-all-update", 
3b435d0,dicedtomato,Wed Mar 25 08:28:10 2020,"Update README.md",   1, 2 
af1d215,dicedtomato,Wed Mar 25 08:26:46 2020,"very cool readmes",   1, 1 
7e86c0e,dicedtomato,Wed Mar 25 08:26:13 2020,"change up",   1, 8, 1 
8919057,dicedtomato,Wed Mar 25 08:24:10 2020,"Merge pull request #159 from ebwinters/historical-update", 
44c45d8,dicedtomato,Wed Mar 25 03:02:27 2020,"Merge pull request #154 from ebwinters/historical-update", 
59af004,EliteDaMyth,Wed Mar 25 02:23:19 2020,"Update getStates.js",   1, 2, 2 
0b907f7,EliteDaMyth,Wed Mar 25 01:38:49 2020,"Update getStates.js",   1, 2, 2 
d538761,EliteDaMyth,Wed Mar 25 00:40:26 2020,"Merge pull request #146 from alitas/patch-2", 
68ac680,EliteDaMyth,Tue Mar 24 23:31:13 2020,"Merge pull request #145 from NovelCOVID/all-contributors/add-buster95", 
bd52aef,EliteDaMyth,Tue Mar 24 23:28:40 2020,"Merge pull request #144 from NovelCOVID/all-contributors/add-alitas", 
aa13f91,EliteDaMyth,Tue Mar 24 23:27:00 2020,"Merge pull request #143 from NovelCOVID/all-contributors/add-RyanHarlow", 
c7938f5,EliteDaMyth,Tue Mar 24 23:25:17 2020,"Update .all-contributorsrc",   1, 9, 9 
bd82ecb,EliteDaMyth,Tue Mar 24 23:24:37 2020,"Merge pull request #142 from NovelCOVID/all-contributors/add-JamesShelley", 
930a8a0,EliteDaMyth,Tue Mar 24 23:16:47 2020,"Update getStates.js",   1, 4, 4 
63ed15b,EliteDaMyth,Tue Mar 24 16:57:44 2020,"Update LICENSE",   1, 2, 2 
92a7728,EliteDaMyth,Tue Mar 24 16:14:06 2020,"Merge pull request #137 from apollyon600/patch-2", 
a75f43b,dicedtomato,Tue Mar 24 14:51:40 2020,"Merge pull request #134 from RyanHarlow/ryanharlow", 
aadee2c,dicedtomato,Tue Mar 24 14:09:16 2020,"Merge pull request #136 from ebwinters/master", 
6fd8592,EliteDaMyth,Tue Mar 24 12:49:38 2020,"Merge pull request #131 from ebwinters/master", 
f0203d3,EliteDaMyth,Tue Mar 24 01:53:18 2020,"Update README.md",   1, 3, 3 
7eb01f7,EliteDaMyth,Tue Mar 24 01:52:28 2020,"Merge pull request #120 from NovelCOVID/all-contributors/add-apollyon600", 
2aa9537,EliteDaMyth,Tue Mar 24 01:51:43 2020,"Merge pull request #119 from NovelCOVID/all-contributors/add-dicedtomatoreal", 
59851a5,EliteDaMyth,Tue Mar 24 01:48:52 2020,"Merge pull request #115 from NovelCOVID/all-contributors/add-EliteDaMyth", 
23b5df5,EliteDaMyth,Tue Mar 24 01:44:52 2020,"Merge pull request #113 from NovelCOVID/all-contributors/add-ebwinters", 
1e060df,EliteDaMyth,Tue Mar 24 01:38:58 2020,"Merge pull request #112 from ebwinters/master", 
5d1176e,EliteDaMyth,Tue Mar 24 01:25:32 2020,"Update server.js",   1, 1, 3 
f29e210,EliteDaMyth,Tue Mar 24 01:20:06 2020,"Update server.js",   1, 1, 5 
b85c092,EliteDaMyth,Tue Mar 24 01:08:41 2020,"Update server.js",   1, 3, 3 
123a60e,EliteDaMyth,Tue Mar 24 01:04:20 2020,"Update country_utils.js",   1, 2, 2 
78e7b71,EliteDaMyth,Mon Mar 23 19:25:56 2020,"Merge pull request #103 from RyanHarlow/ryanharlow", 
e5f6485,EliteDaMyth,Mon Mar 23 14:22:59 2020,"Merge pull request #96 from buster95/master", 
bf4a2b1,dicedtomato,Mon Mar 23 10:40:48 2020,"Merge pull request #98 from alitas/patch-1", 
912c42a,dicedtomato,Mon Mar 23 09:25:28 2020,"Merge pull request #97 from ebwinters/master", 
444dfda,EliteDaMyth,Mon Mar 23 01:34:51 2020,"Merge pull request #87 from felipebma/master", 
9f04549,EliteDaMyth,Sun Mar 22 17:59:07 2020,"Merge pull request #78 from ebwinters/master", 
90e6053,EliteDaMyth,Sun Mar 22 17:57:02 2020,"Merge pull request #80 from jessestuart/jesse/fix_undefined_var_historical", 
c7ffad8,EliteDaMyth,Sun Mar 22 17:54:52 2020,"Merge pull request #82 from RyanHarlow/ryanharlow", 
9bf0c29,EliteDaMyth,Sun Mar 22 17:54:16 2020,"Merge pull request #84 from kant/patch-1", 
6e192c3,dicedtomato,Sun Mar 22 09:15:15 2020,"Merge pull request #76 from ebwinters/master", 
ab143dd,dicedtomato,Sun Mar 22 09:13:24 2020,"Merge pull request #74 from MatYRicS/master", 
4c822ab,EliteDaMyth,Sun Mar 22 00:18:45 2020,"Merge pull request #73 from MatYRicS/patch-1", 
4091fde,EliteDaMyth,Sat Mar 21 21:16:55 2020,"Create privacy.md",   1, 177 
046a34f,dicedtomato,Sat Mar 21 05:13:29 2020,"spelling error wasnt saved :|",   1, 1, 1 
d7f844f,dicedtomato,Sat Mar 21 05:10:59 2020,"added reidrect to github for /",   1, 1, 3 
b5d899b,dicedtomato,Sat Mar 21 05:10:09 2020,"spelling errors on locations, and updated readme",   1, 1, 1 
4951646,dicedtomato,Sat Mar 21 05:08:26 2020,"Merge branch 'master' of https://github.com/NovelCOVID/API", 
26f37d0,dicedtomato,Sat Mar 21 05:08:10 2020,"added historical data",   3, 76, 1 
b19bd58,dicedtomato,Fri Mar 20 04:39:25 2020,"added John Hopkins CSSE Data",   6, 101, 11 
9249a43,dicedtomato,Fri Mar 20 04:10:00 2020,"Made funcs/ for all funcs, added us states to config.json and functions. Added a scraper file which exports all the funcs/",   8, 1010, 164 
e38e180,dicedtomato,Fri Mar 20 03:43:42 2020,"hi",   1, 1, 1 
c934aaf,EliteDaMyth,Thu Mar 19 21:13:10 2020,"Update README.md",   1, 3, 2 
93c83a6,EliteDaMyth,Thu Mar 19 20:57:56 2020,"Update README.md",   1, 2 
b9baf91,EliteDaMyth,Thu Mar 19 20:54:59 2020,"Update README.md",   1, 31, 15 
1790f79,EliteDaMyth,Thu Mar 19 20:24:25 2020,"Merge pull request #54 from MatYRicS/master", 
ec9b6e8,EliteDaMyth,Thu Mar 19 20:15:46 2020,"Merge pull request #53 from apollyon600/patch-1", 
b7b29c4,EliteDaMyth,Thu Mar 19 16:19:48 2020,"Update README.md",   1, 1, 2 
e5a696b,EliteDaMyth,Thu Mar 19 16:07:11 2020,"Update server.js",   1, 1, 2 
44c0d46,EliteDaMyth,Thu Mar 19 14:40:34 2020,"Update server.js",   1, 2, 2 
73b6465,EliteDaMyth,Thu Mar 19 14:34:41 2020,"Update server.js",   1, 5, 1 
7a8733f,EliteDaMyth,Thu Mar 19 13:42:44 2020,"Update package.json",   1, 1, 1 
edb4b32,EliteDaMyth,Thu Mar 19 13:42:06 2020,"Delete package-lock.json",   1, 746 
5e0605e,EliteDaMyth,Thu Mar 19 13:39:44 2020,"Update README.md",   1, 8, 7 
219c479,dicedtomato,Thu Mar 19 13:23:45 2020,"Create Dockerfile",   1, 9 
347b1e8,dicedtomato,Thu Mar 19 13:18:53 2020,"Update .gitignore",   1, 1 
cef7845,dicedtomato,Thu Mar 19 13:16:57 2020,"Create config.example.json",   1, 12 
d714780,dicedtomato,Thu Mar 19 13:16:20 2020,"add redis, and made everything in config.json!",   1, 70, 63 
ae56380,EliteDaMyth,Thu Mar 19 03:28:39 2020,"Merge pull request #31 from benjamin-sommer/master", 
e5878d8,EliteDaMyth,Tue Mar 17 20:58:25 2020,"Merge pull request #15 from dill0wn/sort-param", 
24ece94,EliteDaMyth,Tue Mar 17 20:51:14 2020,"Update server.js",   1, 1, 1 
f45191b,EliteDaMyth,Tue Mar 17 01:00:21 2020,"Update server.js",   1, 1, 1 
3ffeb41,EliteDaMyth,Tue Mar 17 00:47:48 2020,"Update server.js",   1, 1 
7a91168,EliteDaMyth,Tue Mar 17 00:35:51 2020,"Update server.js",   1, 2, 2 
1e4d0f6,EliteDaMyth,Tue Mar 17 00:32:14 2020,"Merge pull request #11 from lauridskern/add-country-endpoint", 
c19c331,EliteDaMyth,Tue Mar 17 00:07:21 2020,"Update server.js",   1, 1 
fefebc4,root,Mon Mar 16 23:58:16 2020,"Fix Stuff :)",   1, 9, 6 
faf9691,EliteDaMyth,Mon Mar 16 01:04:24 2020,"Delete unminified.js",   1, 166 
49ed1a1,EliteDaMyth,Mon Mar 16 01:04:16 2020,"Update server.js",   1, 144, 3 
b03cc7b,EliteDaMyth,Fri Mar 6 17:57:58 2020,"Create LICENSE",   1, 674 
e5bab3e,EliteDaMyth,Thu Mar 5 20:10:48 2020,"fix issues",   1, 7, 15 
bd58456,EliteDaMyth,Thu Mar 5 20:10:19 2020,"Fix issues",   1, 10, 4 
6738473,EliteDaMyth,Thu Mar 5 16:35:09 2020,"Update README.md",   1, 2, 1 
21df720,EliteDaMyth,Thu Mar 5 16:30:49 2020,"Update README.md",   1, 5 
93cf809,EliteDaMyth,Thu Mar 5 16:20:23 2020,"First Upload",   3, 222 
89e3e4a,EliteDaMyth,Thu Mar 5 15:28:13 2020,"Initial commit",   1, 2 