commit id,author,date,comment,changed files,lines added,lines deleted

8474ac7,dogydev,Sat May 23 18:47:11 2020,"Added pretrained model",   1, 5 
674a98f,dogydev,Tue May 19 22:06:12 2020,"Cleaned up code",   1, 1, 3 
2121656,dogydev,Tue May 19 21:45:42 2020,"Fixed Error",   1, 1, 1 
87e017c,dogydev,Tue May 19 19:19:33 2020,"Update README.md",   1, 1, 1 
9d29b3b,dogydev,Tue May 19 19:18:54 2020,"Update README.md",   1, 1, 1 
83c966a,dogydev,Tue May 19 19:17:50 2020,"Update README.md",   1, 2, 2 
338ba5b,dogydev,Tue May 19 19:01:47 2020,"Accuracy fix",   1, 2, 2 
edde96f,dogydev,Sun May 17 04:13:27 2020,"Update README.md",   1, 1, 1 
5315aa7,dogydev,Sun May 17 04:12:14 2020,"Update README.md",   1, 1, 1 
6b99fa8,dogydev,Sun May 17 03:44:23 2020,"Delete ffcc35e8-6fe8-42df-9605-9fedf57240d1.png",   1, 0, 0 
5c9488d,dogydev,Sun May 17 03:44:14 2020,"Delete ff863e04-0cd1-4cc4-b68d-f403d05193c4.png",   1, 0, 0 
dd818f3,dogydev,Sun May 17 03:43:57 2020,"Delete ff585970-2151-469d-84bd-331480de6096.png",   1, 0, 0 
c0bda5f,dogydev,Sun May 17 03:43:50 2020,"Delete ff372134-6290-4cd7-9e93-b1348a7edfa2.png",   1, 0, 0 
7223ac6,dogydev,Sun May 17 03:43:43 2020,"Delete de12ac43-511a-49fc-a851-cca8953e3e06.png",   1, 0, 0 
90e24e2,dogydev,Sun May 17 03:43:34 2020,"Delete covid-19-pneumonia-49-day4.jpg",   1, 0, 0 
71f41d3,dogydev,Sun May 17 03:43:24 2020,"Delete 774e0a41-b033-43da-8d57-db5baf9605ed.png",   1, 0, 0 
408ebcb,dogydev,Sun May 17 03:43:14 2020,"Delete 773b06e8-efab-4ee3-94c8-9ef0f01af291.png",   1, 0, 0 
7e490e2,dogydev,Sun May 17 03:43:04 2020,"Delete 770ee884-c29b-4e94-92d4-eb3a5431d976.png",   1, 0, 0 
cc0238b,dogydev,Sun May 17 03:42:55 2020,"Delete gr1_lrg-a.jpg",   1, 0, 0 
6ab73e5,dogydev,Sun May 17 03:42:41 2020,"Delete streptococcus-pneumoniae-pneumonia-temporal-evolution-1-day0.jpg",   1, 0, 0 
9a539d0,dogydev,Sun May 17 03:42:24 2020,"Add files via upload",   2, 0, 0 
f25b504,dogydev,Sun May 17 03:39:35 2020,"Delete 770abf66-2bfd-419e-b1e8-54e723e328da.png",   1, 0, 0 
3d3af30,dogydev,Sun May 17 03:37:01 2020,"Update minimal_prediction.py",   1, 15, 10 
6648177,dogydev,Sun May 17 03:28:40 2020,"Delete 766d3d32-c4a5-4318-a1a9-4db74ef0de80.png",   1, 0, 0 
96a354d,dogydev,Sun May 17 03:27:49 2020,"Update README.md",   1, 7, 7 
786df6c,dogydev,Sat May 16 20:51:16 2020,"Update architecture.py",   1, 2 
1eef02a,dogydev,Sat May 16 20:50:54 2020,"Create efficientnet.py",   1, 768 
928ad49,dogydev,Sat May 16 20:48:44 2020,"Create architecture.py",   1, 19 
82b3f1b,dogydev,Sat May 16 20:44:48 2020,"V1",   26, 649, 1 
03e58a6,dogydev,Sat May 16 20:42:51 2020,"Initial commit",   1, 21 