commit id,author,date,comment,changed files,lines added,lines deleted

5868e87,Edward Haas,Tue Aug 25 01:57:38 2020,"Update README.md",   1, 3, 1 
b07b027,Edward Haas,Wed Mar 18 23:38:41 2020,"Add link to video to README",   1, 1, 1 
454508c,efhiii,Wed Mar 18 22:51:49 2020,"Normalize time",   1, 0, 0 
7a1b592,efhiii,Wed Mar 18 19:52:51 2020,"Updated video",   2, 1, 1 
5b24919,Edward Haas,Wed Mar 18 18:25:47 2020,"Update README.md",   1, 2, 2 
a18c865,Edward Haas,Wed Mar 18 18:24:36 2020,"rephrase",   1, 1, 1 
2cc489a,efhiii,Wed Mar 18 18:15:48 2020,"Updates",   2, 614, 589 
a5f975d,efhiii,Wed Mar 18 11:16:28 2020,"Conceeding that this compression is the best I'm getting.",   2, 0, 0 
d8dfe72,efhiii,Wed Mar 18 10:47:12 2020,"new video",   1, 0, 0 
d28df47,efhiii,Tue Mar 17 23:49:38 2020,"fix bug that causes crash",   1, 3, 1 
9fa3f46,efhiii,Tue Mar 17 23:18:40 2020,"Updating with yesterday's data",   3, 11220, 7472 
1b8727a,efhiii,Tue Mar 17 22:08:09 2020,"message",   1, 1, 1 
5c9680e,efhiii,Tue Mar 17 22:04:01 2020,"Region and population informed point placement",   5, 32190, 37 
dd36dd8,efhiii,Tue Mar 17 14:04:19 2020,"Minor fixes",   1, 269, 270 
4c05ea8,efhiii,Tue Mar 17 08:39:31 2020,"World map and normalize data page",   3, 113502 
8b02b6a,efhiii,Mon Mar 16 16:57:49 2020,"Several upgrades",   2, 997, 25 
60571d6,efhiii,Mon Mar 16 10:41:13 2020,"Made it display cases as green and recoveries as disapearing; refactored",   1, 25, 78271 
c29070f,Edward Haas,Mon Mar 16 06:37:05 2020,"Minor rephrasing",   1, 1, 1 
fb5af99,efhiii,Mon Mar 16 06:34:23 2020,"minor changes",   2, 2, 2 
e724239,efhiii,Mon Mar 16 06:28:54 2020,"Include video file",   1, 0, 0 
6836dbc,Edward Haas,Mon Mar 16 06:26:56 2020,"Created README",   1, 10 
a2cc928,Edward Haas,Mon Mar 16 06:22:14 2020,"Delete .gitattributes",   1, 2 
b16f766,efhiii,Mon Mar 16 06:19:43 2020,"Initial Commit",   3, 81297 
840e386,efhiii,Mon Mar 16 06:17:22 2020,"Initial commit",   1, 2 