commit id,author,date,comment,changed files,lines added,lines deleted

14a2652,dependabot[bot],Fri Sep 11 22:53:58 2020,"Bump http-proxy from 1.18.0 to 1.18.1",   1, 3, 3 
72fe1b8,dependabot[bot],Thu Sep 3 02:59:23 2020,"Bump bl from 4.0.2 to 4.0.3",   1, 6, 6 
6262da3,dependabot[bot],Sun Aug 2 03:37:56 2020,"Bump elliptic from 6.5.2 to 6.5.3",   1, 3, 3 
a2a7ff9,dependabot[bot],Mon Jul 20 08:51:08 2020,"Bump lodash from 4.17.15 to 4.17.19",   1, 3, 3 
2a052a0,dependabot[bot],Wed Jul 8 14:03:25 2020,"Bump npm-registry-fetch from 4.0.3 to 4.0.5",   1, 3, 3 
643e129,dependabot[bot],Mon Jun 8 10:16:31 2020,"Bump websocket-extensions from 0.1.3 to 0.1.4",   1, 3, 3 
0aaf806,ehidra,Fri Apr 3 03:48:39 2020,"changing name ios",   1, 12, 16 
3c6efe6,ehidra,Fri Apr 3 03:28:06 2020,"changing name ios",   1, 1, 1 
8928f9b,ehidra,Fri Apr 3 03:27:10 2020,"changing name ios",   1, 1, 1 
7795e5f,ehidra,Fri Apr 3 03:25:48 2020,"changing name android",   1, 1, 1 
5a502a8,ehidra,Fri Apr 3 03:17:57 2020,"improve bluetooth on ios",   5, 164, 90 
85f0339,Paul Maunders,Thu Apr 2 23:19:48 2020,"Merge pull request #12 from harshitsilly/master", 
0c78ace,ehidra,Wed Apr 1 09:25:12 2020,"changing name ios",   1, 9, 9 
df3b929,ehidra,Wed Apr 1 08:56:02 2020,"changing name ios",   1, 1, 1 
926e4ec,ehidra,Wed Apr 1 08:54:45 2020,"being sure services are up before background mode",   6, 80, 30 
66228b2,Carlos Morillo,Wed Apr 1 01:38:33 2020,"WKWEBVIEWONLY for cordova",   1, 5, 1 
783b8b6,Carlos Morillo,Wed Apr 1 00:52:26 2020,"Merge remote-tracking branch 'origin/master'", 
d58d531,Carlos Morillo,Wed Apr 1 00:52:17 2020,"removing background mode",   5, 2813, 1382 
34c6089,Carlos Morillo,Tue Mar 31 18:39:52 2020,"Contact Tracer Label change Andorid",   1, 1, 1 
ae40d8a,Carlos Morillo,Tue Mar 31 09:32:43 2020,"Merge remote-tracking branch 'origin/master'", 
ff16d4e,Carlos Morillo,Tue Mar 31 09:32:36 2020,"padding top",   3, 3, 3 
c866477,Carlos Morillo,Tue Mar 31 09:24:05 2020,"styling",   7, 37, 13 
27786cb,Carlos Morillo,Tue Mar 31 08:50:20 2020,"styling changes",   16, 653, 1957 
b8edeba,ehidra,Tue Mar 31 04:06:49 2020,"ios working",   1, 6, 6 
032eb80,ehidra,Tue Mar 31 04:05:49 2020,"updating plist",   2, 7, 9 
4c88451,Carlos Morillo,Tue Mar 31 03:21:02 2020,"icons",   76, 3, 2 
5c2c7e0,Carlos Morillo,Tue Mar 31 02:37:36 2020,"Merge remote-tracking branch 'origin/master'", 
fd5ba84,Carlos Morillo,Tue Mar 31 02:37:29 2020,"generated resources for apps",   2, 53, 61 
23805e3,Carlos Morillo,Mon Mar 30 04:47:06 2020,"generated resources for apps",   1, 4, 11 
531e4f0,Carlos Morillo,Mon Mar 30 04:45:00 2020,"using async functions improving the code",   93, 386, 219 
764099e,Carlos Morillo,Mon Mar 30 00:58:22 2020,"generated resources for apps",   64, 5, 5 
44b4b21,Carlos Morillo,Mon Mar 30 00:31:24 2020,"generated resources for apps",   15, 0, 0 
9270fc3,Carlos Morillo,Mon Mar 30 00:18:47 2020,"generated resources for apps",   104, 659, 169 
566cd81,Carlos Morillo,Mon Mar 30 00:00:57 2020,"changing package to com.ehidra.contact.tracer fore easy maintenance",   8, 10, 10 
d881aff,Carlos Morillo,Sun Mar 29 19:33:51 2020,"Encryption working",   4, 57, 29 
6e59610,Carlos Morillo,Sun Mar 29 06:14:55 2020,"just need messaging encryption once received",   2, 16, 16 
67c1f31,Carlos Morillo,Sun Mar 29 06:13:14 2020,"just need messaging encryption once received",   6, 31, 44 
6f01e38,Carlos Morillo,Sun Mar 29 05:25:55 2020,"encrypting",   1, 3 
bf79c1f,Carlos Morillo,Sun Mar 29 05:23:44 2020,"encrypting",   6, 51, 28 
786696f,Carlos Morillo,Sun Mar 29 04:22:21 2020,"encrypting",   6, 38, 27 
3a82906,Carlos Morillo,Sun Mar 29 03:38:56 2020,"environment change",   3, 18, 16 
adcf0c0,Carlos Morillo,Sun Mar 29 03:25:13 2020,"firestore user and encyption",   18, 251, 94 
83b47fc,Carlos Morillo,Sat Mar 28 10:30:31 2020,"finally sms working",   8, 65, 52 
4a2a201,Carlos Morillo,Sat Mar 28 10:03:44 2020,"android X kills me",   2, 2, 3 
85795fc,Carlos Morillo,Sat Mar 28 09:51:59 2020,"android X kills me",   2, 7, 2 
a4a89f3,Carlos Morillo,Sat Mar 28 09:42:10 2020,"android X kills me",   46, 38, 920 
56c447c,Carlos Morillo,Sat Mar 28 09:03:14 2020,"android X kills me",   16, 1129, 117 
e024f77,Carlos Morillo,Sat Mar 28 06:47:25 2020,"removing google services json file dummy",   3, 3, 96 
f304edb,Carlos Morillo,Sat Mar 28 02:06:02 2020,"Merge remote-tracking branch 'origin/master'",   2, 37, 9 
e9cddf4,Carlos Morillo,Sat Mar 28 00:54:13 2020,"Merge remote-tracking branch 'origin/master'", 
e9ef612,Carlos Morillo,Sat Mar 28 00:51:13 2020,"signup firebase test",   15, 215, 12 
f8cadbc,Carlos Morillo,Thu Mar 26 02:36:26 2020,"uuid ios test",   1, 10, 8 
7ae4b13,ehidra,Thu Mar 26 02:16:57 2020,"fixing uuid",   1, 13, 5 
dc56db3,Carlos Morillo,Thu Mar 26 01:36:10 2020,"uuid ios test",   1, 16, 8 
3d69228,Carlos Morillo,Thu Mar 26 01:19:30 2020,"uuid ios test",   1, 2, 7 
04e6fd3,Carlos Morillo,Thu Mar 26 01:01:20 2020,"uuid ios test",   1, 2, 2 
8dc566b,Carlos Morillo,Thu Mar 26 00:58:48 2020,"uuid ios test",   1, 1 
1b1fd97,Carlos Morillo,Thu Mar 26 00:57:22 2020,"uuid ios test",   1, 11, 6 
d665d93,Carlos Morillo,Thu Mar 26 00:35:20 2020,"uuid ios test",   1, 6, 9 
6a07052,Carlos Morillo,Thu Mar 26 00:32:52 2020,"uuid ios test",   1, 4, 4 
2e7b9ab,Carlos Morillo,Thu Mar 26 00:27:44 2020,"uuid ios test",   1, 1, 1 
c1e9e7d,Carlos Morillo,Thu Mar 26 00:21:55 2020,"uuid ios test",   1, 1, 1 
2b56052,Carlos Morillo,Thu Mar 26 00:13:35 2020,"uuid ios test",   1, 10, 11 
5417a9f,Carlos Morillo,Thu Mar 26 00:10:13 2020,"Merge remote-tracking branch 'origin/master'", 
4f231d7,Carlos Morillo,Thu Mar 26 00:10:05 2020,"uuid ios test",   1, 3, 3 
92fe1af,Carlos Morillo,Wed Mar 25 23:07:52 2020,"uuid ios test",   1, 15, 11 
b7edba0,Carlos Morillo,Wed Mar 25 22:56:08 2020,"uuid ios test",   1, 1, 1 
722303d,Carlos Morillo,Wed Mar 25 22:54:22 2020,"uuid ios test",   1, 1, 1 
90f8e13,Carlos Morillo,Wed Mar 25 22:34:11 2020,"uuid ios test",   2, 3, 7 
5117e2e,ehidra,Wed Mar 25 22:26:45 2020,"fixing uuid",   4, 33, 29 
2078289,Carlos Morillo,Wed Mar 25 21:19:30 2020,"uuid sync",   4, 57, 52 
43b2e9d,ehidra,Wed Mar 25 20:39:37 2020,"fixing uuid",   2, 1, 1 
e8b5056,ehidra,Wed Mar 25 20:30:04 2020,"Merge remote-tracking branch 'origin/master'", 
bf28895,ehidra,Wed Mar 25 20:29:51 2020,"fixing uuid",   2, 1, 5 
537c64f,Carlos Morillo,Wed Mar 25 20:14:47 2020,"improving promises",   2, 18, 26 
0eca61d,Carlos Morillo,Wed Mar 25 20:02:54 2020,"improving promises",   5, 31, 32 
25fbd88,ehidra,Wed Mar 25 19:31:14 2020,"fixing uuid",   2, 4, 3 
dd5ffb5,Carlos Morillo,Wed Mar 25 19:02:18 2020,"Merge branch 'no-connect'", 
eb757c2,Paul Maunders,Tue Mar 24 22:57:16 2020,"Add working prototype image",   1, 2 
7c7d37f,Carlos Morillo,Tue Mar 24 07:24:03 2020,"info pist updated",   1, 3, 1 
9963c54,Paul Maunders,Tue Mar 24 05:20:23 2020,"Change dir to project directory before continuing",   1, 1 
85955f7,Paul Maunders,Tue Mar 24 05:18:26 2020,"Add instructions for installing Ionic on Mac",   1, 79, 6 
26d5799,Carlos Morillo,Tue Mar 24 04:47:28 2020,"tuned a bit more",   1, 3, 3 
f7b73ca,Carlos Morillo,Tue Mar 24 04:40:43 2020,"tuned a bit more",   1, 1, 1 
ac2d3ed,Carlos Morillo,Tue Mar 24 04:30:36 2020,"tuned a bit more",   1, 1, 1 
3aa80f3,Carlos Morillo,Tue Mar 24 04:30:17 2020,"tuned a bit more",   1, 9, 21 
a93786a,Carlos Morillo,Tue Mar 24 04:20:34 2020,"tuned a bit more",   1, 16, 2 
a58cfe5,Carlos Morillo,Tue Mar 24 04:17:04 2020,"Merge remote-tracking branch 'origin/master'", 
f6c089a,Carlos Morillo,Tue Mar 24 04:16:56 2020,"tuned a bit more",   1, 14, 10 
6b7ba7f,Carlos Morillo,Tue Mar 24 03:34:30 2020,"tuned a bit more",   1, 3, 1 
c586266,Carlos Morillo,Tue Mar 24 03:21:42 2020,"tuned a bit more",   1, 33, 46 
e8f994e,Carlos Morillo,Tue Mar 24 02:35:36 2020,"Merge remote-tracking branch 'origin/master'", 
18b85f6,Carlos Morillo,Tue Mar 24 02:35:26 2020,"tuned a bit more",   1, 88, 58 
49e6300,Carlos Morillo,Mon Mar 23 22:39:18 2020,"tuned a bit more",   3, 30, 62 
ff93be6,Carlos Morillo,Mon Mar 23 21:41:49 2020,"improved sync",   4, 185, 148 
1374f7a,Carlos Morillo,Mon Mar 23 04:18:46 2020,"dev info to README.md",   1, 4, 4 
4cd7cb7,Carlos Morillo,Mon Mar 23 04:17:44 2020,"dev info to README.md",   1, 20 
c399a69,Carlos Morillo,Mon Mar 23 03:59:20 2020,"start advertising fix",   2, 7, 3 
0ea94b5,Carlos Morillo,Mon Mar 23 03:48:09 2020,"start advertising fix",   1, 2, 2 
6bfe46c,Carlos Morillo,Mon Mar 23 03:33:54 2020,"start advertising fix",   1, 5, 5 
f6c081f,Carlos Morillo,Mon Mar 23 03:24:29 2020,"NSBluetoothAlwaysUsageDescription enabled",   1, 35, 32 
267ee10,ehidra,Mon Mar 23 03:09:14 2020,"ios folder",   1, 1, 1 
bb57aae,Carlos Morillo,Mon Mar 23 03:06:20 2020,"NSBluetoothAlwaysUsageDescription enabled",   1, 2 
4601ae0,Carlos Morillo,Mon Mar 23 02:56:01 2020,"changes to sync better",   1, 1, 1 
dcba6eb,ehidra,Mon Mar 23 02:55:25 2020,"ios folder",   1, 1, 2 
3e87e7e,ehidra,Mon Mar 23 02:47:29 2020,"ios folder",   1, 1, 1 
3d9dae3,ehidra,Mon Mar 23 02:47:14 2020,"ios folder",   1, 2, 9 
5e764a0,Carlos Morillo,Mon Mar 23 02:44:35 2020,"changes to sync better",   1, 23, 9 
f63b458,ehidra,Mon Mar 23 02:41:54 2020,"ios folder",   3, 10, 3 
b8ce2a3,ehidra,Mon Mar 23 01:56:21 2020,"ios folder",   36, 865 
f3f3bad,Carlos Morillo,Mon Mar 23 01:04:23 2020,"Merge remote-tracking branch 'origin/master'", 
0e3049b,Carlos Morillo,Mon Mar 23 01:04:05 2020,"changes to sync better",   12, 350, 561 
f2194d7,Carlos Morillo,Sun Mar 22 11:22:35 2020,"working example of Bluetooth Central and Peripheral",   56, 929, 1 
b901686,Carlos Morillo,Sun Mar 22 11:19:56 2020,"Merge remote-tracking branch 'origin/master'", 
4e00f5f,Carlos Morillo,Sun Mar 22 11:19:43 2020,"working example of Bluetooth Central and Peripheral",   5, 178, 121 
e5a7d16,Carlos Morillo,Fri Mar 20 22:59:41 2020,"Merge remote-tracking branch 'origin/master'", 
14b0a69,Carlos Morillo,Fri Mar 20 22:58:45 2020,"updating package",   65, 407, 1080 
a08f01d,Carlos Morillo,Fri Mar 20 02:30:12 2020,"updating package",   1, 4, 4 
2831849,Carlos Morillo,Fri Mar 20 02:27:39 2020,"	modified:   src/app/app.module.ts",   5, 53, 32 
1b9bb5d,Carlos Morillo,Fri Mar 20 01:06:09 2020,"	modified:   package.json",   3, 12, 722 
6c6b49c,Carlos Morillo,Fri Mar 20 00:57:44 2020,"	new file:   .gitignore",   98, 16235 