commit id,author,date,comment,changed files,lines added,lines deleted

8c4de73,eladcn,Sat May 16 03:05:10 2020,"- Updated the datasets. - Updated the predictions table (last update).",   4, 9, 5 
723cc24,eladcn,Wed May 13 21:33:35 2020,"- Updated the datasets. - Updated the predictions table.",   4, 9, 6 
61db066,eladcn,Tue May 12 21:05:55 2020,"- Updated the datasets. - Updated the predictions table.",   4, 11, 8 
56ca97a,eladcn,Mon May 11 23:17:37 2020,"- Updated the datasets. - Updated the predictions table.",   4, 8, 5 
eb767cd,eladcn,Sun May 10 21:27:31 2020,"- Updated the datasets. - Updated the predictions table.",   4, 7, 4 
6209f80,eladcn,Sat May 9 21:27:01 2020,"- Updated the datasets. - Updated the predictions table.",   4, 21, 18 
39524cf,eladcn,Fri May 8 18:28:17 2020,"- Updated the datasets. - Updated the predictions table.",   4, 7, 4 
b729dc4,eladcn,Thu May 7 20:10:51 2020,"- Updated the datasets. - Updated the predictions table,",   4, 20, 17 
6991fd7,eladcn,Wed May 6 20:02:33 2020,"- Updated the datasets. - Updated the predictions table.",   4, 11, 8 
47c533b,eladcn,Wed May 6 02:34:14 2020,"- Updated the datasets. - Updated the predictions table.",   4, 8, 5 
e32d1a7,eladcn,Mon May 4 18:34:47 2020,"- Updated the datasets. - Updated the predictions table.",   4, 16, 11 
121e40e,eladcn,Sat May 2 20:39:17 2020,"- Updated the datasets. - Updated the predictions table.",   4, 9, 6 
401b563,eladcn,Fri May 1 20:12:59 2020,"- Updated the datasets. - Updated the predictions table.",   4, 12, 9 
210f32b,eladcn,Thu Apr 30 20:44:34 2020,"- Updated the datasets. - Updated the predictions table.",   5, 107, 104 
964ecb3,eladcn,Wed Apr 29 19:50:45 2020,"- Updated the datasets. - Updated the predictions table.",   4, 10, 7 
0fb8108,eladcn,Tue Apr 28 21:19:25 2020,"- Updated the datasets. - Updated the predictions table.",   5, 131, 116 
f254740,eladcn,Tue Apr 21 20:44:16 2020,"- Updated the datasets. - Updated the predictions table.",   4, 70, 67 
f1ca7d0,eladcn,Mon Apr 20 20:14:46 2020,"- Updated the predictions table. - Updated the datasets.",   4, 13, 10 
ef4ad61,eladcn,Sun Apr 19 21:24:20 2020,"- Updated the predictions table. - Updated the datasets.",   4, 8, 5 
9ea52b8,eladcn,Sat Apr 18 20:38:22 2020,"- Updated the predictions table. - Updated the datasets. - Due to anomalies in the deaths data, we will have to change the deaths model.",   4, 22, 19 
de43759,eladcn,Fri Apr 17 20:32:28 2020,"- The cases and deaths models are now using neural networks instead of polynomial regression. - Updated the datasets. - Updated the predictions table.",   4, 76, 71 
aae7318,eladcn,Thu Apr 16 20:51:17 2020,"- Updated the datasets. - Updated the predictions table.",   4, 8, 5 
17d3ede,eladcn,Wed Apr 15 21:11:41 2020,"- Updated the predictions table. - Updated the datasets.",   4, 7, 4 
0e36bff,eladcn,Tue Apr 14 19:59:24 2020,"- Updated the datasets. - Updated the predictions table.",   4, 10, 7 
ca34861,eladcn,Mon Apr 13 19:54:39 2020,"- Updated the predictions table. - Updated the datasets.",   4, 7, 4 
ffcacae,eladcn,Sun Apr 12 18:33:13 2020,"Merge branch 'master' of https://github.com/eladcn/ccp_coronavirus_prediction", 
54ce3d7,eladcn,Sun Apr 12 18:32:46 2020,"- Updated the example neural net configuration to a model that gives good results (and might be used in the future). - Updated the predictions table. - Updated the datasets.",   4, 8, 5 
7676989,eladcn,Sun Apr 12 01:28:59 2020,"- Added neural network support (you can find an example in the config file). - The code in the main.py file is now a little bit cleaner and more readable. - Added 2 new classes - NeuralNetModel and PolynomialRegressionModel which handle the training and prediction for each model.",   4, 111, 45 
972ac41,eladcn,Sat Apr 11 21:40:39 2020,"- Changed the cases model's polynomial degree from 7 to 6. - Updated the predictions table. - Updated the datasets.",   4, 88, 85 
d896b77,eladcn,Fri Apr 10 19:12:50 2020,"Added a models adding guide.",   1, 36 
4658c5c,eladcn,Fri Apr 10 19:00:46 2020,"- Updated the predictions table. - Updated the datasets.",   4, 12, 9 
c291f28,eladcn,Thu Apr 9 20:50:17 2020,"- Updated the predictions table. - Updated the datasets.",   4, 43, 40 
90bb6c1,eladcn,Wed Apr 8 20:20:09 2020,"- Updated the datasets. - Updated the predictions table.",   4, 6, 3 
59e980f,eladcn,Tue Apr 7 19:34:20 2020,"- Updated the datasets. - Updated the predictions table.",   4, 6, 3 
081e80e,eladcn,Mon Apr 6 20:48:15 2020,"- Changed both models' polynomial degrees to 7. - Updated the predictions table. - Updated the datasets.",   4, 7, 4 
1565c46,eladcn,Sun Apr 5 21:00:21 2020,"- Changed the cases model polynomial from 7 to 6, it seems to be more accurate. - Updated the datasets. - Updated the predictions table.",   4, 9, 6 
18d40c8,eladcn,Sat Apr 4 20:26:35 2020,"- Updated the predictions table. - Updated the datasets.",   4, 10, 7 
4954bb9,eladcn,Fri Apr 3 19:18:03 2020,"- Changed the deaths model's polynomial degree back to 5, it seems to be more accurate. - The DeathsDataGrabber class now also uses the GraphsDataGrabber class. - Updated the datasets. - Updated the predictions table.",   6, 122, 120 
0251700,eladcn,Thu Apr 2 19:03:08 2020,"- Changed the models' polynomials degrees from 5 to 7. - Updated the datasets. - Updated the predictions table.",   4, 10, 7 
9cb3659,eladcn,Wed Apr 1 18:58:00 2020,"- Updated the datasets. - Updated the predictions table.",   4, 8, 5 
a680efd,eladcn,Tue Mar 31 18:59:02 2020,"- Updated the datasets. - Updated the predictions table.",   4, 8, 5 
b6d6101,eladcn,Mon Mar 30 18:42:24 2020,"- Updated the predictions table. - Updated the datasets.",   4, 9, 6 
ae44948,eladcn,Sun Mar 29 18:21:43 2020,"- Updated the predictions table. - Updated the datasets.",   6, 375, 329 
f7b2ed9,eladcn,Sat Mar 28 18:30:09 2020,"- Updated the predictions table. - Updated the datasets.",   4, 6, 3 
621bd7f,eladcn,Fri Mar 27 19:00:56 2020,"- Updated the predictions table. - Updated the datasets.",   5, 362, 320 
2dd5775,eladcn,Thu Mar 26 20:18:49 2020,"- Updated the datasets. - Updated the predictions table.",   6, 333, 386 
e81e5f4,eladcn,Wed Mar 25 19:11:49 2020,"- Updated the datasets. - Updated the predictions table. - Updated the graphs snapshots.",   6, 509, 438 
f2dfed2,eladcn,Wed Mar 25 01:28:01 2020,"- Updated the datasets. - Updated the predictions table.",   4, 8, 5 
a09687b,eladcn,Tue Mar 24 02:15:52 2020,"Added Table of contents to the README.md file.",   1, 12, 2 
7693e26,eladcn,Mon Mar 23 22:01:30 2020,"- Updated the datasets. - Updated the predictions table.",   4, 125, 122 
bf9d140,eladcn,Mon Mar 23 02:48:32 2020,"Merge pull request #3 from jamesjarvis/master", 
68c3575,eladcn,Sun Mar 22 19:43:27 2020,"- Updated the datasets. - Updated the predictions table.",   4, 7, 4 
5414004,eladcn,Sat Mar 21 20:46:22 2020,"- Updated the datasets. - Updated the predictions table.",   4, 6, 3 
ba243aa,eladcn,Sat Mar 21 00:16:47 2020,"- Updated the datasets. - Updated the predictions table.",   6, 332, 290 
81d05a2,eladcn,Thu Mar 19 18:53:50 2020,"- Updated the datasets. - Updated the predictions table.",   6, 309, 458 
e908451,eladcn,Wed Mar 18 21:42:03 2020,"Updated the terminal output image.",   1, 0, 0 
f218804,eladcn,Wed Mar 18 21:39:32 2020,"- Updated the datasets. - Updated the predictions table.",   6, 378, 296 
c92fe7f,eladcn,Tue Mar 17 18:46:14 2020,"- Updated the datasets. - Updated the predictions table.",   6, 318, 284 
707ccb3,eladcn,Mon Mar 16 19:57:32 2020,"- Updated the datasets. - Updated the predictions table.",   6, 315, 387 
b244cd4,eladcn,Mon Mar 16 07:52:23 2020,"- Added contact information to the README.md file.",   1, 4, 2 
cbecc3a,eladcn,Sun Mar 15 21:15:38 2020,"- Updated the predictions table. - Updated the datasets.",   6, 350, 277 
b7bfba4,eladcn,Sat Mar 14 21:26:36 2020,"- Updated the predictions table. - Updated the datasets.",   6, 276, 269 
e50e6cc,eladcn,Fri Mar 13 20:23:08 2020,"- Added predictions to the predictions table in the README file. - Updated the datasets. - Updated the output graphs.",   6, 528, 499 
bdd00e9,eladcn,Thu Mar 12 21:01:45 2020,"- Fixed the cases data grabber. - Updated the datasets.",   7, 86, 58 
126b483,eladcn,Wed Mar 11 20:29:02 2020,"Updated the datasets.",   3, 5, 3 
70c76c0,eladcn,Tue Mar 10 22:57:50 2020,"Updated the datasets.",   3, 14, 10 
a2cb716,eladcn,Sun Mar 8 21:32:55 2020,"Updated the datasets.",   3, 7, 5 
8214f7b,eladcn,Sat Mar 7 21:32:48 2020,"Updated the datasets.",   3, 12, 8 
74204df,eladcn,Fri Mar 6 01:05:44 2020,"- Updated the datasets. - Changed the models' polynomials degrees, it should be more accurate now (still in testing).",   3, 6, 4 
688d3b2,eladcn,Wed Mar 4 19:56:28 2020,"Updated the datasets.",   3, 6, 4 
9a8374c,eladcn,Tue Mar 3 20:27:33 2020,"- Updated the datasets.",   3, 6, 2 
494337d,eladcn,Sun Mar 1 21:08:04 2020,"Updated the datasets.",   3, 7, 5 
9142557,eladcn,Sat Feb 29 20:31:59 2020,"Updated the datasets.",   3, 4, 2 
22097c5,eladcn,Fri Feb 28 20:41:05 2020,"- Updated the predictions table. - Updated the datasets.",   4, 7, 5 
2a3ed2a,eladcn,Thu Feb 27 19:59:12 2020,"- Updated the predictions table. - Updated the deaths output graph. - Updated the datasets.",   5, 137, 118 
d6df8fd,eladcn,Thu Feb 27 01:18:26 2020,"- Updated the predictions table. - Updated the deaths output graph. - Updated the datasets.",   5, 107, 102 
48771bc,eladcn,Tue Feb 25 20:43:19 2020,"- Updated the datasets. - Updated the predictions table. - Updated the deaths output graph.",   5, 105, 100 
91c1610,eladcn,Mon Feb 24 20:58:50 2020,"- Updated the datasets. - Updated the predictions table. - Updated the deaths output graph.",   5, 101, 96 
96e95f0,eladcn,Sun Feb 23 19:36:43 2020,"- Updated the datasets. - Updated the predictions table in the README.md file. - Updated the output graphs.",   6, 219, 196 
616039b,eladcn,Sat Feb 22 19:39:02 2020,"- Changed the cases model polynomial degree from 4 to 3, but it will take some time until we have more accurate results. - Updated the predictions table. - Updated the datasets. - Updated the output graphs.",   6, 321, 252 
d8c7035,eladcn,Fri Feb 21 21:32:44 2020,"- The cases data grabber is not working because the data source removed the table from the website. - Changed the cases model data source to offline instead of online. - Updated the datasets. - Updated the predictions table. - Updated the output graphs.",   6, 195, 188 
e1ae5b3,eladcn,Fri Feb 21 01:44:54 2020,"- Updated the predictions table in the README.md file according to the updated data.",   1, 4, 4 
649d66f,eladcn,Thu Feb 20 20:43:13 2020,"- Updated the datasets. - Updated the predictions table in the README.md file. - Updated the output graphs.",   7, 239, 302 
0da7849,eladcn,Wed Feb 19 16:07:00 2020,"- Updated the dataset. - Removed unnecessary import from the main.py file. - Updated the predictions table in the README.md file. - Updated the output graphs.",   7, 258, 178 
ce1b9f2,eladcn,Tue Feb 18 21:34:58 2020,"- It is now easier to control each model separately using the config.json file. - Splitted the cases and deaths grabbers into 2 different classes which inherit from the DataGrabber class. - Updated the datasets files.",   7, 84, 49 
36af11d,eladcn,Tue Feb 18 19:57:38 2020,"- Changed the polynomials degrees from 3 to 4 in order to make a better fit to the updated data. - Updated the predictions table in the readme file.",   4, 212, 193 
4228184,eladcn,Tue Feb 18 06:00:59 2020,"- Updated the dataset. - Updated the graphs snapshots. - Corrected some minor issues in the README.md file. - Updated the predictions table in the README.md file.",   6, 232, 307 
2d79bb3,eladcn,Sun Feb 16 21:56:23 2020,"- Updated the graphs snapshots.",   3, 260, 295 
b64b72a,eladcn,Sun Feb 16 21:44:01 2020,"- Decreased the models' polynomials degree from 4 to 3. - Updated the predictions table in the README.md file according to the new models and updated data.",   4, 12, 8 
b33da83,eladcn,Sat Feb 15 19:15:31 2020,"- Added a predictions table to the README.md file.",   5, 11, 2 
9180d2c,eladcn,Sat Feb 15 09:07:43 2020,"- Added support for multiple days forecast instead of only the next day.",   3, 17, 16 
a8c12e7,eladcn,Sat Feb 15 08:37:17 2020,"Update README.md",   1, 3, 3 
6867215,eladcn,Fri Feb 14 23:42:29 2020,"- The output examples are now SVGs instead of static images.",   6, 1906, 2 
7043e51,eladcn,Fri Feb 14 23:32:21 2020,"- Added output screenshots examples. - The README file now displays output examples.",   4, 13, 3 
2b780bf,eladcn,Fri Feb 14 20:23:44 2020,"- Added support for offline datasets (by supplying the dataset date in the config file). - Changed the polynomial degree of the cases model from 6 to 4 which seems to be a better fit to this data. - Changed the polynomial degree of the deaths model from 5 to 4 which seems to be a better fit to this data.",   5, 32, 14 
9466da5,eladcn,Fri Feb 14 02:25:04 2020,"- Removed constants from the main.py file, these configurations are now taken from the config.json file.",   2, 18, 11 
698232e,eladcn,Fri Feb 14 02:10:21 2020,"- The DataGrabber class now splits the deaths and cases the data to 2 different files. - The main.py file now takes the data from 2 different data files instead of 1 file. - Changed the deaths polynomial degree from 4 to 5 (this is done because there are some anomalies from the recent 2 days in the data, which could signal a change in the following numbers). - Removed the option to supply a specific dataset's filename.",   5, 72, 46 
eff50f6,eladcn,Thu Feb 13 02:29:25 2020,"Update README.md",   1, 3, 4 
84b7107,eladcn,Thu Feb 13 02:26:16 2020,"Merge branch 'master' of https://github.com/eladcn/ccp_coronavirus_prediction", 
623d912,eladcn,Thu Feb 13 02:25:53 2020,"- Fixed some code duplication in the DataGrabber class. - Made a few functions in the DataGrabber class private. - Changed the polynomial degree of the cases model from 6 to 5. - Changed the polynomial degree of the deaths model from 6 to 4. - The function print_stats in the main.py file now prints all the stats regarding a model (and plots the model's graph) instead of just printing the RMSE and R2 scores. - The main.py now prints the functions that describe the trained models. - Small corrections to the plots' titles since they were a little bit misleading.",   2, 56, 50 
f466bee,eladcn,Wed Feb 12 06:18:26 2020,"- Small corrections to variable names. - Added some description to the plots (titles and xlabel and ylabel information). - Renamed the coronavirus_ccp_predictions.py file to main.py.",   2, 9, 6 
c3c2a13,eladcn,Wed Feb 12 06:05:54 2020,"- Initial commit.",   3, 165 
3ba7234,eladcn,Wed Feb 12 06:01:15 2020,"Initial commit",   2, 803 