commit id,author,date,comment,changed files,lines added,lines deleted

ce0ae4a,Emma Doughty,Wed Jun 24 07:41:56 2020,"Delete Ecoli_Africa.csv",   1, 3058 
954ec12,Emma Doughty,Tue Apr 21 08:10:35 2020,"Updated for 20/04",   6, 68, 3 
bb5aa8b,Emma Doughty,Mon Apr 20 21:24:24 2020,"Revert "Delete COVID19_cum.csv"",   1, 39 
d683a83,Emma Doughty,Mon Apr 20 07:10:58 2020,"Updated to 19/04",   2, 258, 2 
d2535ee,Emma Doughty,Mon Apr 20 05:11:09 2020,"Delete cases_by_utla.csv",   1, 6641 
c7fe3e8,Emma Doughty,Mon Apr 20 05:10:53 2020,"Delete COVID19_cum.csv",   1, 39 
8a0ea87,Emma Doughty,Mon Apr 20 05:10:43 2020,"Delete COVID19_deaths.csv",   1, 40 
aebe88d,Emma Doughty,Mon Apr 20 05:10:36 2020,"Delete Eng_Wales_Weekly_Deaths_Demographics.csv",   1, 65 
18c39b0,Emma Doughty,Mon Apr 20 05:10:24 2020,"Delete NI_cases_demographics.csv",   1, 86 
d7052c2,Emma Doughty,Mon Apr 20 05:09:48 2020,"Delete deaths_by_area.csv",   1, 157 
8689bca,Emma Doughty,Mon Apr 20 03:17:48 2020,"Merge branch 'master' of https://github.com/emmadoughty/Daily_COVID-19", 
3fd13da,Emma Doughty,Mon Apr 20 03:17:42 2020,"Updated to 19/04",   7, 3076, 3 
23cde0f,Emma Doughty,Thu Apr 16 08:07:09 2020,"Updated format, added data for 14 and 15/04",   2, 181, 7844 
a78337b,Emma Doughty,Thu Apr 16 08:06:28 2020,"Updated for 15/04",   1, 8, 6 
731c69a,Emma Doughty,Tue Apr 14 07:56:54 2020,"Updated for 13/04",   3, 0, 0 
c39dd65,Emma Doughty,Tue Apr 14 07:54:47 2020,"Updated for 13/04",   7, 414, 9 
2ca860b,Emma Doughty,Mon Apr 13 06:11:28 2020,"Updated for 12/04",   10, 412, 7 
8cf5691,Emma Doughty,Sun Apr 12 08:31:39 2020,"Merge branch 'master' of https://github.com/emmadoughty/Daily_COVID-19", 
2a3796f,Emma Doughty,Sun Apr 12 08:29:48 2020,"Merge branch 'master' of https://github.com/emmadoughty/Daily_COVID-19", 
4a1ee94,Emma Doughty,Sun Apr 12 08:29:45 2020,"Updated for 11/04",   4, 6 
1e24ebe,Emma Doughty,Sun Apr 12 08:27:26 2020,"Updated for 11/04",   7, 410, 5 
55d01c1,Emma Doughty,Sat Apr 11 07:47:53 2020,"Updated for 10/04",   1, 5 
c69abf8,Emma Doughty,Sat Apr 11 07:44:26 2020,"Updated for 10/04; continued using pillar 1 positive cases only",   1, 2, 1 
76dad47,Emma Doughty,Sat Apr 11 07:43:59 2020,"Updated for 10/04; added unconfirmed UTLA and NHSR for 09/04",   2, 400, 3 
2dd395e,Emma Doughty,Sat Apr 11 07:43:32 2020,"Updated for 10/04",   7, 11, 4 
14322f0,Emma Doughty,Fri Apr 10 07:53:32 2020,"Updated for 09/04",   1, 6, 1 
1fc67bd,Emma Doughty,Fri Apr 10 07:53:22 2020,"Updated for 09/04, NB Weird data from Wales",   2, 315, 48 
f84b6c8,Emma Doughty,Fri Apr 10 07:52:51 2020,"Updated for 09/04",   7, 250, 36 
7c6aee2,Emma Doughty,Fri Apr 10 06:54:04 2020,"Updated for 09/04",   1, 2, 1 
881de25,Emma Doughty,Thu Apr 9 05:52:06 2020,"Merge branch 'master' of https://github.com/emmadoughty/Daily_COVID-19", 
6aceb0a,Emma Doughty,Thu Apr 9 05:47:06 2020,"Updated for 08/04",   1, 6, 1 
9a1f07f,Emma Doughty,Thu Apr 9 05:36:56 2020,"Updated for 07 and 08/04",   2, 10, 5 
e835b48,Emma Doughty,Thu Apr 9 05:36:40 2020,"Updated for 08/04; added country data for 07/04",   2, 181, 6 
4201e75,Emma Doughty,Thu Apr 9 05:36:10 2020,"Updated for 08/04; started using calculated new tests",   1, 3, 2 
b7cb2af,Emma Doughty,Thu Apr 9 05:35:36 2020,"Updated for 08/04; added Wales UTLA data for 06/04 and 07/04",   2, 279, 57 
d19efe6,Emma Doughty,Thu Apr 9 05:34:49 2020,"Merge branch 'master' of https://github.com/emmadoughty/Daily_COVID-19", 
7728935,Emma Doughty,Thu Apr 9 05:34:46 2020,"Upadted for 08/04",   3, 0, 0 
38590e0,Emma Doughty,Wed Apr 8 06:54:23 2020,"Merge branch 'master' of https://github.com/emmadoughty/Daily_COVID-19", 
653bccb,Emma Doughty,Wed Apr 8 06:54:20 2020,"Updated for 07/04",   1, 8 
109656f,Emma Doughty,Wed Apr 8 06:53:58 2020,"Modified 05/04 cases in line with subsequent PHE figures",   1, 1, 1 
e5f0bb7,Emma Doughty,Wed Apr 8 06:53:23 2020,"Updated for 07/04",   6, 414, 12 
2ee6a28,Emma Doughty,Wed Apr 8 02:57:08 2020,"Merge branch 'master' of https://github.com/emmadoughty/Daily_COVID-19", 
d5af5b8,Emma Doughty,Wed Apr 8 02:57:05 2020,"Updated for 07/04, separated tests from new people tested",   1, 8, 7 
1cab569,Emma Doughty,Wed Apr 8 02:56:34 2020,"Updated for 07/04",   6, 56, 56 
dca43d3,Emma Doughty,Tue Apr 7 03:47:46 2020,"Added PHE and PHW dashboards to visualisations",   1, 3 
c87e76a,Emma Doughty,Tue Apr 7 03:44:04 2020,"Clarified-ish tests/people tested",   1, 2, 2 
1aebce2,Emma Doughty,Tue Apr 7 03:43:48 2020,"Merge branch 'master' of https://github.com/emmadoughty/Daily_COVID-19", 
096deed,Emma Doughty,Tue Apr 7 03:43:45 2020,"Updated for 06/04",   13, 423, 8 
6bb1017,Emma Doughty,Mon Apr 6 08:36:38 2020,"Updated for 05/04",   1, 5 
289ff9e,Emma Doughty,Mon Apr 6 08:27:12 2020,"Updated for 05/04",   7, 412, 10 
451e84c,Emma Doughty,Sun Apr 5 23:38:56 2020,"Updated for 05/04",   6, 2, 1 
c49296d,Emma Doughty,Sun Apr 5 09:07:43 2020,"Updated for 04/04",   13, 413, 6 
3566991,Emma Doughty,Sat Apr 4 23:20:27 2020,"Updated for 03/04 and 04/04",   1, 13, 1 
8ef6c0f,Emma Doughty,Sat Apr 4 10:48:02 2020,"Updated for 03/04",   2, 397, 2 
861a541,Emma Doughty,Sat Apr 4 06:08:29 2020,"Merge branch 'master' of https://github.com/emmadoughty/Daily_COVID-19", 
f7f5e53,Emma Doughty,Sat Apr 4 06:08:26 2020,"Updated for 03/04",   10, 19, 12 
e4b27d2,Emma Doughty,Fri Apr 3 08:44:09 2020,"Added info about Wales area reporting",   1, 3 
0572d3f,Emma Doughty,Fri Apr 3 08:35:43 2020,"Initial commit",   1, 25 
4f89f5d,Emma Doughty,Fri Apr 3 07:07:54 2020,"Updated cases by area",   1, 5, 6 
5f07611,Emma Doughty,Fri Apr 3 02:57:04 2020,"Updated for 02/04",   4, 401, 4 
48dd165,Emma Doughty,Fri Apr 3 01:55:45 2020,"Updated for 31/03, 01/04, 02/04",   1, 17, 1 
73b3960,Emma Doughty,Fri Apr 3 01:49:23 2020,"Updated for 01/04 and 02/04",   2, 10, 5 
f9bf5f5,Emma Doughty,Fri Apr 3 01:21:33 2020,"Update for 01/04; added unconfirmed and residents outside Wales, backdated Orknet and Eileanan Siar",   1, 437 
a6bd691,Emma Doughty,Thu Apr 2 23:34:17 2020,"Updated titles for PEOPLE tested per day",   2, 3, 3 
c645492,Emma Doughty,Thu Apr 2 23:28:42 2020,"Updated for 01/04, added unconfirmed and residents outside Wales",   1, 42, 40 
5586d1f,Emma Doughty,Thu Apr 2 23:13:28 2020,"Updated for 02/04; clarity on PEOPLE tested, not no. of tests",   3, 0, 0 
f9b0ed3,Emma Doughty,Thu Apr 2 23:12:53 2020,"Updated for 02/04",   3, 2, 1 
9a99842,Emma Doughty,Thu Apr 2 07:05:31 2020,"Updated for 01/04",   4, 259, 29 
e8f6544,Emma Doughty,Wed Apr 1 23:12:32 2020,"Updated for 01/04/2020",   5, 0, 0 
1a5e480,Emma Doughty,Wed Apr 1 23:10:45 2020,"Updated for 01/04/2020",   1, 2, 1 
fc0f6ce,Emma Doughty,Wed Apr 1 20:48:35 2020,"Updated for 31/03",   1, 216, 1 
971ea55,Emma Doughty,Wed Apr 1 06:22:37 2020,"Updated for 31/03",   3, 176, 2 
b256352,Emma Doughty,Wed Apr 1 05:48:34 2020,"Updated for 31/03",   2, 7, 2 
ba0126b,Emma Doughty,Wed Apr 1 00:58:57 2020,"Updates to 31/03",   6, 2, 1 
4f19962,Emma Doughty,Tue Mar 31 23:09:56 2020,"Removed info re times of reporting",   1, 1, 1 
bee960b,Emma Doughty,Tue Mar 31 23:00:13 2020,"Added info on earlier data",   1, 1, 1 
4a043f1,Emma Doughty,Tue Mar 31 22:57:41 2020,"Edited death demographics section",   1, 1, 1 
86ce570,Emma Doughty,Tue Mar 31 22:56:12 2020,"Added ONS death info",   1, 2 
6f97fe8,Emma Doughty,Tue Mar 31 22:31:53 2020,"Reformatting data from https://www.ons.gov.uk/file?uri=%2fpeoplepopulationandcommunity%2fbirthsdeathsandmarriages%2fdeaths%2fdatasets%2fweeklyprovisionalfiguresondeathsregisteredinenglandandwales%2f2020/publishedweek122020.xlsx",   1, 65 
27db837,Emma Doughty,Tue Mar 31 03:19:52 2020,"Updated for 30/03",   6, 472, 44 
4a92371,Emma Doughty,Tue Mar 31 01:51:17 2020,"Updated for 30/03",   6, 2, 1 
8dce893,Emma Doughty,Tue Mar 31 01:33:46 2020,"Updated for 30/03/2020",   1, 16, 1 
91b9732,Emma Doughty,Mon Mar 30 22:57:03 2020,"Amended in line with PHE historical updates 29/03 for 2pm consistency",   2, 110, 42 
e4be18f,Emma Doughty,Mon Mar 30 22:41:59 2020,"Updated re PHE historical data release 29/03 for consistency with 2pm reporting",   1, 2, 2 
e066993,Emma Doughty,Mon Mar 30 22:39:35 2020,"Updated re PHE historical data release 29/03",   1, 5, 5 
cc9da98,Emma Doughty,Mon Mar 30 22:26:23 2020,"Updated recovery data",   1, 13, 13 
fd8c0bb,Emma Doughty,Mon Mar 30 03:53:00 2020,"Updated for 29/03",   6, 397, 6 
3b2bafc,Emma Doughty,Mon Mar 30 02:29:08 2020,"Updated recoveries 29/03 + fixed 18/03 new deaths error",   1, 2, 2 
ceef47e,Emma Doughty,Mon Mar 30 02:20:41 2020,"Revised re https://github.com/emmadoughty/Daily_COVID-19/issues/8",   4, 12, 12 
d433e93,Emma Doughty,Mon Mar 30 00:38:58 2020,"Merge branch 'master' of https://github.com/emmadoughty/Daily_COVID-19", 
63087f1,Emma Doughty,Sun Mar 29 23:12:44 2020,"Added y-axis break auto-determination",   1, 0, 0 
221c7f4,Emma Doughty,Sun Mar 29 23:12:08 2020,"Updated for 29/03",   6, 5, 3 
c72f58a,Emma Doughty,Sun Mar 29 04:42:04 2020,"Updated for 28/03 and removed comma in datum on 24/03",   1, 3, 2 
b19d124,Emma Doughty,Sun Mar 29 04:41:32 2020,"Updated for 28/03/2020",   6, 394, 4 
ca5ea05,Emma Doughty,Sun Mar 29 03:38:11 2020,"Added positive tests graph",   1, 2 
06f9b7e,Emma Doughty,Sun Mar 29 02:49:32 2020,"Update source info",   1, 10, 9 
7e73e30,Emma Doughty,Sun Mar 29 00:14:15 2020,"Merge branch 'master' of https://github.com/emmadoughty/Daily_COVID-19", 
34b52db,Emma Doughty,Sun Mar 29 00:14:12 2020,"Updated for 28/03; inc change cases for 27/03 in line with DHSC announcement",   1, 2, 1 
a302b43,Emma Doughty,Sun Mar 29 00:13:41 2020,"Updated for 28/03",   5, 0, 0 
07469ca,Emma Doughty,Sat Mar 28 10:08:44 2020,"Merge branch 'master' of https://github.com/emmadoughty/Daily_COVID-19", 
33977bb,Emma Doughty,Sat Mar 28 10:08:34 2020,"Changed deaths for 17/03",   2, 2, 2 
91ebcd2,Emma Doughty,Sat Mar 28 10:07:31 2020,"Updated for 27/03 recoveries, changed deaths for 17/03",   1, 2, 2 
bd12b50,Emma Doughty,Sat Mar 28 10:03:43 2020,"Updated for 27/03, corrected error in date for 26/03",   1, 344, 172 
3d7aab0,Emma Doughty,Sat Mar 28 10:03:16 2020,"Updated for 27/03",   3, 217, 3 
2a075a3,Emma Doughty,Sat Mar 28 00:51:32 2020,"Updated plot title",   2, 3, 3 
bcae9fe,Emma Doughty,Sat Mar 28 00:50:01 2020,"Updated for 27/03",   1, 0, 0 
6a9f86a,Emma Doughty,Sat Mar 28 00:40:24 2020,"Updated for 27.03.2020 + fixed sex error",   1, 12, 7 
0dc4998,Emma Doughty,Sat Mar 28 00:34:33 2020,"Updated for 27.03.2020",   2, 5 
ab2e496,Emma Doughty,Sat Mar 28 00:28:04 2020,"Updated for 27/03/2020",   5, 2, 1 
1a11f2c,Emma Doughty,Sat Mar 28 00:11:35 2020,"Merge branch 'master' of https://github.com/emmadoughty/Daily_COVID-19", 
dd2c3c8,Emma Doughty,Sat Mar 28 00:11:32 2020,"Initial commit",   1, 6573 
3556a07,Emma Doughty,Fri Mar 27 09:55:17 2020,"Updated for 26/03/2020",   1, 11, 1 
f5a830d,Emma Doughty,Fri Mar 27 09:54:50 2020,"Merge branch 'master' of https://github.com/emmadoughty/Daily_COVID-19", 
089cff7,Emma Doughty,Fri Mar 27 09:54:45 2020,"Updated for 26/03/2020",   1, 35, 34 
77e6f00,Emma Doughty,Fri Mar 27 09:54:21 2020,"Updated for 26/03/2020",   6, 213, 23 
530371e,Emma Doughty,Fri Mar 27 05:34:42 2020,"Updated info regarding death reporting",   1, 1, 1 
67284a3,Emma Doughty,Fri Mar 27 05:02:40 2020,"Updated for 26.03.2020",   6, 2, 1 
fcd0c9f,Emma Doughty,Fri Mar 27 04:42:41 2020,"Updated to remove England cases prior to 07/03; corrected numbers for NI 25 and 26th Mar",   1, 9, 9 
1b97b76,Emma Doughty,Fri Mar 27 04:13:09 2020,"Merge branch 'master' of https://github.com/emmadoughty/Daily_COVID-19", 
419c270,Emma Doughty,Fri Mar 27 04:11:56 2020,"Added cases for England prior to 07/03",   1, 12, 12 
8c26e7c,Emma Doughty,Fri Mar 27 04:07:43 2020,"Merge branch 'master' of https://github.com/emmadoughty/Daily_COVID-19", 
feeef7d,Emma Doughty,Fri Mar 27 04:07:18 2020,"Deleted",   1, 34 
84d27ca,Emma Doughty,Fri Mar 27 04:05:42 2020,"Deleted",   2, 68 
85c5df6,Emma Doughty,Fri Mar 27 04:03:18 2020,"Added cases for England prior to 07/03/2020",   1, 34 
a1739bf,Emma Doughty,Fri Mar 27 03:42:57 2020,"Corrected issue with dates",   1, 34, 39 
2621c8f,Emma Doughty,Fri Mar 27 03:41:35 2020,"Merge branch 'master' of https://github.com/emmadoughty/Daily_COVID-19", 
217dfa9,Emma Doughty,Fri Mar 27 03:41:31 2020,"Corrected issue with dates",   1, 34 
e4883ed,Emma Doughty,Thu Mar 26 09:12:09 2020,"Uodated for 25.03.2020",   1, 0, 0 
465a2d3,Emma Doughty,Thu Mar 26 09:11:23 2020,"Updated with 25.03.2020 deaths",   6, 3, 3 
c54b2e4,Emma Doughty,Thu Mar 26 08:31:10 2020,"Updated for 25/03/2020 inc NI",   3, 6, 6 
d14e982,Emma Doughty,Thu Mar 26 08:08:44 2020,"Merge branch 'master' of https://github.com/emmadoughty/Daily_COVID-19", 
443fd94,Emma Doughty,Thu Mar 26 08:08:40 2020,"Updated for 25/03/2020",   7, 222, 37 
95426bb,Emma Doughty,Thu Mar 26 06:06:31 2020,"Updated for 24/03/2020",   1, 0, 0 
f2ed725,Emma Doughty,Wed Mar 25 09:02:53 2020,"Typo",   1, 2, 2 
25d7aab,Emma Doughty,Wed Mar 25 09:00:54 2020,"Removed empty line",   1, 1 
12c170e,Emma Doughty,Wed Mar 25 08:58:55 2020,"Merge branch 'master' of https://github.com/emmadoughty/Daily_COVID-19", 
c665ed8,Emma Doughty,Wed Mar 25 08:58:21 2020,"Initial commit",   1, 33 
752a177,Emma Doughty,Wed Mar 25 08:40:06 2020,"Merge branch 'master' of https://github.com/emmadoughty/Daily_COVID-19", 
2a21b44,Emma Doughty,Wed Mar 25 08:39:59 2020,"Updated for 24/03/2020",   6, 189, 5 
d46b088,Emma Doughty,Wed Mar 25 03:28:46 2020,"Initial commit",   3, 0, 0 
078219c,Emma Doughty,Wed Mar 25 02:38:28 2020,"Updated for 24/03/2020",   4, 0, 0 
f94582f,Emma Doughty,Wed Mar 25 02:34:48 2020,"Updated for 24/03/2020",   1, 2, 1 
bcfd222,Emma Doughty,Tue Mar 24 09:20:00 2020,"Initial commit",   1, 11 
1cf415a,Emma Doughty,Tue Mar 24 09:17:32 2020,"Updated for 23/03/2020 recoveries",   1, 1, 1 
41f6037,Emma Doughty,Tue Mar 24 08:52:36 2020,"Initial commit",   1, 19 
61b8756,Emma Doughty,Tue Mar 24 08:48:54 2020,"Initial commit",   1, 73 
84d0fe3,Emma Doughty,Tue Mar 24 08:20:14 2020,"Updated for 23/03/2020",   6, 177, 4 
280f1e1,Emma Doughty,Tue Mar 24 03:48:56 2020,"Updated for 23/03/2020",   1, 2, 1 
d8043de,Emma Doughty,Mon Mar 23 08:17:44 2020,"Updated for 22/03/2020",   2, 179, 7 
465c6b5,Emma Doughty,Mon Mar 23 08:07:55 2020,"Updated for 22/03/2020",   5, 1 
2be9871,Emma Doughty,Mon Mar 23 04:54:02 2020,"Updated for 22/03/2020",   1, 1 
dc4a609,Emma Doughty,Sun Mar 22 08:50:04 2020,"Added miseed date for 21/03/2020",   1, 1, 1 
68c4e02,Emma Doughty,Sun Mar 22 08:42:54 2020,"Updated for 21/03/2020 recoveries", 
35c789a,Emma Doughty,Sun Mar 22 08:35:23 2020,"Added recoveries for 21/03/2020",   1, 2, 2 
edb5c51,Emma Doughty,Sun Mar 22 07:02:20 2020,"Updated for 21.03.2020",   2, 177, 4 
f819de0,Emma Doughty,Sun Mar 22 04:24:54 2020,"Updated for 21/03/2020",   4, 0, 0 
3ba9ec1,Emma Doughty,Sun Mar 22 04:22:43 2020,"Updated for 21.03.2020",   1, 3, 2 
638501a,Emma Doughty,Sat Mar 21 23:40:31 2020,"Merge branch 'master' of https://github.com/emmadoughty/Daily_COVID-19", 
70d7733,Emma Doughty,Sat Mar 21 23:40:28 2020,"Updated for 20/03/2020",   2, 2401, 1 
8ac755f,Emma Doughty,Sat Mar 21 04:57:54 2020,"Updated for 20/03/2020",   1, 0, 0 
b8f9c5f,Emma Doughty,Sat Mar 21 04:52:05 2020,"Merge branch 'master' of https://github.com/emmadoughty/Daily_COVID-19", 
7375b32,Emma Doughty,Sat Mar 21 04:52:02 2020,"Updated for 20.03.2020",   6, 214, 1 
9b1d9cc,Emma Doughty,Sat Mar 21 00:53:38 2020,"Merge branch 'master' of https://github.com/emmadoughty/Daily_COVID-19", 
493f728,Emma Doughty,Sat Mar 21 00:53:35 2020,"Relates location name to administrative geography code used in COVID19 case data",   1, 157 
e0ddb52,Emma Doughty,Sat Mar 21 00:10:11 2020,"Merge branch 'master' of https://github.com/emmadoughty/Daily_COVID-19", 
9d7d02a,Emma Doughty,Sat Mar 21 00:10:08 2020,"ONS data relating to areas with COVID19 reporting",   1, 0, 0 
c13ac09,Emma Doughty,Sat Mar 21 00:08:45 2020,"Replaced "Brighton and Hove" with "Brighton_and_Hove"",   1, 1, 1 
ecf2af5,Emma Doughty,Fri Mar 20 07:07:01 2020,"Added 19/03/2020 data",   1, 2, 1 
7b7e28d,Emma Doughty,Fri Mar 20 07:06:31 2020,"Added 19/03/2020 recovery data",   1, 1, 1 
888b7d8,Emma Doughty,Fri Mar 20 06:38:39 2020,"Updated for 19.03.2020; improved titles",   2, 2, 3 
181f6f3,Emma Doughty,Fri Mar 20 06:22:45 2020,"Updated for 19.03.2020 ad editted heading",   2, 3, 3 
4fbeebc,Emma Doughty,Fri Mar 20 05:38:43 2020,"Updated for 19/03/2020",   5, 2, 1 
42b4ba6,Emma Doughty,Fri Mar 20 01:51:57 2020,"Merge branch 'master' of https://github.com/emmadoughty/Daily_COVID-19", 
3528583,Emma Doughty,Fri Mar 20 01:51:52 2020,"Formatted date to use /",   2, 8, 8 
0af4d82,Emma Doughty,Thu Mar 19 22:13:05 2020,"Merge branch 'master' of https://github.com/emmadoughty/Daily_COVID-19", 
374377e,Emma Doughty,Thu Mar 19 21:49:46 2020,"Updated for 18.03.2020",   1, 3, 1 
8ff5781,Emma Doughty,Thu Mar 19 07:36:17 2020,"UPdated for 18.03.2020",   3, 1, 1 
97b4574,Emma Doughty,Thu Mar 19 07:15:08 2020,"Updated for 18.03.2020",   3, 1, 1 
a4a57d6,Emma Doughty,Thu Mar 19 00:37:48 2020,"Removed due to data quality concerns at local level",   160, 0, 0 
1e4533d,Emma Doughty,Thu Mar 19 00:31:56 2020,"Merge branch 'master' of https://github.com/emmadoughty/Daily_COVID-19", 
404206c,Emma Doughty,Thu Mar 19 00:30:11 2020,"Raw data from PHE for local areas",   1, 11 
2486bfb,Emma Doughty,Thu Mar 19 00:21:01 2020,"Updated for 18/03/2020",   5, 2, 1 
6e75de1,Emma Doughty,Wed Mar 18 10:46:16 2020,"Updated 17/03/2020",   3, 54, 54 
94f7d7a,Emma Doughty,Wed Mar 18 01:01:17 2020,"Update for 17/03/2020",   4, 1 
2e8aa67,Emma Doughty,Tue Mar 17 09:59:38 2020,"Added data for dumfries and gallow",   12, 242, 171 
3acb56c,Emma Doughty,Tue Mar 17 08:43:36 2020,"Updated format",   3, 53, 21 
0a25a16,Emma Doughty,Tue Mar 17 08:41:30 2020,"Removed",   15, 53 
29195a8,Emma Doughty,Tue Mar 17 07:31:16 2020,"Updated for change in data formatting",   1, 1, 3 
9f911ff,Emma Doughty,Tue Mar 17 07:28:22 2020,"Merge branch 'master' of https://github.com/emmadoughty/Daily_COVID-19", 
70a13ed,Emma Doughty,Tue Mar 17 07:27:55 2020,"Updated for 16.03.2020",   346, 4281, 4276 
068f781,Emma Doughty,Mon Mar 16 06:57:37 2020,"Updated for 15.03.2020",   159, 49, 46 
d4e3256,Emma Doughty,Mon Mar 16 02:53:34 2020,"Added plots for national, NHS and HB breakdowns",   20, 1040, 16 
d539593,Emma Doughty,Mon Mar 16 02:15:57 2020,"Fixed formatting issue",   2, 18, 36 
3abbdc1,Emma Doughty,Mon Mar 16 02:08:08 2020,"Fixed data formatting issue",   1, 9, 9 
05c94ca,Emma Doughty,Mon Mar 16 02:02:30 2020,"Updated for 15.03.2020",   7, 2, 1 
fbd35c3,Emma Doughty,Sun Mar 15 22:02:40 2020,"Updated for new data locations",   4, 4, 4 
bee9dfb,Emma Doughty,Sun Mar 15 21:58:53 2020,"Updated daily",   1, 0, 0 
f390698,Emma Doughty,Sun Mar 15 21:58:27 2020,"Moved files into subdirectories",   10, 135 
5aeccf0,Emma Doughty,Sun Mar 15 21:35:58 2020,"Delete Daily_COVID-19.Rproj",   1, 13 
57be63b,Emma Doughty,Sun Mar 15 21:31:54 2020,"Clarification",   1, 1, 1 
2d2d03d,Emma Doughty,Sun Mar 15 21:30:05 2020,"typos",   1, 2, 2 
9587d38,Emma Doughty,Sun Mar 15 10:18:32 2020,"Delete Highest_LA_plot.pdf",   1, 0, 0 
ac2c1cd,Emma Doughty,Sun Mar 15 09:16:05 2020,"Updated for 14.03.2020",   136, 20, 38 
60dd3e8,Emma Doughty,Sun Mar 15 07:25:38 2020,"Merge branch 'master' of https://github.com/emmadoughty/Daily_COVID-19", 
d55ec46,Emma Doughty,Sun Mar 15 07:25:34 2020,"Inital commit",   2, 36 
32f8529,Emma Doughty,Sun Mar 15 07:25:24 2020,"Added 14.03.2020 data",   1, 27, 7 
22fe6af,Emma Doughty,Sun Mar 15 07:25:05 2020,"Amended data with PHE modifications",   1, 2, 2 
68c7c82,Emma Doughty,Sun Mar 15 00:54:34 2020,"Updated for 14.03.2020",   1, 0, 0 
58525f2,Emma Doughty,Sun Mar 15 00:50:47 2020,"Merge branch 'master' of https://github.com/emmadoughty/Daily_COVID-19", 
1b6c3ad,Emma Doughty,Sun Mar 15 00:50:42 2020,"Updated for 14.03.2020 data",   6, 51, 50 
62a34c9,Emma Doughty,Sat Mar 14 04:14:30 2020,"Delete Mortality_Stats_plot.png",   1, 0, 0 
6889cf2,Emma Doughty,Sat Mar 14 04:13:57 2020,"Updated mortality to CFR",   3, 6, 6 
d070183,Emma Doughty,Sat Mar 14 04:01:22 2020,"Updated for new estimates of reporting to death",   1, 0, 0 
a920eaa,Emma Doughty,Sat Mar 14 03:59:28 2020,"Updated estimates from reporting to death",   2, 2, 36 
9d04f98,Emma Doughty,Sat Mar 14 02:48:00 2020,"Mortality rate stats",   3, 37, 10 
8b36519,Emma Doughty,Sat Mar 14 02:25:41 2020,"Initial commit",   3, 134 
c12564e,Emma Doughty,Sat Mar 14 01:15:44 2020,"Updated with 13.03.2020 data",   1, 0, 0 
f8250be,Emma Doughty,Sat Mar 14 01:12:59 2020,"Updated for 13.01.2020 data",   1, 0, 0 
eaf4470,Emma Doughty,Sat Mar 14 01:11:00 2020,"13.03.2020 updates",   6, 205, 202 
34447e9,Emma Doughty,Fri Mar 13 03:43:57 2020,"Added 12.03.2020 data",   111, 12, 10 
0bbf3e7,Emma Doughty,Fri Mar 13 02:41:20 2020,"Merge branch 'master' of https://github.com/emmadoughty/Daily_COVID-19", 
1fd4bdd,Emma Doughty,Fri Mar 13 02:41:06 2020,"Updated for 12.03.2020",   1, 0, 0 
06a5151,Emma Doughty,Fri Mar 13 02:35:23 2020,"Updated for 12.03.2020",   1, 0, 0 
adfc741,Emma Doughty,Fri Mar 13 02:34:40 2020,"Updated with 12.03.2020 data",   6, 19, 18 
8c820a4,Emma Doughty,Fri Mar 13 01:33:09 2020,"Moved location",   2, 0, 0 
caa7630,Emma Doughty,Fri Mar 13 01:31:15 2020,"Moved into subdirectory",   109, 0, 0 
85bcd60,Emma Doughty,Thu Mar 12 19:03:39 2020,"Initial commit",   1, 0, 0 
ced0970,Emma Doughty,Thu Mar 12 18:54:04 2020,"Added summary plot",   1, 18, 2 
a5ac7c4,Emma Doughty,Thu Mar 12 18:53:43 2020,"Added LA summary fig",   8, 6, 5 
b82b55d,Emma Doughty,Thu Mar 12 04:57:55 2020,"Update .DS_Store",   1, 0, 0 
3b2256d,Emma Doughty,Thu Mar 12 04:57:17 2020,"Merge branch 'master' of https://github.com/emmadoughty/Daily_COVID-19", 
1eaacaa,Emma Doughty,Thu Mar 12 04:57:06 2020,"Removed plots for cases awaiting clarification",   1, 63 
21c46f1,Emma Doughty,Thu Mar 12 04:07:04 2020,"Update .DS_Store",   1, 0, 0 
c51d079,Emma Doughty,Thu Mar 12 04:06:54 2020,"Makes figures and pdf per LA",   1, 9405, 52 
6ac2c49,Emma Doughty,Thu Mar 12 04:05:38 2020,"Added 11.03.2020 data",   1, 3, 2 
0c8bc73,Emma Doughty,Thu Mar 12 04:05:07 2020,"11.03.2020 plot",   103, 0, 0 
9ad0026,Emma Doughty,Thu Mar 12 00:33:45 2020,"Update .DS_Store",   1, 0, 0 
c4646c2,Emma Doughty,Thu Mar 12 00:33:39 2020,"New daily plots",   5, 0, 0 
4e1d598,Emma Doughty,Thu Mar 12 00:33:27 2020,"Improved code robustness",   1, 103, 73 
dd66806,Emma Doughty,Thu Mar 12 00:32:12 2020,"Initial commit",   1, 112 
f00cc93,Emma Doughty,Thu Mar 12 00:31:38 2020,"Formatting data",   1, 3, 3 
d8bf3ac,Emma Doughty,Thu Mar 12 00:30:56 2020,"New daily data",   1, 2, 1 
7c72b68,Emma Doughty,Wed Mar 11 08:23:21 2020,"Updated formatting",   2, 52, 47 
efe8f3c,Emma Doughty,Wed Mar 11 02:36:24 2020,"10. Mar LA updates",   2, 2, 2 
0ed82c7,Emma Doughty,Wed Mar 11 01:31:48 2020,"Merge branch 'master' of https://github.com/emmadoughty/Daily_COVID-19", 
782c1e8,Emma Doughty,Wed Mar 11 01:31:36 2020,"Making summary figure",   1, 35, 27 
b719e4d,Emma Doughty,Wed Mar 11 01:15:50 2020,"Merge branch 'master' of https://github.com/emmadoughty/Daily_COVID-19", 
c150d95,Emma Doughty,Wed Mar 11 01:15:24 2020,"Replaced summary plots",   2, 0, 0 
f1cd6ee,Emma Doughty,Wed Mar 11 01:12:31 2020,"Merge branch 'master' of https://github.com/emmadoughty/Daily_COVID-19", 
39aeb06,Emma Doughty,Wed Mar 11 01:11:12 2020,"Updated figure",   2, 0, 0 
c784b84,Emma Doughty,Wed Mar 11 01:09:27 2020,"Removed files",   4, 0, 0 
26a1055,Emma Doughty,Wed Mar 11 01:04:28 2020,"Initial commit",   1, 0, 0 
78e0c07,Emma Doughty,Wed Mar 11 00:51:18 2020,"Merge branch 'master' of https://github.com/emmadoughty/Daily_COVID-19", 
53886cc,Emma Doughty,Wed Mar 11 00:50:32 2020,"Summary_plot",   2, 27, 26 
366f653,Emma Doughty,Tue Mar 10 23:49:51 2020,"Initial commit",   4, 239 