commit id,author,date,comment,changed files,lines added,lines deleted

4afcfe7,Yijie Xu,Mon Jun 8 20:12:36 2020,"Update README.md",   1, 3 
6ebad97,Yijie Xu,Sat Mar 21 21:30:41 2020,"Update README.md",   1, 13 
9c879fa,Yijie Xu,Sat Mar 21 21:28:45 2020,"Add files via upload",   1, 0, 0 
5636122,Yijie Xu,Sat Mar 21 21:27:37 2020,"Add files via upload",   1, 0, 0 
419c108,Yijie Xu,Sat Mar 21 21:26:46 2020,"Update README.md",   1, 15, 2 
cdff56d,Yijie Xu,Sat Mar 21 21:22:31 2020,"Add files via upload",   4, 2 
241e20b,Yijie Xu,Sat Mar 21 21:20:51 2020,"Initial commit",   1, 2 