commit id,author,date,comment,changed files,lines added,lines deleted

92adc12,Gonzalo Raúl Olave Wolff,Tue Sep 1 03:34:12 2020,"Update README.md",   1, 1, 2 
bd4337b,Gonzalo Raúl Olave Wolff,Tue Sep 1 03:33:46 2020,"Update LEEME.md",   1, 5, 3 
1702281,Gonzalo Olave,Tue Sep 1 03:30:51 2020,"actualizado a v6",   9, 25867, 40 
196a260,Gonzalo Raúl Olave Wolff,Sat May 2 06:21:46 2020,"Update README.md",   1, 1, 1 
5f41a85,Gonzalo Raúl Olave Wolff,Sat May 2 06:19:28 2020,"Rename LICENSE-CC-BY to LICENSE-CC-BY-SA",   1, 0, 0 
9914cb0,Gonzalo Raúl Olave Wolff,Sat May 2 06:13:03 2020,"Update README.md",   1, 1, 1 
15252ba,Gonzalo Raúl Olave Wolff,Sat May 2 06:11:45 2020,"Update README.md",   1, 1, 1 
7bb510b,Gonzalo Raúl Olave Wolff,Sat May 2 06:10:26 2020,"Merge branch 'master' of https://github.com/FabLabUChile/fabuchile-face-shield", 
4e2903b,Gonzalo Raúl Olave Wolff,Sat May 2 06:03:47 2020,"Update README.md",   1, 6, 6 
32aa8d4,Gonzalo Raúl Olave Wolff,Sat May 2 05:29:11 2020,"cambiaron los porcentajes",   1, 1, 1 
4916540,Gonzalo Raúl Olave Wolff,Wed Apr 29 07:48:14 2020,"actualización leeeme v5",   1, 21, 5 
fa39ca3,Gonzalo Raúl Olave Wolff,Thu Apr 23 07:47:43 2020,"added prusaprinters link",   1, 1, 1 
f42822f,Gonzalo Raúl Olave Wolff,Thu Apr 23 06:49:06 2020,"upgraded readme",   2, 4, 2 
af80e40,Gonzalo Raúl Olave Wolff,Thu Apr 23 04:21:47 2020,"added v5 stacked stl",   2, 2, 1 
09b3db1,Gonzalo Raúl Olave Wolff,Thu Apr 23 04:15:16 2020,"Update README.md",   1, 2, 2 
9dbcbbb,Gonzalo Raúl Olave Wolff,Thu Apr 23 04:14:43 2020,"Update README.md",   1, 1, 1 
3923c67,Gonzalo Raúl Olave Wolff,Thu Apr 23 04:14:01 2020,"updated readme v5",   4, 7, 7 
c5b67d5,Gonzalo Raúl Olave Wolff,Thu Apr 23 03:49:28 2020,"Merge branch 'master' of https://github.com/FabLabUChile/fabuchile-face-shield", 
8d1b57f,Gonzalo Raúl Olave Wolff,Thu Apr 23 03:49:23 2020,"added v5",   6, 20515, 1 
a6cf7bf,Gonzalo Raúl Olave Wolff,Tue Apr 7 01:37:38 2020,"fixed last version link",   2, 7, 4 
3250904,Gonzalo Raúl Olave Wolff,Tue Apr 7 01:29:51 2020,"some fixes to the readme",   2, 21, 8 
b2e353e,Gonzalo Raúl Olave Wolff,Tue Apr 7 01:27:32 2020,"updated version",   8, 11232, 6 
48bfdcd,Gonzalo Raúl Olave Wolff,Fri Apr 3 09:28:48 2020,"Merge branch 'master' of https://github.com/FabLabUChile/fabuchile-face-shield", 
7d28865,Gonzalo Raúl Olave Wolff,Fri Apr 3 09:28:45 2020,"Update LEEME.md",   1, 107, 32 
29cc54b,Gonzalo Raúl Olave Wolff,Fri Apr 3 09:28:38 2020,"Update Readme",   1, 14, 19 
cf439b5,Gonzalo Raúl Olave Wolff,Fri Apr 3 09:28:28 2020,"added fashield v3",   3, 11039 
09257e3,Gonzalo Raúl Olave Wolff,Thu Apr 2 05:40:37 2020,"Merge branch 'master' of https://github.com/FabLabUChile/fabuchile-face-shield", 
dc7507a,Gonzalo Raúl Olave Wolff,Thu Apr 2 05:40:22 2020,"update readme.md",   1, 2 
b51a436,Gonzalo Raúl Olave Wolff,Thu Apr 2 05:22:25 2020,"Update README.md",   1, 11, 5 
69395ae,Gonzalo Raúl Olave Wolff,Thu Apr 2 04:52:12 2020,"added TOC and fix some things",   1, 23, 7 
6a20848,Gonzalo Raúl Olave Wolff,Thu Apr 2 04:49:06 2020,"Update readme and add some files",   8, 80084, 42 
b91787c,Gonzalo Raúl Olave Wolff,Wed Apr 1 07:10:06 2020,"minor details readme",   1, 2 
4227c43,Gonzalo Raúl Olave Wolff,Wed Apr 1 07:06:17 2020,"update",   10, 45, 10 
beca5e4,Gonzalo Raúl Olave Wolff,Tue Mar 31 04:07:17 2020,"Merge branch 'master' of https://github.com/FabLabUChile/fabuchile-face-shield", 
e1e7fe1,Gonzalo Raúl Olave Wolff,Tue Mar 31 04:04:19 2020,"Update README.md",   1, 15, 8 
66dcaeb,Joakin Ugalde,Sat Mar 28 08:15:36 2020,"Update README.md",   1, 1, 1 
4c0e80c,Joakin Ugalde,Sat Mar 28 07:58:58 2020,"Update README.md",   1, 2, 2 
f0844b6,Joakin Ugalde,Sat Mar 28 07:58:15 2020,"Update Spanish.md",   1, 2, 2 
c7650d7,Joakin Ugalde,Sat Mar 28 07:56:39 2020,"Update Spanish.md",   1, 1, 1 
913950d,Joakin Ugalde,Sat Mar 28 07:56:15 2020,"Update Spanish.md",   1, 2 
a5948d6,Joakin Ugalde,Sat Mar 28 07:54:57 2020,"Update README.md",   1, 1, 1 
3097aa0,Joakin Ugalde,Sat Mar 28 07:53:40 2020,"Update README.md",   1, 2 
985292e,Joakin Ugalde,Sat Mar 28 07:51:46 2020,"Delete FaceShield_FabLab_UCH.stl",   1, 0, 0 
cedbde9,Joakin Ugalde,Sat Mar 28 07:03:33 2020,"Update README.md",   1, 2, 2 
d98be4d,Joakin Ugalde,Sat Mar 28 07:02:52 2020,"Add files via upload",   1, 0, 0 
37d5932,Joakin Ugalde,Sat Mar 28 07:01:41 2020,"Delete slipfits.png",   1, 0, 0 
f362b24,Joakin Ugalde,Sat Mar 28 07:01:30 2020,"Delete cad_1.png",   1, 0, 0 
e5446f8,Joakin Ugalde,Sat Mar 28 07:01:22 2020,"Delete image1596.png",   1, 0, 0 
e3d9bc5,Joakin Ugalde,Sat Mar 28 07:00:53 2020,"Add files via upload",   1, 0, 0 
76adf41,Joakin Ugalde,Sat Mar 28 07:00:29 2020,"Delete stl",   1, 1 
71985b8,Joakin Ugalde,Sat Mar 28 07:00:10 2020,"Create stl",   1, 1 
45916bb,Joakin Ugalde,Sat Mar 28 06:55:47 2020,"Update Spanish.md",   1, 1, 1 
96f5b91,Joakin Ugalde,Sat Mar 28 06:55:13 2020,"Update README.md",   1, 1, 1 
adc0f07,Joakin Ugalde,Sat Mar 28 06:51:13 2020,"Add files via upload", 
660bb96,Joakin Ugalde,Sat Mar 28 06:49:53 2020,"Add files via upload",   1, 0, 0 
12359ba,Joakin Ugalde,Sat Mar 28 05:51:52 2020,"Update README.md",   1, 2, 2 
499f3be,Joakin Ugalde,Sat Mar 28 05:49:36 2020,"Update Spanish.md",   1, 2 
8333230,Joakin Ugalde,Sat Mar 28 05:48:59 2020,"Add files via upload",   1, 71 
ebf9320,Joakin Ugalde,Sat Mar 28 05:01:07 2020,"Update README.md",   1, 1, 1 
e6ea364,Joakin Ugalde,Sat Mar 28 04:44:18 2020,"Update README.md",   1, 2 
baa4a39,Joakin Ugalde,Sat Mar 28 04:29:32 2020,"Update README.md",   1, 1, 1 
0b192ca,Joakin Ugalde,Sat Mar 28 04:18:59 2020,"Update README.md",   1, 1, 1 
c1aab1f,Joakin Ugalde,Sat Mar 28 04:11:47 2020,"Update README.md",   1, 1, 1 
de86355,Joakin Ugalde,Sat Mar 28 04:08:46 2020,"Update README.md",   1, 1, 1 
3b3fd01,Joakin Ugalde,Sat Mar 28 04:05:37 2020,"Update README.md",   1, 6 
39ff23f,Joakin Ugalde,Sat Mar 28 04:04:20 2020,"Update README.md",   1, 3, 3 
9c7925b,Joakin Ugalde,Sat Mar 28 03:47:49 2020,"Update README.md",   1, 4, 4 
b5960f5,Joakin Ugalde,Sat Mar 28 03:45:41 2020,"Update README.md",   1, 3, 3 
d8c2dc3,Joakin Ugalde,Sat Mar 28 03:38:41 2020,"Update README.md",   1, 2, 2 
6856818,Joakin Ugalde,Sat Mar 28 03:37:48 2020,"Update README.md",   1, 2 
1f025ef,Joakin Ugalde,Sat Mar 28 03:36:38 2020,"Add files via upload",   1, 0, 0 
4b02354,Joakin Ugalde,Sat Mar 28 03:35:38 2020,"Update README.md",   1, 6, 4 
67d57ae,Joakin Ugalde,Sat Mar 28 02:45:01 2020,"Update README.md",   1, 3, 1 
b401827,Joakin Ugalde,Sat Mar 28 02:43:37 2020,"Add files via upload",   1, 0, 0 
b007686,Joakin Ugalde,Sat Mar 28 02:34:28 2020,"Update README.md",   1, 1, 1 
8f97a08,Joakin Ugalde,Sat Mar 28 02:34:03 2020,"Update README.md",   1, 1 
528fa9d,Joakin Ugalde,Sat Mar 28 02:31:08 2020,"Update README.md",   1, 4, 1 
b16d377,Joakin Ugalde,Sat Mar 28 02:24:46 2020,"Update README.md",   1, 2, 2 
6d40b48,Joakin Ugalde,Sat Mar 28 02:19:56 2020,"Update README.md",   1, 15, 3 
44a512b,Joakin Ugalde,Sat Mar 28 02:14:22 2020,"Update README.md",   1, 4, 2 
41f385d,Joakin Ugalde,Sat Mar 28 01:57:51 2020,"Update README.md",   1, 13, 2 
8c2c215,Joakin Ugalde,Sat Mar 28 01:35:02 2020,"Update README.md", 
c2c80f9,Joakin Ugalde,Sat Mar 28 01:34:19 2020,"Update README.md",   1, 7, 2 
eee03a5,Joakin Ugalde,Sat Mar 28 01:04:24 2020,"Update README.md",   1, 4, 5 
fb67478,Joakin Ugalde,Sat Mar 28 00:45:11 2020,"Add files via upload",   1, 0, 0 
8ed509f,Joakin Ugalde,Sat Mar 28 00:44:51 2020,"Delete image1596.png",   1, 0, 0 
90631d3,Joakin Ugalde,Sat Mar 28 00:43:18 2020,"Update README.md",   1, 1, 1 
b3f4279,Joakin Ugalde,Sat Mar 28 00:42:34 2020,"Add files via upload",   1, 0, 0 
daf1757,Joakin Ugalde,Sat Mar 28 00:23:57 2020,"Update README.md",   1, 1, 1 
7326841,Joakin Ugalde,Sat Mar 28 00:23:13 2020,"Delete FabUChile-face-shield.stl",   1, 0, 0 
28ad959,Joakin Ugalde,Sat Mar 28 00:00:29 2020,"Update README.md",   1, 12 
5a2211f,Gonzalo Raúl Olave Wolff,Thu Mar 26 05:58:55 2020,"Merge branch 'master' of https://github.com/FabLabUChile/fabuchile-face-shield", 
1b02b04,Gonzalo Raúl Olave Wolff,Thu Mar 26 05:58:35 2020,"Create cad_1.png",   1, 0, 0 
2e3b4fb,Gonzalo Raúl Olave Wolff,Thu Mar 26 05:44:08 2020,"Create FabUChile-face-shield.stl",   1, 0, 0 
02344d2,Gonzalo Raúl Olave Wolff,Thu Mar 26 05:41:15 2020,"Create LICENSE-CC-BY",   1, 395 
bb59d3f,Gonzalo Raúl Olave Wolff,Thu Mar 26 05:34:24 2020,"Update README.md",   1, 3, 2 
5e0d76a,Gonzalo Raúl Olave Wolff,Thu Mar 26 03:34:29 2020,"Initial commit",   1, 2 