commit id,author,date,comment,changed files,lines added,lines deleted

a58365a,dependabot[bot],Sat Sep 12 06:20:50 2020,"Bump http-proxy from 1.18.0 to 1.18.1",   1, 3, 3 
82a8f51,dependabot[bot],Fri Sep 4 06:36:57 2020,"Bump bl from 2.2.0 to 2.2.1",   1, 6, 6 
6535ae6,dependabot[bot],Sun Aug 2 08:48:05 2020,"Bump elliptic from 6.5.2 to 6.5.3",   1, 3, 3 
1b14833,dependabot[bot],Mon Jul 20 21:51:07 2020,"Bump lodash from 4.17.15 to 4.17.19",   2, 4, 4 
eb8e9fb,dependabot[bot],Mon Jun 8 14:58:58 2020,"Bump websocket-extensions from 0.1.3 to 0.1.4",   1, 3, 3 
fc1b99c,ahmed3991,Wed May 20 10:18:07 2020,"Update README.md",   1, 1, 1 
06ace3b,ahmed3991,Wed May 20 10:17:27 2020,"Update README.md",   1, 12 
7cd6b63,ahmed3991,Wed May 20 10:16:52 2020,"Update README.md",   1, 1, 1 
7d0a8f1,ahmed3991,Wed May 20 10:15:56 2020,"Update README.md",   1, 2, 2 
2063052,desktop,Sun May 10 13:16:08 2020,"changes",   3, 8, 8 
e8b6d28,desktop,Sun May 10 03:37:36 2020,"another small font change",   1, 1, 1 
fc982d1,desktop,Sun May 10 03:35:18 2020,"small changes",   3, 4, 4 
a4cb3c0,desktop,Sun May 10 03:10:45 2020,"final modifications",   4, 883, 31 
ed774ed,desktop,Sun May 10 00:37:32 2020,"Merge branch 'master' of https://github.com/farmy-ai/covid-fighters", 
bbdc5f6,desktop,Sun May 10 00:37:15 2020,"last changes befor lanche",   13, 222, 23 
358a335,desktop,Sat May 9 23:22:06 2020,"Merge branch 'master' of https://github.com/farmy-ai/covid-fighters", 
f52619a,desktop,Sat May 9 23:22:02 2020,"landing changes",   2, 6, 5 
161a114,desktop,Wed May 6 05:29:55 2020,"register redirect",   1, 4, 2 
d763fed,ahmed3991,Wed May 6 05:19:12 2020,"Merge branch 'master' of https://github.com/farmy-ai/covid-fighters-frontend", 
5ddc795,ahmed3991,Wed May 6 05:17:35 2020,"Merge branch 'master' of https://github.com/farmy-ai/covid-fighters-frontend", 
94eb9ab,ahmed3991,Wed May 6 05:17:01 2020,"Merge branch 'master' of https://github.com/farmy-ai/covid-fighters-frontend", 
5f67d44,ahmed3991,Wed May 6 05:12:20 2020,"fix user error",   1, 13, 13 
8ea55e8,ahmed3991,Wed May 6 04:43:52 2020,"fix user error",   2, 2, 2 
512b762,ahmed3991,Wed May 6 03:45:57 2020,"deployment server",   1, 5, 2 
55553a9,ahmed3991,Wed May 6 02:34:22 2020,"Merge branch 'master' of https://github.com/farmy-ai/covid-fighters-frontend", 
5e4632a,ahmed3991,Wed May 6 00:25:12 2020,"deployment server",   1, 2, 1 
242fc50,ahmed3991,Wed May 6 00:18:31 2020,"deployment server",   1, 2, 1 
a0bce08,ahmed3991,Wed May 6 00:02:27 2020,"deployment server",   2, 2, 3 
0fe1bc2,desktop,Tue May 5 21:47:50 2020,"Merge branch 'master' of https://github.com/farmy-ai/covid-fighters", 
90cef58,desktop,Tue May 5 21:47:28 2020,"small bug",   1, 1, 1 
5d631da,desktop,Tue May 5 21:46:54 2020,"landing as defult",   1, 1, 1 
52db0cd,desktop,Tue May 5 20:55:20 2020,"Merge branch 'master' of https://github.com/farmy-ai/covid-fighters", 
7504f86,desktop,Tue May 5 20:54:39 2020,"final changes & some cool stuf",   23, 129, 236 
a468596,desktop,Tue May 5 02:45:57 2020,"some changes v2",   7, 71, 55 
736c2f2,desktop,Tue May 5 01:52:11 2020,"some changes",   8, 51, 22 
fe0790d,Ahmed,Tue May 5 01:08:17 2020,"Merge branch 'master' of https://github.com/farmy-ai/covid-fighters-frontend", 
97947a0,Ahmed,Tue May 5 01:07:24 2020,"Merge branch 'master' of https://github.com/farmy-ai/covid-fighters-frontend", 
8c922cc,Ahmed,Tue May 5 01:07:07 2020,"add preview image",   2, 14, 2 
b1db88a,Ahmed,Tue May 5 00:52:51 2020,"add preview image",   2, 25, 14 
0d5c9a8,Ahmed,Tue May 5 00:24:34 2020,"Merge branch 'master' of https://github.com/farmy-ai/covid-fighters-frontend", 
6f59ec8,Ahmed,Tue May 5 00:22:54 2020,"fix errors",   3, 13, 6 
cabfe41,desktop,Mon May 4 23:24:25 2020,"demo + donwlod bug",   7, 139, 179 
57a3f3a,desktop,Mon May 4 13:38:06 2020,"demo preparation",   3, 52, 9 
c119592,Ahmed,Mon May 4 09:38:05 2020,"expert app integration",   24, 2304, 1 
a013227,Ahmed,Mon May 4 02:29:01 2020,"prediction api fix",   1, 1, 1 
f329966,Ahmed,Mon May 4 02:20:48 2020,"prediction api fix",   2, 20, 8 
9a1e88a,Ahmed,Mon May 4 01:50:56 2020,"Merge branch 'master' of https://github.com/farmy-ai/covid-fighters-frontend", 
a6c0722,Ahmed,Sun May 3 23:19:45 2020,"Merge branch 'master' of https://github.com/farmy-ai/covid-fighters-frontend", 
38306e3,Ahmed,Sun May 3 23:00:28 2020,"Merge branch 'master' of https://github.com/farmy-ai/covid-fighters-frontend", 
dc1f9cf,Ahmed,Sun May 3 23:00:13 2020,"Mailing List",   1, 22, 3 
233d6d6,Ahmed,Sun May 3 07:24:40 2020,"link nodejs with flask for prediction",   3, 150, 35 
1614bec,Ahmed,Sun May 3 01:21:17 2020,"add filtr api list",   3, 27, 7 
f46bf9f,Ahmed,Sat May 2 23:58:18 2020,"upload Rest fix",   4, 12, 8 
71d4e18,Ahmed,Sat May 2 23:10:03 2020,"Merge branch 'master' of https://github.com/farmy-ai/covid-fighters-frontend", 
346c7d6,Ahmed,Sat May 2 23:09:52 2020,"filter in submission:middle",   2, 83, 7 
8d013fa,Ahmed,Sat May 2 12:10:14 2020,"add prediction and metadata api",   7, 214, 46 
78b0272,Ahmed,Sat May 2 08:31:12 2020,"swagger work perfectly",   3, 16, 6 
c01e670,Ahmed,Sat May 2 06:02:41 2020,"Merge branch 'master' of https://github.com/farmy-ai/covid-fighters-frontend", 
2f39276,Ahmed,Sat May 2 06:02:20 2020,"add download Api",   7, 448, 34 
5f1a30f,Ahmed,Fri May 1 23:54:51 2020,"swagger api doc",   3, 120, 4 
844ccf1,Ahmed,Fri May 1 21:55:07 2020,"Merge branch 'master' of https://github.com/farmy-ai/covid-fighters-frontend", 
81fa482,Ahmed,Fri May 1 21:54:41 2020,"Swagger V3 description",   2, 234, 248 
299e415,Ahmed,Fri May 1 15:30:54 2020,"little incomplete Api Definition bu swagger",   1, 248 
ad7db69,Ahmed,Fri May 1 14:46:05 2020,"test with mlab",   3, 29, 21 
acdbb9f,Ahmed,Fri May 1 12:35:09 2020,"Merge branch 'master' of https://github.com/farmy-ai/covid-fighters-frontend", 
6d79ea2,Ahmed,Fri May 1 12:29:43 2020,"Add submission backend",   6, 511, 252 
0373976,Ahmed,Tue Apr 28 05:52:02 2020,"edit readme",   1, 1, 1 
bc35f7f,Ahmed,Tue Apr 28 03:45:15 2020,"edit readme",   1, 3, 2 
837a53f,Ahmed,Tue Apr 28 01:11:24 2020,"add server code",   63, 3482, 963 
5725258,desktop,Mon Apr 27 20:19:26 2020,"mixing medica with covid chest-xray",   24, 1207, 81 
f3ec328,desktop,Wed Apr 15 09:28:39 2020,"mab9ach gad li fat lol",   20, 798, 60 
18eea18,desktop,Wed Apr 8 21:58:52 2020,"initial commit",   31, 12790 