commit id,author,date,comment,changed files,lines added,lines deleted

e9da79e,Fatih Erikli,Wed Jun 17 19:03:55 2020,"Create FUNDING.yml",   1, 12 
ee34070,Fatih Erikli,Mon May 25 22:17:29 2020,"Merge pull request #6 from iamnotagentleman/master", 
11c30a1,Fatih Erikli,Sun Apr 19 18:50:19 2020,"Add link to homepage",   8, 14, 13 
37e4c6c,Fatih Erikli,Sun Apr 19 18:45:09 2020,"Typos and several updates",   18, 279, 171 
7f35ed9,Fatih Erikli,Thu Apr 16 19:41:37 2020,"Update index.html",   1, 73, 1 
59e0b1f,Fatih Erikli,Thu Apr 16 19:32:36 2020,"Update index.html",   1, 1, 1 
c6c52a9,Fatih Erikli,Mon Apr 6 06:43:56 2020,"Update index.html",   1, 1, 1 
287501d,Fatih Erikli,Mon Apr 6 06:40:10 2020,"Update index.html",   1, 10, 1 
748d832,Fatih Erikli,Mon Apr 6 05:46:11 2020,"Update index.html",   1, 3, 1 
8d2d284,Fatih Erikli,Thu Apr 2 08:44:43 2020,"Update index.html",   1, 1, 1 
8b1d6d2,Fatih Erikli,Thu Apr 2 08:22:55 2020,"Update main.32b7f127.chunk.js",   1, 1, 1 
a77800a,Fatih Erikli,Thu Apr 2 07:40:06 2020,"Update index.html",   1, 2, 3 
39e9f13,Fatih Erikli,Thu Apr 2 07:39:37 2020,"Typo",   1, 2, 2 
da7382a,Fatih Erikli,Thu Apr 2 07:34:17 2020,"Update index.html",   1, 10, 1 
bae5781,Fatih Erikli,Thu Apr 2 06:51:25 2020,"Merge branch 'master' of github.com:fatiherikli/coronavirus-simulation", 
ab0c9bb,Fatih Erikli,Thu Apr 2 05:44:13 2020,"Add docs folder",   21, 169 
2efbc29,Fatih Erikli,Thu Apr 2 05:31:05 2020,"Add samples",   4, 64, 4 
40424bf,Fatih Erikli,Thu Apr 2 03:57:05 2020,"Update main.54c0ab46.chunk.js",   1, 2, 2 
d16cd9f,Fatih Erikli,Thu Apr 2 03:04:04 2020,"Update index.html",   1, 1, 1 
43790c6,Fatih Erikli,Thu Apr 2 02:41:40 2020,"Deploy",   21, 167 
ab21059,Fatih Erikli,Thu Apr 2 02:32:38 2020,"Initial commit",   33, 16636 