commit id,author,date,comment,changed files,lines added,lines deleted

afcace5,Fernanda Ochoa,Sat Apr 4 05:03:49 2020,"Update",   1, 1, 2 
da4d695,Fernanda Ochoa,Tue Mar 31 12:55:34 2020,"Update Project",   1, 2 
d60e6b5,Fernanda Ochoa,Tue Mar 31 12:50:54 2020,"Update link",   1, 2 
25cff7d,Fernanda Ochoa,Tue Mar 31 12:33:20 2020,"Update",   1, 13, 2 
9641b28,Fernanda Ochoa,Tue Mar 31 12:12:02 2020,"Actualización 30-03-2020",   1, 126 
674c16a,Fernanda Ochoa,Sat Mar 28 15:04:26 2020,"Update Readme.md",   1, 105, 2 
ec5b5d9,Fernanda Ochoa,Sat Mar 28 12:25:24 2020,"Initial commit",   1, 2 