commit id,author,date,comment,changed files,lines added,lines deleted

54e8332,Gino Salayo,Wed Jun 17 10:03:12 2020,"Update README.md",   1, 2, 2 
faf3c5c,Gino Salayo,Wed Jun 17 08:38:33 2020,"Update README.md - added Next Steps",   1, 7 
839090d,Gino Salayo,Wed Jun 17 07:42:56 2020,"Update README.md",   1, 12, 4 
c567f0c,Gino Salayo,Wed Jun 17 07:23:33 2020,"Update README.md",   1, 17, 11 
7aaffe1,Gino Salayo,Tue Jun 16 09:23:11 2020,"Update README.md",   1, 4, 1 
bdec990,Gino Salayo,Tue Jun 16 08:59:39 2020,"Create README.md",   1, 92 
1194deb,Gino Salayo,Tue Jun 16 08:56:46 2020,"Updated so clearAllOldIds called on background app refresh",   1, 2, 1 
394fdf2,Gino Salayo,Tue Jun 16 07:27:05 2020,"Updated README images",   5, 0, 0 
782e86b,Gino Salayo,Tue Jun 16 07:08:58 2020,"Gifs",   3, 0, 0 
aa07d58,Gino Salayo,Tue Jun 16 01:10:51 2020,"Clear old exposures periodically and moved sound byte",   3, 12, 46 
7f795fc,Gino Salayo,Tue Jun 16 00:35:03 2020,"Added alerts to enable notifs and background refresh",   1, 57, 33 
2218857,Gino Salayo,Sat Jun 13 03:47:18 2020,"Added text prompt to self-reporting confirmation alert",   2, 5, 6 
6798cf7,Gino Salayo,Sat Jun 13 03:26:48 2020,"Added Background App Refresh permissions",   2, 36, 2 
2d5bcf6,Gino Salayo,Fri Jun 12 09:11:39 2020,"Added view for no exposures",   1, 35, 28 
ceecb8e,Gino Salayo,Fri Jun 12 08:45:09 2020,"Cleaned up Home and Self-Report",   6, 74, 62 
154aa16,Gino Salayo,Fri Jun 12 08:08:03 2020,"Updated Exposures view, cleaned up Redux",   9, 130, 68 
c83c29d,Gino Salayo,Fri Jun 12 02:00:02 2020,"Using react-native-vector-icons",   10, 124, 12 
3973e94,Gino Salayo,Thu Jun 11 08:53:13 2020,"Added badges",   7, 80, 26 
f9198b4,Gino Salayo,Thu Jun 11 07:44:16 2020,"Added Splash, app icon badge, changed ID to id",   20, 350, 178 
b78a53b,Gino Salayo,Thu Jun 11 02:10:51 2020,"Corrected time formatting",   1, 4, 2 
2c293f2,Gino Salayo,Wed Jun 10 06:06:51 2020,"Updated Self-Report button colour",   1, 1, 1 
4cc7217,Gino Salayo,Wed Jun 10 02:50:32 2020,"Updated Self-Report styles",   2, 1, 2 
f4bc75f,Gino Salayo,Tue Jun 9 06:04:10 2020,"Fixed alignments on Home",   2, 23, 22 
a89426c,Gino Salayo,Tue Jun 9 05:57:04 2020,"Removed stacks",   2, 6, 106 
8d7f407,Gino Salayo,Tue Jun 9 05:31:36 2020,"Merge branch 'core-functionality'", 
9fdf17f,Gino Salayo,Tue Jun 9 05:30:18 2020,"Updated home tab",   4, 24, 50 
04c9244,Gino Salayo,Tue Jun 9 01:49:14 2020,"Updated exposures",   5, 85, 26 
6049727,Gino Salayo,Sat Jun 6 07:02:13 2020,"Cleaned up error handling",   2, 6, 11 
6e65d38,Gino Salayo,Sat Jun 6 06:50:52 2020,"Adjusted sound effect maximum volume",   1, 1 
a00427e,Gino Salayo,Sat Jun 6 06:45:50 2020,"Removed Splash",   2, 55 
7e1d11d,Gino Salayo,Sat Jun 6 06:38:49 2020,"Added app icons, exposures",   44, 169, 98 
8d89421,Gino Salayo,Fri Jun 5 08:09:49 2020,"Added sound effect",   6, 8677, 275 
e4bf110,Gino Salayo,Thu Jun 4 07:55:18 2020,"Updated contact tracing",   4, 36, 25 
3faf1a8,Gino Salayo,Wed Jun 3 08:12:17 2020,"Added contact tracing and debug tab",   4, 11, 17 
34b7b9e,Gino Salayo,Wed Jun 3 06:49:14 2020,"Added self-reporting",   20, 310, 1023 
ef30ede,Gino Salayo,Fri May 29 07:25:48 2020,"Initial commit on branch",   34, 365, 844 
224d054,Gino Salayo,Thu May 14 01:51:25 2020,"Ejected",   56, 4970, 269 
0b38fea,Gino Salayo,Fri May 8 02:22:32 2020,"Cleanup",   25, 455, 756 
be7e34b,Gino Salayo,Thu May 7 07:02:08 2020,"Implemented authentication and integrated with main app",   22, 795, 680 
0a6efc6,Gino Salayo,Wed May 6 01:36:59 2020,"Extrxtracted nextSignUpScreen() and added token to redux",   7, 245, 196 
5bcf415,Gino Salayo,Wed May 6 00:11:02 2020,"Extracted Next Button into own component",   3, 104, 62 
1505874,Gino Salayo,Tue May 5 07:56:10 2020,"Extracted styles, changed Confirm screen to Congrats screen, changed stack navigator to tab navigator",   12, 887, 3847 
1cfd81e,Gino Salayo,Fri May 1 09:08:13 2020,"Updated authentication routes",   9, 658, 373 
dd538df,Gino Salayo,Wed Apr 29 08:47:05 2020,"Updated verification",   5, 45, 89 
2cabed8,Gino Salayo,Wed Apr 29 07:14:14 2020,"Made so BirthDate setsParams of default date",   1, 45, 1 
630559e,Gino Salayo,Wed Apr 29 03:14:09 2020,"Combined header options",   1, 5, 21 
a6dd976,Gino Salayo,Wed Apr 29 02:44:22 2020,"Addedvalidation",   1, 17, 8 
d5491cb,Gino Salayo,Wed Apr 29 02:11:27 2020,"Separated next button and stack navigator w Redux",   11, 363, 288 
f86f4d4,Gino Salayo,Fri Apr 24 06:14:24 2020,"Changed names to optional and added alerts for server connectivity issues",   1, 18, 18 
914bd0b,Gino Salayo,Fri Apr 24 02:41:29 2020,"Should have been in last commit",   1, 88, 26 
b1fa17f,Gino Salayo,Fri Apr 24 02:38:03 2020,"Added hide password functionality and username/email availability functionality",   3, 20, 12 
f5bae39,Gino Salayo,Thu Apr 23 07:07:19 2020,"Authentication in progress",   11, 885, 176 
8762879,Gino Salayo,Fri Apr 17 01:10:29 2020,"Removed Firebase, disabled Redux actions",   6, 96, 856 
0a333d2,Gino Salayo,Thu Apr 16 07:20:18 2020,"ISo far",   8, 499, 8390 
764c894,Gino Salayo,Thu Apr 9 01:54:53 2020,"Initial commit",   24, 23945 