commit id,author,date,comment,changed files,lines added,lines deleted

4306f0d,muellerdo,Thu Jul 23 18:23:09 2020,"Increased MIScnn dependency from 0.33 to 0.34",   1, 1, 1 
a1955e4,muellerdo,Tue Jul 21 19:19:06 2020,"Updated title",   1, 1, 1 
d37c4d6,muellerdo,Fri Jul 10 18:17:08 2020,"Added preprint (arxiv) link to paper",   1, 13, 5 
a6717f1,muellerdo,Tue Jun 30 04:50:33 2020,"Added link to model & etc storage",   1, 3 
ccbdb61,muellerdo,Sat Jun 6 05:43:47 2020,"Added boxplot with validation results",   2, 4, 5 
ec06f22,muellerdo,Thu Jun 4 21:04:31 2020,"Removed pipeline figure",   1, 2 
434b464,muellerdo,Tue May 26 18:40:30 2020,"Merge branch 'master' of https://github.com/muellerdo/covid19.MIScnn", 
6645c8f,muellerdo,Tue May 26 18:40:11 2020,"Added reproducibility section",   1, 6, 4 
29dda9b,muellerdo,Tue May 26 01:31:49 2020,"Deleted LGPL-3.0 license",   1, 165 
0b44a43,muellerdo,Tue May 26 01:31:15 2020,"Fixed some typos",   1, 2, 2 
f29782f,muellerdo,Tue May 26 01:28:15 2020,"Added figures for documentation",   4, 0, 0 
9b72935,muellerdo,Tue May 26 01:27:44 2020,"Added documentation",   1, 69, 16 
99cdf82,muellerdo,Tue May 26 01:16:28 2020,"Added diverse training and evaluation features",   2, 33, 24 
eaf9b3d,muellerdo,Wed May 20 02:22:16 2020,"Increased LR reduction and early stopping patience",   1, 2, 2 
88fb697,muellerdo,Tue May 19 05:05:50 2020,"Reworked and improved MIScnn Runner",   1, 45, 11 
bbd80e6,muellerdo,Tue May 19 03:47:17 2020,"Added preprocessing script for cross-validation",   1, 48 
0706032,muellerdo,Fri May 15 19:16:22 2020,"Added Z-Score normalization as preprocessing",   1, 3, 1 
eb382ff,muellerdo,Fri May 15 19:15:45 2020,"Added Tensorflow dynamic VRAM growth",   1, 7 
d9d05f9,muellerdo,Fri May 15 19:15:06 2020,"Updated some configurations for MIScnn",   1, 6, 4 
866e82c,muellerdo,Thu May 14 01:26:34 2020,"Several improvements in visualization and plotting",   1, 68, 32 
cee2372,muellerdo,Wed May 13 02:46:01 2020,"Added scikit-misc to package requirements",   1, 1 
8fe4e76,muellerdo,Wed May 13 02:13:43 2020,"Added plotnine as a package requirement",   1, 1 
95e2c96,muellerdo,Wed May 13 02:13:25 2020,"Added fold-wise score computation via average",   1, 49, 25 
a640393,muellerdo,Mon May 11 02:35:55 2020,"Clean up evaluation script",   1, 30, 13 
0202b67,muellerdo,Mon May 11 02:14:41 2020,"Added tqdm to requirements",   1, 1 
12809dc,muellerdo,Mon May 11 01:59:32 2020,"Updated MIScnn and Tensorflow version",   1, 2, 2 
c548382,muellerdo,Fri May 8 02:26:48 2020,"Added average class bias computing to data exploration",   1, 6 
4879cdf,muellerdo,Tue May 5 19:46:15 2020,"Started to implement the evaluation script",   1, 178 
e289983,muellerdo,Mon May 4 04:22:18 2020,"Some configuration adjustments",   1, 2, 2 
6154e20,muellerdo,Fri May 1 20:07:36 2020,"Added CSVLogger as Callback",   1, 3, 2 
1232e6f,muellerdo,Fri May 1 20:02:34 2020,"Added Tensorboard callback for detailed logging",   1, 3, 1 
e0e216b,muellerdo,Fri May 1 20:02:01 2020,"Changed final activation function for U-Net to softmax",   1, 8, 3 
d8f3e79,muellerdo,Fri May 1 19:50:38 2020,"Changed learning rate reduction monitoring on training loss",   1, 1, 1 
c85a809,muellerdo,Fri May 1 03:01:25 2020,"Downgrade to Tensorflow 1.14",   1, 2, 2 
3840c08,muellerdo,Fri May 1 02:21:28 2020,"Switched from standard tensorflow 2.0 to tensorflow-gpu 2.0 to GPU",   1, 1, 1 
cd3dba3,muellerdo,Fri May 1 01:57:51 2020,"Small bugfix",   1, 2, 2 
3ed9a3f,muellerdo,Fri May 1 01:55:32 2020,"Functional MIScnn pipeline",   1, 17, 20 
89d8304,muellerdo,Fri May 1 01:32:31 2020,"Updated the voxel spacing again. Now, they should be fine. I swear!",   1, 6, 6 
33931cd,muellerdo,Fri May 1 00:39:44 2020,"Added the calculated desired voxel spacings for resembling",   1, 6, 30 
ff3697d,muellerdo,Thu Apr 30 23:46:17 2020,"Added another interpretation to data exploration",   1, 4 
bd231ea,muellerdo,Thu Apr 30 23:29:08 2020,"Added package requirements for easier reproducibility",   1, 4 
065f565,muellerdo,Thu Apr 30 07:56:09 2020,"Started working on MIScnn pipeline",   1, 109 
6d28fad,muellerdo,Thu Apr 30 07:55:45 2020,"Added voxel spacing, as well, to data exploration",   1, 4, 5 
d821e0c,muellerdo,Thu Apr 30 07:15:34 2020,"Finished data exploration script",   1, 106 
26cae0d,muellerdo,Thu Apr 30 07:15:23 2020,"Some small notes on the README",   1, 18, 4 
f47e531,muellerdo,Thu Apr 30 07:15:10 2020,"Added another directory to .gitignore",   1, 1 
d00daff,muellerdo,Wed Apr 29 20:38:32 2020,"More repository organization",   2, 0, 0 
2cf9ba7,muellerdo,Wed Apr 29 20:36:01 2020,"Moved download_data.py script",   1, 112 
5cd7ec2,muellerdo,Wed Apr 29 20:35:22 2020,"First draft of README",   1, 64, 2 
dde8f95,muellerdo,Wed Apr 29 20:21:47 2020,"Restructure repository",   3, 112 
abef351,muellerdo,Wed Apr 29 20:18:40 2020,"Added .gitignore",   1, 2 
6486d4d,muellerdo,Wed Apr 29 20:18:22 2020,"Implemented data set downloader for automatic file structure generation",   1, 112 
a9f6867,Dominik Müller,Wed Apr 29 01:37:36 2020,"Initial commit",   2, 167 