commit id,author,date,comment,changed files,lines added,lines deleted

73c1e78,Nicolai Søborg,Thu Sep 17 18:22:03 2020,"Add Danisk "SmitteStop" app (#17)",   1, 2, 3 
7791a73,Elliot Alderson,Fri Jul 10 02:28:36 2020,"Update README.md",   1, 1, 1 
58dcd83,Elliot Alderson,Fri Jul 10 01:44:00 2020,"Remove package",   1, 36 
85daaf5,Elliot Alderson,Fri Jul 10 01:42:48 2020,"Remove APKs",   67, 9 
7f2033b,yourcontact,Fri Jul 10 01:38:48 2020,"Add WHO app (#13)",   1, 3 
cd0e35e,Boolooper,Fri Jul 10 01:38:23 2020,"ADD: Corona tracer BD by Bangladesh ICT DivisionCommunication (#15)",   1, 1 
a429c81,Elliot Alderson,Wed Apr 29 18:41:14 2020,"Merge pull request #11 from yourcontact/add-CovidTracer-project", 
d1afb7a,Elliot Alderson,Wed Apr 29 03:21:35 2020,"Merge pull request #9 from yourcontact/merge-tables", 
129b81c,Elliot Alderson,Tue Apr 28 20:48:14 2020,"Merge pull request #10 from ltrgoddard/master", 
bea656e,Elliot Alderson,Mon Apr 20 09:51:10 2020,"Add Thailand",   6, 2 
1e452d8,Elliot Alderson,Sat Apr 18 08:55:48 2020,"Add Kuwait, Macedonia, Chile",   9, 17 
c5af17d,Elliot Alderson,Thu Apr 9 08:19:57 2020,"Added UAE",   1, 1 
e46d811,Elliot Alderson,Thu Apr 9 08:05:49 2020,"Sort by alphabetical order",   2, 32, 32 
1567d6d,Elliot Alderson,Thu Apr 9 07:35:49 2020,"Add Bahrain, Bulgaria, Iceland, DP-3T",   4, 10, 4 
5897ed6,Elliot Alderson,Sat Apr 4 07:36:21 2020,"Merge pull request #4 from harshitsaamu/master", 
d5bc26a,Elliot Alderson,Fri Apr 3 06:54:52 2020,"Add Indian app",   3, 3, 1 
cce5c70,Elliot Alderson,Fri Apr 3 06:50:58 2020,"Add Euskadi and Mexico",   3, 5, 1 
d0b4118,Elliot Alderson,Thu Apr 2 09:37:41 2020,"Add Russia and Turkey apps",   4, 6, 2 
a2e7cbe,Elliot Alderson,Wed Apr 1 06:55:06 2020,"Update README.md",   1, 36, 36 
fa1aa8b,Elliot Alderson,Wed Apr 1 06:49:53 2020,"Replace italian app",   3, 1, 1 
55ca2c4,Elliot Alderson,Wed Apr 1 00:04:59 2020,"Initial contribution",   52, 81 