commit id,author,date,comment,changed files,lines added,lines deleted

8e3c33b,dependabot[bot],Sun Sep 13 06:54:53 2020,"Bump node-fetch from 2.6.0 to 2.6.1",   2, 4, 4 
6a61e8b,Atte Juvonen,Tue Sep 8 21:52:42 2020,"Change default action markers (because current day > old defaults).",   1, 2, 3 
67d1829,Atte Juvonen,Tue Sep 8 21:50:46 2020,"Change zoom configuration (because so many days have passed now).",   1, 2, 2 
69cb4c7,Atte Juvonen,Tue Sep 8 21:47:42 2020,"Fix build issue by removing 'dataNotStale' verification for confirmed deaths in the API response.",   1, 1, 1 
b551795,Atte Juvonen,Wed Jul 1 00:52:04 2020,"Minor: restrict zoom to only 2 possible states (no need for the early days zoom anymore).",   1, 1, 1 
232d28b,Atte Juvonen,Wed Jul 1 00:49:53 2020,"Bugfix: crash in case where lastHistoricBar>100 but zoom <=100.",   1, 1, 1 
9f2ada7,Atte Juvonen,Mon Jun 8 22:56:44 2020,"Minor (deploy every 6h instead of every 3h, main.yml).",   1, 2, 2 
26f163b,Atte Juvonen,Mon Jun 8 21:56:50 2020,"Minor (deploy every 6h instead of every 3h).",   2, 3, 3 
a21e31e,Atte Juvonen,Mon May 25 23:02:33 2020,"Minor.",   8, 12, 11 
e83c4be,Atte Juvonen,Mon May 25 01:43:54 2020,"Clarifications.",   2, 3, 2 
0904210,Atte Juvonen,Thu May 21 01:31:47 2020,"README",   1, 4, 6 
ef0f113,Atte Juvonen,Thu May 21 01:03:48 2020,"README",   1, 2, 2 
b68878e,Atte Juvonen,Wed May 20 20:00:09 2020,"README",   1, 2, 1 
16c1754,Atte Juvonen,Wed May 20 19:44:31 2020,"README",   1, 14, 2 
4fa8c32,Atte Juvonen,Wed May 20 08:27:37 2020,"Text.",   1, 13, 11 
329617a,Atte Juvonen,Wed May 20 08:13:05 2020,"Text.",   1, 4, 1 
f45ddf5,Atte Juvonen,Tue May 19 00:56:09 2020,"Text.",   1, 20 
e9d0982,Atte Juvonen,Mon May 18 18:22:38 2020,"typo",   1, 1, 1 
c397621,Atte Juvonen,Sun May 17 21:38:50 2020,"Merge pull request #4 from futurice/sharing-metadata", 
60183af,Atte Juvonen,Sun May 17 02:57:27 2020,"Allow robots.",   1, 1, 1 
93c5210,Atte Juvonen,Sun May 17 00:57:00 2020,"Minor.",   1, 17, 12 
aa41293,Atte Juvonen,Sun May 17 00:28:47 2020,"Params.",   1, 13, 13 
fbed094,Atte Juvonen,Sun May 17 00:05:16 2020,"Fonts.",   14, 87, 104 
29410af,Atte Juvonen,Sat May 16 02:28:40 2020,"Added mobile device warning.",   1, 18 
0d9262b,Atte Juvonen,Sat May 16 02:14:25 2020,"Added noscript warning.",   6, 8, 4 
daedb5f,Atte Juvonen,Sat May 16 01:42:54 2020,"Prevent HistoryMarker from being drawn outside graph area.",   2, 17, 14 
7ce6843,Atte Juvonen,Sat May 16 01:35:46 2020,"Minor.",   4, 12, 6 
b25b907,Atte Juvonen,Fri May 15 07:54:41 2020,"Param refs.",   1, 2, 2 
63820c0,Atte Juvonen,Fri May 15 07:43:40 2020,"Param explanations.",   1, 6, 6 
21ffc96,Atte Juvonen,Fri May 15 07:34:59 2020,"update-data verifies that data from API is not stale, also dumps data from today + 3 most recent days.",   3, 29, 7 
3b0a491,Atte Juvonen,Fri May 15 07:32:13 2020,"Daily delta bugfix (update when slider is moved).",   1, 4, 4 
b7c241e,Atte Juvonen,Fri May 15 06:52:33 2020,"Lock epidemic start date to 25.2. regardless of incubation parameter slider value.",   1, 15, 16 
4a57a06,Atte Juvonen,Fri May 15 05:15:38 2020,"Parameters.",   1, 4, 4 
e5f2928,Atte Juvonen,Fri May 15 04:57:54 2020,"ICU rate.",   1, 4, 4 
01105ec,Atte Juvonen,Fri May 15 04:40:26 2020,"Minor.",   1, 3, 2 
98462ef,Atte Juvonen,Fri May 15 04:39:16 2020,"Create estimates for missing hospitalization data.",   7, 40, 6 
937682c,Atte Juvonen,Fri May 15 04:07:02 2020,"Parameters.",   1, 4, 4 
f864fa2,Atte Juvonen,Fri May 15 03:05:02 2020,"Hospitalization rate.",   2, 26, 5 
799c67e,Atte Juvonen,Thu May 14 01:10:53 2020,"Minor (prevent default action markers from falling behind historical marker).",   2, 5, 3 
a5722cf,mikkoviikari,Thu May 14 07:42:00 2020,"Update paramConfig.json",   1, 1, 1 
2381e5b,mikkoviikari,Thu May 14 07:33:42 2020,"Update paramConfig.json",   1, 8, 8 
4dac34c,Atte Juvonen,Wed May 13 23:55:15 2020,"Futurice logo.",   2, 14, 10 
3c9cfb8,Atte Juvonen,Wed May 13 22:43:26 2020,"Prefetch latest_Rt.png.",   1, 1 
271703f,Atte Juvonen,Wed May 13 22:35:42 2020,"Added Google Analytics.",   1, 7 
e770681,dependabot[bot],Wed May 13 02:25:53 2020,"Bump acorn from 7.1.0 to 7.2.0",   1, 3, 3 
9c43249,Atte Juvonen,Wed May 13 02:25:19 2020,"Minor.",   3, 30, 36 
ac8ea98,Atte Juvonen,Wed May 13 01:46:58 2020,"Minor.",   3, 20, 21 
d02b062,Atte Juvonen,Wed May 13 01:02:37 2020,"CSS tweaks.",   2, 63, 31 
6b7e10b,Atte Juvonen,Wed May 13 00:24:40 2020,"Created Collapsible description blocks.",   4, 168, 141 
c6cd7ab,Atte Juvonen,Tue May 12 20:53:11 2020,"Minor.",   3, 18, 10 
b765253,Atte Juvonen,Tue May 12 20:22:40 2020,"Minor.",   4, 12, 100 
b9766bf,Atte Juvonen,Tue May 12 19:25:21 2020,"LICENSE",   1, 5 
fbf4277,mikkoviikari,Mon May 11 18:42:10 2020,"Update hardcodedHistoricalEstimates.csv",   1, 21, 16 
1a752f1,Atte Juvonen,Sun May 10 22:34:39 2020,"Minor.",   3, 3, 5 
ea81710,Atte Juvonen,Sun May 10 21:36:02 2020,"Changed disclaimer.",   1, 1, 1 
17b884d,Atte Juvonen,Sun May 10 21:31:18 2020,"Minor (change default action markers).",   1, 2, 2 
7e83c81,Atte Juvonen,Sun May 10 21:28:46 2020,"Automate historical estimates.",   11, 185, 23 
b3f4299,Atte Juvonen,Sat May 9 06:22:46 2020,"Fix.",   1, 1, 1 
29091c4,Atte Juvonen,Sat May 9 06:19:09 2020,"Minor bugfix.",   2, 7, 2 
5d56e50,Atte Juvonen,Sat May 9 05:21:38 2020,"Added parsing for HS data.",   6, 102, 19 
364f882,Atte Juvonen,Sat May 9 03:36:41 2020,"README",   1, 13, 13 
a192030,Atte Juvonen,Sat May 9 03:34:24 2020,"Minor.",   6, 18, 7 
3dfa24a,Atte Juvonen,Sat May 9 03:34:10 2020,"Verify paramConfig.json at build time.",   1, 4 
d386a2c,Atte Juvonen,Sat May 9 02:27:42 2020,"Hospitalization rate UX improvements.",   3, 21, 13 
5b5ab1b,Atte Juvonen,Sat May 9 01:51:35 2020,"Modified Goh's model to effectively remove SEVERE_HOME state.",   4, 12, 42 
493e2b9,Atte Juvonen,Sat May 9 01:20:11 2020,"Remove time_to_death. Also some cleanup.",   3, 9, 57 
c0091e2,Atte Juvonen,Sat May 9 00:57:05 2020,"Minor.",   4, 9, 50 
9501b7c,Atte Juvonen,Sat May 9 00:10:55 2020,"Display R0 on HistoryMarker.",   2, 27, 3 
b271396,Atte Juvonen,Fri May 8 23:16:33 2020,"Tweak x axis label positioning.",   2, 10, 3 
c8cb6f2,Atte Juvonen,Fri May 8 23:00:23 2020,"ActionMarker tweaks.",   1, 17, 1 
59fe601,Atte Juvonen,Fri May 8 22:09:48 2020,"Don't draw milestones outside zoomed in area.",   1, 5 
190145a,Atte Juvonen,Fri May 8 20:48:54 2020,"Milestone tweaks.",   3, 18, 34 
60389de,Atte Juvonen,Fri May 8 04:35:34 2020,"Text.",   1, 2, 2 
de361f0,Atte Juvonen,Fri May 8 04:32:23 2020,"Text.",   2, 38, 22 
0b9a93a,Atte Juvonen,Fri May 8 03:45:37 2020,"Massive cleanup and refactoring. Parameter configuration extracted to a JSON file. Moved all fonts and stylesheets to local. Removed some deprecated code and unneeded data files.",   48, 1417, 4682 
45fb17b,Atte Juvonen,Thu May 7 22:22:12 2020,"Fetch latest Rt estimate PNG at build.",   2, 17, 5 
04c8d36,Atte Juvonen,Thu May 7 01:53:39 2020,"Added WIP disclaimer.",   1, 4 
0687e2c,mikkoviikari,Thu May 7 00:24:29 2020,"Update hardcodedHistoricalEstimates.csv",   1, 69, 69 
37c3c51,mikkoviikari,Wed May 6 23:43:48 2020,"Update hardcodedHistoricalEstimates.csv",   1, 14, 4 
7276af9,Atte Juvonen,Wed May 6 23:39:26 2020,"Popup text.",   2, 19, 15 
fb48805,Atte Juvonen,Wed May 6 22:55:21 2020,"Text.",   1, 2, 2 
9fca0c0,Atte Juvonen,Wed May 6 22:55:11 2020,"Prevent forks from POSTing to Netlify Build Hook.",   1, 1, 1 
6293924,Atte Juvonen,Wed May 6 21:24:03 2020,"Prevent forks from POSTing to Netlify Build Hook.",   2, 11, 25 
1c7ef58,Atte Juvonen,Wed May 6 19:38:09 2020,"Text.",   1, 42, 12 
48bc35e,Atte Juvonen,Wed May 6 09:04:17 2020,"Text.",   1, 12, 12 
30a2087,Atte Juvonen,Wed May 6 09:01:26 2020,"Text.",   1, 60, 107 
ec61ac6,Atte Juvonen,Wed May 6 07:29:40 2020,"Bugfix on R0 calc.",   1, 1, 1 
f2ccbd7,Atte Juvonen,Wed May 6 07:25:21 2020,"Calc R0 from Rt estimate.",   1, 18, 12 
b914052,Atte Juvonen,Wed May 6 07:03:35 2020,"Fetch latest data on build and use latest Rt estimate as default value.",   9, 108, 35 
17b3e1a,Atte Juvonen,Wed May 6 05:08:57 2020,"Implemented tooltip popups.",   2, 209, 156 
06748dc,Atte Juvonen,Wed May 6 01:46:52 2020,"Implemented ParameterKnobs.",   4, 240, 51 
1484b22,Atte Juvonen,Tue May 5 04:11:43 2020,"Minor tweak.",   1, 1, 1 
b0c84ea,Atte Juvonen,Tue May 5 04:10:14 2020,"Use real dates everywhere.",   5, 68, 23 
61bbe18,Atte Juvonen,Tue May 5 03:03:01 2020,"Added function to fetch latest Rt estimate.",   1, 21, 2 
3862135,Atte Juvonen,Tue May 5 02:34:38 2020,"Added GitHub workflow to call Netlify build hook every 3 hours.",   1, 14 
b4d0a3f,Atte Juvonen,Mon May 4 23:29:30 2020,"Minor tweaks.",   2, 4, 4 
4015e27,Atte Juvonen,Thu Apr 30 19:14:19 2020,"Minor bugfixes related to how action markers are shown in custom scenario after implementing the history curtain.",   1, 132, 126 
ed4b7ea,Atte Juvonen,Thu Apr 30 05:21:51 2020,"Minor tweak.",   1, 2, 2 
1abdf61,Atte Juvonen,Thu Apr 30 05:17:45 2020,"Finnish flag.",   2, 5, 1 
0ad2216,Atte Juvonen,Thu Apr 30 04:46:30 2020,"Minor fix to default active (lastHistoricBar).",   2, 1, 34 
30d6d54,Atte Juvonen,Thu Apr 30 03:44:48 2020,"Created 'scenario outcome' summary. Also tweaked milestones.",   3, 56, 8 
fd243c6,Atte Juvonen,Thu Apr 30 02:24:21 2020,"Improved UX when dragging.",   3, 37, 2 
5b3ef22,Atte Juvonen,Thu Apr 30 01:38:17 2020,"Minor (default action markers shifted).",   1, 2, 2 
cddbede,Atte Juvonen,Thu Apr 30 01:35:00 2020,"HistoryMarker is now functional.",   3, 30, 14 
08ea344,Atte Juvonen,Thu Apr 30 00:35:11 2020,"HistoryMarker created (visually ok, draggable, but not functional yet.)",   4, 273, 58 
0aa1bff,Atte Juvonen,Wed Apr 29 19:40:52 2020,"Uncommented some explanatory text.",   1, 2, 7 
7d545c8,Atte Juvonen,Wed Apr 29 18:45:52 2020,"Minor (hover titles).",   1, 2, 2 
700f982,Atte Juvonen,Wed Apr 29 02:31:28 2020,"Minor slider tweak.",   1, 1, 1 
a9c0933,Atte Juvonen,Wed Apr 29 02:29:38 2020,"Minor: icu milestone instead of hospitalization milestone.",   1, 2, 2 
2f2dcb9,Atte Juvonen,Wed Apr 29 02:24:40 2020,"Minor bugfix to hospitalization milestone indicator.",   1, 2, 2 
9cd37a6,Atte Juvonen,Wed Apr 29 02:17:04 2020,"Rename 'case fatality rate' to 'infected fatality rate'.",   1, 1, 1 
d21ef91,Atte Juvonen,Wed Apr 29 02:16:09 2020,"Renamed file.",   4, 2, 16 
56f5145,Atte Juvonen,Sat Apr 25 02:07:13 2020,"Minor.",   1, 1 
7b30b4d,mikkoviikari,Tue Apr 28 04:37:48 2020,"Update finnishHistoricalEstimates_11_04.csv",   1, 60, 45 
94eef47,Atte Juvonen,Sat Apr 25 01:14:32 2020,"Implemented custom scenarios (fetching).",   2, 68, 12 
bbc043b,Atte Juvonen,Fri Apr 24 23:23:24 2020,"Minor fix.",   2, 23, 11 
877f75f,Atte Juvonen,Fri Apr 24 21:26:32 2020,"ActionMarker z-index.",   1, 3, 2 
f98cbeb,Atte Juvonen,Fri Apr 24 19:21:54 2020,"Milestone tweaks.",   1, 7, 7 
90b5a8f,Atte Juvonen,Thu Apr 23 22:05:48 2020,"Minor.",   1, 11, 12 
2ccbe3b,Atte Juvonen,Thu Apr 23 18:55:56 2020,"Fix.",   1, 4, 3 
d828e7a,Atte Juvonen,Thu Apr 23 02:50:51 2020,"Fixed berkeley actionmarker points with offset.",   2, 6, 7 
9b52cb7,Atte Juvonen,Thu Apr 23 02:32:19 2020,"Minor fix.",   1, 0, 0 
bd8ecd6,Atte Juvonen,Thu Apr 23 02:29:04 2020,"Minor.",   3, 7, 7 
cafe111,Atte Juvonen,Thu Apr 23 01:19:53 2020,"ActionMarkers can now be deleted.",   2, 8, 2 
bd1ad42,Atte Juvonen,Thu Apr 23 01:04:38 2020,"Minor fix.",   1, 17, 15 
8402868,Atte Juvonen,Wed Apr 22 07:45:57 2020,"Minor.",   1, 1, 1 
b8d9178,Atte Juvonen,Wed Apr 22 07:29:48 2020,"ActionMarkers can be created.",   3, 19, 3 
2fc443d,Atte Juvonen,Wed Apr 22 07:18:47 2020,"ActionMarkers are now configurable.",   4, 83, 27 
bbde2b0,Atte Juvonen,Wed Apr 22 02:02:23 2020,"ActionMarker tweak.",   1, 5 
1b9f3f2,Atte Juvonen,Wed Apr 22 01:37:36 2020,"Experiment.",   6, 23, 7 
bf9abd7,Atte Juvonen,Wed Apr 22 01:30:53 2020,"ActionMarker tweaks.",   1, 16, 26 
d2c286c,Atte Juvonen,Wed Apr 22 01:22:41 2020,"Milestones tweaked.",   1, 12, 3 
1b922ae,Atte Juvonen,Tue Apr 21 04:45:39 2020,"ActionMarker visual tweak.",   1, 2, 3 
60a41d7,Atte Juvonen,Tue Apr 21 04:10:54 2020,"Action markers updated to work properly when historical data has been toggled off.",   2, 18, 14 
a05905b,Atte Juvonen,Tue Apr 21 03:08:37 2020,"Action markers displayed R0 updated to reflect cumulative effects from multiple action markers.",   3, 35, 18 
7c2e72d,Atte Juvonen,Tue Apr 21 02:45:25 2020,"Enable multiple action markers.",   6, 65, 102 
44cf4e2,Atte Juvonen,Fri Apr 17 18:26:03 2020,"Berkeley data update.",   5, 6, 2 
2ad5996,Atte Juvonen,Fri Apr 17 03:44:22 2020,"Berkeley data updated.",   4, 9, 8 
f4a8764,Atte Juvonen,Tue Apr 14 23:50:40 2020,"Berkeley related updates.",   7, 33, 22 
92f248c,Atte Juvonen,Tue Apr 14 07:37:06 2020,"Tweaks to highlighted day.",   2, 12, 3 
ff926be,Atte Juvonen,Tue Apr 14 03:48:29 2020,"Fixed off-by-one error in default active_ date.",   2, 6, 7 
2f4debc,Atte Juvonen,Tue Apr 14 03:30:21 2020,"Default active_ to last historical date instead of max date in current zoom.",   2, 17, 4 
ebaed8f,Atte Juvonen,Tue Apr 14 01:04:44 2020,"ActionMarker appearance tweaked.",   1, 14, 30 
a2ce44e,Atte Juvonen,Mon Apr 13 21:00:12 2020,"Remove bundle from repo.",   5, 1, 33039 
e9fc794,Atte Juvonen,Mon Apr 13 20:57:35 2020,"Workaround on a minor visual bug.",   1, 12, 5 
63ccc02,Atte Juvonen,Mon Apr 13 11:08:00 2020,"Bugfixes related to Berkeley state mapping.",   1, 24, 27 
dedfca1,Atte Juvonen,Mon Apr 13 10:49:14 2020,"Updated Berkely data + related code.",   4, 60, 10 
c61acb8,Atte Juvonen,Mon Apr 13 08:44:27 2020,"public bundle updated.",   4, 9303, 6882 
7096a25,Atte Juvonen,Mon Apr 13 08:44:04 2020,"Refactored ActionMarker into its own component.",   6, 325, 179 
5e17147,mikkoviikari,Sun Apr 12 21:33:17 2020,"Update finnishHistoricalEstimates.csv",   1, 40, 40 
1a2c535,mikkoviikari,Sun Apr 12 21:22:22 2020,"Update finnishHistoricalEstimates.csv",   1, 15, 11 
05f3202,Atte Juvonen,Sun Apr 12 20:18:51 2020,"package.json",   2, 31, 1 
534b06e,Atte Juvonen,Sun Apr 12 06:53:35 2020,"Replaced slider zoom with magnifying glass toggle.",   1, 22, 10 
c46689b,Atte Juvonen,Sun Apr 12 01:43:41 2020,"Parameter configuration sliders now depend on selected scenario/model.",   1, 63, 61 
29481b6,Atte Juvonen,Sun Apr 12 01:35:20 2020,"Added ICU rate slider.",   2, 18, 6 
e2503a6,Atte Juvonen,Sun Apr 12 00:56:47 2020,"Bugfix real date when not showing historical data.",   3, 16, 14 
5375779,Atte Juvonen,Sun Apr 12 00:17:52 2020,"Minor (hide historical marker when not showing historical data).",   1, 24, 22 
7275ba0,Atte Juvonen,Sat Apr 11 23:55:26 2020,"Minor.",   1, 1, 4 
452a3d9,Atte Juvonen,Sat Apr 11 23:48:17 2020,"public bundle updated.",   4, 8183, 3864 
118f25a,Atte Juvonen,Sat Apr 11 23:48:05 2020,"Minor (removed scratch file).",   1, 0, 0 
360daa6,Atte Juvonen,Sat Apr 11 23:46:35 2020,"Added scenario/model selector. Also changed demo mode from slider to checkbox, and other visual tweaks.",   2, 102, 58 
47656ba,Atte Juvonen,Sat Apr 11 20:11:49 2020,".gitignore",   1, 3 
abe9c81,Atte Juvonen,Sat Apr 11 20:10:52 2020,"Minor visual tweaks.",   2, 47, 46 
6ad8c65,Atte Juvonen,Sat Apr 11 03:08:12 2020,"Large refactoring (extracted many pieces out of App.svelte).",   11, 560, 553 
69116a5,mikkoviikari,Wed Apr 8 22:16:51 2020,"Update finnishHistoricalEstimates.csv",   1, 2, 2 
0369541,mikkoviikari,Wed Apr 8 22:08:57 2020,"Update finnishHistoricalEstimates.csv",   1, 40, 37 
6d1f3f0,mikkoviikari,Mon Apr 6 06:10:27 2020,"Update finnishHistoricalEstimates.csv",   1, 42, 38 
f99fd68,Atte Juvonen,Sun Apr 5 01:57:44 2020,"Added ICU capacity.",   3, 53, 1 
2776f58,Atte Juvonen,Sun Apr 5 01:01:22 2020,"Reimplemented 'demo mode' slider.",   2, 34, 70 
c64a73e,Atte Juvonen,Sat Apr 4 23:45:25 2020,"User-facing states are now distinct (e.g. 'infected' no longer includes 'hospitalized').",   1, 23, 26 
f2820ea,Atte Juvonen,Sat Apr 4 00:35:46 2020,"Display real date at 'highlighted day'.",   2, 4375, 15 
3abe8cd,Atte Juvonen,Fri Apr 3 12:07:45 2020,"Bugfix: milestones (broke in last commit).",   1, 14, 6 
4e1aca3,Atte Juvonen,Fri Apr 3 11:57:25 2020,"Major state overhaul + historical data loading from CSV. Cleaned up a lot of messy code. Now rendering states infected,hospitalized,ICU,recovered,fatalities.",   9, 463, 421 
27b741f,Atte Juvonen,Fri Apr 3 01:46:27 2020,"Cleanup.",   1, 28, 24 
6bd9786,Atte Juvonen,Thu Apr 2 01:55:47 2020,"Refactored default parameters out of code.",   2, 29, 16 
063a316,Atte Juvonen,Wed Apr 1 21:51:25 2020,"README",   1, 4, 3 
aec647a,Atte Juvonen,Wed Apr 1 21:51:00 2020,"Default parameters changed.",   1, 2, 2 
3780807,Atte Juvonen,Wed Apr 1 21:50:36 2020,"Added finnishCoronaData.json.",   1, 1 
a42bb03,Atte Juvonen,Wed Apr 1 08:49:19 2020,"Updated historical estimates.",   1, 25, 8 
722f7e0,Atte Juvonen,Wed Apr 1 07:59:55 2020,"robots.txt",   1, 2 
2fa5f08,Atte Juvonen,Wed Apr 1 07:58:20 2020,"Changed default parameters.",   1, 6, 10 
54c9be7,Atte Juvonen,Wed Apr 1 07:42:15 2020,"Updated hardcoded historical estimates.",   1, 16, 4 
15b4e43,Atte Juvonen,Wed Apr 1 07:20:51 2020,"Minor (title).",   1, 1, 1 
3d6e0a8,Atte Juvonen,Wed Apr 1 07:20:18 2020,"Minor bugfix related to dragging actionline over to historical values when zoomed out.",   1, 2, 2 
4d48032,Atte Juvonen,Wed Apr 1 05:52:34 2020,"Prevent user from dragging actionline over to historical area. Also lock demo mode to number 3.",   1, 8, 7 
db1e89e,Atte Juvonen,Wed Apr 1 05:27:20 2020,"Added indicator to last historic bar.",   2, 61, 2 
9ec2176,Atte Juvonen,Wed Apr 1 03:22:05 2020,"Minor tweaks.",   1, 1, 1 
e32d5ce,Atte Juvonen,Wed Apr 1 03:15:44 2020,"Minor visual tweaks.",   1, 7, 5 
7a82385,Atte Juvonen,Wed Apr 1 03:02:17 2020,"Allow simulating actions which increase R.",   1, 1, 1 
512927f,Atte Juvonen,Wed Apr 1 00:54:25 2020,"Bugfix: when in history+future mode, intervention slider now appears in correct position.",   1, 9, 6 
4f47f3d,Atte Juvonen,Tue Mar 31 22:00:37 2020,"Added slider to toggle through demo modes.",   1, 22, 5 
00f65ea,Atte Juvonen,Tue Mar 31 21:48:15 2020,"Minor bugfix (fixed off-by-one error from number of items given to Chart).",   1, 2, 4 
f58448a,Atte Juvonen,Tue Mar 31 21:14:16 2020,"Added zoom slider for x-axis.",   1, 7, 4 
f4be099,Atte Juvonen,Tue Mar 31 20:37:54 2020,"Various tweaks to default parameters, assumptions and hardcoded experimental values.",   1, 24, 17 
3c726a1,Atte Juvonen,Tue Mar 31 19:34:59 2020,"Fixed bug where state at the edge of historical and future appears twice.",   1, 9, 6 
4ea8993,Atte Juvonen,Tue Mar 31 19:22:21 2020,"Experiment to plot both historical and and future values on the same chart, using the current state as the initial state for the model.",   1, 45, 21 
69cb164,Atte Juvonen,Tue Mar 31 10:10:33 2020,"Plotting historical estimates.",   1, 156, 12 
a7132a5,Atte Juvonen,Tue Mar 31 04:58:01 2020,"Bugfix: tweaking knobs now forces tooltips to re-render.",   1, 16, 18 
c8d26a8,Atte Juvonen,Tue Mar 31 03:32:38 2020,"Major changes to how data for info tooltips is fetched. Previously the tooltips were married closely to Goh's SEIR model, but now that we want to plot historical data and predictions from other models as well, we need to divorce the presentation from the data. Also discovered and fixed some consistency bugs which were previously showing erroneous daily values in tooltips.",   1, 231, 120 
9a47139,Atte Juvonen,Mon Mar 30 19:52:46 2020,"README",   1, 8, 49 
6c1b115,Atte Juvonen,Mon Mar 30 07:10:16 2020,"Minor (fixed hover issue when x axis resizing is disabled).",   1, 4, 2 
ddf435f,Atte Juvonen,Mon Mar 30 07:07:29 2020,"Removed some unused parameters from Chart.",   2, 6, 16 
4393b9a,Atte Juvonen,Mon Mar 30 05:58:24 2020,"Removed Google Analytics.",   1, 1, 6 
62d4be0,Atte Juvonen,Mon Mar 30 05:39:01 2020,"Load Finnish Corona data from local JSON file (originally from HS API). Intending to later create an npm script which downloads a fresh version of the JSON whenever building for production.",   4, 31 
038605c,Atte Juvonen,Mon Mar 30 05:31:23 2020,"Minor (make scrollbar always visible, had issue where hovering would cause scrollbar to appear/disappear, shifting everything horizontally whenever it happened).",   1, 3 
0d47b50,Atte Juvonen,Mon Mar 30 05:25:23 2020,"Locked x-axis zoom into 0-100 days as a workaround to a bug/design flaw which caused predicted values to change depending on zoom state. Also commented out various things which were not working or would need to be updated. Intending to come back to them at a later point in time.",   1, 64, 28 
dc3c15f,Gabriel Goh,Thu Mar 26 23:52:28 2020,"typo",   1, 2, 2 
64a6e98,Gabriel Goh,Tue Mar 24 22:36:03 2020,"Clarifications and a bugfix",   1, 17, 11 
37f2812,Gabriel Goh,Sat Mar 21 21:14:47 2020,"tweak",   1, 3, 3 
d586340,Gabriel Goh,Sat Mar 21 21:09:39 2020,"Initial commit",   16, 31040 