commit id,author,date,comment,changed files,lines added,lines deleted

71a0aa2,Tavernini Gabriel,Thu Sep 17 08:39:25 2020,"Refactoring and new version",   4, 21, 16 
7908268,Tavernini Gabriel,Thu Sep 17 08:28:37 2020,"Fixed out of charts tooltips & added date edit null check",   5, 39, 5 
cd2dd2e,Tavernini Gabriel,Tue Sep 15 17:53:09 2020,"New version number and release apk",   4, 4, 3 
e84f839,Tavernini Gabriel,Mon Aug 24 01:26:41 2020,"Charts range fix",   1, 7, 7 
5eb15fe,Tavernini Gabriel,Sun Aug 23 20:14:03 2020,"Cleanup",   2, 1, 30 
c641092,Gabriel Tavernini,Sun Aug 23 20:09:47 2020,"Create FUNDING.yml",   1, 1 
4f90ba2,Tavernini Gabriel,Sun Aug 23 10:23:00 2020,"Horizontal only charts clipping",   1, 2, 2 
ba2909c,Tavernini Gabriel,Sun Aug 23 09:17:53 2020,"Merge branch 'master' of https://github.com/GabrielTavernini/Covid19Stats", 
326e3b8,Tavernini Gabriel,Sun Aug 23 09:17:28 2020,"Added android screenshots",   6, 0, 0 
f208c1d,Tavernini Gabriel,Sun Aug 23 08:55:13 2020,"New screenshots",   30, 2, 4 
b25d345,Tavernini Gabriel,Sun Aug 23 02:43:03 2020,"Charts date range selector and separators",   8, 340, 100 
053264b,Tavernini Gabriel,Sat Jun 6 19:17:40 2020,"Fixed asset",   1, 0, 0 
81117af,Tavernini Gabriel,Sat Jun 6 19:17:01 2020,"Bugged asset",   1, 0, 0 
cf103ab,Tavernini Gabriel,Sat Jun 6 19:14:53 2020,"Merge branch 'master' of https://github.com/GabrielTavernini/Covid19Stats", 
848375b,Tavernini Gabriel,Sat Jun 6 19:14:34 2020,"Updated badge",   1, 0, 0 
3e71b0d,Tavernini Gabriel,Sat Jun 6 19:00:50 2020,"Added DownloadForAndroid badge asset",   1, 0, 0 
d0fa4b0,Gabriel Tavernini,Sat Jun 6 18:14:58 2020,"Merge pull request #6 from DJCrashdummy/patch-1", 
251f46d,Tavernini Gabriel,Fri Jun 5 07:56:54 2020,"Version 1.6 - Minor parser fix",   4, 9, 9 
300fb90,Tavernini Gabriel,Sun May 31 04:40:42 2020,"Version 1.5",   4, 4, 3 
48ef6ef,Tavernini Gabriel,Fri May 29 23:46:12 2020,"New version build",   2, 1, 1 
85217e6,Gabriel Tavernini,Fri May 29 23:30:24 2020,"Merge pull request #4 from hhegab/patch-2", 
dae2549,Tavernini Gabriel,Sun May 17 06:18:35 2020,"Implemented fastlane file structure for F-Droid",   10, 10 
bfaa526,Gabriel Tavernini,Sun May 17 06:00:30 2020,"Create LICENSE",   1, 674 
ce8ff2b,Tavernini Gabriel,Sat May 16 05:28:10 2020,"Fixed parser",   5, 28, 40 
958073e,Tavernini Gabriel,Wed May 13 01:26:14 2020,"Refactoring",   5, 110, 122 
d4a17d9,Tavernini Gabriel,Wed May 13 00:06:44 2020,"Merge branch 'hhegab_branch'", 
5442516,Tavernini Gabriel,Tue May 12 22:49:02 2020,".gitignore fix",   60, 1257 
4b7d234,Tavernini Gabriel,Tue May 12 22:48:25 2020,"Updated .gitignore",   2, 69, 48 
2c6b99b,Tavernini Gabriel,Mon May 11 04:56:24 2020,"Upgraded LiquidPullToRefresh package",   4, 4, 4 
1492afa,Tavernini Gabriel,Thu May 7 18:42:46 2020,"New Version",   5, 28, 20 
9771a6c,Tavernini Gabriel,Thu May 7 18:22:31 2020,"Added label abbreviation for millions",   1, 3, 1 
a384b13,Tavernini Gabriel,Thu May 7 18:20:46 2020,"Resolved bug with countries that don't have recovered data",   2, 35, 7 
83db953,Tavernini Gabriel,Thu May 7 03:13:33 2020,"New apk release",   1, 0, 0 
7c44585,Tavernini Gabriel,Wed May 6 05:51:01 2020,"Replace negative values with 0s in the charts",   1, 1, 1 
8a4db5c,Gabriel Tavernini,Thu Mar 26 05:44:08 2020,"Update README.md",   1, 2, 3 
ab8396a,Gabriel Tavernini,Thu Mar 26 05:38:52 2020,"Update README.md",   1, 1, 1 
7705cff,Tavernini Gabriel,Wed Mar 25 19:03:08 2020,"Merge branch 'master' of https://github.com/GabrielTavernini/Covid19Stats", 
2a176b6,Tavernini Gabriel,Wed Mar 25 19:02:43 2020,"Refactoring",   2, 135, 118 
cb7e421,Tavernini Gabriel,Wed Mar 25 17:53:20 2020,"Fixed parser bug",   2, 19, 17 
d363ccc,Tavernini Gabriel,Tue Mar 24 23:17:11 2020,"Added banner",   1, 0, 0 
df448a5,Tavernini Gabriel,Tue Mar 24 23:15:08 2020,"Animated opacity for the country btn",   2, 10, 6 
b67405e,Tavernini Gabriel,Tue Mar 24 03:14:51 2020,"Added search field for countries",   6, 396, 346 
23b05ef,Tavernini Gabriel,Mon Mar 23 21:54:15 2020,"Added feature graphic for PlayStore",   7, 16309 
bc0b30e,Tavernini Gabriel,Mon Mar 23 20:40:43 2020,"Android first release",   41, 529, 480 
7500939,Tavernini Gabriel,Mon Mar 23 18:27:05 2020,"Adedd support for daily charts",   1, 228, 100 
2c94453,Tavernini Gabriel,Mon Mar 23 10:17:09 2020,"Fixed load charts button presence",   1, 1, 1 
5f4d1ca,Tavernini Gabriel,Mon Mar 23 10:16:21 2020,"Modified iOS LaunchScreen",   1, 4, 4 
0472a30,Tavernini Gabriel,Mon Mar 23 09:11:26 2020,"Changed iOS Bundle name",   2, 9, 1 
f88c639,Tavernini Gabriel,Mon Mar 23 08:59:01 2020,"Added android splashscreen",   3, 13, 71 
73d38a0,Tavernini Gabriel,Mon Mar 23 08:02:58 2020,"Added Icons",   97, 2408, 150 
e99def1,Tavernini Gabriel,Mon Mar 23 06:17:25 2020,"Added country charts",   1, 74, 26 
5a81f8c,Tavernini Gabriel,Mon Mar 23 04:23:05 2020,"Removed .dart_tool",   36, 1, 246 
1b3cf49,Tavernini Gabriel,Mon Mar 23 04:13:48 2020,"Removed .idea folder",   10, 501 
11f8426,Tavernini Gabriel,Mon Mar 23 04:10:33 2020,"Added app files",   166, 4489 
e217bf0,Tavernini Gabriel,Mon Mar 23 04:04:32 2020,"Initial Commit",   1, 17 