commit id,author,date,comment,changed files,lines added,lines deleted

44ec2af3,github-actions[bot],Thu Sep 17 10:38:28 2020,"Update SARS-CoV-2 accessions",   6, 804, 157 
e9cc477f,Marius van den Beek,Wed Sep 16 04:44:34 2020,"Merge pull request #227 from galaxyproject/accession_updates", 
c9dfed6a,nekrut,Mon Sep 14 23:35:14 2020,"sept 14 update",   1, 36, 1 
d755077c,nekrut,Sat Sep 12 00:11:14 2020,"few more papers",   1, 36, 1 
feb16ac0,Dannon,Fri Sep 11 23:07:20 2020,"Merge pull request #229 from galaxyproject/dependabot/npm_and_yarn/http-proxy-1.18.1", 
8cdf1e0d,Bjoern Gruening,Fri Sep 11 20:14:52 2020,"add links",   2, 2 
e3aeba1e,Björn Grüning,Fri Sep 11 19:49:49 2020,"Merge pull request #228 from subinamehta/patch-10", 
20743353,nekrut,Fri Sep 11 06:36:48 2020,"typos",   1, 16, 16 
8683ae48,nekrut,Fri Sep 11 06:34:31 2020,"adding a literature curation page for variation data",   1, 173 
0da36e8d,Marius van den Beek,Thu Sep 10 03:56:08 2020,"Merge pull request #225 from galaxyproject/accession_updates", 
03887f30,Wolfgang Maier,Mon Sep 7 22:59:42 2020,"Fix .eu ARTIC workflow link",   1, 1, 1 
0bd27a4d,Marius van den Beek,Sat Sep 5 16:23:58 2020,"Merge pull request #224 from galaxyproject/accession_updates", 
4941e6bc,Björn Grüning,Thu Sep 3 10:43:27 2020,"Merge pull request #223 from galaxyproject/accession_updates", 
bbb7554c,Marius van den Beek,Wed Sep 2 19:51:35 2020,"Merge pull request #222 from galaxyproject/accession_updates", 
7587e989,Marius van den Beek,Mon Aug 31 15:56:04 2020,"Merge pull request #221 from galaxyproject/accession_updates", 
322344ae,Björn Grüning,Sun Aug 30 22:54:43 2020,"Merge pull request #220 from galaxyproject/accession_updates", 
fb3b76fa,Marius van den Beek,Sat Aug 29 14:56:48 2020,"Merge pull request #219 from galaxyproject/accession_updates", 
91d3e9e8,Marius van den Beek,Fri Aug 28 17:56:29 2020,"Merge pull request #215 from galaxyproject/accession_updates", 
ff583fc6,Dannon,Thu Aug 27 07:56:59 2020,"Merge pull request #218 from subinamehta/patch-8", 
d5e9af52,Björn Grüning,Thu Aug 27 04:10:11 2020,"Merge pull request #217 from subinamehta/patch-7", 
4d664b31,Bjoern Gruening,Thu Aug 27 01:30:34 2020,"change links/names",   2, 2, 2 
70bf3f5f,Bjoern Gruening,Thu Aug 27 01:24:33 2020,"rename folder",   2, 79 
84ff6450,Bjoern Gruening,Thu Aug 27 01:24:03 2020,"rename folder",   2, 79 
11958dac,Björn Grüning,Thu Aug 27 01:19:40 2020,"Merge pull request #216 from subinamehta/patch-6", 
158da96e,Björn Grüning,Thu Aug 27 00:21:39 2020,"Merge pull request #213 from subinamehta/patch-4", 
02d2eca6,Björn Grüning,Tue Aug 25 18:15:26 2020,"Merge pull request #214 from galaxyproject/accession_updates", 
b894811f,Björn Grüning,Mon Aug 24 16:59:11 2020,"Merge pull request #212 from galaxyproject/accession_updates", 
91a82ee1,Marius van den Beek,Sun Aug 23 23:31:46 2020,"Merge pull request #211 from galaxyproject/accession_updates", 
717f6a3e,Marius van den Beek,Sun Aug 16 21:41:52 2020,"Merge pull request #209 from galaxyproject/accession_updates", 
61cb01fd,Marius van den Beek,Thu Aug 13 15:13:44 2020,"Merge pull request #208 from galaxyproject/accession_updates", 
3fab0ccf,Marius van den Beek,Wed Aug 12 18:51:04 2020,"Merge pull request #207 from galaxyproject/accession_updates", 
31d7600b,Björn Grüning,Sat Aug 8 17:52:02 2020,"Merge pull request #206 from galaxyproject/dependabot/npm_and_yarn/prismjs-1.21.0", 
71d6af7f,Björn Grüning,Sat Aug 8 05:33:45 2020,"Merge pull request #205 from subinamehta/patch-3", 
2ef0af4f,Marius van den Beek,Fri Aug 7 18:06:10 2020,"Merge pull request #204 from galaxyproject/accession_updates", 
2e9b3f3e,Marius van den Beek,Wed Aug 5 20:34:12 2020,"Merge pull request #203 from galaxyproject/accession_updates", 
bab73291,Björn Grüning,Sun Aug 2 04:32:53 2020,"Merge pull request #202 from galaxyproject/dependabot/npm_and_yarn/elliptic-6.5.3", 
7dc6c709,Marius van den Beek,Sat Aug 1 17:42:54 2020,"Merge pull request #201 from galaxyproject/accession_updates", 
fe53671a,Delphine Lariviere,Tue Jul 28 00:27:13 2020,"correcrtion of genomic coordinates",   1, 122, 121 
b3934eff,Delphine Lariviere,Tue Jul 28 00:24:24 2020,"Merge branch 'master' of github.com:galaxyproject/SARS-CoV-2", 
24b1227e,Delphine Lariviere,Tue Jul 28 00:24:16 2020,"remove excedentary lines",   4, 706, 28205 
fc30ece6,Delphine Lariviere,Sat Jul 25 04:57:48 2020,"addition of introduction",   1, 1 
8574e945,Delphine Lariviere,Sat Jul 25 04:52:03 2020,"Description oc columns, how to add an annotation, how to add a reference",   1, 40 
ed87a8ba,Delphine Lariviere,Sat Jul 25 04:15:39 2020,"Create README.md",   1, 1 
a5fc1ca5,Björn Grüning,Fri Jul 24 17:24:50 2020,"Merge pull request #199 from galaxyproject/accession_updates", 
57fec9d7,Dannon,Fri Jul 24 04:07:20 2020,"Merge pull request #198 from galaxyproject/fix-observable-component-multi", 
c32a412f,Dannon Baker,Fri Jul 24 01:33:59 2020,"Cleanup",   1, 7, 6 
9424e2f5,Dannon Baker,Fri Jul 24 01:33:47 2020,"Fix observable notebook when multiples are embedded on a page using the parent uid as an identifier via refs",   1, 4, 2 
6d0cb40c,Marius van den Beek,Thu Jul 23 20:28:32 2020,"Merge pull request #197 from galaxyproject/accession_updates", 
a49fa457,Dannon,Mon Jul 20 08:48:10 2020,"Merge pull request #196 from galaxyproject/dependabot/npm_and_yarn/lodash-4.17.19", 
23be78d6,Marius van den Beek,Mon Jul 20 03:39:55 2020,"Merge pull request #195 from galaxyproject/accession_updates", 
fad18585,Bjoern Gruening,Thu Jul 16 07:20:23 2020,"add new table",   1, 23 
ad320cfa,Marius van den Beek,Wed Jul 8 00:49:39 2020,"Merge pull request #194 from mvdbeek/workflow_tweaks", 
f366c2c8,Björn Grüning,Tue Jul 7 17:05:55 2020,"Merge pull request #193 from galaxyproject/accession_updates", 
ce70d344,Björn Grüning,Tue Jul 7 07:53:39 2020,"Merge pull request #191 from subinamehta/patch-1", 
0ba6342e,Björn Grüning,Tue Jul 7 06:17:43 2020,"Merge pull request #190 from subinamehta/patch-1", 
89941c54,Bjoern Gruening,Tue Jul 7 02:45:28 2020,"update image",   1, 0, 0 
6869b619,Bjoern Gruening,Tue Jul 7 02:34:20 2020,"add logo to main page",   1, 1 
498b3e37,Bjoern Gruening,Tue Jul 7 02:33:30 2020,"Add new GalaxyP story",   2, 2 
d792a26d,Bjoern Gruening,Tue Jul 7 02:32:57 2020,"add new Proteomics story",   6, 74, 3 
868d3d38,Björn Grüning,Mon Jul 6 18:05:10 2020,"Merge pull request #189 from galaxyproject/accession_updates", 
0c082aa2,Björn Grüning,Sun Jul 5 17:51:13 2020,"Merge pull request #188 from galaxyproject/accession_updates", 
b4a9459d,Björn Grüning,Sun Jul 5 03:13:54 2020,"Merge pull request #184 from galaxyproject/accession_updates", 
73413daf,Björn Grüning,Sun Jul 5 03:02:01 2020,"Merge pull request #186 from mvdbeek/variant_calling_update_non_artic", 
0b1b0562,Björn Grüning,Fri Jul 3 00:03:35 2020,"Merge pull request #187 from galaxyproject/artic-section-latest", 
2be7ca1a,Björn Grüning,Sun Jun 28 18:06:10 2020,"Merge pull request #185 from galaxyproject/artic-update", 
492095e6,Marius van den Beek,Thu Jun 25 18:47:44 2020,"Merge pull request #183 from galaxyproject/accession_updates", 
1c3a2aa4,Bjoern Gruening,Wed Jun 24 17:35:12 2020,"add new text to Proteomics",   2, 15, 4 
629c0410,Dannon,Tue Jun 23 08:41:04 2020,"Merge pull request #176 from galaxyproject/annotation-notebooks", 
dae42322,Delphine Lariviere,Tue Jun 23 08:11:49 2020,"typo corrections",   1, 36, 35 
2ae059ec,Björn Grüning,Mon Jun 22 04:36:01 2020,"Merge pull request #181 from galaxyproject/accession_updates", 
c604764b,Marius van den Beek,Mon Jun 22 02:06:02 2020,"Merge pull request #180 from mvdbeek/fix_workflow", 
ce46fa5f,Bjoern Gruening,Sun Jun 21 23:29:12 2020,"proteomic updates",   3, 3, 5 
8d899957,Marius van den Beek,Sun Jun 21 21:59:14 2020,"Merge pull request #178 from mvdbeek/add_missing_requirements", 
6912c6c3,Bjoern Gruening,Sun Jun 21 20:36:02 2020,"add new proteomics section",   2, 2, 2 
e5f539b4,Bjoern Gruening,Sun Jun 21 20:35:48 2020,"remove links",   4, 22 
033f317d,Bjoern Gruening,Sun Jun 21 20:31:45 2020,"add new proteomics section",   2, 32 
091963e0,Bjoern Gruening,Sun Jun 21 20:30:47 2020,"small changes",   2, 30, 21 
d33e2496,Bjoern Gruening,Sun Jun 21 20:30:17 2020,"add new image",   1, 0, 0 
2319308a,Bjoern Gruening,Sun Jun 21 20:30:05 2020,"remove old image",   1, 0, 0 
773adaf1,Bjoern Gruening,Sun Jun 21 20:29:49 2020,"change image",   1, 1, 1 
4a7df473,Björn Grüning,Sun Jun 21 06:42:48 2020,"Merge pull request #179 from pvanheus/update_artic_page", 
f7d9e609,Delphine Lariviere,Thu Jun 18 02:45:19 2020,"Modified to include the description of all ressources for annotation",   1, 25, 4 
597cdf85,Björn Grüning,Thu Jun 18 00:40:06 2020,"Merge pull request #166 from bgruening/new-communities", 
87ec00b4,Dannon Baker,Wed Jun 17 23:58:51 2020,"Swap s-analysis to annotation and add notebooks",   8, 6, 2 
14ca5c15,Delphine Lariviere,Wed Jun 17 07:00:44 2020,"Merge branch 'master' of github.com:galaxyproject/SARS-CoV-2", 
b13159ae,Delphine Lariviere,Wed Jun 17 07:00:27 2020,"update",   1, 419, 419 
e8e02703,Delphine Lariviere,Tue Jun 16 11:05:46 2020,"update of notebook to create tables with all residues",   2, 2513, 3028 
a9fad4fc,Delphine Lariviere,Tue Jun 16 11:03:09 2020,"update",   28, 29846, 140447 
0b2c4fad,Delphine Lariviere,Tue Jun 16 01:29:29 2020,"deletion of obsolete files",   3, 323 
6c1ca246,Björn Grüning,Mon Jun 15 05:16:34 2020,"Merge pull request #175 from galaxyproject/accession_updates", 
75a9af90,Delphine Lariviere,Sat Jun 13 06:50:45 2020,"addition of epitope data",   3, 842, 796 
8ad6eeff,Delphine Lariviere,Fri Jun 12 10:33:34 2020,"Merge branch 'master' of github.com:galaxyproject/SARS-CoV-2", 
98d383c5,Delphine Lariviere,Fri Jun 12 10:33:27 2020,"addition of annotations",   1, 1274, 1274 
f255d004,Delphine Lariviere,Thu Jun 11 08:23:18 2020,"format improvement",   1, 1197, 1197 
e6c9aee3,Delphine Lariviere,Thu Jun 11 07:37:53 2020,"Merge branch 'master' of github.com:galaxyproject/SARS-CoV-2", 
5e30f5b6,Delphine Lariviere,Thu Jun 11 07:37:17 2020,"more annotations",   1, 542, 542 
7ae0d3a5,Delphine Lariviere,Tue Jun 9 06:34:54 2020,"Merge branch 'master' of github.com:galaxyproject/SARS-CoV-2", 
5d146bb5,Delphine Lariviere,Tue Jun 9 06:34:45 2020,"addition of annotations",   1, 1274, 1274 
3cc43afd,Delphine Lariviere,Sat Jun 6 00:31:01 2020,"removed obsolete files",   2, 36 
3cd740b4,Delphine Lariviere,Sat Jun 6 00:29:11 2020,"table of gene and file url for observable notebook",   1, 28 
00b9ec85,Delphine Lariviere,Fri Jun 5 07:59:48 2020,"csv to tsv",   27, 152459, 152459 
a0a5b1db,Delphine Lariviere,Fri Jun 5 07:58:01 2020,"Merge branch 'master' of github.com:galaxyproject/SARS-CoV-2", 
1f6a8eaf,Delphine Lariviere,Fri Jun 5 07:57:53 2020,"creation of table of annotations for all residues and not only variants",   27, 152459 
913fc82b,Delphine Lariviere,Fri Jun 5 07:57:01 2020,"correction of genome id",   2, 2, 2 
a565b205,Delphine Lariviere,Tue Jun 2 04:42:25 2020,"Merge branch 'master' of github.com:galaxyproject/SARS-CoV-2", 
855238a7,Delphine Lariviere,Tue Jun 2 04:42:07 2020,"Addition of a README for the column description and update of the annotation table",   2, 328, 512 
3c72778f,Dannon Baker,Fri May 29 23:28:44 2020,"Add test page.",   1, 4, 1 
b13a9e35,Dannon Baker,Fri May 29 23:25:00 2020,"Swap in one of our sars-cov-2 variant tracks",   1, 14, 7 
0c2af305,Delphine Lariviere,Fri May 29 03:51:08 2020,"updates annotations",   1, 103, 103 
30f3b54d,Delphine Lariviere,Thu May 28 08:10:48 2020,"addition of annotations",   1, 71, 71 
d7c863be,Delphine Lariviere,Thu May 28 03:56:36 2020,"correction of discordant genome IDs",   2, 9, 2 
a32a3c2d,Delphine Lariviere,Wed May 27 07:21:01 2020,"addition of header",   1, 1 
de25c68b,Delphine Lariviere,Wed May 27 07:15:22 2020,"addition of table containing accession informations",   1, 52 
f118d743,Dannon Baker,Wed May 27 05:42:34 2020,"Convert basic config options to props",   1, 30, 22 
0b5a4878,Dannon Baker,Wed May 27 05:27:52 2020,"Use full page width",   2, 10 
dcf15225,Dannon Baker,Wed May 27 05:27:33 2020,"Initial hack converting jbrowse component to igvjs",   1, 46 
4f3142d1,Dannon Baker,Wed May 27 03:32:18 2020,"Add igv.js dependencies",   2, 6 
86d2a5c8,Marius van den Beek,Tue May 26 04:17:14 2020,"Merge pull request #160 from galaxyproject/accession_updates", 
18187781,Delphine Lariviere,Sat May 23 01:55:24 2020,"remove empty lines",   1, 36, 36 
b64841aa,Delphine Lariviere,Sat May 23 01:49:56 2020,"Merge branch 'master' of github.com:galaxyproject/SARS-CoV-2", 
c2d317c3,Delphine Lariviere,Sat May 23 01:49:50 2020,"Addition of new vvariants",   1, 513, 132 
8b2b0e39,Delphine Lariviere,Fri May 22 06:22:09 2020,"updates and clesaning",   4, 1299, 1273 
7f40ef9c,Björn Grüning,Thu May 21 05:18:47 2020,"Merge pull request #156 from galaxyproject/accession_updates", 
f0d8742a,Delphine Lariviere,Wed May 20 05:39:32 2020,"Merge branch 'master' of github.com:galaxyproject/SARS-CoV-2", 
9a0561ba,Delphine Lariviere,Wed May 20 05:38:12 2020,"addition of notebook to merge sequence coordinates",   1, 101 
91be4e30,Björn Grüning,Tue May 19 04:39:36 2020,"Merge pull request #154 from galaxyproject/accession_updates", 
d7f90087,nekrut,Tue May 19 03:33:00 2020,"latest VCFs anbd variants as of May 17",   2293, 0, 0 
995d7fba,Dannon,Mon May 18 23:22:27 2020,"Merge pull request #87 from galaxyproject/ipython", 
03a07fd6,Dannon Baker,Mon May 18 23:18:39 2020,"Merge branch 'master' into ipython", 
4cac213a,Dannon Baker,Mon May 18 23:09:26 2020,"Drop ipython test file.",   1, 8 
c717c993,Björn Grüning,Mon May 18 03:22:57 2020,"Merge pull request #153 from galaxyproject/accession_updates", 
d612fef7,Björn Grüning,Sun May 17 05:10:45 2020,"Merge pull request #152 from galaxyproject/accession_updates", 
1d2c4465,Delphine Lariviere,Sat May 16 07:41:10 2020,"Merge branch 'master' of github.com:galaxyproject/SARS-CoV-2", 
61f0cd6b,Delphine Lariviere,Sat May 16 07:40:48 2020,"correcting a problem appearing with gaps and adding species",   3, 1576, 1576 
6ef79861,Delphine Lariviere,Fri May 15 07:12:28 2020,"Merge branch 'master' of github.com:galaxyproject/SARS-CoV-2", 
10acfc4b,Delphine Lariviere,Fri May 15 07:12:02 2020,"updates",   3, 1407, 1385 
ef3c1ad5,Dannon Baker,Fri May 15 01:26:42 2020,"Autoload python/markdown, remove require() since it doesn't work in webpack'd code.",   1, 5, 7 
8ac1206e,Dannon Baker,Wed May 13 23:44:32 2020,"Merge branch 'master' into ipython", 
775a925b,Dannon Baker,Wed May 13 23:43:14 2020,"Shift highlighter configuration to mount for vuepress.",   1, 27, 28 
e3be3746,Delphine Lariviere,Fri May 8 07:19:20 2020,"addition of informatinos",   1, 20, 20 
84a86de3,Delphine Lariviere,Thu May 7 05:54:13 2020,"Adding generation of the selection variant table",   1, 3911, 2340 
88cc3291,Delphine Lariviere,Thu May 7 05:10:40 2020,"Addition of ORF1ab coordinates and README",   2, 7113 
35c54df9,Delphine Lariviere,Thu May 7 05:09:32 2020,"Merge branch 'master' of github.com:galaxyproject/SARS-CoV-2", 
edbf412f,Delphine Lariviere,Thu May 7 05:09:07 2020,"update of README and addition of coordinates table conversion",   2, 1274, 20 
ee7bb467,Delphine Lariviere,Wed May 6 07:41:59 2020,"Merge branch 'master' of github.com:galaxyproject/SARS-CoV-2", 
5fc69e4c,Delphine Lariviere,Wed May 6 07:41:24 2020,"addition of more genes, and the annotation of top selection variants",   11, 1755 
9713bd25,Dannon Baker,Tue May 5 10:13:24 2020,"Rename 'project video update' to 'project video introduction'",   1, 1, 1 
822ced2f,Dannon Baker,Tue May 5 10:08:35 2020,"Update homepage video embed to be Galaxy-ELIXIR webinar1",   1, 2, 2 
a516fd8a,Delphine Lariviere,Tue May 5 06:08:15 2020,"notebook for annotation table preparation",   1, 9843 
b54f70cb,nekrut,Mon May 4 23:57:06 2020,"fixed corrupted variant file",   1, 0, 0 
c54012fd,Björn Grüning,Mon May 4 11:22:35 2020,"Merge pull request #138 from mvdbeek/fix_genome_accession_script_if_no_new_ids", 
bec130fd,Marius van den Beek,Mon May 4 04:31:01 2020,"Merge pull request #137 from mvdbeek/automated_workflow_update", 
4eaf97d1,github-actions[bot],Sat May 2 19:09:11 2020,"Update SARS-CoV-2 accessions",   7, 11229, 70 
7084a89f,mvdbeek,Sat May 2 19:07:44 2020,"Update workflow",   1, 6, 6 
45462787,mvdbeek,Sat May 2 18:41:12 2020,"Simplify defaults",   1, 4, 2 
64f8881e,mvdbeek,Sat May 2 18:15:23 2020,"Set shell and default working directory",   1, 5, 1 
e9a3d69e,nekrut,Sat May 2 07:15:47 2020,"Merge branch 'master' of github.com:galaxyproject/SARS-CoV-2", 
29ede179,nekrut,Sat May 2 07:15:40 2020,"added vcf",   1310, 0, 0 
148a88c4,nekrut,Sat May 2 05:50:13 2020,"summary update",   1, 93596 
0cfffc41,nekrut,Sat May 2 05:46:34 2020,"forgot to add",   3, 68568, 4147 
2b79b693,nekrut,Sat May 2 05:42:00 2020,"Merge branch 'master' of github.com:galaxyproject/SARS-CoV-2", 
d4b0ea3f,nekrut,Sat May 2 05:41:45 2020,"april 28 variation update",   1, 0, 0 
85160cd2,Marius van den Beek,Fri May 1 22:27:32 2020,"Merge pull request #132 from mvdbeek/fix_script_again", 
bc63ea84,Delphine Lariviere,Fri May 1 08:44:35 2020,"Merge branch 'master' of github.com:galaxyproject/SARS-CoV-2", 
4ec2e23a,Delphine Lariviere,Fri May 1 08:44:11 2020,"Addition of a README for 3CL pro and update of the README for RdRp",   2, 93, 30 
e62bcfee,Delphine Lariviere,Fri May 1 08:43:33 2020,"update of variant description",   1, 2, 2 
ceb330af,Delphine Lariviere,Fri May 1 07:30:12 2020,"addition of conversion tables",   2, 1240 
6186d445,Delphine Lariviere,Fri May 1 06:49:01 2020,"creaion of variant tables of nsp7 and nsp8",   2, 36 
62e545de,Delphine Lariviere,Fri May 1 06:47:42 2020,"update anotations",   2, 68, 68 
0c7c9c25,Wolfgang Maier,Thu Apr 30 19:20:36 2020,"Fix link and typos in Variation analysis",   1, 5, 5 
876ef66d,Björn Grüning,Wed Apr 29 17:17:15 2020,"Merge pull request #130 from mvdbeek/fix_script_again", 
b2a01369,Björn Grüning,Wed Apr 29 17:16:35 2020,"Merge pull request #131 from galaxyproject/afgane-patch-1", 
337da558,Delphine Lariviere,Wed Apr 29 12:55:37 2020,"Addition of README and table for Spike Protein",   6, 254 
888b9dfe,Delphine Lariviere,Wed Apr 29 12:53:30 2020,"Addition of anotation table of 3Clpro",   1, 58 
82771adf,Delphine Lariviere,Wed Apr 29 12:50:01 2020,"Addition of table containing RdRp Variants and annotations",   1, 110 
b67c9944,Delphine Lariviere,Wed Apr 29 12:46:09 2020,"Creation of a README to describe RdRp",   2, 119 
a33b2c62,Enis Afgan,Wed Apr 29 12:29:37 2020,"Fix incorrect url",   1, 1, 1 
fcab45f2,Delphine Lariviere,Wed Apr 29 11:46:39 2020,"adjustement for RdRp annotation",   1, 2034, 2833 
13b79a72,Delphine Lariviere,Wed Apr 29 11:45:14 2020,"addition of annotations",   1, 34, 34 
37090b29,Marius van den Beek,Tue Apr 28 00:11:37 2020,"Merge pull request #126 from mvdbeek/ena_script_update", 
b51ceea5,mvdbeek,Fri Apr 24 18:50:31 2020,"Add indexes",   439, 0, 0 
0b7f220c,Delphine Lariviere,Fri Apr 24 11:05:13 2020,"Addition of Annotation table of RdRp",   1, 110 
b582ad1d,Delphine Lariviere,Fri Apr 24 11:04:53 2020,"Addition of the treatment of the sequence to identify the condons impacted, important when there is a difference in frame between the main and secondary features , eg ORF1ab and RdRp",   2, 5820, 2263 
6eab2b99,nekrut,Fri Apr 24 07:11:33 2020,"added vcf.bgzip files. They contain snpeff info",   439, 0, 0 
1e6b861d,nekrut,Fri Apr 24 07:05:31 2020,"Filtered all VCF files to only contain sites with AF >= 5%",   439, 0, 0 
d90ed4c5,Delphine Lariviere,Thu Apr 23 23:16:09 2020,"corrected to format csv to tabulated",   1, 58, 58 
3225c436,Delphine Lariviere,Thu Apr 23 10:35:05 2020,"addition of annotation table of 3C protein",   1, 58 
5024a479,Delphine Lariviere,Thu Apr 23 08:55:00 2020,"Addition of conversion tables for 3C protein and description of accesssions",   3, 412 
94e4aee3,Delphine Lariviere,Wed Apr 22 10:48:56 2020,"Replaced by a clean table",   1, 155, 49 
4292bc34,Delphine Lariviere,Wed Apr 22 09:32:01 2020,"add average frequency, and number of samples containing them",   1, 1528, 993 
3b066ff7,Delphine Lariviere,Wed Apr 22 07:49:56 2020,"Fixed problem of alt residue being writen twice",   1, 412, 103 
eddfe6a5,Delphine Lariviere,Wed Apr 22 07:30:50 2020,"Merge branch 'master' into coord_conversion", 
0166d0d4,Delphine Lariviere,Wed Apr 22 07:28:20 2020,"replace wrong alignment file",   1, 527, 48 
d007c7ae,Delphine Lariviere,Wed Apr 22 07:20:38 2020,"Addition of notebook for the preparation of anotation tables",   3, 5477 
7c3d6e5d,Delphine Lariviere,Tue Apr 21 02:22:12 2020,"addition of pictures",   2, 0, 0 
8524487d,Delphine Lariviere,Tue Apr 21 02:18:55 2020,"Merge branch 'master' into var_analysis", 
cf65d72f,Delphine Lariviere,Tue Apr 21 02:18:02 2020,"addition of images",   1, 23, 6 
0d8d5935,Marius van den Beek,Sun Apr 19 18:59:33 2020,"Merge pull request #124 from galaxyproject/accession_updates", 
645aeca8,Dannon Baker,Wed Apr 15 22:14:36 2020,"Default to full width",   1, 1, 1 
c0e511a4,Dannon Baker,Wed Apr 15 12:57:52 2020,"Kill off some demo cruft, set a few defaults",   2, 11, 18 
8b5d64b6,Dannon Baker,Wed Apr 15 12:41:53 2020,"Don't constrain jbrowse test page to the standard gutters",   2, 10, 2 
ad49da64,Dannon Baker,Wed Apr 15 06:22:36 2020,"Prune test data from plugins?  Wish there was another way to deploy.",   3750, 24260 
f3c2da8d,Dannon Baker,Wed Apr 15 06:21:20 2020,"Rebuild jbrowse including some plugins.",   3930, 48758, 12 
b87ec6f2,Dannon Baker,Wed Apr 15 04:19:19 2020,"Relocate data config, reset to base conf",   7, 32, 12 
df003a10,Dannon Baker,Wed Apr 15 04:02:27 2020,"Drop attempt at encapsulating jbrowse data programmatically.",   3, 1649 
91cf3732,Dannon Baker,Wed Apr 15 04:01:42 2020,"Use configfiles",   1, 1, 1 
86f2c75e,Dannon Baker,Wed Apr 15 04:01:17 2020,"Copy in external jbrowse conf",   5, 1560 
f958de6c,Dannon Baker,Thu Apr 9 01:12:48 2020,"Incremental work trying to get configuraiton into jbrowse purely programmatically",   4, 1666, 4 
48a1ccb9,Dannon Baker,Sat Mar 28 00:35:38 2020,"Pull header out of vue component; leave that formatting to the embedder.",   2, 1, 4 
053dadcc,Dannon Baker,Sat Mar 28 00:25:13 2020,"Translate jbrowse's config params to props on the vue component (at least the ones we're using right now)",   2, 33, 21 
5dfce755,Dannon Baker,Fri Mar 27 23:50:35 2020,"Add jbrowse images to statically served public folder",   125, 10293, 1 
471cfac8,Dannon Baker,Fri Mar 27 23:40:25 2020,"Drop baseurl def from jbrowse config",   1, 1 
f63b8819,Dannon Baker,Fri Mar 27 14:24:26 2020,"Spiff up example component.",   1, 3, 9 
cb68ec5a,Dannon Baker,Fri Mar 27 14:18:20 2020,"Force iframe in div to full size; add loading message",   2, 5, 3 
20a205f2,Dannon Baker,Fri Mar 27 14:04:14 2020,"Delegate control of config/loading to the parent vue component.  Iframe is literally just there to load jbrowse in a sandbox.",   2, 34, 43 
c34214e7,Dannon Baker,Fri Mar 27 13:51:00 2020,"These have to be here and empty; otherwise jbrowse freaks out.",   2, 97 
e507d45a,Dannon Baker,Fri Mar 27 13:50:21 2020,"Pivot to iframes...",   21, 93, 33778 
196988ab,Dannon Baker,Fri Mar 27 09:15:21 2020,"Publicpath fix?  We can probably use __webpack_public_path__ here (upstream'd?)?",   5, 11, 11 
3130f34c,Dannon Baker,Fri Mar 27 09:11:18 2020,"Jbrowse test rebuild",   19, 33772, 45 
88fdb745,Dannon Baker,Fri Mar 27 08:29:19 2020,"Swap back to browser bundle (had left main in when testing) -- still no dice, but just for clarity",   1, 1, 1 
9dc3548b,Dannon Baker,Fri Mar 27 07:03:31 2020,"Add minimal jbrowse component/testbed so I can get other eyes on this inclusion issue...",   2, 28 
274883a5,Dannon Baker,Fri Mar 27 06:29:53 2020,"Manual inclusion of jbrowse, since it doesn't play nicely as a module.",   7, 45 
300e1e4a,Anton Nekrutenko,Fri Apr 17 22:35:44 2020,"Merge pull request #119 from mvdbeek/analysis_update", 
a02830e3,Björn Grüning,Thu Apr 16 17:58:13 2020,"Merge pull request #122 from galaxyproject/accession_updates", 
202d3262,Björn Grüning,Wed Apr 15 16:50:38 2020,"Merge pull request #120 from galaxyproject/accession_updates", 
e15cdf36,Delphine Lariviere,Wed Apr 15 07:30:35 2020,"Merge branch 'master' into var_analysis", 
314af3de,Delphine Lariviere,Wed Apr 15 07:19:36 2020,"addition of pictures with RBD structure of SARS",   3, 17 
55ee4470,Björn Grüning,Tue Apr 14 17:39:39 2020,"Merge pull request #118 from galaxyproject/accession_updates", 
a91515b1,Dannon Baker,Tue Apr 14 10:14:56 2020,"Minor refactoring.",   1, 1, 3 
35f85d7c,Dannon Baker,Tue Apr 14 10:14:25 2020,"Drop testing cruft",   1, 3 
a9cc3a14,Dannon Baker,Tue Apr 14 10:13:47 2020,"Add max height, scrolliness to tabular component.",   1, 6 
4fe0b150,Dannon Baker,Tue Apr 14 07:30:19 2020,"Drop test file, cleanup.",   2, 18, 23 
5bac3051,Dannon Baker,Tue Apr 14 06:49:48 2020,"Drop dependency I didn't end up using.",   2, 38 
0cb4c83b,Dannon Baker,Tue Apr 14 06:49:02 2020,"Initial hack of a csv renderer",   4, 118, 8 
fb5f4cb9,Delphine Lariviere,Mon Apr 13 23:25:48 2020,"Merge branch 'master' into var_analysis", 
8f271abe,Björn Grüning,Sun Apr 12 20:37:26 2020,"Merge pull request #116 from galaxyproject/accession_updates", 
c6938a70,Björn Grüning,Sat Apr 11 16:58:22 2020,"Merge pull request #115 from galaxyproject/accession_updates", 
14e55c8b,Delphine Lariviere,Sat Apr 11 01:45:57 2020,"addition of another residue, and some description of HR domains, in progress",   2, 10, 5 
324af71c,Delphine Lariviere,Sat Apr 11 01:27:53 2020,"Merge branch 'master' into coord_conversion", 
31078f6a,Delphine Lariviere,Sat Apr 11 01:27:12 2020,"Merge branch 'master' into var_analysis", 
0a5a3ce1,Delphine Lariviere,Fri Apr 10 23:00:46 2020,"reorganized, and added more species to the conversion table for S protein",   12, 1274, 1274 
31901c65,Delphine Lariviere,Fri Apr 10 22:51:44 2020,"update",   1, 2, 1 
aa906c9e,Björn Grüning,Fri Apr 10 18:17:44 2020,"Merge pull request #114 from galaxyproject/accession_updates", 
2d41532d,Dannon Baker,Fri Apr 10 00:08:02 2020,"set default language to markup, since 'text' doesn't exist for definition here",   1, 1, 1 
b412ed06,Björn Grüning,Thu Apr 9 16:29:17 2020,"Merge pull request #112 from mvdbeek/script_fixes_and_new_accessions", 
950afb61,Dannon Baker,Thu Apr 9 02:48:25 2020,"Swap back to a computed property here",   1, 7, 2 
a833fa06,Dannon Baker,Thu Apr 9 02:34:54 2020,"Refactoring to more vue-y",   1, 35, 37 
d93ec694,Dannon Baker,Thu Apr 9 02:21:27 2020,"Merge remote-tracking branch 'OlegZharkov/ipython' into ipython", 
b983fbdb,Marius van den Beek,Thu Apr 9 01:57:26 2020,"Merge pull request #109 from mvdbeek/april2_update", 
2df3ca16,Dannon Baker,Thu Apr 9 01:18:44 2020,"Rebuild yarn lock (rebase this out for merge)",   1, 216, 159 
c76cb4f7,Dannon Baker,Thu Apr 9 01:14:46 2020,"Cleanup",   1, 10, 12 
7842dfbb,Dannon Baker,Thu Apr 9 01:14:26 2020,"Swap to a single style block in the standard location.",   1, 1, 3 
1674deb6,Marius van den Beek,Wed Apr 8 17:39:10 2020,"Merge pull request #108 from galaxyproject/accession_updates", 
937bcc92,Björn Grüning,Tue Apr 7 04:06:17 2020,"Merge pull request #110 from OlegZharkov/ipython", 
b7daca59,Delphine Lariviere,Sat Apr 4 01:48:44 2020,"Addition of information about RBD structure and impact of its mutations",   1, 44, 6 
18ea367f,Anton Nekrutenko,Fri Apr 3 10:48:10 2020,"Merge pull request #107 from galaxyproject/accession_updates", 
42428654,Anton Nekrutenko,Fri Apr 3 10:35:24 2020,"april 2 accession update",   1, 2, 1 
40a51937,Anton Nekrutenko,Fri Apr 3 05:26:45 2020,"Merge pull request #102 from nekrut/var_training", 
2ee589e6,Anton Nekrutenko,Fri Apr 3 05:24:55 2020,"Merge pull request #104 from mvdbeek/script_cleanup", 
32e61428,Anton Nekrutenko,Fri Apr 3 05:24:40 2020,"Merge pull request #106 from bgruening/license", 
f3237473,Delphine Lariviere,Fri Apr 3 05:12:52 2020,"Addition of variant description page",   1, 21 
edcb0705,Delphine Lariviere,Fri Apr 3 01:57:23 2020,"Adddition of README",   1, 35 
7cedbb30,Delphine Lariviere,Fri Apr 3 01:16:56 2020,"Reorganization",   6, 49, 49 
fefb051d,Delphine Lariviere,Fri Apr 3 01:06:10 2020,"Merge branch 'master' into coord_conversion", 
09da83f2,Delphine Lariviere,Fri Apr 3 01:05:30 2020,"Merge branch 'master' into var_analysis", 
b8b3b791,Björn Grüning,Thu Apr 2 15:15:45 2020,"Merge pull request #103 from galaxyproject/accession_updates", 
c6f0482a,Delphine Lariviere,Thu Apr 2 04:51:19 2020,"adding conversion tables for ORF1ab",   3, 14036 
a915a30b,Delphine Lariviere,Thu Apr 2 04:46:56 2020,"Addition of annotation tables",   5, 528, 49 
affc86e1,Delphine Lariviere,Thu Apr 2 04:40:33 2020,"Merge branch 'master' into coord_conversion", 
9d75e942,Björn Grüning,Thu Apr 2 03:56:38 2020,"Merge pull request #101 from bedroesb/workflow-update", 
58ec148a,Anton Nekrutenko,Thu Apr 2 03:25:05 2020,"Merge pull request #100 from galaxyproject/accession_updates", 
fdf273f2,Delphine Lariviere,Thu Apr 2 00:26:01 2020,"Merge branch 'master' into var_analysis", 
46837068,Anton Nekrutenko,Wed Apr 1 07:05:39 2020,"updated title",   1, 1, 1 
a699bc18,Anton Nekrutenko,Wed Apr 1 06:59:55 2020,"removed line break",   1, 1, 2 
1d272c35,Anton Nekrutenko,Wed Apr 1 06:56:45 2020,"changed emphasis on front page",   1, 13, 13 
cff975b1,Dannon,Wed Apr 1 05:35:58 2020,"Merge pull request #98 from nekrut/front_page", 
1bdec0a1,Björn Grüning,Wed Apr 1 04:36:27 2020,"Merge pull request #99 from simonbray/patch-3", 
2242c0be,Delphine Lariviere,Wed Apr 1 00:00:56 2020,"addition of alignments and conversion for E,M, and N proteins",   8, 1042 
30925267,Delphine Lariviere,Tue Mar 31 23:53:31 2020,"change gitignore",   1, 1 
29b20e0e,Delphine Lariviere,Tue Mar 31 23:31:04 2020,"Annotation of variants in S gene",   1, 49 
51073d04,Björn Grüning,Tue Mar 31 17:43:21 2020,"Merge pull request #96 from galaxyproject/accession_updates", 
68ec32bf,Bjoern Gruening,Tue Mar 31 07:30:27 2020,"add more badges and a few nicer tables",   6, 26, 20 
55aef054,Anton Nekrutenko,Tue Mar 31 05:48:07 2020,"Update variation.md",   1, 2 
3537d24d,Dannon,Tue Mar 31 04:06:57 2020,"Merge pull request #81 from galaxyproject/evolution", 
63856194,Dannon Baker,Tue Mar 31 04:05:19 2020,"Rebuild", 
64107f2b,Dannon Baker,Tue Mar 31 04:03:08 2020,"Fix image aspect ratio to match the other sections (3:2)",   1, 0, 0 
2a3f16a0,Anton Nekrutenko,Tue Mar 31 01:57:38 2020,"Update README.md",   1, 3 
2243506b,nekrut,Tue Mar 31 01:55:39 2020,"creating vat training",   1, 0, 0 
1741b4f5,nekrut,Tue Mar 31 01:54:44 2020,"creating training dir under genomics",   1, 0, 0 
a7d1a261,Bjoern Gruening,Tue Mar 31 01:07:06 2020,"some style changes",   1, 3 
e6e3d640,Björn Grüning,Tue Mar 31 01:06:24 2020,"Merge pull request #90 from mvdbeek/also_fetch_accessions_from_ena", 
12743afe,Björn Grüning,Tue Mar 31 01:01:38 2020,"Merge pull request #94 from bedroesb/tool_update", 
799942f3,Björn Grüning,Tue Mar 31 00:28:00 2020,"Merge pull request #75 from bedroesb/hg38", 
4da255cc,Björn Grüning,Tue Mar 31 00:24:35 2020,"Merge pull request #93 from galaxyproject/fixes-to-preproc-links", 
7c66d840,Delphine Lariviere,Mon Mar 30 23:30:30 2020,"add .DS_store to gitignore",   1, 1 
bbd3a04c,Delphine Lariviere,Mon Mar 30 23:29:21 2020,"use int instead of floats",   1, 1274, 1274 
bca80cbc,Bjoern Gruening,Mon Mar 30 18:34:04 2020,"Merge branch 'master' of https://github.com/galaxyproject/SARS-CoV-2", 
db170b97,Bjoern Gruening,Mon Mar 30 18:33:54 2020,"more badges",   7, 35, 29 
f4c8bcc4,Bjoern Gruening,Mon Mar 30 07:23:18 2020,"more badges",   1, 6, 3 
d132f3c4,Bjoern Gruening,Mon Mar 30 07:06:25 2020,"fix wrong link",   1, 1, 1 
3f2d20c2,Bjoern Gruening,Mon Mar 30 07:06:08 2020,"badges",   1, 4, 2 
67ab1af1,Bjoern Gruening,Mon Mar 30 06:53:26 2020,"changes a few badges",   3, 19, 10 
45a54fc7,Anton Nekrutenko,Mon Mar 30 06:30:44 2020,"Merge pull request #88 from galaxyproject/accession_updates", 
39e241b4,Björn Grüning,Mon Mar 30 05:51:18 2020,"Merge pull request #91 from galaxyproject/badges", 
04158c6e,Dannon Baker,Sat Mar 28 11:58:52 2020,"Regenerate yarn.lock after the rebase/merges",   1, 628, 399 
9fe0f9ef,Dannon,Sat Mar 28 10:38:14 2020,"Merge pull request #89 from galaxyproject/fvcn", 
6bdbed11,Dannon Baker,Sat Mar 28 06:26:51 2020,"Add nb-notebook class to parent, drop extra header",   1, 1, 4 
a02db973,Dannon Baker,Sat Mar 28 06:23:28 2020,"Don't manipulate dom directly, swap back to vue-driven changes.",   1, 6, 7 
f637b095,Dannon Baker,Sat Mar 28 04:40:53 2020,"Push notebookURL prop into component; access response data correctly",   2, 9, 3 
50a70d98,Oleg Zharkov,Sat Mar 28 05:22:28 2020,"make notebookjs work",   2, 6, 9 
120b4e0f,Dannon Baker,Sat Mar 28 04:24:06 2020,"Fix reference to notebookRaw",   1, 1, 1 
1c831cd7,Dannon Baker,Sat Mar 28 04:16:16 2020,"Use relative path to ipynb here",   1, 1, 1 
819d0b7c,Dannon Baker,Sat Mar 28 03:59:23 2020,"ipython integration stub",   4, 379, 12 
2c1a8a38,Dannon Baker,Sat Mar 28 06:30:47 2020,"three",   1, 1, 1 
e27b96e4,Bjoern Gruening,Sat Mar 28 05:04:50 2020,"Merge branch 'master' of https://github.com/galaxyproject/SARS-CoV-2", 
4d78d492,Bjoern Gruening,Sat Mar 28 05:04:36 2020,"add missing image",   1, 0, 0 
aad54259,Bjoern Gruening,Sat Mar 28 02:05:26 2020,"add new DOI and badge",   1, 3 
d7037563,Bjoern Gruening,Sat Mar 28 01:58:40 2020,"add some small changes and the all-in-one workfow",   2, 15, 6 
561e3522,Bjoern Gruening,Sat Mar 28 01:45:32 2020,"Merge branch 'master' of https://github.com/galaxyproject/SARS-CoV-2", 
4643b600,Bjoern Gruening,Sat Mar 28 01:45:18 2020,"add workflows, round one",   7, 2808 
aeee5d5b,Bjoern Gruening,Fri Mar 27 21:08:28 2020,"update links",   1, 32, 34 
03c0a98e,Delphine Lariviere,Fri Mar 27 07:50:58 2020,"Nicer table, generated with Mafft",   1, 1274, 1276 
b05a1207,nekrut,Fri Mar 27 06:06:51 2020,"mar26 vcfs",   10, 0, 0 
01771330,nekrut,Fri Mar 27 06:03:59 2020,"mar26 variant lists",   2, 10612 
d9fde6f7,nekrut,Fri Mar 27 06:00:57 2020,"mar26 variation map",   1, 0, 0 
60cc6630,Dannon Baker,Fri Mar 27 01:16:17 2020,"Add link to notebook source",   1, 44, 36 
6b94843c,Dannon Baker,Fri Mar 27 01:09:58 2020,"Add second notebook, fix titles for evo.",   3, 8, 2 
56ce4969,Dannon Baker,Fri Mar 27 01:05:08 2020,"Move data-availability back to separate toplevel section",   1, 0, 0 
a188c7a6,Anton Nekrutenko,Thu Mar 26 23:24:18 2020,"Update README.md",   1, 1, 1 
5a0d0370,Anton Nekrutenko,Thu Mar 26 23:20:51 2020,"Update README.md",   1, 3, 3 
c7847f42,Anton Nekrutenko,Thu Mar 26 23:19:56 2020,"Accession update fro March26",   1, 2, 1 
4798bebc,Anton Nekrutenko,Thu Mar 26 23:15:26 2020,"Merge pull request #77 from galaxyproject/accession_updates", 
33f9e749,Delphine Lariviere,Thu Mar 26 09:52:00 2020,"Conversiont of protein S coordinate from Covid-19 to other coronaviruses",   1, 1276 
272269ba,Delphine Lariviere,Thu Mar 26 09:50:15 2020,"Removal of a file commited on the wrong branch",   1, 1276 
314bef00,Delphine Lariviere,Thu Mar 26 09:33:20 2020,"Table for conversion of protein coordinates between coronaviruses",   1, 1276 
7cf5358c,Anton Nekrutenko,Thu Mar 26 07:19:37 2020,"Update README.md",   1, 1, 1 
12a5b310,Anton Nekrutenko,Thu Mar 26 07:17:55 2020,"Update README.md",   1, 1, 1 
02af219a,nekrut,Thu Mar 26 07:13:49 2020,"update to variation: vcfs",   42, 425 
0dbd78b0,nekrut,Thu Mar 26 06:58:55 2020,"variation update: ipynb",   1, 26358, 11791 
f67c7f70,nekrut,Thu Mar 26 06:56:00 2020,"variation update: image",   1, 0, 0 
b1b46a6c,Dannon Baker,Thu Mar 26 06:27:22 2020,"Observable with style.",   1, 105 
c65f8f91,Dannon Baker,Thu Mar 26 06:27:03 2020,"Minor tweaks to object access",   1, 2, 1 
0d9c911b,Dannon Baker,Thu Mar 26 05:17:57 2020,"Component formatting.",   1, 13, 14 
98f0d02b,Dannon Baker,Thu Mar 26 05:12:47 2020,"Drop precompiled observable loadin; rely on hotlink?  It works pretty well.",   2, 1, 6 
a04f5657,Dannon Baker,Thu Mar 26 05:11:56 2020,"Convert caseCounts notebook integration to new hotlinked one",   2, 1, 24 
a25391b8,Dannon Baker,Thu Mar 26 05:10:07 2020,"Flexible hotlinked observable notebook component first draft.",   3, 35, 4 
439e7b90,Björn Grüning,Thu Mar 26 03:40:25 2020,"Update README.md",   1, 1 
76772251,Dannon Baker,Thu Mar 26 00:38:58 2020,"Regenerate lock to integrate notebook.",   1, 606, 389 
a4190348,Dannon Baker,Thu Mar 26 00:20:22 2020,"Add evolution section.",   6, 20, 7 
82ebb708,Steven Weaver,Tue Mar 24 23:04:25 2020,"adding possible observable embedding solution",   6, 83, 1 
fc8c29db,Dannon Baker,Thu Mar 26 03:11:57 2020,"Merge branch 'usegalaxy-fr2'", 
4d62b169,Dannon,Thu Mar 26 03:04:52 2020,"Merge pull request #80 from galaxyproject/path-fix", 
5e9b7efc,Björn Grüning,Wed Mar 25 23:47:32 2020,"add french batch",   1, 1 
5aee07cd,Björn Grüning,Wed Mar 25 23:45:49 2020,"Merge pull request #78 from lecorguille/usegalaxy-fr", 
037af15a,Anton Nekrutenko,Wed Mar 25 23:24:57 2020,"Update README.md",   1, 1, 1 
1c5cb331,Anton Nekrutenko,Wed Mar 25 23:24:38 2020,"Update README.md",   1, 1, 36 
9f06f8bc,Anton Nekrutenko,Wed Mar 25 23:23:43 2020,"Update README.md",   1, 1, 1 
9071302b,Anton Nekrutenko,Wed Mar 25 23:23:09 2020,"typos",   1, 1, 1 
620bd4c4,Anton Nekrutenko,Wed Mar 25 23:22:27 2020,"variation page will be regularly updated with new accessions",   1, 7 
dcee1e5e,Anton Nekrutenko,Wed Mar 25 23:11:33 2020,"Update README.md",   1, 1, 1 
565c4152,Anton Nekrutenko,Wed Mar 25 06:22:36 2020,"Merge pull request #73 from mvdbeek/update_accessions", 
e341abac,Dannon,Wed Mar 25 04:28:26 2020,"Merge pull request #76 from mvdbeek/fix_workflow_schedule_if", 
95551990,Björn Grüning,Wed Mar 25 01:40:01 2020,"Update Home.vue",   1, 1 
05ee61af,Björn Grüning,Wed Mar 25 01:36:29 2020,"Update config.js",   1, 1 
baab2263,Simon Bray,Tue Mar 24 19:48:08 2020,"add selection section to cheminformatics",   4, 30, 5 
7f06a300,Björn Grüning,Tue Mar 24 17:19:17 2020,"Merge pull request #71 from galaxyproject/project-video-update", 
e0fb7d10,Björn Grüning,Tue Mar 24 17:17:18 2020,"Merge pull request #70 from galaxyproject/editlink", 
ceffc358,Björn Grüning,Tue Mar 24 06:37:53 2020,"Merge pull request #69 from Harrystark99/patch-1", 
bc92dee4,Anton Nekrutenko,Tue Mar 24 04:53:55 2020,"Merge pull request #65 from mvdbeek/ci_for_new_accessions", 
a89596ad,James Taylor,Tue Mar 24 04:29:39 2020,"Merge pull request #68 from galaxyproject/homepage_work", 
e33a5375,Björn Grüning,Tue Mar 24 00:55:17 2020,"Merge pull request #67 from galaxyproject/jxtx-patch-1", 
5704f9d6,Björn Grüning,Mon Mar 23 23:50:09 2020,"Update README.md",   1, 1, 1 
02a9591a,nekrut,Mon Mar 23 22:47:12 2020,"small fixes",   1, 1, 1 
0b8df3bd,nekrut,Mon Mar 23 22:46:22 2020,"small fixes",   1, 1, 1 
01dbc06b,nekrut,Mon Mar 23 22:45:33 2020,"making shorter",   1, 2, 10 
1453fc31,Anton Nekrutenko,Mon Mar 23 22:41:19 2020,"Update README.md",   1, 1, 1 
47cd850d,Anton Nekrutenko,Mon Mar 23 22:39:55 2020,"Update README.md",   1, 1, 1 
8361f0d2,nekrut,Mon Mar 23 22:28:01 2020,"modifying main page",   1, 3, 2 
e5af6e2a,nekrut,Mon Mar 23 22:25:22 2020,"modifying main page",   1, 3, 4 
b3aa8e9a,nekrut,Mon Mar 23 22:22:08 2020,"modifying main page",   1, 6, 5 
649fce89,nekrut,Mon Mar 23 22:17:23 2020,"added frontpage img",   2, 0, 0 
73cc3c8f,nekrut,Mon Mar 23 21:57:20 2020,"modifying main page",   1, 5, 1 
81f5dc74,Bjoern Gruening,Sun Mar 22 03:08:50 2020,"small edits, add a new link",   1, 5, 3 
2f2f18fa,Björn Grüning,Sun Mar 22 03:05:08 2020,"Merge pull request #58 from bgruening/reskyner-edits", 
3e593f10,Tim Dudgeon,Sun Mar 22 01:48:03 2020,"brief description of protein prep",   1, 3, 2 
ff10d01b,James Taylor,Sun Mar 22 00:39:29 2020,"Merge pull request #64 from mvdbeek/fix_script_add_missing_data", 
08899ec3,Bjoern Gruening,Sun Mar 22 00:07:32 2020,"add header",   1, 2 
962062d6,Bjoern Gruening,Sat Mar 21 22:34:14 2020,"add all in one history",   1, 2 
e7972ad9,Bjoern Gruening,Sat Mar 21 22:17:50 2020,"add all in one history",   1, 3 
be085e02,Bjoern Gruening,Sat Mar 21 22:09:59 2020,"fix links add wget section",   1, 39, 18 
38123ecb,Bjoern Gruening,Sat Mar 21 21:34:49 2020,"add new links",   1, 10, 9 
c9c776af,nekrut,Sat Mar 21 08:07:26 2020,"updated variant list and notebook",   2, 8656, 8025 
7f5d2edf,nekrut,Sat Mar 21 08:03:26 2020,"march20 update",   6, 623, 884 
969129fa,Anton Nekrutenko,Sat Mar 21 07:15:06 2020,"Merge pull request #62 from mvdbeek/automatate_accession_retrieval", 
c150223f,Björn Grüning,Sat Mar 21 05:59:02 2020,"Merge pull request #61 from Harrystark99/master", 
78d4e1da,Tim Dudgeon,Sat Mar 21 03:43:55 2020,"fragnet search params",   1, 3, 1 
536ec75c,Bjoern Gruening,Sat Mar 21 03:02:56 2020,"add new link",   1, 1, 1 
dac556a3,Björn Grüning,Sat Mar 21 03:02:08 2020,"add Rachael",   1, 1 
2cce3a65,Bjoern Gruening,Sat Mar 21 01:13:25 2020,"Merge branch 'master' of https://github.com/bgruening/SARS-CoV-2", 
e3639e77,Bjoern Gruening,Sat Mar 21 01:13:12 2020,"add new histories",   1, 5, 4 
bd5d8ff5,Gianmauro Cuccuru,Sat Mar 21 00:38:58 2020,"fix url",   1, 1, 1 
72aba84c,Gianmauro Cuccuru,Sat Mar 21 00:36:11 2020,"fix",   1, 3, 3 
7f014777,Gianmauro Cuccuru,Sat Mar 21 00:22:31 2020,"add workflow image",   2, 13, 1 
b86e1815,Bjoern Gruening,Sat Mar 21 00:29:47 2020,"Merge branch 'master' of https://github.com/galaxyproject/SARS-CoV-2", 
337e4504,Bjoern Gruening,Sat Mar 21 00:29:09 2020,"add new links",   1, 7, 7 
1972b8b0,Björn Grüning,Sat Mar 21 00:11:40 2020,"Merge pull request #60 from OlegZharkov/deploy-howto", 
cb9c473c,Bjoern Gruening,Sat Mar 21 00:10:24 2020,"Merge branch 'master' of https://github.com/galaxyproject/SARS-CoV-2", 
cdef2e55,Gianmauro Cuccuru,Sat Mar 21 00:07:15 2020,"add workflow image",   2, 12 
b437ccfe,Bjoern Gruening,Sat Mar 21 00:05:01 2020,"add new link",   1, 1, 1 
7a78c39c,Björn Grüning,Fri Mar 20 23:06:05 2020,"Merge pull request #59 from galaxyproject/edit-links", 
7de193b1,nekrut,Fri Mar 20 23:05:34 2020,"variation edits",   3, 87657, 28804 
5787a4cb,nekrut,Fri Mar 20 22:47:13 2020,"Merge branch 'master' of github.com:galaxyproject/SARS-CoV-2 Add variation edits", 
7e95cc29,nekrut,Fri Mar 20 22:47:04 2020,"edits to variation WIP",   9, 306, 2 
61cdbc32,nekrut,Fri Mar 20 01:04:11 2020,"adding black list of accessions",   1, 16 
1b0abca6,Björn Grüning,Thu Mar 19 21:01:38 2020,"Merge pull request #53 from Harrystark99/patch-3", 
15e0191f,Björn Grüning,Thu Mar 19 04:34:03 2020,"Merge pull request #52 from bedroesb/install", 
1fc70550,Harry Stark,Wed Mar 18 16:11:04 2020,"Update README.md (#51)",   1, 1, 1 
daf3c550,Dannon,Wed Mar 18 07:45:50 2020,"Merge pull request #50 from Harrystark99/patch-1", 
b44bd086,nekrut,Tue Mar 17 02:53:23 2020,"Merge branch 'master' of github.com:galaxyproject/SARS-CoV-2", 
4eb361f3,nekrut,Tue Mar 17 02:53:18 2020,"variation edits",   4, 160, 3 
4c702dd5,Dannon Baker,Fri Mar 13 23:51:17 2020,"Symlinks through public for file resolution",   7, 7 
9fc316c0,Dannon Baker,Fri Mar 13 23:17:55 2020,"Fix remaining image resolution issues (explicitly relative)",   6, 16, 16 
bd6f8444,Dannon Baker,Fri Mar 13 23:13:37 2020,"Fix images in updates (all images need to be explicitly relative to work on both github and vuepress)",   1, 8, 8 
9bee87d7,James Taylor,Fri Mar 13 04:03:41 2020,"Merge pull request #46 from galaxyproject/site", 
054b70ed,nekrut,Sun Mar 8 01:52:35 2020,"updating variation",   1, 5 
b03ca6c7,nekrut,Sun Mar 8 01:52:05 2020,"updating variation",   1, 1, 1 
a0423836,nekrut,Sun Mar 8 01:49:59 2020,"updating variation",   1, 2, 2 
2067eb31,nekrut,Sun Mar 8 01:49:23 2020,"updating variation",   1, 2, 2 
ad01c924,nekrut,Sun Mar 8 01:48:35 2020,"updating variation",   1, 3, 5 
9167ee68,nekrut,Sun Mar 8 01:46:13 2020,"updating variation",   6, 1824, 1681 
02c60a10,nekrut,Sat Mar 7 10:40:01 2020,"updating variation",   1, 3, 1 
4e06e22d,nekrut,Sat Mar 7 10:13:25 2020,"updating variation",   1, 40, 40 
cc966f64,nekrut,Sat Mar 7 09:44:05 2020,"updating variation",   1, 46, 34 
4d0528aa,nekrut,Fri Mar 6 02:56:23 2020,"adding vcfs",   10, 0, 0 
181b7f90,nekrut,Fri Mar 6 02:49:09 2020,"more fixes to var",   1, 4219, 1794 
dc0c15f8,nekrut,Fri Mar 6 02:47:09 2020,"more fixes to var",   2, 5, 2 
bed0a1fa,nekrut,Fri Mar 6 02:41:11 2020,"variation updated WIP",   1, 36, 26 
a5dbc0ca,nekrut,Fri Mar 6 01:33:11 2020,"variation updated WIP",   4, 32714, 37 
982a3fc6,Anton Nekrutenko,Sat Feb 29 07:37:16 2020,"UPDATE: Wisconsin reads are now available from NCBI COVID-19 page",   1, 1, 1 
26414dcb,Anton Nekrutenko,Fri Feb 28 11:54:19 2020,"Update README.md",   1, 1, 1 
0d4ff3cb,Anton Nekrutenko,Fri Feb 28 11:53:29 2020,"Update README.md",   1, 1, 1 
aecb7646,Anton Nekrutenko,Fri Feb 28 06:47:35 2020,"typos",   1, 2, 2 
ba666b2f,Anton Nekrutenko,Fri Feb 28 06:21:59 2020,"Update README.md",   1, 1, 1 
01dd61f9,Anton Nekrutenko,Fri Feb 28 06:14:01 2020,"fixed history link",   1, 1, 1 
34875509,Anton Nekrutenko,Fri Feb 28 06:11:30 2020,"Update README.md",   1, 1, 1 
e86fbe2b,Anton Nekrutenko,Fri Feb 28 06:08:51 2020,"Update README.md",   1, 1, 1 
247ae037,Anton Nekrutenko,Fri Feb 28 05:59:30 2020,"Update README.md",   1, 1, 1 
ed81ae1a,nekrut,Fri Feb 28 05:58:10 2020,"update to wisconsin data",   7, 8643, 2 
682f18a6,Anton Nekrutenko,Wed Feb 26 10:51:59 2020,"Update README.md",   1, 1, 1 
30e649b8,Anton Nekrutenko,Wed Feb 26 10:51:19 2020,"New data from Wisconsin",   1, 16, 1 
504cfd9a,Anton Nekrutenko,Wed Feb 26 10:48:31 2020,"Update README.md",   1, 6, 3 
40c0183c,Anton Nekrutenko,Wed Feb 26 10:33:06 2020,"Update README.md",   1, 1, 1 
a08e591d,Anton Nekrutenko,Wed Feb 26 04:34:57 2020,"Update README.md",   1, 2, 1 
6e20b613,Anton Nekrutenko,Wed Feb 26 03:37:58 2020,"Merge pull request #44 from spond/master", 
9410b7ef,Bjoern Gruening,Tue Feb 25 22:54:28 2020,"rename folder",   6, 0, 0 
2fc23892,Anton Nekrutenko,Tue Feb 25 11:44:31 2020,"Update README.md",   1, 1, 1 
42762b8e,Anton Nekrutenko,Tue Feb 25 11:43:37 2020,"Update README.md",   1, 9, 1 
9c4f62c5,Anton Nekrutenko,Tue Feb 25 08:57:36 2020,"Update README.md",   1, 1, 1 
13a66dca,nekrut,Tue Feb 25 08:18:26 2020,"more images",   1, 3, 1 
56f2f6be,nekrut,Tue Feb 25 08:16:59 2020,"more images",   1, 2, 3 
da460e0c,nekrut,Tue Feb 25 08:16:06 2020,"more images",   1, 1, 1 
8cda5ae4,nekrut,Tue Feb 25 08:15:28 2020,"more images",   1, 1, 1 
2fea20a6,nekrut,Tue Feb 25 08:14:29 2020,"more images",   2, 13, 1 
2f7dcc04,nekrut,Tue Feb 25 08:08:43 2020,"more images",   1, 6, 2 
0f8d24d7,nekrut,Tue Feb 25 08:05:30 2020,"Merge branch 'master' of github.com:galaxyproject/SARS-CoV-2", 
fb500451,nekrut,Tue Feb 25 08:05:26 2020,"more images",   3, 9, 1 
a6cd4b65,nekrut,Tue Feb 25 07:49:31 2020,"more updates",   3, 31, 3 
047b03ef,nekrut,Tue Feb 25 02:08:07 2020,"Merge branch 'master' of github.com:galaxyproject/SARS-CoV-2", 
2c8962bc,nekrut,Tue Feb 25 02:07:50 2020," added link to Updates",   1, 1, 1 
a5fea9a3,nekrut,Tue Feb 25 02:07:19 2020," added link to Updates",   1, 2, 1 
56cd3313,nekrut,Tue Feb 25 02:03:06 2020,"typos",   1, 1, 1 
0f6693a0,Anton Nekrutenko,Tue Feb 25 02:00:57 2020,"Update README.md",   1, 29, 2 
53de644c,nekrut,Tue Feb 25 01:04:15 2020,"new section for updates",   1, 1, 20 
97f68a5f,nekrut,Tue Feb 25 01:01:36 2020,"new section for updates",   1, 25 
ac2b3d76,Dannon Baker,Mon Feb 24 09:08:53 2020,"Minor typo, descriptin",   1, 2, 2 
a0fad6b0,Wolfgang Maier,Mon Feb 24 06:59:39 2020,"add one more link to history on EU",   1, 1, 1 
d9f31a9f,Björn Grüning,Mon Feb 24 05:43:39 2020,"reduce EOSC-logo size",   1, 1, 1 
af85c218,Frederik Coppens,Mon Feb 24 05:40:47 2020,"Eosclife (#42)",   2, 2, 1 
2d90df1c,Björn Grüning,Mon Feb 24 05:22:58 2020,"add  frederikcoppens  to authors",   1, 1 
1a4860dc,Björn Grüning,Mon Feb 24 05:20:26 2020,"adding usegalaxy.be badge",   1, 1 
ea713279,Wolfgang Maier,Mon Feb 24 05:17:53 2020,"Fix previous commit",   1, 1, 1 
bc15f342,Frederik Coppens,Mon Feb 24 05:16:26 2020,"VIB branding (#41)",   4, 5, 2 
f24fd2e8,Wolfgang Maier,Mon Feb 24 05:16:07 2020,"Nicer alternate WF link on EU",   1, 1, 1 
9662f411,Björn Grüning,Mon Feb 24 04:57:31 2020,"re-add some lost badges",   1, 2, 2 
a2d920f5,nekrut,Mon Feb 24 04:43:09 2020,"preproc edits",   1, 1, 1 
b72c87c1,nekrut,Mon Feb 24 04:41:20 2020,"preproc edits",   1, 7, 5 
f1fe6922,Björn Grüning,Mon Feb 24 03:46:28 2020,"Merge pull request #40 from lynnlangit/master", 
78565d96,Anton Nekrutenko,Mon Feb 24 01:49:17 2020,"Merge pull request #36 from galaxyproject/powered-by", 
68fc9319,Anton Nekrutenko,Mon Feb 24 01:48:51 2020,"Merge pull request #37 from galaxyproject/add-Ignacio-Eguinoa", 
6dc69db0,Anton Nekrutenko,Mon Feb 24 01:48:31 2020,"Merge pull request #39 from mvdbeek/master", 
2e3e7a69,Björn Grüning,Sun Feb 23 23:25:54 2020,"Merge pull request #38 from ieguinoa/master", 
5d84cc93,Björn Grüning,Sun Feb 23 22:37:45 2020,"add missing link",   1, 1, 1 
3b9fc459,Björn Grüning,Sun Feb 23 22:35:44 2020,"Merge pull request #34 from ieguinoa/master", 
2a0b18c4,Björn Grüning,Sun Feb 23 22:04:00 2020,"Merge pull request #35 from galaxyproject/bgruening-patch-1", 
3d7d0b66,Björn Grüning,Sun Feb 23 20:52:20 2020,"Merge pull request #32 from Slugger70/alternate_pre", 
05ecec64,Björn Grüning,Sun Feb 23 20:51:49 2020,"Merge pull request #33 from Slugger70/Add_AU", 
5f7b8b9f,Dave Clements,Sun Feb 23 06:52:35 2020,"Added QR code to home page",   1, 2 
d831ce93,tnabtaf,Sun Feb 23 06:47:55 2020,"Adding biorxiv qrcode",   1, 0, 0 
b47091fb,Dave Clements,Sun Feb 23 06:33:13 2020,"Indenting paper link",   1, 1, 1 
cc1ff762,Dave Clements,Sun Feb 23 06:30:20 2020,"Added link to paper",   1, 5, 1 
3ab56e8a,Björn Grüning,Sat Feb 22 21:02:18 2020,"Merge pull request #31 from Slugger70/au-adds", 
61b95aef,Björn Grüning,Sat Feb 22 03:53:24 2020,"Merge pull request #30 from galaxyproject/rau", 
46ca4a10,Wolfgang Maier,Sat Feb 22 02:30:14 2020,"Remove redundant Galaxy workflow files",   2, 817 
4971ade1,Björn Grüning,Sat Feb 22 02:22:16 2020,"add missing comma",   1, 1, 1 
25a0ca9c,Wolfgang Maier,Sat Feb 22 02:16:57 2020,"Remove obsolete links to EU histories",   2, 2, 2 
6befe6db,Wolfgang Maier,Sat Feb 22 02:09:47 2020,"fix eu links in and update 6-",   1, 2, 4 
cc78dc57,Wolfgang Maier,Sat Feb 22 02:05:09 2020,"fix eu links in 5-",   1, 4, 4 
64a3ad85,Wolfgang Maier,Sat Feb 22 02:00:47 2020,"fix eu history link in 4-",   1, 1, 1 
64ab0cae,Wolfgang Maier,Sat Feb 22 01:56:45 2020,"Fix MRCA links",   1, 4, 3 
f2a97bb6,Bjoern Gruening,Sat Feb 22 01:07:06 2020,"remove DS_Store",   1, 0, 0 
7dfa962f,Bjoern Gruening,Sat Feb 22 01:02:52 2020,"remove link file",   1, 33 
b528ccf5,Bjoern Gruening,Sat Feb 22 01:02:36 2020,"add ORG links",   6, 12, 14 
9556ed19,nekrut,Sat Feb 22 00:27:22 2020,"link updates",   3, 35, 2 
186a49b0,nekrut,Sat Feb 22 00:21:38 2020,"link updates",   2, 2, 2 
04058eed,nekrut,Sat Feb 22 00:16:03 2020,"link updates",   2, 2, 2 
0154635e,Bjoern Gruening,Sat Feb 22 00:07:28 2020,"Merge branch 'master' of https://github.com/galaxyproject/SARS-CoV-2", 
c5979b67,Bjoern Gruening,Sat Feb 22 00:07:21 2020,"remove Comp folder",   3, 313 
8a2922b8,Bjoern Gruening,Fri Feb 21 23:58:49 2020,"add new logos to frontpage",   1, 10, 8 
2f23457b,Bjoern Gruening,Fri Feb 21 23:58:38 2020,"add new logos",   2, 0, 0 
2b688aed,nekrut,Fri Feb 21 23:50:56 2020,"adding people",   1, 1, 1 
7c7f881d,Anton Nekrutenko,Fri Feb 21 23:49:45 2020,"Merge pull request #28 from galaxyproject/mcra-name-fix", 
150a0db8,nekrut,Fri Feb 21 23:48:32 2020,"adding people",   1, 5, 3 
f6a420af,Bjoern Gruening,Fri Feb 21 22:54:57 2020,"Merge branch 'master' of https://github.com/galaxyproject/SARS-CoV-2", 
e0f6dd5f,Bjoern Gruening,Fri Feb 21 22:54:24 2020,"add de.NBI logo",   1, 8, 7 
a9eeb555,Bjoern Gruening,Fri Feb 21 22:54:16 2020,"add de.NBI logo",   1, 514 
f32712ad,nekrut,Fri Feb 21 22:27:20 2020,"small fixes te rec",   1, 1, 1 
ad8e3ecd,Anton Nekrutenko,Fri Feb 21 22:22:25 2020,"Merge pull request #26 from galaxyproject/main-readme-fixes", 
4563e0b1,Wolfgang Maier,Fri Feb 21 21:19:04 2020,"Fix EU link for preprocessing history",   1, 1, 1 
f3853e3c,Wolfgang Maier,Fri Feb 21 19:42:22 2020,"Update and fix MCRA README",   1, 5, 5 
229cfb54,Anton Nekrutenko,Fri Feb 21 13:49:46 2020,"Merge pull request #23 from galaxyproject/notebook-fixes", 
251772a3,Anton Nekrutenko,Fri Feb 21 13:48:07 2020,"Merge pull request #22 from galaxyproject/bgruening-patch-1", 
20697de2,nekrut,Fri Feb 21 13:47:13 2020,"more small fixes",   1, 2, 1 
b5b49c8c,nekrut,Fri Feb 21 13:42:51 2020,"updated links and romoved todo from recomb",   1, 2, 6 
cb501476,nekrut,Fri Feb 21 13:40:08 2020,"yet another new wf image for recomb",   1, 0, 0 
e8f67579,nekrut,Fri Feb 21 13:36:59 2020,"new wf image for recomb",   2, 0, 0 
12d60895,Dannon Baker,Fri Feb 21 12:59:46 2020,"Minor cleanup/typos in section 6.",   1, 2, 2 
0e8911a7,Dannon Baker,Fri Feb 21 12:54:31 2020,"README typo fix.",   1, 1, 1 
1a4e516d,nekrut,Fri Feb 21 12:50:40 2020,"updated workflow and history for mcra",   1, 2, 2 
8e99a755,nekrut,Fri Feb 21 12:38:30 2020,"updated workflow image for mcra",   1, 0, 0 
fbf98748,Wolfgang Maier,Fri Feb 21 09:58:11 2020,"Add variation analysis notebook links",   1, 1, 1 
e2267b5a,Wolfgang Maier,Fri Feb 21 09:53:48 2020,"fix mcra-notebook links",   1, 1, 1 
66d05dd1,Bjoern Gruening,Fri Feb 21 09:52:30 2020,"add history links",   4, 5, 5 
592b52e2,Bjoern Gruening,Fri Feb 21 09:46:20 2020,"add more workflow links",   3, 6, 5 
9f480c3b,Bjoern Gruening,Fri Feb 21 08:35:53 2020,"add first real links",   2, 4, 4 
af39b67b,Bjoern Gruening,Fri Feb 21 08:28:41 2020,"center badges",   1, 2 
36a7bf49,Bjoern Gruening,Fri Feb 21 07:34:42 2020,"center badges",   1, 2 
ea6fe1b1,Bjoern Gruening,Fri Feb 21 07:24:36 2020,"Merge branch 'master' of https://github.com/galaxyproject/SARS-CoV-2", 
4279f297,Bjoern Gruening,Fri Feb 21 07:21:18 2020,"add history badges",   1, 1, 1 
95426f5d,Bjoern Gruening,Fri Feb 21 05:10:32 2020,"Merge branch 'master' of https://github.com/galaxyproject/SARS-CoV-2", 
1d0dddbf,Bjoern Gruening,Fri Feb 21 05:09:57 2020,"consistent naming",   1, 1, 1 
8be03bca,Bjoern Gruening,Fri Feb 21 05:02:02 2020,"add example badges",   6, 36 
d01b681a,nekrut,Fri Feb 21 04:30:23 2020,"edits to MCRA",   1, 2, 2 
39312cca,nekrut,Fri Feb 21 04:19:26 2020,"added new workflow and history links to preprocessing",   1, 5, 5 
43c0ba31,Wolfgang Maier,Fri Feb 21 03:29:56 2020,"Redo lost PreProcessing changes",   2, 9, 4 
254fd016,Wolfgang Maier,Fri Feb 21 03:16:56 2020,"Rename directories",   32, 13, 9 
32900cf7,Wolfgang Maier,Fri Feb 21 02:59:07 2020,"Revert "Merge branch 'master' into master"",   30, 9, 9179 
61a5b4f4,Wolfgang Maier,Fri Feb 21 02:53:29 2020,"Revert "moved changes from recombinatin to 6-recombinationselection"",   4, 65, 20 
d18db9a6,nekrut,Fri Feb 21 02:41:25 2020,"moved changes from recombinatin to 6-recombinationselection",   4, 20, 65 
c224ab27,Anton Nekrutenko,Fri Feb 21 02:36:20 2020,"Merge pull request #20 from spond/master", 
f0a93192,nekrut,Fri Feb 21 02:31:41 2020,"replaces pp workflow image",   1, 0, 0 
8404e106,nekrut,Fri Feb 21 02:26:41 2020,"fixes to preprocesing",   1, 5, 6 
e854e10a,nekrut,Fri Feb 21 02:23:27 2020,"fixes to main readme and to preprocesing",   2, 9, 9 
fbc639bd,nekrut,Fri Feb 21 02:16:27 2020,"fixes + renaming of sections",   28, 9090, 2 
3ce7d05a,nekrut,Fri Feb 21 02:04:50 2020,"fixes",   2, 79 
438c0262,nekrut,Fri Feb 21 01:59:40 2020,"fixes",   1, 6, 3 
9508ea11,nekrut,Fri Feb 21 01:50:30 2020,"fixes",   1, 1 
f44d7336,Björn Grüning,Wed Feb 19 19:27:48 2020,"Merge pull request #19 from galaxyproject/comp-aln-format-fix", 
3972228a,nekrut,Wed Feb 19 13:54:57 2020,"updated alignments for recombination and selection analysis",   2, 330, 462 
65a24c25,Delphine-L,Wed Feb 19 07:13:00 2020,"Merge branch 'master' of github.com:galaxyproject/SARS-CoV-2", 
ff71db8f,Delphine-L,Wed Feb 19 07:08:27 2020,"Update to alignment with sequences from group 1 coronaviruses",   6, 38, 29 
09d1263a,Delphine-L,Tue Feb 18 05:09:27 2020,"Merge branch 'master' of github.com:galaxyproject/SARS-CoV-2", 
95302675,Delphine-L,Tue Feb 18 05:09:14 2020,"modification of history link",   1, 1, 1 
c746e244,Delphine-L,Tue Feb 18 01:23:12 2020,"Improvement of syntax to remove lint warnings",   1, 4, 4 
04fb9779,Delphine-L,Tue Feb 18 01:22:41 2020,"Addition of Galaxy workflow file",   1, 369 
8321e3cb,Delphine Lariviere,Mon Feb 17 14:20:08 2020,"addition of CDS sequences",   1, 43 
abee188f,nekrut,Mon Feb 17 13:53:32 2020,"updates",   4, 31, 25 
45e0a6ba,nekrut,Mon Feb 17 13:45:28 2020,"updates",   1, 2, 2 
fa2644da,nekrut,Mon Feb 17 13:44:30 2020,"Merge branch 'master' of github.com:galaxyproject/SARS-CoV-2", 
82e8d9ed,nekrut,Mon Feb 17 13:43:59 2020,"updates",   2, 8, 9 
bee39f18,nekrut,Mon Feb 17 08:01:28 2020,"added recombination analysis",   1, 1, 1 
0e6da196,nekrut,Mon Feb 17 08:00:19 2020,"added recombination analysis",   4, 7, 112 
3e269fcd,nekrut,Mon Feb 17 07:54:35 2020,"added recombination analysis",   3, 199, 780 
d23dac64,nekrut,Mon Feb 17 06:38:07 2020,"added recombination analysis",   3, 57, 6 
46e8ea6e,nekrut,Mon Feb 17 06:29:36 2020,"added recombination analysis",   3, 962, 6 
43af59b0,nekrut,Mon Feb 17 02:51:18 2020,"finished comp",   2, 39, 1 
7fc9a81d,Anton Nekrutenko,Mon Feb 17 01:19:32 2020,"Update README.md",   1, 1, 1 
e69ac3ef,Anton Nekrutenko,Mon Feb 17 01:19:14 2020,"Update README.md",   1, 1 
d1c32930,nekrut,Sun Feb 16 07:29:50 2020,"added comp section",   3, 272, 1 
1b498800,Anton Nekrutenko,Sat Feb 15 09:32:50 2020,"Merge pull request #3 from tnabtaf/master", 
9a81eb3f,nekrut,Sat Feb 15 04:51:44 2020,"variation update",   1, 2, 6 
72e775c3,nekrut,Sat Feb 15 04:51:12 2020,"variation update",   1, 1, 1 
14f43df6,nekrut,Sat Feb 15 04:50:14 2020,"variation update",   1, 4, 4 
2fc87d69,nekrut,Sat Feb 15 04:49:41 2020,"variation update",   7, 44 
d39f26ba,nekrut,Sat Feb 15 04:47:00 2020,"variation update",   4, 0, 0 
ed2577f6,nekrut,Sat Feb 15 04:45:21 2020,"variation update",   3, 2, 1 
92bc74cb,nekrut,Sat Feb 15 04:43:26 2020,"variation update",   1, 2 
f48799e6,nekrut,Sat Feb 15 04:42:25 2020,"variation update",   6, 146, 1 
abf9fac4,nekrut,Sat Feb 15 04:22:19 2020,"variation update",   1, 9, 9 
2e403509,nekrut,Sat Feb 15 04:21:17 2020,"variation update",   1, 9, 10 
132d7518,nekrut,Sat Feb 15 04:17:30 2020,"variation update",   1, 1, 1 
628d6d3e,nekrut,Sat Feb 15 04:17:05 2020,"variation update",   1, 2, 1 
3f11c4ad,nekrut,Sat Feb 15 04:16:31 2020,"variation update",   1, 1, 2 
da94e991,nekrut,Sat Feb 15 04:16:04 2020,"variation update",   1, 10, 10 
62265450,nekrut,Sat Feb 15 04:15:16 2020,"variation update",   2, 12, 3 
1483c161,Delphine Lariviere,Sat Feb 15 04:06:46 2020,"Merge pull request #2 from galaxyproject/alignment", 
6dd07474,Delphine Lariviere,Sat Feb 15 03:40:53 2020,"Merge pull request #1 from galaxyproject/alignment", 
c037cc14,nekrut,Sat Feb 15 03:38:15 2020,"variation update",   1, 1, 1 
01131b75,nekrut,Sat Feb 15 03:35:36 2020,"variation update",   1, 19, 1 
c14ddd15,nekrut,Sat Feb 15 03:32:10 2020,"variation update",   2, 11, 1 
527ccfad,nekrut,Sat Feb 15 03:27:14 2020,"variation update",   2, 1, 5268 
6880691e,nekrut,Sat Feb 15 03:23:15 2020,"variation update",   2, 5283, 3 
be126d78,nekrut,Sat Feb 15 03:13:43 2020,"variation update",   1, 1, 1 
a9a91c9e,nekrut,Sat Feb 15 03:12:54 2020,"variation update",   2, 6663, 1 
bc1ce70d,Anton Nekrutenko,Fri Feb 14 14:56:56 2020,"Update README.md",   1, 1, 1 
7151c23b,Anton Nekrutenko,Fri Feb 14 14:56:01 2020,"Update README.md",   1, 2 
187a0c51,nekrut,Fri Feb 14 14:54:48 2020,"added variation readme",   1, 44 
4e023d90,nekrut,Fri Feb 14 11:50:35 2020,"readme edits",   1, 1, 1 
d847806c,nekrut,Fri Feb 14 11:49:52 2020,"readme edits",   1, 3, 1 
88acabf7,nekrut,Fri Feb 14 11:45:09 2020,"readme edits",   1, 4, 4 
e2031e0d,nekrut,Fri Feb 14 11:43:40 2020,"readme edits",   2, 23, 3 
144351da,nekrut,Fri Feb 14 11:35:38 2020,"assembly workflow image",   1, 0, 0 
cfb87381,nekrut,Fri Feb 14 11:32:50 2020,"assembly readme",   2, 28, 8 
3786b555,nekrut,Fri Feb 14 11:15:03 2020,"added assembly folder",   1, 9 
b5e5cacb,nekrut,Fri Feb 14 07:24:58 2020,"readme",   1, 2 
9210a77e,nekrut,Fri Feb 14 07:24:36 2020,"readme",   2, 5, 5 
5904b7f3,nekrut,Fri Feb 14 07:23:18 2020,"readme",   2, 22, 7 
feb33214,nekrut,Fri Feb 14 06:53:46 2020,"areadme edits",   1, 7, 7 
87210c0a,nekrut,Fri Feb 14 06:52:31 2020,"areadme edits",   3, 56, 13 
0b0540cf,Anton Nekrutenko,Fri Feb 14 06:07:52 2020,"Update README.md",   1, 3 
95f9dba9,nekrut,Fri Feb 14 06:03:51 2020,"started PreProc",   1, 0, 0 
0a90b36b,Anton Nekrutenko,Fri Feb 14 05:59:02 2020,"Update README.md",   1, 1, 1 
84aa9ee9,Anton Nekrutenko,Fri Feb 14 05:58:51 2020,"Update README.md",   1, 6 
ad48397f,Anton Nekrutenko,Fri Feb 14 05:54:39 2020,"Update README.md",   1, 2 
d59b294f,Anton Nekrutenko,Fri Feb 14 05:53:12 2020,"Update README.md",   1, 4, 2 
5b0e7c1f,nekrut,Fri Feb 14 05:49:02 2020,"mcra notebook",   1, 598 
c11af89d,Anton Nekrutenko,Fri Feb 14 05:34:43 2020,"Update README.md",   1, 2 
bac6ab60,Anton Nekrutenko,Fri Feb 14 05:33:17 2020,"Update README.md",   1, 7, 3 
193bf4c8,nekrut,Fri Feb 14 05:32:45 2020,"added workflow info",   2, 448 
6f167e80,nekrut,Fri Feb 14 05:17:30 2020,"Merge branch 'master' of github.com:galaxyproject/SARS-CoV-2", 
5b3eac03,nekrut,Fri Feb 14 05:17:16 2020,"removed long branches",   1, 1, 7 
dc4b2bd5,nekrut,Fri Feb 14 01:50:36 2020,"accessions and dates for MCRA workflow",   1, 38 
228c6b0a,Anton Nekrutenko,Fri Feb 14 01:20:08 2020,"Update README.md",   1, 3, 1 
0b1a509c,Dannon Baker,Fri Feb 14 01:03:57 2020,"Placeholder initial commit",   1, 1 