commit id,author,date,comment,changed files,lines added,lines deleted

4f56343,Gerald Auger,Fri Sep 18 03:12:18 2020,"Update README.md",   1, 6 
8aaa61e,Gerald Auger,Fri Sep 18 03:02:04 2020,"Update README.md",   1, 2 
31818f1,Gerald Auger,Thu Sep 17 04:07:50 2020,"Update README.md",   1, 2 
3ce8663,Gerald Auger,Thu Sep 17 04:07:04 2020,"clean up",   1, 11 
e4915f3,Gerald Auger,Mon Sep 14 10:58:39 2020,"Merge pull request #47 from BrendanChambersBourgeois/xss-refrence-additon", 
a9d7a7a,Gerald Auger,Sat Sep 5 05:02:24 2020,"suricata on 9/17",   1, 2 
087457a,Gerald Auger,Wed Sep 2 22:32:50 2020,"added 15+ pentesting labs / ctfs",   1, 74 
221b50d,Gerald Auger,Wed Sep 2 03:02:24 2020,"Update README.md",   1, 3, 11 
7e9c685,Gerald Auger,Fri Aug 28 04:52:08 2020,"Merge pull request #46 from apurvsinghgautam/patch-13", 
1ecbaf7,Gerald Auger,Tue Aug 25 01:35:12 2020,"Update README.md",   1, 4, 4 
008c2cc,Gerald Auger,Tue Aug 25 01:33:53 2020,"Update README.md",   1, 2, 2 
1e90445,Gerald Auger,Tue Aug 25 01:32:49 2020,"Update README.md",   1, 1, 1 
ca4e06b,Gerald Auger,Tue Aug 25 01:32:32 2020,"Update README.md",   1, 2, 8 
d45affd,Gerald Auger,Tue Aug 25 01:30:38 2020,"Update README.md",   1, 2, 2 
6d76bc6,Gerald Auger,Tue Aug 25 01:29:11 2020,"added anchors to TOC",   1, 9, 9 
644e3dd,Gerald Auger,Tue Aug 25 01:25:19 2020,"Update README.md",   1, 1, 1 
565a4f0,Gerald Auger,Tue Aug 25 01:23:31 2020,"Update README.md",   1, 1, 1 
6df71e8,Gerald Auger,Tue Aug 25 01:23:10 2020,"Update README.md",   1, 1, 1 
83c8225,Gerald Auger,Tue Aug 25 01:22:54 2020,"trying to format anchors",   1, 3, 2 
42d9c38,Gerald Auger,Tue Aug 25 00:55:55 2020,"Update README.md",   1, 5, 5 
a8b7107,Gerald Auger,Tue Aug 25 00:54:28 2020,"SOOO MANY cheat sheets",   1, 150 
65e358a,Gerald Auger,Mon Aug 24 01:27:23 2020,"Merge pull request #44 from apurvsinghgautam/patch-12", 
2a60ff4,Gerald Auger,Mon Aug 17 22:28:48 2020,"shodan filters cheat sheet",   1, 3 
8d581df,Gerald Auger,Mon Aug 17 02:41:22 2020,"Update README.md",   1, 1, 13 
137f289,Gerald Auger,Mon Aug 17 01:55:45 2020,"Update README.md",   1, 4 
a14b6ab,Gerald Auger,Fri Aug 14 03:08:49 2020,"Update README.md",   1, 5, 4 
bc54ca2,Gerald Auger,Fri Aug 14 03:07:18 2020,"Added cheat sheets.",   1, 53, 4 
e1df548,Gerald Auger,Thu Aug 13 08:42:17 2020,"Merge pull request #43 from apurvsinghgautam/patch-11", 
b403525,Gerald Auger,Tue Aug 11 09:11:29 2020,"fortinet quick sessions added.",   1, 6 
132b3c4,Gerald Auger,Tue Aug 11 02:45:49 2020,"Update README.md",   1, 8 
6d50053,Gerald Auger,Sat Aug 8 05:30:48 2020,"Merge pull request #38 from apurvsinghgautam/patch-10", 
1bfc7b0,Gerald Auger,Tue Aug 4 23:30:33 2020,"Merge pull request #37 from ehny/patch-1", 
e47aae5,Gerald Auger,Tue Aug 4 07:02:43 2020,"Merge pull request #35 from apurvsinghgautam/patch-9", 
1abe139,Gerald Auger,Tue Aug 4 02:58:30 2020,"Update README.md",   1, 3 
37d7583,Gerald Auger,Mon Aug 3 22:29:34 2020,"Update README.md",   1, 2, 2 
ae3d1bc,Gerald Auger,Mon Aug 3 06:15:24 2020,"ps empire no longer free. removed",   1, 2 
2641665,Gerald Auger,Mon Aug 3 01:26:30 2020,"Update README.md",   1, 20, 16 
646107f,Gerald Auger,Mon Aug 3 01:20:35 2020,"Merge pull request #34 from ApurvT/ApurvT-patch-1", 
8c4ab4a,Gerald Auger,Sun Aug 2 11:46:43 2020,"Update README.md",   1, 3, 1 
ccbcf06,Gerald Auger,Sun Aug 2 09:41:47 2020,"Update README.md",   1, 2 
e396ebd,Gerald Auger,Sun Aug 2 00:59:02 2020,"Update README.md",   1, 20, 45 
557b270,Gerald Auger,Sun Aug 2 00:40:31 2020,"Update README.md",   1, 1, 1 
c457fb4,Gerald Auger,Sun Aug 2 00:39:09 2020,"Update README.md",   1, 1, 1 
2720cba,Gerald Auger,Sun Aug 2 00:38:48 2020,"Update README.md",   1, 10, 3 
5dd4b4f,Gerald Auger,Sat Aug 1 06:00:34 2020,"Update README.md",   1, 3, 3 
f042005,Gerald Auger,Sat Aug 1 05:59:58 2020,"Update README.md",   1, 1 
f3be612,Gerald Auger,Sat Aug 1 05:57:31 2020,"Update README.md",   1, 2 
12b6e24,Gerald Auger,Sat Aug 1 05:54:50 2020,"Update README.md",   1, 1, 1 
4a52f72,Gerald Auger,Sat Aug 1 05:54:30 2020,"Update README.md",   1, 12, 9 
d6aea9c,Gerald Auger,Sat Aug 1 05:48:24 2020,"added discord slack",   1, 8, 3 
adbe3bb,Gerald Auger,Sat Aug 1 05:11:18 2020,"Update README.md",   1, 12, 12 
abc943d,Gerald Auger,Sat Aug 1 04:55:10 2020,"Removing July Events",   1, 42, 55 
cbfea8a,Gerald Auger,Sat Aug 1 04:49:46 2020,"Update README.md",   1, 1, 1 
7088335,Gerald Auger,Sat Aug 1 04:49:10 2020,"Merge pull request #33 from aryananand42/master", 
4cf663f,Gerald Auger,Sat Aug 1 02:47:19 2020,"Update README.md",   1, 2 
cc7e437,Gerald Auger,Thu Jul 30 07:27:12 2020,"Update README.md",   1, 4, 5 
43f7db7,Gerald Auger,Thu Jul 30 07:04:48 2020,"aws re invent",   1, 2 
258cbe4,Gerald Auger,Thu Jul 30 06:58:22 2020,"Update README.md",   1, 1, 1 
341b874,Gerald Auger,Thu Jul 30 06:57:37 2020,"YOUTUBE!",   1, 85, 89 
78994f4,Gerald Auger,Thu Jul 30 06:44:31 2020,"Added an entire YouTube Section Whoop whoop!",   1, 137 
3de689e,Gerald Auger,Thu Jul 30 06:30:32 2020,"Update README.md",   1, 4, 1 
f050670,Gerald Auger,Thu Jul 30 06:23:25 2020,"Update README.md",   1, 2 
981a589,Gerald Auger,Thu Jul 30 03:23:45 2020,"Merge pull request #32 from apurvsinghgautam/patch-8", 
a0b943b,Gerald Auger,Thu Jul 30 01:12:38 2020,"Update README.md",   1, 2 
bc125f6,Gerald Auger,Wed Jul 29 00:03:00 2020,"Merge pull request #31 from mvandewouw/master", 
9ef066d,Gerald Auger,Mon Jul 27 23:50:43 2020,"pruned past; added CIS",   1, 2, 6 
75abec4,Gerald Auger,Fri Jul 24 06:17:08 2020,"added my own Youtube playlist about entry levels",   1, 3, 2 
d565e59,Gerald Auger,Fri Jul 24 06:12:55 2020,"fortinac training",   1, 4 
d0e0cbf,Gerald Auger,Fri Jul 24 06:09:54 2020,"Merge pull request #30 from apurvsinghgautam/patch-7", 
1ab95bf,Gerald Auger,Tue Jul 21 07:31:15 2020,"Merge pull request #29 from apurvsinghgautam/patch-6", 
14131e1,Gerald Auger,Mon Jul 20 09:47:57 2020,"clean up",   1, 5 
26a031d,Gerald Auger,Fri Jul 17 06:26:32 2020,"Merge pull request #28 from RobGoelz/patch-1", 
c7c6726,Gerald Auger,Fri Jul 17 00:41:56 2020,"Update README.md",   1, 2 
979c839,Gerald Auger,Thu Jul 16 22:44:42 2020,"Update README.md",   1, 4 
156e2d4,Gerald Auger,Thu Jul 16 22:40:37 2020,"Update README.md",   1, 2, 1 
b1c9ea2,Gerald Auger,Thu Jul 16 22:40:10 2020,"pruning; added my YT channel",   1, 1, 5 
7d0c420,Gerald Auger,Thu Jul 16 07:39:14 2020,"Update README.md",   1, 2 
c9d2f55,Gerald Auger,Wed Jul 15 00:58:17 2020,"adding sxos",   1, 2 
a0fd152,Gerald Auger,Mon Jul 13 22:57:17 2020,"added blackhat webcast",   1, 2 
49ae637,Gerald Auger,Tue Jul 7 03:07:41 2020,"added blackhat training",   1, 3 
3600086,Gerald Auger,Thu Jul 2 12:15:32 2020,"Merge pull request #27 from apurvsinghgautam/patch-5", 
38c80db,Gerald Auger,Wed Jul 1 23:19:47 2020,"Update README.md",   1, 2 
40097c7,Gerald Auger,Wed Jul 1 09:45:31 2020,"clean up and added hacking training",   1, 8, 7 
2f40e9d,Gerald Auger,Tue Jun 30 02:14:48 2020,"Merge pull request #26 from ehny/patch-1", 
fd86cab,Gerald Auger,Tue Jun 30 01:12:10 2020,"Update README.md",   1, 2 
c8bb1b3,Gerald Auger,Tue Jun 30 01:11:19 2020,"added CTF",   1, 2 
573a5f4,Gerald Auger,Fri Jun 26 04:30:39 2020,"Update README.md",   1, 4, 1 
4d66d4c,Gerald Auger,Fri Jun 26 04:11:31 2020,"Update README.md",   1, 2, 4 
b625ad1,Gerald Auger,Wed Jun 24 03:28:29 2020,"added jungle",   1, 2 
8f8d70a,Gerald Auger,Tue Jun 23 02:24:13 2020,"culled past events.",   1, 8 
f77a58d,Gerald Auger,Thu Jun 18 00:00:27 2020,"sans DFIR",   1, 2 
878b980,Gerald Auger,Wed Jun 17 04:23:06 2020,"summercon",   1, 2 
87fda2f,Gerald Auger,Wed Jun 17 04:15:53 2020,"culled and added BHIS Webapps",   1, 3, 3 
ce28602,Gerald Auger,Tue Jun 16 02:38:46 2020,"culled and added splunk",   1, 2, 7 
a484325,Gerald Auger,Mon Jun 15 03:33:37 2020,"added ossec. con",   1, 2 
57f08c4,Gerald Auger,Sat Jun 13 11:05:02 2020,"Merge pull request #25 from mvandewouw/master", 
4cdce32,Gerald Auger,Thu Jun 11 06:34:32 2020,"tactical edge summit",   1, 3 
d194551,Gerald Auger,Thu Jun 11 02:12:59 2020,"Merge pull request #24 from mvandewouw/master", 
fbe223f,Gerald Auger,Wed Jun 10 23:45:04 2020,"Merge pull request #23 from ehny/patch-2", 
0f18005,Gerald Auger,Tue Jun 9 01:15:22 2020,"culled past events",   1, 6 
602ae32,Gerald Auger,Tue Jun 9 01:14:38 2020,"reversing 2020",   1, 2 
d03148b,Gerald Auger,Fri Jun 5 00:20:16 2020,"added pentesting for it pros.",   1, 2 
636c0ad,Gerald Auger,Wed Jun 3 03:51:22 2020,"Removed 2 pearson vue that arent free.",   1, 5 
5b094d3,Gerald Auger,Mon Jun 1 22:45:21 2020,"culled past events; added BHIS",   1, 2, 16 
c7c6f81,Gerald Auger,Mon Jun 1 22:42:41 2020,"Merge pull request #21 from mvandewouw/master", 
438b4cb,Gerald Auger,Fri May 29 00:56:21 2020,"clean up",   1, 6 
bc0610f,Gerald Auger,Fri May 29 00:54:20 2020,"culled. added BHIS webinar",   1, 34, 33 
b2cc406,Gerald Auger,Tue May 26 00:08:42 2020,"culled; added AWS Pentesting Playground",   1, 1, 3 
c787dde,Gerald Auger,Thu May 21 22:58:13 2020,"added MY OWN webinar may 21",   1, 2 
6b46eb2,Gerald Auger,Thu May 21 22:52:50 2020,"culling",   1, 4 
be460ad,Gerald Auger,Thu May 21 22:51:45 2020,"added two webinars bug bounty, scythe.",   1, 4 
93df864,Gerald Auger,Thu May 21 04:23:48 2020,"Update README.md",   1, 1, 1 
533e7e9,Gerald Auger,Thu May 21 04:10:09 2020,"add golden age of c2 sans",   1, 3 
c0746b6,Gerald Auger,Wed May 20 02:54:42 2020,"Merge pull request #18 from mvandewouw/master", 
66b0120,Gerald Auger,Tue May 19 02:36:57 2020,"removed past events.",   1, 1, 3 
a6ba6cf,Gerald Auger,Sun May 17 02:02:35 2020,"culled list.",   1, 2, 8 
b2f26ca,Gerald Auger,Sun May 17 02:01:07 2020,"BHIS selling security to C",   1, 2 
44365c4,Gerald Auger,Sat May 16 00:59:00 2020,"Merge pull request #17 from ehny/patch-2", 
fe05a55,Gerald Auger,Fri May 15 04:05:00 2020,"Merge pull request #15 from apurvsinghgautam/patch-3", 
b1541ea,Gerald Auger,Fri May 15 02:57:53 2020,"Update README.md",   1, 1, 1 
c532389,Gerald Auger,Thu May 14 23:55:45 2020,"removed past events.",   1, 3 
f71cd72,Gerald Auger,Thu May 14 23:52:44 2020,"Merge pull request #13 from apurvsinghgautam/patch-2", 
99a71ea,Gerald Auger,Wed May 13 03:59:49 2020,"Merge pull request #12 from apurvsinghgautam/patch-1", 
181c418,Gerald Auger,Wed May 13 03:58:35 2020,"add DEFCON and JUNC",   1, 3 
4657588,Gerald Auger,Wed May 13 02:44:34 2020,"added bhis may 14 blue team",   1, 2 
1d0844a,Gerald Auger,Wed May 13 01:01:26 2020,"removing past events.",   1, 9 
a2b7cd8,Gerald Auger,Wed May 13 00:59:07 2020,"added trustedsec webinar. may 20",   1, 2 
57bc12a,Gerald Auger,Mon May 11 23:51:58 2020,"Merge pull request #11 from ehny/patch-1", 
d8e8dfa,Gerald Auger,Mon May 11 23:15:46 2020,"Merge pull request #10 from ehny/patch-1", 
42b1eca,Gerald Auger,Mon May 11 10:15:37 2020,"Merge pull request #9 from apurvsinghgautam/patch-1", 
188bb16,Gerald Auger,Mon May 11 10:11:08 2020,"Merge pull request #8 from ehny/new_branch", 
067d71d,Gerald Auger,Fri May 8 22:35:31 2020,"Merge pull request #7 from mvandewouw/dockercon", 
49247a7,Gerald Auger,Fri May 8 01:30:22 2020,"added flAWS and podcast",   1, 4 
4a22092,Gerald Auger,Wed May 6 23:39:36 2020,"cleaned up Red team Village",   1, 1, 1 
124c9ce,Gerald Auger,Wed May 6 23:39:10 2020,"added RedTeam Village Virtual Con",   1, 2 
c1317ff,Gerald Auger,Wed May 6 02:52:10 2020,"added rangeforce suricata back",   1, 2 
b7c2043,Gerald Auger,Tue May 5 23:12:28 2020,"Merge pull request #6 from mcclanahan/patch-1", 
6b0af4b,Gerald Auger,Tue May 5 04:50:38 2020,"added may 7 suricata webinar",   1, 2 
432e3e0,Gerald Auger,Mon May 4 00:12:49 2020,"removed past events.",   1, 11 
7dec508,Gerald Auger,Sat May 2 03:13:55 2020,"removed April events;",   1, 12 
23fa283,Gerald Auger,Fri May 1 01:43:16 2020,"added Stalkerware",   1, 3 
d0f6e34,Gerald Auger,Thu Apr 30 04:59:01 2020,"added Linux forensics",   1, 2 
e2fbe7c,Gerald Auger,Thu Apr 30 01:05:23 2020,"added Hackxor",   1, 2 
bad4bf4,Gerald Auger,Wed Apr 29 22:30:43 2020,"added yara training",   1, 2 
0b61000,Gerald Auger,Wed Apr 29 07:04:28 2020,"added details for ics onramp",   1, 2, 1 
446776c,Gerald Auger,Wed Apr 29 06:04:23 2020,"adding ics onramp",   1, 2 
44eaa1e,Gerald Auger,Tue Apr 28 23:44:53 2020,"added Harrisburg U",   1, 2 
aadc47a,Gerald Auger,Tue Apr 28 23:27:51 2020,"added BHIS kerberos webinar",   1, 3 
dbdf69e,Gerald Auger,Tue Apr 28 22:40:08 2020,"removed past cons.",   1, 4 
ea5b6b8,Gerald Auger,Tue Apr 28 22:37:44 2020,"added airgap 2020",   1, 2 
d99bf2e,Gerald Auger,Tue Apr 28 00:46:17 2020,"added may 6 talk trustedsec",   1, 2 
b8a3585,Gerald Auger,Mon Apr 27 22:57:28 2020,"added 2 CTF",   1, 4, 3 
21c13e0,Gerald Auger,Sat Apr 25 04:12:57 2020,"added Fed Virtual Training Env",   1, 2 
f17318b,Gerald Auger,Sat Apr 25 03:45:40 2020,"culled list of past events.",   1, 2 
2d74d77,Gerald Auger,Sat Apr 25 01:21:17 2020,"added blackhat webcast page",   1, 2 
c789c15,Gerald Auger,Sat Apr 25 00:25:34 2020,"EOL IMage",   1, 0, 0 
e6e5459,Gerald Auger,Sat Apr 25 00:24:59 2020,"Delete GerryMeMoji.png",   1, 0, 0 
d6a4cf1,Gerald Auger,Sat Apr 25 00:24:40 2020,"header image added.",   1, 2 
cf183ed,Gerald Auger,Sat Apr 25 00:24:16 2020,"Add files via upload",   1, 0, 0 
836f6d5,Gerald Auger,Sat Apr 25 00:20:33 2020,"Add files via upload",   1, 0, 0 
a635024,Gerald Auger,Sat Apr 25 00:19:16 2020,"Add files via upload",   1, 0, 0 
6816252,Gerald Auger,Sat Apr 25 00:19:00 2020,"Delete GerryMeMoji.png",   1, 0, 0 
ab977c6,Gerald Auger,Sat Apr 25 00:18:06 2020,"Add files via upload",   1, 0, 0 
06d43d5,Gerald Auger,Sat Apr 25 00:14:55 2020,"added graphic.",   1, 0, 0 
70f797f,Gerald Auger,Sat Apr 25 00:11:24 2020,"deleted past events/",   1, 8 
4ce9c74,Gerald Auger,Fri Apr 24 23:41:36 2020,"added rangeforce suricata",   1, 2 
9b3e06c,Gerald Auger,Fri Apr 24 02:33:36 2020,"Merge pull request #5 from mvandewouw/master", 
3d71c30,Gerald Auger,Wed Apr 22 22:41:05 2020,"added 13 college courses",   1, 29 
93184e2,Gerald Auger,Tue Apr 21 05:45:14 2020,"formatting",   1, 2, 7 
fc109e0,Gerald Auger,Tue Apr 21 05:43:41 2020,"CleanUp, Podcasts, Webinars",   1, 43, 23 
5911e7e,Gerald Auger,Mon Apr 20 22:57:27 2020,"Merge pull request #4 from carlmon/master", 
50d1f50,Gerald Auger,Mon Apr 20 05:49:28 2020,"Update README.md",   1, 1, 1 
b0f4d8e,Gerald Auger,Mon Apr 20 05:47:51 2020,"strike thru isolationcon",   1, 1, 1 
e14549d,Gerald Auger,Mon Apr 20 05:47:12 2020,"Added BHIS training in may",   1, 4, 2 
017c091,Gerald Auger,Mon Apr 20 05:38:22 2020,"removed EC Council",   1, 1, 2 
16eb4d2,Gerald Auger,Sun Apr 19 10:32:42 2020,"updated with events that have passed strike thru",   1, 3, 4 
c7adb25,Gerald Auger,Sun Apr 19 02:58:27 2020,"added don weber SANS talks to May",   1, 3 
32c68e5,Gerald Auger,Sat Apr 18 05:29:17 2020,"added 2 netacad courses.",   1, 4 
31d37f4,Gerald Auger,Fri Apr 17 06:03:14 2020,"Update README.md",   1, 1, 1 
dea767a,Gerald Auger,Fri Apr 17 06:02:02 2020,"fixed formatting",   1, 1, 1 
9502594,Gerald Auger,Fri Apr 17 06:01:17 2020,"strike through events that have passed.",   1, 2, 2 
46a3523,Gerald Auger,Fri Apr 17 06:00:16 2020,"added sans conf for may1",   1, 3 
f5e5a10,Gerald Auger,Fri Apr 17 05:57:53 2020,"added SANS OT",   1, 2 
d4d70df,Gerald Auger,Thu Apr 16 23:47:31 2020,"strikethrough on events that have passed.",   1, 3, 3 
558d783,Gerald Auger,Thu Apr 16 23:37:40 2020,"appsec owasp con added.",   1, 2 
031bc3c,Gerald Auger,Thu Apr 16 22:32:08 2020,"Merge pull request #3 from agnivesh/patch-1", 
d0fc786,Gerald Auger,Thu Apr 16 06:41:07 2020,"Merge pull request #2 from carlmon/master", 
93e766a,Gerald Auger,Thu Apr 16 01:47:29 2020,"Bruce Schneier edit",   1, 1, 1 
5e38cf5,Gerald Auger,Thu Apr 16 01:46:22 2020,"added Bruce Schneier lecture",   1, 2 
8e2ba32,Gerald Auger,Wed Apr 15 22:38:05 2020,"crossed off GRIMMcon",   1, 1, 1 
2187b9c,Gerald Auger,Wed Apr 15 06:25:33 2020,"added bhis hacking dumberly 4/15",   1, 2 
a0176b1,Gerald Auger,Wed Apr 15 04:53:23 2020,"added HBO documentary 'killchain'",   1, 2 
3dfa5da,Gerald Auger,Wed Apr 15 04:49:13 2020,"added podcasts section",   1, 11 
6dae1c2,Gerald Auger,Wed Apr 15 04:42:03 2020,"added to Stanford lectures.",   1, 4 
9869eed,Gerald Auger,Wed Apr 15 04:31:29 2020,"added book",   1, 2 
144d3b5,Gerald Auger,Wed Apr 15 04:26:19 2020,"cyber skill gap and coupon code.",   1, 2 
cfa329a,gerryguy311,Wed Apr 15 03:35:39 2020,"added Jorge hack yourself.",   1, 2 
bb842b0,gerryguy311,Wed Apr 15 03:16:46 2020,"all the talks added.",   1, 2 
44ad010,gerryguy311,Tue Apr 14 23:43:18 2020,"removed BHIS course with strand, cost wasnt free.",   1, 1 
39649eb,gerryguy311,Tue Apr 14 23:32:46 2020,"struck out events that have occurred.",   1, 2, 2 
8935300,gerryguy311,Tue Apr 14 22:16:03 2020,"sec+ training price changed from free to $250",   1, 1, 1 
34e5330,gerryguy311,Tue Apr 14 06:45:10 2020,"removed women in cybersecurity - event not free;",   1, 2 
af9db1c,gerryguy311,Tue Apr 14 05:59:49 2020,"added 2 cons and fixed link to PCAP - ThanksReddit",   1, 5, 1 
bdb3ab8,gerryguy311,Tue Apr 14 02:45:13 2020,"added empire powershell training",   1, 2 
c95b51b,gerryguy311,Tue Apr 14 02:43:28 2020,"added two trainings.",   1, 4 
877f118,gerryguy311,Tue Apr 14 02:36:33 2020,"added 3 pearsonvue training.s",   1, 6 
0fc28cb,gerryguy311,Tue Apr 14 02:32:36 2020,"added udemy",   1, 2 
f7b1761,gerryguy311,Mon Apr 13 01:20:08 2020,"added 4 sans ; strikethrough on BHIS 4/9",   1, 9, 1 
764529d,gerryguy311,Sun Apr 12 02:00:21 2020,"added Autopsy digital forensics thanks Paul Ihme.",   1, 2 
5f5fc51,gerryguy311,Sat Apr 11 05:28:51 2020,"Update README.md",   1, 2, 2 
9db976f,gerryguy311,Sat Apr 11 05:26:55 2020,"added 10 training sites per michael gomez",   1, 17, 1 
e4fd3dc,gerryguy311,Sat Apr 11 04:45:04 2020,"BHIS build a lab",   1, 2 
ade2c8a,gerryguy311,Sat Apr 11 02:17:15 2020,"formatting",   1, 1, 3 
13a853b,gerryguy311,Sat Apr 11 02:16:48 2020,"added REDHAT Summit - Thanks Ray Stirbei.",   1, 5 
f735ec6,gerryguy311,Fri Apr 10 00:20:47 2020,"formatting",   1, 1, 1 
f5bed52,gerryguy311,Fri Apr 10 00:20:17 2020,"added books section; added 2 books.",   1, 10 
a2e1aa7,gerryguy311,Thu Apr 9 23:57:31 2020,"added RSA APJ Conference",   1, 3 
37fa78d,gerryguy311,Thu Apr 9 08:19:16 2020,"fortnet free training",   1, 10 
883b30f,gerryguy311,Thu Apr 9 05:21:41 2020,"ISOLATION CON added",   1, 5, 3 
6cffe04,gerryguy311,Thu Apr 9 04:59:47 2020,"updating format",   1, 10, 10 
f601e10,gerryguy311,Thu Apr 9 04:54:24 2020,"editing format",   1, 9, 9 
88eca56,gerryguy311,Thu Apr 9 04:45:48 2020,"added infosecOasis",   1, 5, 2 
33c51a0,gerryguy311,Thu Apr 9 04:40:58 2020,"adding BHIS webinars",   1, 13 
3f59ea2,gerryguy311,Thu Apr 9 03:26:17 2020,"Merge pull request #1 from oaklander/patch-1", 
13c5621,gerryguy311,Thu Apr 9 02:30:01 2020,"coursera",   1, 1, 1 
7ed2f0b,gerryguy311,Thu Apr 9 02:24:17 2020,"Update README.md",   1, 7, 7 
b1c1cbe,gerryguy311,Thu Apr 9 02:23:37 2020,"learning markdown....",   1, 5, 5 
4ec5e4f,gerryguy311,Thu Apr 9 02:22:20 2020,"added MITRE ATT&CK",   1, 8 
e1c6ca2,gerryguy311,Thu Apr 9 02:10:09 2020,"Delete COVID_TIMING RESOURCES.xlsx",   1, 0, 0 
93e7467,gerryguy311,Thu Apr 9 01:58:54 2020,"Update README.md",   1, 8, 8 
b6a95ab,gerryguy311,Thu Apr 9 01:57:19 2020,"markdown fix",   1, 11, 11 
755ec4e,gerryguy311,Thu Apr 9 01:56:05 2020,"Update README.md",   1, 14, 8 
f3160ab,gerryguy311,Thu Apr 9 01:48:40 2020,"Update README.md",   1, 8 
b51f282,gerryguy311,Thu Apr 9 01:43:06 2020,"Create README.md",   1, 1 
0bedba0,gerryguy311,Thu Apr 9 01:42:21 2020,"v1 - Starting list, 6 entries",   1, 0, 0 