commit id,author,date,comment,changed files,lines added,lines deleted

e5b2674,aaronlinsky,Sun Apr 26 22:54:36 2020,"Adding Hansel icon and setting name (#40)",   30, 15, 1 
b2e80bb,Aaron Linsky,Sun Apr 26 22:52:49 2020,"Adding fastlane for easy testflight integration",   7, 112, 10 
d7b6447,Rishabh Mandayam,Sat Apr 25 02:23:25 2020,"Added java setup and updated flutter version",   1, 5, 3 
5dbab78,Rishabh Mandayam,Sat Apr 25 01:41:30 2020,"change working directory to mobileApp",   1, 4, 1 
f67d7c8,Aaron Linsky,Fri Apr 24 13:03:06 2020,"Adding Hansel icon and setting name",   30, 15, 1 
7027d47,Denis,Fri Apr 24 11:31:26 2020,"Fix background location (#37)",   12, 111, 43 
94ef4c1,Rishabh Mandayam,Fri Apr 24 10:08:37 2020,"searching for correct working directory",   1, 1 
a5d811c,Rishabh Mandayam,Fri Apr 24 10:02:59 2020,"Update main.yml",   1, 2, 1 
ceeb07f,Rishabh Mandayam,Fri Apr 24 09:56:57 2020,"Update main.yml",   1, 1 
8bc48fc,Rishabh Mandayam,Fri Apr 24 09:52:48 2020,"tests for main.yml",   1, 1 
9b979aa,Rishabh Mandayam,Fri Apr 24 09:43:04 2020,"move to root folder",   1, 2, 1 
eb647a8,rishabh.mandayam
gmail.com,Fri Apr 24 09:01:51 2020,"Got rid of duplicates",   10, 1, 735 
b037dec,rishabh.mandayam
gmail.com,Fri Apr 24 08:57:31 2020,"Merged master into continious integration for widget tests",   12, 735, 5 
fa5ec80,rishabh.mandayam
gmail.com,Fri Apr 24 08:54:13 2020,"Merge branch 'master' into Continuous-Integration", 
3185b83,Denis Sedura,Thu Apr 23 18:23:25 2020,"Pressing dismiss take you to the next active exposure marker.",   3, 9, 3 
8ceda76,Denis Sedura,Thu Apr 23 18:16:59 2020,"Fix Running through the intro screens causes a cannot add event after closing or a can't add another stream error.",   1, 5, 1 
ebc427e,Denis Sedura,Thu Apr 23 18:07:43 2020,"Merge branch 'feature/fix' of github.com:gethansel/hansel into feature/fix", 
34d980b,Denis Sedura,Thu Apr 23 18:06:50 2020,"Tapping Report Case will also pop a location alert.",   2, 7, 8 
6b7edac,Denis Sedura,Thu Apr 23 08:02:00 2020,"Fix locations. exposure marker below alert dialog.",   7, 85, 27 
c1299cb,aaronlinsky,Wed Apr 22 14:08:07 2020,"Merge branch 'master' into feature/argon2", 
2214a0b,aaronlinsky,Wed Apr 22 14:01:42 2020,"Tweaking exposure workflow. Enabled toggling of exposure and formatted alert. (#35)",   4, 41, 11 
d08fb81,Aaron Linsky,Wed Apr 22 13:47:50 2020,"Tweaking exposure workflow. Enabled toggling of exposure and formatted alert.",   4, 41, 11 
b7bfaa0,Denis,Wed Apr 22 11:56:25 2020,"Replace md5 with argon2 (#33)",   21, 573, 88 
778346c,Denis Sedura,Wed Apr 22 08:23:49 2020,"Replace md5 with argon2",   5, 26, 11 
42083b2,Denis Sedura,Tue Apr 21 23:56:22 2020,"Small home screen refactor. Filter exposures if there are no locations in db",   7, 158, 107 
b31ed67,Denis Sedura,Tue Apr 21 08:00:36 2020,"Show user location. Move map to selected pin",   7, 113, 21 
dbffb3c,Denis Sedura,Tue Apr 21 02:01:30 2020,"Show map of possible covid exposure.",   9, 216, 61 
2954279,Aaron Linsky,Mon Apr 20 08:11:58 2020,"WIP: Please read AARON NOTES. Much of the plumbing seems to be in place, but gave up after trying to open the second box.",   8, 178, 6 
a454f1f,rishabh.mandayam
gmail.com,Mon Apr 20 03:45:58 2020,"Added permissions for background tracing in Android",   2, 19, 3 
02d2e4a,rishabh.mandayam
gmail.com,Mon Apr 20 02:34:16 2020,"Create location_service_test.dart",   1, 17 
ef3cac9,Rishabh Mandayam,Sun Apr 19 08:13:43 2020,"Added test drive code in main.yml",   1, 2, 2 
bada61e,rishabh.mandayam
gmail.com,Sun Apr 19 08:12:40 2020,"Added test driver base code",   4, 36, 15 
f7896e7,Rishabh Mandayam,Sun Apr 19 06:16:39 2020,"Update main.yml",   1, 1, 1 
1d5fe05,Rishabh Mandayam,Sun Apr 19 06:09:56 2020,"Fixed Flutter integration texts on Android and iOS",   1, 3, 6 
c7cdfbd,Rishabh Mandayam,Sun Apr 19 06:02:42 2020,"Added Android Test drive",   1, 31 
a7347b7,Rishabh Mandayam,Sun Apr 19 04:14:56 2020,"Create main.yml",   1, 54 
e7791e3,aaronlinsky,Sun Apr 19 01:39:02 2020,"Report covid diagnosis adds record to the database. (#14)",   1, 53, 9 
c5bd6fe,rishabh.mandayam
gmail.com,Wed Apr 15 11:15:21 2020,"Added google maps api key to AndriodManifest",   1, 4, 1 
a985ee3,aaronlinsky,Sat Apr 11 03:52:31 2020,"Map styling (#12)",   3, 211, 34 
1c65f7b,Denis,Fri Apr 10 22:26:49 2020,"Turn off tracing button/switch (#11)",   2, 49, 31 
27d1df4,Aaron Linsky,Fri Apr 10 21:58:14 2020,"Attempt to use encyptions package.",   3, 15, 5 
df84be8,Rishabh Mandayam,Fri Apr 10 06:39:46 2020,"Replaced Google Maps Package with more flexible version (#10)",   4, 12, 19 
c54c12a,Rishabh Mandayam,Tue Apr 7 11:13:30 2020,"Added google maps background (#8)",   4, 112, 95 
719ba65,aaronlinsky,Mon Apr 6 13:56:40 2020,"Update README.md",   1, 1, 1 
8bc24cd,aaronlinsky,Mon Apr 6 13:32:38 2020,"Update README.md",   1, 1, 1 
ddd25ad,aaronlinsky,Mon Apr 6 13:31:34 2020,"Update README.md",   1, 20, 65 
8d79555,Aaron Linsky,Mon Apr 6 13:10:28 2020,"Initial commit. HANSEL_CONFIG values must be replaced to compile or run.",   123, 10911 
6e3c1a5,aaronlinsky,Mon Apr 6 13:00:42 2020,"Initial commit",   1, 21 