commit id,author,date,comment,changed files,lines added,lines deleted

49b1553,Walter Stanish,Sun Mar 22 19:23:20 2020,"Final update",   1, 5, 1 
5f6e48f,Walter Stanish,Sun Mar 22 19:21:58 2020,"Final update",   90, 15480 
f9eaab0,Walter Stanish,Thu Mar 19 04:21:47 2020,"Remove source summary",   1, 8 
4f2ab7b,Walter Stanish,Thu Mar 19 04:19:33 2020,"New data",   1, 2, 9 
44766c2,Walter Stanish,Thu Mar 19 04:18:53 2020,"New data",   30, 5160 
13dfb92,Walter Stanish,Wed Mar 18 06:20:14 2020,"New data",   1, 2, 2 
9a8ab43,Walter Stanish,Wed Mar 18 06:19:48 2020,"New data",   12, 2064 
bcd73fc,Walter Stanish,Mon Mar 16 21:45:40 2020,"New data",   1, 2, 2 
2a4f495,Walter Stanish,Mon Mar 16 21:45:17 2020,"New data",   39, 6708 
65babed,Walter Stanish,Sun Mar 15 09:19:20 2020,"New animations",   2, 0, 0 
592d8ff,Walter Stanish,Sun Mar 15 07:20:36 2020,"New datra",   1, 2, 2 
a1e9f9f,Walter Stanish,Sun Mar 15 07:20:09 2020,"New data",   18, 3096 
6d37a9e,Walter Stanish,Sat Mar 14 04:54:31 2020,"New data",   1, 2, 2 
a4b7c85,Walter Stanish,Sat Mar 14 04:54:00 2020,"New data",   15, 2580 
6bffa27,Walter Stanish,Fri Mar 13 18:55:51 2020,"New data",   1, 2, 2 
65f688b,Walter Stanish,Fri Mar 13 18:34:51 2020,"New data",   21, 3612 
bff0122,Walter Stanish,Fri Mar 13 07:56:39 2020,"New data",   1, 2, 2 
382e0f1,Walter Stanish,Fri Mar 13 07:56:00 2020,"Done",   54, 9288 
ab4e585,Walter Stanish,Thu Mar 12 07:29:48 2020,"Remove superfluous definition",   1, 1 
0250abc,Walter Stanish,Wed Mar 11 19:56:59 2020,"New data",   1, 2, 2 
a146e82,Walter Stanish,Wed Mar 11 19:56:27 2020,"New data",   17, 2580 
7790c88,Walter Stanish,Tue Mar 10 22:53:49 2020,"New data",   1, 2, 2 
602d2a8,Walter Stanish,Tue Mar 10 22:53:09 2020,"New data",   81, 13932 
a842980,Walter Stanish,Mon Mar 9 13:49:08 2020,"Add new data",   1, 2, 2 
55ec7ca,Walter Stanish,Mon Mar 9 13:48:36 2020,"New data",   30, 5160 
60bfc76,Walter Stanish,Sun Mar 8 18:28:41 2020,"Fix SVGs; new animation",   1001, 2997, 2997 
0633813,Walter Stanish,Sun Mar 8 18:10:36 2020,"New data",   1, 2, 2 
175e29b,Walter Stanish,Sun Mar 8 18:09:58 2020,"New data and animation",   8, 1032 
41c575c,Walter Stanish,Sun Mar 8 14:44:36 2020,"New data",   1, 2, 2 
021b367,Walter Stanish,Sun Mar 8 14:44:05 2020,"New data",   24, 4128 
2b3232f,Walter Stanish,Sun Mar 8 07:06:39 2020,"Add new keyword",   1, 1, 1 
06bcb1c,Walter Stanish,Sun Mar 8 06:16:08 2020,"New data",   15, 2580 
70373dc,Walter Stanish,Sat Mar 7 11:00:04 2020,"New data",   1, 2, 2 
b5600a2,Walter Stanish,Sat Mar 7 10:59:34 2020,"New data",   6, 1032 
ef612f2,Walter Stanish,Sat Mar 7 10:59:24 2020,"Dupe",   3, 516 
625e03c,Walter Stanish,Sat Mar 7 10:58:46 2020,"New animations",   2, 0, 0 
f00f6a0,Walter Stanish,Sat Mar 7 10:35:14 2020,"Update title",   1, 1, 1 
a6b5745,Walter Stanish,Sat Mar 7 10:33:34 2020,"New data",   1, 2, 2 
0b93126,Walter Stanish,Sat Mar 7 10:33:10 2020,"New data",   96, 16512 
44410cf,Walter Stanish,Wed Mar 4 06:20:43 2020,"New data",   1, 2, 2 
d273aaf,Walter Stanish,Wed Mar 4 06:20:11 2020,"New data",   21, 3612 
f8a8e16,Walter Stanish,Tue Mar 3 20:25:19 2020,"New data",   2, 0, 0 
80f201b,Walter Stanish,Tue Mar 3 19:58:11 2020,"New data",   1, 2, 2 
b560a4d,Walter Stanish,Tue Mar 3 19:57:41 2020,"New data",   51, 8772 
757946e,Walter Stanish,Mon Mar 2 22:05:52 2020,"New data",   72, 12384 
d6d09c1,Walter Stanish,Sun Mar 1 19:54:21 2020,"New data",   12, 2064 
409d13a,Walter Stanish,Sun Mar 1 10:30:38 2020,"New data",   30, 5160 
b95066a,Walter Stanish,Sat Feb 29 19:46:51 2020,"New data",   42, 7224 
e272e73,Walter Stanish,Fri Feb 28 16:04:12 2020,"New data",   8, 1032 
863ede0,Walter Stanish,Fri Feb 28 12:33:12 2020,"New data",   48, 8256 
a27e593,Walter Stanish,Thu Feb 27 22:09:34 2020,"New data",   1, 2, 2 
317bc11,Walter Stanish,Thu Feb 27 22:08:58 2020,"New animations",   2, 0, 0 
142866b,Walter Stanish,Thu Feb 27 21:07:53 2020,"New data",   36, 6192 
4be9a7d,Walter Stanish,Thu Feb 27 07:53:32 2020,"New data",   9, 1548 
42dd1b1,Walter Stanish,Wed Feb 26 22:36:57 2020,"New animations",   2, 0, 0 
b52420c,Walter Stanish,Wed Feb 26 22:00:58 2020,"New data",   1, 2, 2 
5635803,Walter Stanish,Wed Feb 26 22:00:09 2020,"New data",   69, 11868 
47d6912,Walter Stanish,Tue Feb 25 16:13:53 2020,"New data",   1, 2, 2 
ed41c36,Walter Stanish,Tue Feb 25 16:13:17 2020,"New data",   47, 7740 
58352c2,Walter Stanish,Mon Feb 24 21:28:20 2020,"more",   1, 2, 2 
09999ec,Walter Stanish,Mon Feb 24 21:27:24 2020,"New data",   54, 9288 
553ce49,Walter Stanish,Sun Feb 23 22:41:52 2020,"New data",   54, 8774, 2 
ff44833,Walter Stanish,Sun Feb 23 06:21:49 2020,"New data",   1, 2, 2 
8566052,Walter Stanish,Sun Feb 23 06:09:17 2020,"New data",   3, 516 
40e891c,Walter Stanish,Sat Feb 22 20:59:18 2020,"New data",   1, 2, 2 
d7bccdf,Walter Stanish,Sat Feb 22 20:58:40 2020,"New data",   59, 9804 
0ae2888,Walter Stanish,Sat Feb 22 08:47:01 2020,"New data",   1, 2, 2 
854729a,Walter Stanish,Sat Feb 22 08:44:50 2020,"New animations",   2, 0, 0 
14c0fc0,Walter Stanish,Sat Feb 22 08:00:34 2020,"New data",   72, 12384 
832f197,Walter Stanish,Fri Feb 21 03:56:21 2020,"new data",   17, 2580 
8baa988,Walter Stanish,Thu Feb 20 20:59:10 2020,"New data",   1, 2, 2 
4c2f4bd,Walter Stanish,Thu Feb 20 20:58:35 2020,"NEw data",   17, 2580 
063522a,Walter Stanish,Thu Feb 20 20:43:10 2020,"New data",   2, 0, 0 
818a516,Walter Stanish,Thu Feb 20 15:14:29 2020,"New data",   1, 2, 2 
462826c,Walter Stanish,Thu Feb 20 15:13:41 2020,"New data",   44, 7224 
6780cba,Walter Stanish,Thu Feb 20 07:40:14 2020,"New data",   1, 2, 2 
5a0cd70,Walter Stanish,Thu Feb 20 07:39:39 2020,"New data",   35, 5676 
d450eeb,Walter Stanish,Wed Feb 19 15:41:20 2020,"New data",   1, 2, 2 
87417c8,Walter Stanish,Wed Feb 19 15:09:39 2020,"New data",   63, 10836 
c21b33e,Walter Stanish,Wed Feb 19 15:09:15 2020,"New data",   2, 0, 0 
f48cee4,Walter Stanish,Tue Feb 18 20:20:25 2020,"New animations and data",   66, 10838, 2 
3c14102,Walter Stanish,Tue Feb 18 03:56:05 2020,"New data",   1, 2, 2 
f2f5fc8,Walter Stanish,Tue Feb 18 03:54:12 2020,"New animations and double animation speed in generator script",   3, 1, 1 
e09a1fe,Walter Stanish,Tue Feb 18 03:43:11 2020,"New data",   36, 6192 
f7a66ab,Walter Stanish,Mon Feb 17 15:43:04 2020,"New animations",   2, 0, 0 
36a1342,Walter Stanish,Mon Feb 17 15:32:46 2020,"New data",   48, 8256 
a17e260,Walter Stanish,Mon Feb 17 07:03:51 2020,"New data",   1, 2, 2 
a79afba,Walter Stanish,Mon Feb 17 07:03:00 2020,"New data",   2, 0, 0 
24ba1ab,Walter Stanish,Mon Feb 17 06:42:20 2020,"New data",   27, 4644 
a50fa1f,Walter Stanish,Sun Feb 16 16:33:12 2020,"New data",   1, 2, 2 
1b6d112,Walter Stanish,Sun Feb 16 16:32:24 2020,"New animations",   35, 5676 
69fc505,Walter Stanish,Sun Feb 16 07:36:05 2020,"New animations",   29, 4644 
631683d,Walter Stanish,Sat Feb 15 19:15:31 2020,"New animations",   2, 0, 0 
993c1fe,Walter Stanish,Sat Feb 15 19:06:52 2020,"New data",   1, 2, 2 
a61b35d,Walter Stanish,Sat Feb 15 19:06:15 2020,"New data",   45, 7740 
1d29e5e,Walter Stanish,Sat Feb 15 03:24:39 2020,"New animations",   2, 0, 0 
c6967b5,Walter Stanish,Sat Feb 15 03:18:30 2020,"New DXY data",   1, 2, 2 
6121baf,Walter Stanish,Sat Feb 15 03:17:47 2020,"New data",   30, 5160 
eb3593e,Walter Stanish,Fri Feb 14 10:12:11 2020,"New data",   38, 6192 
c407256,Walter Stanish,Thu Feb 13 17:01:44 2020,"Newer animations",   2, 0, 0 
cc55b5c,Walter Stanish,Thu Feb 13 16:14:35 2020,"New data",   1, 2, 2 
d2a9d5f,Walter Stanish,Thu Feb 13 16:14:03 2020,"New data",   48, 8256 
7e92d65,Walter Stanish,Thu Feb 13 08:38:54 2020,"New data",   8, 1032 
fabb41e,Walter Stanish,Wed Feb 12 13:32:07 2020,"New DXY data",   1, 2, 2 
82d6c33,Walter Stanish,Wed Feb 12 13:31:29 2020,"New data",   74, 12384 
6f6a80e,Walter Stanish,Mon Feb 10 21:11:20 2020,"New data",   1, 2, 2 
15dd9e3,Walter Stanish,Mon Feb 10 21:10:26 2020,"New data",   71, 11868 
fd04050,Walter Stanish,Mon Feb 10 07:34:39 2020,"New DXY data",   1, 2, 2 
0d3215d,Walter Stanish,Mon Feb 10 07:34:02 2020,"Dupe",   3, 516 
1c07d70,Walter Stanish,Mon Feb 10 07:33:37 2020,"New data",   101, 17028 
03aade7,Walter Stanish,Sat Feb 8 17:25:58 2020,"New DXY data",   1, 2, 2 
8d21da2,Walter Stanish,Sat Feb 8 17:25:20 2020,"New data",   44, 7224 
99a59f3,Walter Stanish,Sat Feb 8 11:51:02 2020,"Open Source Wuhan",   1, 1 
e597ad0,Walter Stanish,Sat Feb 8 11:11:41 2020,"new DXY data",   1, 2, 2 
61d137a,Walter Stanish,Sat Feb 8 11:11:01 2020,"New data",   38, 6192 
5039773,Walter Stanish,Fri Feb 7 20:05:00 2020,"New data",   1, 2, 2 
97b0ae5,Walter Stanish,Fri Feb 7 20:04:14 2020,"New data",   8, 1032 
3903006,Walter Stanish,Fri Feb 7 18:52:22 2020,"New DXY data",   1, 2, 2 
65abac9,Walter Stanish,Fri Feb 7 18:51:50 2020,"New data",   35, 5676 
1f4b496,Walter Stanish,Fri Feb 7 12:52:59 2020,"New data",   44, 7224 
d451dd6,Walter Stanish,Fri Feb 7 12:47:30 2020,"Add duplicate removal utility",   1, 21 
94fe2d1,Walter Stanish,Fri Feb 7 09:38:05 2020,"new DXY data",   1, 2, 2 
694c470,Walter Stanish,Fri Feb 7 08:42:05 2020,"New data",   92, 15480 
0fd6f04,Walter Stanish,Thu Feb 6 08:53:35 2020,"New data",   1, 4, 4 
d89fecd,Walter Stanish,Thu Feb 6 08:50:17 2020,"New data",   3, 2, 2 
74619cd,Walter Stanish,Thu Feb 6 08:42:22 2020,"Broken",   61, 10323 
9258eb7,Walter Stanish,Wed Feb 5 12:15:25 2020,"WHO",   1, 1 
00ac1c9,Walter Stanish,Wed Feb 5 12:14:28 2020,"Remove TODO",   1, 1 
e542f09,Walter Stanish,Wed Feb 5 11:56:37 2020,"New BNO data",   1, 2, 2 
278193b,Walter Stanish,Wed Feb 5 11:56:13 2020,"New BNO data",   2, 9189 
2c4eefd,Walter Stanish,Wed Feb 5 11:54:03 2020,"New DXY data",   1, 2, 2 
9468f22,Walter Stanish,Wed Feb 5 11:53:17 2020,"More data",   4, 516 
179e054,Walter Stanish,Wed Feb 5 11:48:02 2020,"New data",   32, 5160 
0df0a38,Walter Stanish,Wed Feb 5 08:29:24 2020,"More data",   1, 2, 2 
2d8b9ca,Walter Stanish,Wed Feb 5 07:22:14 2020,"New data",   20, 3096 
3898e80,Walter Stanish,Tue Feb 4 21:34:54 2020,"new data",   1, 2, 2 
7c4c390,Walter Stanish,Tue Feb 4 21:34:13 2020,"New data",   8, 1032 
08cf0c0,Walter Stanish,Tue Feb 4 19:25:30 2020,"New data",   1, 2, 2 
4a5bedd,Walter Stanish,Tue Feb 4 19:24:47 2020,"New data",   29, 4644 
1af122d,Walter Stanish,Tue Feb 4 13:51:44 2020,"New BNO data",   3, 9189, 2 
5a893b1,Walter Stanish,Tue Feb 4 13:50:34 2020,"New DXY data",   1, 2, 2 
3f893e2,Walter Stanish,Tue Feb 4 13:49:23 2020,"New data",   41, 6708 
bed0a02,Walter Stanish,Tue Feb 4 09:14:34 2020,"New DXY data",   1, 2, 2 
352382a,Walter Stanish,Tue Feb 4 09:14:00 2020,"New data",   5, 516 
6042a3e,Walter Stanish,Tue Feb 4 09:01:43 2020,"scmp",   1, 3, 1 
113b813,Walter Stanish,Tue Feb 4 08:59:59 2020,"SCMP on interpretation of figures",   1, 2 
fbcdc97,Walter Stanish,Tue Feb 4 05:31:47 2020,"Double frame rate to 8fps; new animations",   3, 1, 1 
a076657,Walter Stanish,Tue Feb 4 05:23:49 2020,"New data",   12, 2064 
b6e47de,Walter Stanish,Tue Feb 4 05:21:17 2020,"Remove tags - fix #9",   1, 1 
f4a0213,Walter Stanish,Tue Feb 4 05:20:46 2020,"Remove tags - fix #9",   14, 37, 37 
afe2469,Walter Stanish,Tue Feb 4 05:17:05 2020,"Merge branch 'master' of github.com:globalcitizen/2019-wuhan-coronavirus-data", 
ba8a37f,Walter Stanish,Tue Feb 4 05:16:54 2020,"Remove tags - fix #9",   2, 4, 3 
654e380,Walter Stanish,Mon Feb 3 20:21:01 2020,"New BNO data",   1, 2, 2 
e2b40ac,Walter Stanish,Mon Feb 3 20:20:22 2020,"New data",   2, 9186 
53d681c,Walter Stanish,Mon Feb 3 20:19:00 2020,"New DXY data",   1, 2, 2 
391909d,Walter Stanish,Mon Feb 3 20:18:25 2020,"Remove temporary file after use",   1, 1, 1 
ac7e33f,Walter Stanish,Mon Feb 3 20:17:51 2020,"New data",   21, 3097, 1 
08df1aa,Walter Stanish,Mon Feb 3 18:04:55 2020,"Add gifsicle to documented dependencies",   1, 1 
fe845c3,Walter Stanish,Mon Feb 3 17:45:42 2020,"New DXY data",   1, 2, 2 
81cdfb4,Walter Stanish,Mon Feb 3 17:44:58 2020,"New data and better GIF compression (gifsicle)",   6, 519, 2 
a7aa2b9,Walter Stanish,Mon Feb 3 17:43:42 2020,"New data and better GIF compression (gifsicle)",   1, 1 
f495464,Walter Stanish,Mon Feb 3 17:36:14 2020,"New BNO data",   1, 2, 2 
82c4886,Walter Stanish,Mon Feb 3 17:35:45 2020,"New data",   2, 9186 
b368ea6,Walter Stanish,Mon Feb 3 17:34:51 2020,"New data",   1, 3, 3 
cab6082,Walter Stanish,Mon Feb 3 17:34:10 2020,"New data",   68, 11352 
0259d61,Walter Stanish,Mon Feb 3 09:51:45 2020,"New BNO data",   1, 2, 2 
5bd6b3e,Walter Stanish,Mon Feb 3 09:51:12 2020,"New dat",   2, 9186 
33d962f,Walter Stanish,Mon Feb 3 09:43:07 2020,"New data",   1, 2, 2 
03cc545,Walter Stanish,Mon Feb 3 09:42:16 2020,"New data",   9, 524, 8 
b804ae2,Walter Stanish,Mon Feb 3 07:26:25 2020,"New BNO data",   1, 2, 2 
189f1f5,Walter Stanish,Mon Feb 3 07:25:56 2020,"New data",   2, 9186 
765e252,Walter Stanish,Mon Feb 3 07:25:19 2020,"New DXY data",   1, 2, 2 
afd17c7,Walter Stanish,Mon Feb 3 07:24:42 2020,"New data",   9, 522, 6 
f768cc7,Walter Stanish,Sun Feb 2 22:29:51 2020,"New data",   17, 2580 
a611ab8,Walter Stanish,Sun Feb 2 19:06:17 2020,"New data",   1, 2, 2 
a6e2679,Walter Stanish,Sun Feb 2 19:05:43 2020,"New data",   21, 3097, 1 
7f73657,Walter Stanish,Sun Feb 2 16:54:15 2020,"New data",   1, 2, 2 
cd15e67,Walter Stanish,Sun Feb 2 16:53:22 2020,"New data",   19, 2133, 69 
d815b8b,Walter Stanish,Sun Feb 2 15:01:03 2020,"Remove spurious lines",   15, 15 
155ab33,Walter Stanish,Sun Feb 2 14:58:02 2020,"Remove spurious line",   1, 1 
b3438bb,Walter Stanish,Sun Feb 2 14:57:01 2020,"Add test",   1, 9, 3 
b80a9ec,Walter Stanish,Sun Feb 2 14:45:28 2020,"More",   1, 2, 2 
c74d503,Walter Stanish,Sun Feb 2 14:44:56 2020,"New data",   14, 2068 
03fc740,Walter Stanish,Sun Feb 2 13:15:59 2020,"Fix GB data",   6, 6 
0d897c1,Walter Stanish,Sun Feb 2 13:15:23 2020,"Alias England -> GB",   1, 1 
c1123a2,Walter Stanish,Sun Feb 2 13:13:47 2020,"Add Russia",   6, 6 
e6e8f4a,Walter Stanish,Sun Feb 2 13:13:07 2020,"Alias Russia",   1, 1 
8e74119,Walter Stanish,Sun Feb 2 13:02:46 2020,"New BNO data",   1, 2, 2 
0962484,Walter Stanish,Sun Feb 2 13:02:02 2020,"new BNO data",   2, 9185 
56a9924,Walter Stanish,Sun Feb 2 12:41:20 2020,"New data",   29, 4653 
105c30b,Walter Stanish,Sun Feb 2 10:12:19 2020,"New data",   1, 2, 2 
b4434be,Walter Stanish,Sun Feb 2 10:11:44 2020,"New data",   5, 517 
711206b,Walter Stanish,Sun Feb 2 10:05:48 2020,"Remove invalid data (no Hubei)",   16, 4032 
144b773,Walter Stanish,Sun Feb 2 10:04:16 2020,"Removing invalid data (no Hubei)",   2, 504 
6d9fc22,Walter Stanish,Sun Feb 2 09:43:46 2020,"New DXY data",   1, 2, 2 
72d8e51,Walter Stanish,Sun Feb 2 09:43:11 2020,"New data",   5, 517 
8f6a42c,Walter Stanish,Sun Feb 2 09:35:58 2020,"Merge branch 'master' of github.com:globalcitizen/2019-wuhan-coronavirus-data", 
835e35b,Walter Stanish,Sun Feb 2 09:35:49 2020,"New data",   14, 2065 
4b10d2d,Walter Stanish,Sat Feb 1 22:44:17 2020,"New data and fix #6",   1, 6, 2 
d52b063,Walter Stanish,Sat Feb 1 22:42:25 2020,"New data",   11, 1548 
6388ffa,Walter Stanish,Sat Feb 1 19:49:25 2020,"New data",   1, 2, 2 
48c9c8d,Walter Stanish,Sat Feb 1 19:48:40 2020,"New data",   2, 9184 
05107d6,Walter Stanish,Sat Feb 1 19:38:01 2020,"New data",   1, 2, 2 
715f808,Walter Stanish,Sat Feb 1 19:37:31 2020,"New data",   11, 1548 
014c47b,Walter Stanish,Sat Feb 1 18:49:23 2020,"New data",   1, 2, 2 
96abd72,Walter Stanish,Sat Feb 1 18:48:33 2020,"New data",   8, 1032 
8c5086a,Walter Stanish,Sat Feb 1 18:16:22 2020,"New BNO data",   1, 2, 2 
5c57508,Walter Stanish,Sat Feb 1 18:15:41 2020,"New BNO data",   2, 9184 
ebcf4eb,Walter Stanish,Sat Feb 1 18:13:22 2020,"New data",   1, 2, 2 
bf0ae44,Walter Stanish,Sat Feb 1 18:12:14 2020,"New data",   8, 1032 
130c2c4,Walter Stanish,Sat Feb 1 16:39:12 2020,"New data",   1, 2, 2 
fb0e0d0,Walter Stanish,Sat Feb 1 16:38:38 2020,"New data",   26, 4128 
cc40e71,Walter Stanish,Sat Feb 1 13:39:16 2020,"New BNO data",   3, 9187, 2 
ec8798e,Walter Stanish,Sat Feb 1 13:33:36 2020,"New data",   1, 2, 2 
0df3ae5,Walter Stanish,Sat Feb 1 13:33:07 2020,"New data",   56, 9288 
77dc3dc,Walter Stanish,Sat Feb 1 09:13:56 2020,"Newer data",   1, 2, 2 
a9babb9,Walter Stanish,Sat Feb 1 08:41:42 2020,"New data",   4, 9184 
85887fd,Walter Stanish,Sat Feb 1 07:35:07 2020,"New data",   1, 4, 6 
c8e3eb3,Walter Stanish,Sat Feb 1 07:33:26 2020,"New data",   77, 12900 
8523eb9,Walter Stanish,Sat Feb 1 06:29:20 2020,"New BNO data",   3, 9203 
f759d9e,Walter Stanish,Fri Jan 31 10:33:47 2020,"bold",   1, 1, 1 
df526d4,Walter Stanish,Fri Jan 31 10:30:53 2020,"Resigned",   1, 2 
2a10153,Walter Stanish,Fri Jan 31 08:41:34 2020,"Useless option",   1, 12 
2d94111,Walter Stanish,Fri Jan 31 08:39:54 2020,"Create FUNDING.yml",   1, 12 
7299496,Walter Stanish,Fri Jan 31 06:46:08 2020,"New SVGs",   17, 85, 95 
815149d,Walter Stanish,Fri Jan 31 06:43:49 2020,"Fix BNO script generating bad CSS",   1, 11, 2 
4b6cc19,Walter Stanish,Fri Jan 31 06:40:26 2020,"Add UAE alias",   1, 1 
cb46c83,Walter Stanish,Fri Jan 31 06:07:10 2020,"New BNO data",   1, 2, 2 
64c98a3,Walter Stanish,Fri Jan 31 06:06:36 2020,"New data",   3, 9188 
e3c0711,Walter Stanish,Fri Jan 31 05:58:08 2020,"New data",   23, 3612 
d7f8676,Walter Stanish,Thu Jan 30 21:21:15 2020,"New BNO data",   3, 9179, 2 
a8ef214,Walter Stanish,Thu Jan 30 21:13:55 2020,"New DXY data",   1, 2, 2 
57e0e4a,Walter Stanish,Thu Jan 30 21:13:23 2020,"New data",   11, 1548 
1022f95,Walter Stanish,Thu Jan 30 18:35:03 2020,"More data",   8, 1032 
dec39f5,Walter Stanish,Thu Jan 30 17:30:34 2020,"New DXY data",   1, 2, 2 
895a852,Walter Stanish,Thu Jan 30 17:29:59 2020,"New data",   5, 516 
fdc49cb,Walter Stanish,Thu Jan 30 16:42:18 2020,"New BNO data",   1, 2, 2 
0a1f2cc,Walter Stanish,Thu Jan 30 16:41:40 2020,"New BNO data",   2, 9173 
c53b440,Walter Stanish,Thu Jan 30 15:28:35 2020,"New data",   3, 516 
d8cdfcf,Walter Stanish,Thu Jan 30 15:27:16 2020,"Further info on technique for nontechnical users",   1, 3, 3 
b2694ea,Walter Stanish,Thu Jan 30 15:23:36 2020,"Add explanation for non-technical users",   1, 33 
d32e10b,Walter Stanish,Thu Jan 30 15:06:12 2020,"New data; dupes removed",   223, 67, 36139 
2cae3f5,Walter Stanish,Thu Jan 30 12:39:34 2020,"New data",   11, 1548 
fb5815b,Walter Stanish,Thu Jan 30 12:37:35 2020,"Fix break from Taiwan NPOV crap",   1, 3, 3 
d81ff4c,Walter Stanish,Thu Jan 30 12:09:14 2020,"China Provinces -> Great China regions (for Taiwan NPOV)",   2, 20, 20 
8ce7d18,Walter Stanish,Thu Jan 30 11:52:58 2020,"New data",   32, 5160 
c41c193,Walter Stanish,Thu Jan 30 09:57:30 2020,"New BNO data",   1, 2, 2 
1adf224,Walter Stanish,Thu Jan 30 09:56:43 2020,"New data",   2, 9172 
f70c2b3,Walter Stanish,Thu Jan 30 09:51:33 2020,"New DXY data",   1, 2, 2 
8153b26,Walter Stanish,Thu Jan 30 09:51:04 2020,"New data",   14, 2064 
52786b2,Walter Stanish,Thu Jan 30 07:42:01 2020,"Update for Tibet",   60, 58, 58 
a85b7bd,Walter Stanish,Thu Jan 30 07:32:37 2020,"Fix for Tibet missing in provinces",   58, 58, 58 
a1db19c,Walter Stanish,Thu Jan 30 07:20:34 2020,"Update algorithm and SVG",   2, 41, 29 
c819b82,Walter Stanish,Thu Jan 30 07:20:08 2020,"New data",   144, 1983, 1506 
d4f50f5,Walter Stanish,Thu Jan 30 06:43:12 2020,"Add Tibet (oops!)",   1, 1, 1 
295d035,Walter Stanish,Thu Jan 30 06:34:14 2020,"New data",   1, 2, 2 
42f2833,Walter Stanish,Thu Jan 30 06:33:31 2020,"New data",   83, 13932 
3f7462d,Walter Stanish,Thu Jan 30 06:30:50 2020,"Re-add closing newlines",   2, 4, 2 
f353f23,Walter Stanish,Wed Jan 29 18:02:10 2020,"New data",   8, 1032 
815a483,Walter Stanish,Wed Jan 29 17:35:41 2020,"New data",   1, 2, 2 
dafc61a,Walter Stanish,Wed Jan 29 17:35:01 2020,"More data",   11, 1548 
507c248,Walter Stanish,Wed Jan 29 16:59:44 2020,"New DXY data",   1, 2, 2 
4bd1118,Walter Stanish,Wed Jan 29 16:59:03 2020,"New data",   18, 2581, 1 
6d239aa,Walter Stanish,Wed Jan 29 16:55:29 2020,"TODO",   1, 1 
81199f2,Walter Stanish,Wed Jan 29 15:35:09 2020,"New DXY data",   1, 2, 2 
f41d2db,Walter Stanish,Wed Jan 29 15:33:39 2020,"New data",   53, 8772 
dd2d84b,Walter Stanish,Wed Jan 29 11:51:47 2020,"New data",   1, 2, 2 
315bf10,Walter Stanish,Wed Jan 29 11:51:10 2020,"Fix for altered page layout; now must calculate publishing date",   1, 22, 4 
8d12f50,Walter Stanish,Wed Jan 29 11:50:43 2020,"Latest data",   15, 564, 9 
c0b3a33,Walter Stanish,Wed Jan 29 11:31:24 2020,"New gif",   1, 0, 0 
c1f2732,Walter Stanish,Wed Jan 29 11:28:58 2020,"More data",   8, 1032 
0e86294,Walter Stanish,Wed Jan 29 11:21:20 2020,"More",   7, 55, 54 
ce1e240,Walter Stanish,Wed Jan 29 08:55:55 2020,"New data",   5, 8, 8 
a56250e,Walter Stanish,Wed Jan 29 06:50:59 2020,"More SVGs",   1, 1 
eda2dbe,Walter Stanish,Wed Jan 29 05:44:05 2020,"New data",   27, 4122, 2 
251c890,Walter Stanish,Tue Jan 28 22:52:59 2020,"BNO update",   1, 2, 2 
6869fb6,Walter Stanish,Tue Jan 28 22:51:29 2020,"New BNO data",   2, 9168 
8216b5b,Walter Stanish,Tue Jan 28 22:46:35 2020,"New data",   9, 1032, 2 
9479b9b,Walter Stanish,Tue Jan 28 22:07:15 2020,"New data",   1, 2, 2 
a3f266d,Walter Stanish,Tue Jan 28 22:05:37 2020,"New data",   14, 2060 
a0083b0,Walter Stanish,Tue Jan 28 20:36:10 2020,"Add dependencies",   1, 9 
5f988ef,Walter Stanish,Tue Jan 28 20:32:31 2020,"Another source",   1, 2, 1 
07df2a2,Walter Stanish,Tue Jan 28 20:15:35 2020,"International source with more cases",   1, 1 
43a43c0,Walter Stanish,Tue Jan 28 20:03:10 2020,"New academic paper link",   1, 2 
06b58dd,Walter Stanish,Tue Jan 28 19:45:38 2020,"New DXY data",   1, 2, 2 
e1b7e48,Walter Stanish,Tue Jan 28 19:45:03 2020,"New data",   12, 1546, 1 
482ae6b,Walter Stanish,Tue Jan 28 18:24:44 2020,"New BNO data",   1, 2, 2 
b67c010,Walter Stanish,Tue Jan 28 18:24:12 2020,"New data",   2, 9168 
827e543,Walter Stanish,Tue Jan 28 18:18:53 2020,"New data",   26, 4120 
c8ef1bb,Walter Stanish,Tue Jan 28 18:18:36 2020,"New data",   1, 2, 2 
73dd146,Walter Stanish,Tue Jan 28 14:36:31 2020,"New data",   1, 2, 2 
d290878,Walter Stanish,Tue Jan 28 14:35:56 2020,"New data",   17, 2575 
990e753,Walter Stanish,Tue Jan 28 12:34:52 2020,"New DXY data",   6, 517, 2 
4a6a943,Walter Stanish,Tue Jan 28 12:12:41 2020,"New BNO data",   1, 2, 2 
e1ee1c0,Walter Stanish,Tue Jan 28 12:12:07 2020,"New BNO data",   2, 9168 
27e6eeb,Walter Stanish,Tue Jan 28 12:04:54 2020,"Present animation formats with explanation",   1, 1, 6 
a25f30d,Walter Stanish,Tue Jan 28 12:03:55 2020,"Both formats of animation",   1, 7 
534d92a,Walter Stanish,Tue Jan 28 12:03:06 2020,"Higher threshold",   2, 3, 3 
3be1649,Walter Stanish,Tue Jan 28 12:02:08 2020,"Webm video / new data",   58, 2053, 1535 
57e11e9,Walter Stanish,Tue Jan 28 11:59:39 2020,"Ignore PNGs",   1, 1 
da82764,Walter Stanish,Tue Jan 28 11:57:49 2020,"Add webm animation",   2, 9, 2 
ffeb007,Walter Stanish,Tue Jan 28 11:24:05 2020,"New data",   1, 2, 2 
08eaa2b,Walter Stanish,Tue Jan 28 11:23:34 2020,"New animation",   7, 529, 14 
ba1c7fb,Walter Stanish,Tue Jan 28 11:06:04 2020,"new BNO data",   1, 2, 2 
859938d,Walter Stanish,Tue Jan 28 11:05:36 2020,"More BNO data",   2, 9168 
7bbe540,Walter Stanish,Tue Jan 28 11:04:57 2020,"Silence warnings",   1, 2 
cf5843c,Walter Stanish,Tue Jan 28 10:48:13 2020,"New data",   1, 2, 2 
b7e1af9,Walter Stanish,Tue Jan 28 10:47:21 2020,"New data",   16, 2575 
414a741,Walter Stanish,Tue Jan 28 09:26:54 2020,"Simplify syntax by muting warnings",   1, 1 
4511f10,Walter Stanish,Tue Jan 28 09:26:36 2020,"Simplify syntax by muting warnings",   1, 1 
3674330,Walter Stanish,Tue Jan 28 09:14:07 2020,"New data",   1, 2, 2 
a86dbcc,Walter Stanish,Tue Jan 28 09:13:08 2020,"Merge branch 'master' of github.com:globalcitizen/2019-wuhan-coronavirus-data", 
f6da499,Walter Stanish,Tue Jan 28 09:12:56 2020,"New data",   10, 1545 
72c8006,Walter Stanish,Tue Jan 28 08:29:16 2020,"New academic paper",   1, 2 
fcddc93,Walter Stanish,Tue Jan 28 08:18:56 2020,"New BNO data",   1, 2, 2 
6acd461,Walter Stanish,Tue Jan 28 08:18:00 2020,"New BNO data",   2, 9164 
cbcaddf,Walter Stanish,Tue Jan 28 08:17:12 2020,"Add new greater China regional total and logic",   1, 14, 4 
a1f6fee,Walter Stanish,Tue Jan 28 08:07:46 2020,"Remove header with new text",   1, 1, 1 
a763cf7,Walter Stanish,Tue Jan 28 08:06:45 2020,"New data",   31, 5150 
8b4f9c9,Walter Stanish,Tue Jan 28 07:12:30 2020,"Update documentation for latest PR",   1, 1, 1 
4dd8867,Walter Stanish,Tue Jan 28 07:08:59 2020,"Merge pull request #1 from Kristories/master", 
e73ee9c,Walter Stanish,Mon Jan 27 23:04:03 2020,"Add Wikipedia-like banded color visualization",   2, 608 
b52ddda,Walter Stanish,Mon Jan 27 22:34:25 2020,"Case estimate",   1, 1 
6be4113,Walter Stanish,Mon Jan 27 22:32:27 2020,"New report",   1, 3 
3e2fef5,Walter Stanish,Mon Jan 27 21:07:52 2020,"Update documentation (TODO is done)",   1, 3, 2 
550aa6b,Walter Stanish,Mon Jan 27 20:56:34 2020,"New images",   34, 65, 65 
c6d5022,Walter Stanish,Mon Jan 27 20:55:14 2020,"Match key to code; improve key text",   2, 2, 2 
54b6af0,Walter Stanish,Mon Jan 27 20:47:30 2020,"New SVGs and animation",   33, 640, 640 
8d3d794,Walter Stanish,Mon Jan 27 20:45:52 2020,"Modify color matching algorithm",   1, 10, 2 
4a67f21,Walter Stanish,Mon Jan 27 20:38:32 2020,"New data",   1, 2, 2 
9a5772f,Walter Stanish,Mon Jan 27 20:37:35 2020,"New data",   4, 515 
46a662c,Walter Stanish,Mon Jan 27 20:34:32 2020,"New DXY data",   1, 2, 2 
886414b,Walter Stanish,Mon Jan 27 20:34:02 2020,"New data",   7, 1030 
faaf06c,Walter Stanish,Mon Jan 27 20:33:54 2020,"Shorten animation time",   1, 1, 1 
2cdd744,Walter Stanish,Mon Jan 27 19:47:10 2020,"New BNO image/data",   1, 2, 2 
c3ba3df,Walter Stanish,Mon Jan 27 19:46:19 2020,"New data",   2, 9163 
26cc653,Walter Stanish,Mon Jan 27 19:09:20 2020,"New data",   1, 2, 2 
ba8b3ae,Walter Stanish,Mon Jan 27 19:08:45 2020,"New data",   7, 1030 
86ddd80,Walter Stanish,Mon Jan 27 18:34:00 2020,"New data",   1, 2, 2 
0626221,Walter Stanish,Mon Jan 27 18:33:28 2020,"New data",   7, 1030 
6a191b2,Walter Stanish,Mon Jan 27 09:51:12 2020,"Update DXY data links",   1, 2, 2 
8d718e1,Walter Stanish,Mon Jan 27 09:49:51 2020,"Latest data",   7, 1030 
55263f7,Walter Stanish,Mon Jan 27 08:45:21 2020,"New BNO data",   4, 9157, 3 
a2b35c2,Walter Stanish,Mon Jan 27 08:43:13 2020,"New data",   1, 2, 2 
09d6da8,Walter Stanish,Mon Jan 27 08:42:30 2020,"New data",   7, 1030 
1fe8b0c,Walter Stanish,Mon Jan 27 08:41:31 2020,"Fix total calculation bug",   1, 2, 2 
cfeeef0,Walter Stanish,Mon Jan 27 08:19:53 2020,"Latest data",   1, 2, 2 
f8835cf,Walter Stanish,Mon Jan 27 08:19:01 2020,"Update animation; new data",   6, 515, 2 
036338c,Walter Stanish,Mon Jan 27 06:09:04 2020,"Script fails",   1, 3 
51868a3,Walter Stanish,Mon Jan 27 06:07:09 2020,"Better script",   2, 5, 1 
70187f7,Walter Stanish,Mon Jan 27 06:05:12 2020,"Auto-generate SVG",   1, 5, 1 
38fb407,Walter Stanish,Mon Jan 27 05:49:02 2020,"New data",   1, 2, 2 
8d8ae69,Walter Stanish,Mon Jan 27 05:48:12 2020,"New data",   37, 5671, 8 
04414a5,Walter Stanish,Mon Jan 27 05:35:31 2020,"New SVG",   1, 9107 
4b203c5,Walter Stanish,Mon Jan 27 05:34:52 2020,"New BNO data",   2, 49, 1 
7e909a3,Walter Stanish,Sun Jan 26 09:47:45 2020,"Latest SVG",   1, 9107 
1c7012d,Walter Stanish,Sun Jan 26 09:46:58 2020,"Update BNO data link",   1, 1, 1 
2be4768,Walter Stanish,Sun Jan 26 09:46:31 2020,"New BNO data",   3, 51, 3 
48bfe8f,Walter Stanish,Sun Jan 26 09:36:13 2020,"Silence output",   1, 1, 1 
f3ecf82,Walter Stanish,Sun Jan 26 09:30:54 2020,"Deprecated",   1, 4 
3b09211,Walter Stanish,Sun Jan 26 09:30:42 2020,"Automatically write to appropriate filename; store JSON; fetch internally",   1, 30, 9 
170f723,Walter Stanish,Sun Jan 26 09:30:00 2020,"New DXY data; now store JSON",   6, 518, 3 
5fc9286,Walter Stanish,Sun Jan 26 00:59:40 2020,"New DXY data",   6, 518, 4 
6ca634a,Walter Stanish,Sun Jan 26 00:53:54 2020,"+Tencent live monitoring page",   1, 3, 1 
621547c,Walter Stanish,Sun Jan 26 00:25:41 2020,"Animation",   1, 4 
335655b,Walter Stanish,Sun Jan 26 00:25:03 2020,"Add animation",   4, 68, 66 
73dc3f2,Walter Stanish,Sun Jan 26 00:19:09 2020,"Translated with data",   2, 66, 66 
1fb297e,Walter Stanish,Sun Jan 26 00:07:24 2020,"New DXY data",   4, 517, 3 
214dac6,Walter Stanish,Sat Jan 25 23:04:01 2020,"Update DXY data",   4, 517, 3 
34c029e,Walter Stanish,Sat Jan 25 23:01:24 2020,"Add Yunnan to modified page (same timestamp)",   1, 2, 2 
6e23d82,Walter Stanish,Sat Jan 25 22:58:54 2020,"TODO update",   1, 3, 2 
845fd44,Walter Stanish,Sat Jan 25 22:58:16 2020,"typo",   1, 1, 1 
3803655,Walter Stanish,Sat Jan 25 22:57:22 2020,"World",   5, 36448, 4 
4090b97,Walter Stanish,Sat Jan 25 22:54:06 2020,"Improve text",   2, 9100, 3276 
bca8040,Walter Stanish,Sat Jan 25 22:40:57 2020,"BNO world visualization",   3, 3397 
c74032b,Walter Stanish,Sat Jan 25 22:33:09 2020,"ISO country codes",   1, 249 
990352c,Walter Stanish,Sat Jan 25 22:11:41 2020,"Fix typo",   3, 1, 1 
626abb2,Walter Stanish,Sat Jan 25 22:11:24 2020,"Rename domestic visualization tool",   3, 1, 1 
4be5900,Walter Stanish,Sat Jan 25 21:23:45 2020,"Remove sample",   1, 466 
60a9722,Walter Stanish,Sat Jan 25 21:23:29 2020,"Update linked SVG path",   1, 1, 1 
a85cd60,Walter Stanish,Sat Jan 25 21:22:13 2020,"Add timestamp",   2, 22, 3 
a0b01be,Walter Stanish,Sat Jan 25 21:21:56 2020,"New data",   4, 516, 2 
7e7994b,Walter Stanish,Sat Jan 25 21:19:25 2020,"Improve data",   4, 64, 20 
3ea9daf,Walter Stanish,Sat Jan 25 21:09:25 2020,"Update timezone notes",   1, 3, 2 
3346a9c,Walter Stanish,Sat Jan 25 21:08:28 2020,"Update BNO data; fix timezone",   5, 50, 2 
a01d53e,Walter Stanish,Sat Jan 25 21:05:50 2020,"TODO",   1, 2 
e1a4899,Walter Stanish,Sat Jan 25 21:04:15 2020,"More info",   1, 14 
32391b9,Walter Stanish,Sat Jan 25 21:01:35 2020,"Add file specification command line",   1, 38, 9 
0edeccc,Walter Stanish,Sat Jan 25 21:01:05 2020,"Add SVGs for all data",   4, 1864 
2f06173,Walter Stanish,Sat Jan 25 20:36:08 2020,"Output is ET not CST",   1, 1, 1 
3ae5e7a,Walter Stanish,Sat Jan 25 20:28:44 2020,"Link to new data",   1, 1, 1 
d7a7f8f,Walter Stanish,Sat Jan 25 20:28:16 2020,"New data",   2, 49, 1 
5b1e9b4,Walter Stanish,Sat Jan 25 20:20:37 2020,"Improve visualization by adding key",   3, 156, 6 
700de89,Walter Stanish,Sat Jan 25 19:26:53 2020,"Better text",   2, 4, 4 
bf43d40,Walter Stanish,Sat Jan 25 19:24:58 2020,"More text",   3, 56, 19 
0e829da,Walter Stanish,Sat Jan 25 19:14:32 2020,"Update terminology",   1, 3, 3 
e38a6a0,Walter Stanish,Sat Jan 25 19:14:19 2020,"Pandemic -> outbreak (terminology)",   1, 1, 1 
39343a9,Walter Stanish,Sat Jan 25 19:13:01 2020,"Add text support",   3, 710, 470 
1ad26bd,Walter Stanish,Sat Jan 25 19:00:40 2020,"Links to newest data",   1, 2, 2 
0db4d91,Walter Stanish,Sat Jan 25 18:59:51 2020,"New data",   2, 48, 1 
6db2853,Walter Stanish,Sat Jan 25 18:50:38 2020,"Revised data",   2, 38, 1 
8a24269,Walter Stanish,Sat Jan 25 16:36:16 2020,"Improve visualization notes",   1, 1, 1 
ac842b3,Walter Stanish,Sat Jan 25 16:34:31 2020,"Viz",   1, 11, 7 
74c66cc,Walter Stanish,Sat Jan 25 16:32:58 2020,"Simple visualization",   3, 571 
a7e5d4e,Walter Stanish,Sat Jan 25 16:02:05 2020,"Typo",   1, 1, 1 
f56231a,Walter Stanish,Sat Jan 25 16:01:42 2020,"Typos",   1, 1, 1 
203f981,Walter Stanish,Sat Jan 25 15:57:48 2020,"Fix typo",   1, 8, 8 
4cf41b3,Walter Stanish,Sat Jan 25 15:57:12 2020,"Fix typo",   1, 1, 1 
8fa85ee,Walter Stanish,Sat Jan 25 14:21:35 2020,"+1",   1, 1 
c9c7c78,Walter Stanish,Sat Jan 25 14:19:02 2020,"More vizualization notes",   1, 1 
1b008ea,Walter Stanish,Sat Jan 25 14:09:48 2020,"Notes",   1, 3, 1 
0085354,Walter Stanish,Sat Jan 25 13:57:52 2020,"More notes",   1, 1, 1 
1e78596,Walter Stanish,Sat Jan 25 13:50:56 2020,"Further notes",   1, 8 
0255f13,Walter Stanish,Sat Jan 25 13:28:40 2020,"Note on interpretation",   1, 1, 1 
83e3028,Walter Stanish,Sat Jan 25 13:27:50 2020,"Italicize",   1, 1, 1 
6672d75,Walter Stanish,Sat Jan 25 13:27:20 2020,"Add URL to estimation paper",   1, 5 
b5caa59,Walter Stanish,Sat Jan 25 13:25:56 2020,"more",   1, 2, 2 
4587938,Walter Stanish,Sat Jan 25 13:24:15 2020,"Add links to latest data",   1, 4 
6788330,Walter Stanish,Sat Jan 25 13:21:57 2020,"Add latest link",   1, 1 
e97cc3a,Walter Stanish,Sat Jan 25 13:21:16 2020,"Add latest link",   1, 1 
1b3b7fe,Walter Stanish,Sat Jan 25 13:20:39 2020,"Add TODO",   1, 5 
e3642a3,Walter Stanish,Sat Jan 25 13:18:04 2020,"Initial commit",   12, 363, 2 
c2343e6,Walter Stanish,Sat Jan 25 13:17:23 2020,"Initial commit",   2, 676 