commit id,author,date,comment,changed files,lines added,lines deleted

24840e1,dependabot[bot],Fri Sep 11 21:27:37 2020,"Bump http-proxy from 1.18.0 to 1.18.1",   1, 3, 3 
fa81099,dependabot[bot],Sun Aug 2 02:27:02 2020,"Bump elliptic from 6.5.2 to 6.5.3",   1, 3, 3 
73df096,dependabot[bot],Mon Jul 20 06:22:54 2020,"Bump lodash from 4.17.15 to 4.17.19",   1, 3, 3 
a92f197,dependabot[bot],Wed Jul 8 13:49:49 2020,"Bump npm-registry-fetch from 4.0.3 to 4.0.5",   1, 6, 6 
5d203c1,dependabot[bot],Mon Jun 8 09:18:10 2020,"Bump websocket-extensions from 0.1.3 to 0.1.4",   1, 3, 3 
122740d,Francesco,Wed Apr 1 02:37:14 2020,"Modifica dataset",   3, 25, 21 
53356a1,Francesco,Thu Mar 26 03:46:21 2020,"Fix update API",   1, 1, 1 
caff4dd,Francesco,Wed Mar 25 00:52:41 2020,"Aggiunto incremento giornaliero",   2, 57, 8 
38d2d59,Francesco,Tue Mar 24 03:48:58 2020,"V1.7",   1, 3, 3 
0bc2e11,Francesco,Mon Mar 23 23:57:37 2020,"Add logo",   3, 47, 5 
1a5a51b,Francesco,Sun Mar 22 01:35:24 2020,"Aggiunto link instagram",   3, 11, 1 
0f61b67,Francesco,Sat Mar 21 21:34:40 2020,"Aggiornamento elenco negozi",   2, 5, 3 
38a902d,Francesco,Sat Mar 21 10:25:20 2020,"Bug fix province",   1, 2, 2 
364871c,Francesco Grauso,Sat Mar 21 09:16:14 2020,"Update README.md",   1, 2, 2 
3dda62c,Francesco Grauso,Sat Mar 21 05:34:44 2020,"Merge pull request #3 from melvin-mancini/master", 
c76dd3b,Francesco,Sat Mar 21 05:04:11 2020,"Add chatbot icon",   3, 22, 2 
2ae585c,Francesco,Sat Mar 21 00:35:22 2020,"Aggiunto chatbot",   3, 3, 4 
42bbba8,Francesco,Fri Mar 20 03:33:09 2020,"Remove read README",   2, 4, 4 
a2a60c4,Francesco,Thu Mar 19 20:58:05 2020,"Aggiunti dati decessi per età",   3, 158, 8 
9b68758,Francesco,Thu Mar 19 04:19:06 2020,"Bug Fix string",   3, 76, 5 
09ce489,Francesco,Thu Mar 19 01:54:03 2020,"Aggiunto incremento",   3, 85, 12 
7de416e,Francesco,Thu Mar 19 01:16:45 2020,"Commented chatbot",   2, 12, 2 
9c060f1,Francesco Grauso,Sun Mar 15 03:54:56 2020,"Update README.md",   1, 21, 1 
7a65788,Francesco,Sun Mar 15 03:49:16 2020,"Remove env",   2, 28 
469f29e,Francesco,Sun Mar 15 03:48:45 2020,"Edit gitignore",   1, 1, 1 
6732a2c,Francesco,Sun Mar 15 03:44:43 2020,"Edit gitignore",   1, 1, 2 
552948f,Francesco,Sun Mar 15 03:43:57 2020,"Edit gitignore",   3, 6, 2 
35701bc,Francesco,Sun Mar 15 03:39:05 2020,"Add env",   2, 28 
d172f0a,Francesco,Sun Mar 15 02:43:46 2020,"Aggiunto link solidarieta digitale",   1, 4, 1 
7edb6b5,Francesco,Sun Mar 15 02:42:14 2020,"Filtro per regioni anche su andamento giornaliero",   1, 35, 18 
7bd5b8c,Francesco,Sun Mar 15 01:54:23 2020,"Merge branch 'master' of https://github.com/grausof/iorestoacasa", 
8c006bf,Francesco,Sun Mar 15 01:54:20 2020,"Modifica index",   2, 2, 1 
2d86c01,Francesco,Sat Mar 14 22:49:11 2020,"Aggiunta pagina donazioni",   8, 249, 1 
d4c4002,Francesco,Sat Mar 14 21:55:22 2020,"Add font",   43, 391, 3 
2a3f26b,Francesco,Sat Mar 14 04:30:02 2020,"Fix label",   1, 2, 2 
9be344e,Francesco,Sat Mar 14 04:24:53 2020,"Add totale attualmente positivi",   1, 8 
116c6dd,Francesco,Sat Mar 14 04:16:58 2020,"Aggiunta pagina inserimento attivita ed elenco",   4, 345, 54 
5cd7b85,Francesco Grauso,Sat Mar 14 04:15:29 2020,"Merge pull request #1 from MatteoPedonese/Fix", 
74290b9,Francesco,Fri Mar 13 23:20:38 2020,"Aggiunto modulo viaggio",   1, 10 
a8d0354,Francesco,Fri Mar 13 23:19:13 2020,"Aggiunto modulo viaggio", 
f5fc5ca,Francesco,Fri Mar 13 23:14:12 2020,"Aggiunto modulo spostamento",   4, 62, 67 
b7eb773,Francesco,Fri Mar 13 21:16:50 2020,"Model attivita",   1, 4, 14 
7e92a19,Francesco,Fri Mar 13 20:57:39 2020,"Add font",   42, 388 
6b82383,Francesco,Fri Mar 13 20:32:13 2020,"clean", 
00e372f,Francesco,Fri Mar 13 20:30:56 2020,"test", 
0c93bb2,Francesco,Fri Mar 13 20:28:27 2020,"Edit env", 
ff75f4d,Francesco,Fri Mar 13 20:26:45 2020,"Test DB",   3, 59, 5 
67513a8,Francesco,Fri Mar 13 19:33:09 2020,"Edit environment",   4, 26, 24 
65ae829,Francesco,Fri Mar 13 19:13:08 2020,"Creazione component",   5, 44, 1 
2134a09,Francesco,Fri Mar 13 19:09:44 2020,"bug fix PUBLIC_PATH",   1, 1 
0042757,Francesco,Fri Mar 13 03:36:54 2020,"Disable cache",   2, 6, 2 
6ed4098,Francesco,Fri Mar 13 00:17:03 2020,"Risolto problema dettaglio regione",   3, 6, 4 
d293bcd,Francesco,Thu Mar 12 23:16:10 2020,"Merge branch 'master' of https://github.com/grausof/iorestoacasa", 
1f1d166,Francesco,Thu Mar 12 23:16:02 2020,"Edit screenshot",   3, 7, 7 
8bb47c4,Francesco,Thu Mar 12 21:57:50 2020,"Aggiunta pagina collabora",   6, 77, 1 
cb5a74e,Francesco,Thu Mar 12 21:45:16 2020,"Update footer",   2, 2 
3fbd110,Francesco,Thu Mar 12 19:34:41 2020,"Add analytics",   2, 38, 1 
402b72f,Francesco Grauso,Thu Mar 12 19:16:04 2020,"Update README.md",   1, 2, 1 
6bbc12b,Francesco Grauso,Thu Mar 12 19:14:47 2020,"Update README.md",   1, 8 
9c950dd,Francesco Grauso,Thu Mar 12 18:59:53 2020,"Update README.md",   1, 2, 1 
0d8a865,Francesco,Thu Mar 12 18:56:54 2020,"Aggiunti numeri emergenza",   3, 56, 15 
e62bb9c,Francesco,Thu Mar 12 10:01:43 2020,"Merge branch 'master' of https://github.com/grausof/iorestoacasa", 
4ff805e,Francesco,Thu Mar 12 10:01:15 2020,"Add province",   5, 121, 73 
18a1d3f,Francesco Grauso,Thu Mar 12 07:51:05 2020,"Update README.md",   1, 7 
ad3ef8a,Francesco,Thu Mar 12 07:01:49 2020,"Risolto problema data",   2, 2, 1 
07d5ce5,Francesco,Thu Mar 12 04:07:42 2020,"Aggiunto link inserimento",   1, 4, 1 
45a13a9,Francesco,Thu Mar 12 04:03:23 2020,"Aggiunto link inserimento",   1, 2, 1 
2907b05,Francesco,Thu Mar 12 03:55:20 2020,"Fix mobile menu",   2, 2, 2 
14b47c2,Francesco,Thu Mar 12 03:37:22 2020,"Add spesa online",   4, 64, 15 
f8c02b7,Francesco,Thu Mar 12 00:39:43 2020,"Aggiunta pagina spesa",   9, 190, 12 
a574f07,Francesco,Wed Mar 11 21:34:05 2020,"Modifiche template",   3, 29, 3 
52d7d06,Francesco Grauso,Wed Mar 11 21:24:40 2020,"Update README.md",   1, 1, 1 
a9da434,Francesco Grauso,Wed Mar 11 21:19:48 2020,"Update README.md",   1, 1, 1 
7a231f5,Francesco Grauso,Wed Mar 11 21:18:40 2020,"Update README.md",   1, 6, 1 
89a4f7c,Francesco Grauso,Wed Mar 11 21:13:22 2020,"Update README.md",   1, 1, 1 
60ebd86,Francesco,Wed Mar 11 19:09:32 2020,"Nuove card",   3, 90, 7 
4cbd838,Francesco,Wed Mar 11 08:59:43 2020,"Update header",   1, 3, 15 
9221caf,Francesco,Wed Mar 11 08:58:05 2020,"Update readme",   1, 1, 1 
0e627fd,Francesco,Wed Mar 11 08:57:54 2020,"Update readme",   1, 1, 1 
74684da,Francesco,Wed Mar 11 08:57:13 2020,"Update readme",   1, 3, 23 
f815d56,Francesco,Wed Mar 11 08:51:44 2020,"Add linear chart",   7, 350, 114 
84e0bd9,Francesco,Tue Mar 10 21:18:25 2020,"Aggiunta mappa",   1, 2, 2 
dbffc4c,Francesco,Tue Mar 10 21:17:12 2020,"Aggiunta mappa",   7, 1500, 110 
196dae2,Francesco,Tue Mar 10 09:15:54 2020,"first commit",   7, 165, 535 
95c1652,Francesco,Tue Mar 10 09:15:03 2020,"first commit",   6, 64 
d8bd9e5,Francesco,Tue Mar 10 01:36:40 2020,"initial commit",   29, 14490 