commit id,author,date,comment,changed files,lines added,lines deleted

72fa13c,dependabot[bot],Fri Sep 11 16:28:28 2020,"Bump http-proxy from 1.18.0 to 1.18.1",   1, 11, 13 
6f287fe,dependabot[bot],Sat Aug 1 22:43:59 2020,"Bump elliptic from 6.5.2 to 6.5.3",   1, 13, 13 
ed81c57,dependabot[bot],Sun Jul 19 22:11:19 2020,"Bump lodash from 4.17.15 to 4.17.19",   1, 3, 3 
8a76913,dependabot[bot],Mon Jun 8 05:43:39 2020,"Bump websocket-extensions from 0.1.3 to 0.1.4",   1, 3, 3 
c4aa64a,TonyHe,Sun Mar 15 15:12:51 2020,"Merge pull request #2 from HelipengTony/dependabot/npm_and_yarn/acorn-6.4.1", 
625e33f,TonyHe,Sun Feb 9 17:33:39 2020,"Updated Notification Time",   1, 3, 3 
d5a1ad7,TonyHe,Sat Feb 8 22:59:19 2020,"Added Loading Skeleton Component",   3, 8, 1 
b168f7a,TonyHe,Sat Feb 8 22:40:59 2020,"8-2-2020",   4, 31, 365 
8b14ad9,TonyHe,Sat Feb 8 21:53:23 2020,"8-2-2019",   3, 362, 9 
521c096,TonyHe,Sat Feb 8 21:50:06 2020,"8-2-2019",   3, 291, 12695 
ffabe8a,TonyHe,Sat Feb 8 21:47:40 2020,"8-2-2019",   3, 12549, 9 
facea0f,TonyHe,Fri Feb 7 15:59:35 2020,"User Experience Improvement",   1, 22, 10 
10ea1ff,TonyHe,Thu Feb 6 17:39:49 2020,"Update README.md",   1, 3 
f886f05,TonyHe,Thu Feb 6 17:31:38 2020,"Update README.md",   1, 2 
630cff1,TonyHe,Thu Feb 6 17:30:01 2020,"Update README.md",   1, 45, 16 
9e07cbd,TonyHe,Thu Feb 6 17:15:46 2020,"Small Adjustment",   1, 3 
bc90ce0,TonyHe,Thu Feb 6 17:14:48 2020,"Added an Open-Source Label",   1, 7, 2 
b01acea,TonyHe,Thu Feb 6 15:59:25 2020,"v0.1",   1, 14, 10 
c3d8750,TonyHe,Thu Feb 6 14:24:05 2020,"v0.1",   1, 30, 3 
3aa4589,TonyHe,Thu Feb 6 12:13:35 2020,"Build v0.1",   12, 9484, 122 
e6b2861,TonyHe,Thu Feb 6 01:17:29 2020,"Initial commit",   3, 126 