commit id,author,date,comment,changed files,lines added,lines deleted

0e15d6c,kishlay,Tue Mar 31 18:39:42 2020,"increasing the scan frequency so that it doesnt miss out any device",   2, 4, 8 
41a7e14,kishlay,Tue Mar 31 17:17:34 2020,"filenames refactored scan frequency increased",   6, 16, 17 
555f726,kishlay,Sun Mar 29 22:40:29 2020,"Readme.md corrected",   1, 9, 9 
50ccf6a,kishlay,Sun Mar 29 20:39:04 2020,"Readme.md corrected",   1, 12, 12 
4f04407,kishlay,Sun Mar 29 20:37:23 2020,"Readme.md corrected",   1, 12, 12 
7027f9d,kishlay,Sun Mar 29 20:31:40 2020,"Readme.md corrected",   1, 11, 11 
94b16b4,kishlay,Sun Mar 29 20:27:38 2020,"Readme.md added",   1, 49 
9e671c9,kishlay,Sun Mar 29 18:38:42 2020,"screenShot added",   1, 0, 0 
85ee45d,kishlay,Sun Mar 29 18:13:34 2020,"unwated permission notification removed",   1, 11 
ef7b2ca,kishlay,Sun Mar 29 16:42:43 2020,"broadcast and listener working together. Display of person id and remote ids ready",   7, 390, 5 
32436b1,kishlay,Sat Mar 28 19:56:52 2020,"Git broadcast working properly whole flow even in the background",   43, 1196 