commit id,author,date,comment,changed files,lines added,lines deleted

c8d0524,Hysios Hu,Mon Feb 3 19:08:47 2020,"Feature: add province region filter",   5, 587, 57 
46d63a9,Hysios Hu,Mon Feb 3 02:49:41 2020,"Fixed: update corenlp image",   1, 1, 1 
3eb8a23,Hysios Hu,Mon Feb 3 02:35:49 2020,"README: update getting started",   1, 21, 1 
e8542d3,dependabot[bot],Mon Feb 3 02:28:19 2020,"Bump twisted from 18.9.0 to 19.7.0",   1, 1, 1 
c6d8e3a,Hysios Hu,Mon Feb 3 02:26:41 2020,"Feature: complete docker-compose.yaml, now we can only use docker-compose to development && deploy system",   8, 150, 42 
18a5fcd,Hysios Hu,Sun Feb 2 19:13:38 2020,"README: Add README",   2, 5 
ad4dcd5,Hysios Hu,Sun Feb 2 19:07:26 2020,"first commit",   19, 622 