commit id,author,date,comment,changed files,lines added,lines deleted

53835c1,iceweasel1,Wed Mar 11 15:52:30 2020,"Update germany_with_source.csv",   1, 1, 1 
333077d,iceweasel1,Wed Mar 11 15:47:19 2020,"Update germany_with_source.csv",   1, 369, 369 
7bfbcb6,iceweasel1,Wed Mar 11 15:17:33 2020,"Update germany_with_source.csv",   1, 14 
1b0c3a9,iceweasel1,Wed Mar 11 14:33:35 2020,"Update germany_with_source.csv",   1, 377, 11 
8bf72e1,iceweasel1,Tue Mar 10 15:11:43 2020,"Update germany_with_source.csv",   1, 196, 84 
4fc4964,iceweasel1,Tue Mar 10 00:08:49 2020,"Update germany_with_source.csv",   1, 13, 8 
3463ace,iceweasel1,Mon Mar 9 22:37:57 2020,"Update germany_with_source.csv",   1, 34 
6b461a3,iceweasel1,Mon Mar 9 09:03:56 2020,"Update germany_with_source.csv",   1, 20 
6280904,iceweasel1,Mon Mar 9 05:57:20 2020,"Update germany_with_source.csv",   1, 95, 4 
02e90c9,iceweasel1,Mon Mar 9 00:45:28 2020,"Update germany_with_source.csv",   1, 260, 2 
10b496b,iceweasel1,Sat Mar 7 16:05:33 2020,"Update germany_with_source.csv",   1, 141, 1 
977a0fa,iceweasel1,Fri Mar 6 13:19:48 2020,"Update germany_with_source.csv",   1, 183, 11 
2033d75,iceweasel1,Thu Mar 5 22:31:20 2020,"Update germany_with_source.csv",   1, 28 
b533fd5,iceweasel1,Thu Mar 5 10:53:59 2020,"Update germany_with_source.csv",   1, 175, 18 
dac453f,iceweasel1,Wed Mar 4 14:17:06 2020,"Update germany_with_source.csv",   1, 15, 15 
eed767d,iceweasel1,Wed Mar 4 09:23:33 2020,"Update germany_with_source.csv",   1, 20, 3 
78d1d61,iceweasel1,Wed Mar 4 01:26:58 2020,"Update germany_with_source.csv",   1, 3, 3 
8e2c2f5,iceweasel1,Wed Mar 4 01:18:23 2020,"Update germany_with_source.csv",   1, 10, 1 
525584c,iceweasel1,Tue Mar 3 21:02:13 2020,"Update germany_with_source.csv",   1, 13, 1 
9f83b91,iceweasel1,Tue Mar 3 08:21:02 2020,"Update germany_with_source.csv",   1, 49, 8 
73920d8,iceweasel1,Mon Mar 2 09:16:59 2020,"Update germany_with_source.csv",   1, 2 
bd68325,iceweasel1,Mon Mar 2 08:05:51 2020,"Update germany_with_source.csv",   1, 6, 6 
ac8b804,iceweasel1,Mon Mar 2 08:04:09 2020,"Update germany_with_source.csv",   1, 6 
a8f7449,iceweasel1,Mon Mar 2 05:22:39 2020,"Update germany_with_source.csv",   1, 3 
e732258,iceweasel1,Mon Mar 2 03:10:04 2020,"Update README.md",   1, 6, 2 
e9b568e,iceweasel1,Mon Mar 2 03:03:01 2020,"Update germany_with_source.csv",   1, 11, 1 
148f0a6,iceweasel1,Sun Mar 1 15:36:55 2020,"Add files via upload",   1, 120 
f558616,iceweasel1,Sun Mar 1 15:35:40 2020,"Delete germany_with_source_o.ods",   1, 0, 0 
c86835d,iceweasel1,Sun Mar 1 15:35:25 2020,"Add files via upload",   1, 0, 0 
c3f8603,iceweasel1,Sun Mar 1 15:08:22 2020,"Delete 2020_germany_with_source.csv",   1, 120 
fa381b6,iceweasel1,Sun Mar 1 15:07:30 2020,"Add files via upload",   1, 120 
2c556d0,iceweasel1,Sun Mar 1 15:06:22 2020,"Delete germany.csv",   1, 120 
4d0545e,iceweasel1,Sun Mar 1 15:05:57 2020,"Update README.md",   1, 4 
d7bd160,iceweasel1,Sun Mar 1 14:56:45 2020,"Delete Faelle_nach_Bundeslaender.ods",   1, 0, 0 
6337cc6,iceweasel1,Sun Mar 1 14:56:31 2020,"Delete Faelle_nach_Bundeslaender_k.csv",   1, 17 
69ea38d,iceweasel1,Sun Mar 1 14:54:50 2020,"Update README.md",   1, 30 
b4f8a0a,iceweasel1,Sun Mar 1 13:51:04 2020,"Add files via upload",   1, 120 
4dd38ce,iceweasel1,Sun Mar 1 12:01:33 2020,"Add files via upload",   1, 17 
b776a5a,iceweasel1,Sun Mar 1 11:58:26 2020,"Add files via upload",   1, 0, 0 
a340571,iceweasel1,Sun Mar 1 11:54:22 2020,"Initial commit",   1, 2 