commit id,author,date,comment,changed files,lines added,lines deleted

9a0bf68,Chris Troeger,Wed Jul 1 09:13:42 2020,"Updates in the model validation re-run.",   6, 742, 938 
6f3521a,Chris Troeger,Sun Jun 7 06:27:35 2020,"Fixed a few things, more locations available now.",   2, 405, 220 
c192b71,Chris Troeger,Fri Jun 5 13:56:51 2020,"Code to run in a sequential loop is successful.",   4, 2195, 486 
c2bf360,Ryan Barber,Wed May 27 05:20:26 2020,"pdf",   1, 17, 5 
a7a67a5,James Collins,Tue May 26 04:21:10 2020,"Merge pull request #44 from ihmeuw/collijk/prod/d_2020_05_24_t_13_51", 
96966ee,Ryan Barber,Mon May 25 12:01:46 2020,"frmat",   4, 740, 60 
8134f6d,Ryan Barber,Sun May 24 15:37:01 2020,"debug",   1, 9, 19 
6093e05,Ryan Barber,Sun May 24 15:25:18 2020,"more k for cfr and smoother; store cfr model for use in cascade",   3, 31, 5 
463e9ec,Ryan Barber,Sun May 24 15:05:19 2020,"4k outer 5s",   1, 1, 1 
38c4aab,Ryan Barber,Sun May 24 14:55:06 2020,"4k outer 10s",   2, 110, 1 
59033dd,Ryan Barber,Sat May 23 15:13:50 2020,"back to scaling; 5 knots",   4, 28, 19 
81a1580,Ryan Barber,Sat May 23 06:08:21 2020,"switch to sub var/2",   1, 5, 5 
4f3fc5c,Ryan Barber,Sat May 23 04:06:39 2020,"not using testing; back to pseudo inflation 1.5",   3, 21, 22 
b03a082,Ryan Barber,Fri May 22 09:18:35 2020,"assymetric curvefit",   2, 206, 240 
20f1c4d,Ryan Barber,Fri May 22 08:22:34 2020,"CFR exploration; add 20 death thresh to 2 knot",   2, 759, 34 
c8e14f2,Ryan Barber,Fri May 22 07:26:54 2020,"no testing in model",   2, 304, 186 
6d31db1,Ryan Barber,Fri May 22 07:03:17 2020,"testing CFR",   3, 1331, 2 
33bef1f,Ryan Barber,Fri May 22 04:55:48 2020,"demo of split-normal",   4, 1239, 2 
fed4adb,James Collins,Fri May 22 02:48:54 2020,"Merge pull request #43 from ihmeuw/collijk/prod/d_2020_05_21_t_08_34", 
bc0c8fe,Ryan Barber,Thu May 21 14:25:53 2020,"compare holdout days",   4, 87, 628 
a1bed4d,James Collins,Thu May 21 14:22:57 2020,"Merge pull request #42 from ihmeuw/collijk/prod/d_2020_05_20_t_08_58", 
0479c36,Ryan Barber,Thu May 21 04:46:05 2020,"one remove",   1, 1, 1 
561c6b1,Ryan Barber,Thu May 21 04:44:31 2020,"lower floor; loc-specific PDFs",   4, 78, 19 
0aeb195,Ryan Barber,Thu May 21 04:01:53 2020,"lower floor to 0.01 per cap",   4, 1561, 98 
0c8498c,James Collins,Wed May 20 12:13:08 2020,"Merge pull request #41 from ihmeuw/collijk/prod/d_2020_05_17_t_16_04", 
dba1236,Ryan Barber,Wed May 20 09:52:52 2020,"se inflation = 2",   1, 1, 1 
d0b1560,Ryan Barber,Wed May 20 08:28:09 2020,"fix bug in SE multiplier",   1, 1, 1 
f4e21fb,Ryan Barber,Wed May 20 08:18:44 2020,"fewer knots in smoother; freq in cfr, domain in smoother",   2, 3, 1 
0368000,Ryan Barber,Wed May 20 07:53:51 2020,"smoother interval width 10,20,40,20,10",   1, 1, 1 
7f85893,Ryan Barber,Wed May 20 07:51:19 2020,"just ln(cumulative)",   2, 20, 46 
afddf46,Ryan Barber,Wed May 20 07:30:44 2020,"typo",   1, 1, 1 
20c3f3c,Ryan Barber,Wed May 20 07:29:13 2020,"spline CFR/elasticity model",   4, 132, 135 
704bace,Ryan Barber,Wed May 20 04:12:59 2020,"3 knots; obs/pred plots",   3, 738, 383 
53b6463,Ryan Barber,Wed May 20 00:45:16 2020,"add more info to files",   6, 1166, 2 
5970df7,Ryan Barber,Tue May 19 09:37:03 2020,"splice ln(cumulative) and cumulative models",   4, 327, 179 
392d545,Ryan Barber,Tue May 19 08:08:14 2020,"fix knots",   1, 1, 1 
c59b95c,Ryan Barber,Tue May 19 08:03:00 2020,"plot tweak",   1, 6, 2 
8215768,Ryan Barber,Tue May 19 07:55:57 2020,"indep sampling; 1.5 pseudo inflation",   5, 1253, 22 
e2b4c9a,Ryan Barber,Tue May 19 04:25:07 2020,"holdout days option; move knot away from terminus",   2, 19, 4 
8d043b0,Ryan Barber,Tue May 19 02:11:06 2020,"no str.contains",   1, 1, 1 
32acca9,Ryan Barber,Tue May 19 00:52:22 2020,"add label marking 8 day shift to plots; pct change calc based on 05/16 run",   4, 105, 2 
900a214,Ryan Barber,Mon May 18 10:43:52 2020,"more than just US",   2, 3 
5fade6d,Ryan Barber,Mon May 18 10:42:31 2020,"use mad",   1, 4, 4 
29bbbbc,Ryan Barber,Mon May 18 10:25:28 2020,"use nrmsd w medians for ui",   4, 32, 25 
f1a870a,Ryan Barber,Mon May 18 07:32:22 2020,"data SE settings",   3, 14, 6 
143290f,Ryan Barber,Mon May 18 06:33:03 2020,"use MRTool for spline",   4, 136, 62 
efb27fe,James Collins,Mon May 18 05:24:40 2020,"Merge pull request #37 from ihmeuw/collijk/prod/d_2020_05_16_t_20_32", 
0a5da97,Ryan Barber,Sun May 17 17:45:40 2020,"uncertaint from residual sampling",   3, 44, 17 
4f0294b,Ryan Barber,Sat May 16 15:47:46 2020,"both series in spline; add UI (poorly); dev run",   4, 128, 83 
381d2e3,James Collins,Sat May 16 06:34:35 2020,"Merge pull request #35 from ihmeuw/develop", 
8c9ca51,Ryan Barber,Fri May 15 12:47:43 2020,"post only",   1, 3, 20 
bd95835,Ryan Barber,Fri May 15 12:46:25 2020,"slimed; pre- and post-smoothing",   2, 109, 83 
3160181,Ryan Barber,Fri May 15 08:54:13 2020,"pre-slime",   1, 2, 1 
64a82c9,Ryan Barber,Fri May 15 04:32:22 2020,"drop random txt file",   1, 0, 0 
a271875,Ryan Barber,Fri May 15 04:31:37 2020,"sm version testinig model space",   8, 1584, 443 
e6ced8a,James Collins,Wed May 13 15:12:16 2020,"Merge pull request #26 from ihmeuw/collijk/dev/d_2020_05_12_t_22_11", 
649ea6b,Ryan Barber,Wed May 13 08:43:25 2020,"end of slope analysis",   1, 115, 71 
ef75393,Ryan Barber,Wed May 13 02:49:43 2020,"stream out cumulative",   1, 154, 77 
75222b1,James Collins,Tue May 12 13:39:33 2020,"Merge pull request #25 from ihmeuw/collijk/prod/d_2020_05_11_t_19_57", 
7fabead,James Collins,Tue May 12 06:43:09 2020,"Merge pull request #23 from ihmeuw/develop", 
0fad71e,James Collins,Tue May 12 06:41:21 2020,"Merge pull request #22 from ihmeuw/collijk/prod/d_2020_05_09_t_01_15", 
c6c8e13,Ryan Barber,Tue May 12 04:25:46 2020,"weekly slopes",   3, 2166 
3ced33b,Ryan Barber,Sat May 9 14:33:07 2020,"Merge pull request #19 from ihmeuw/rmbarber/feature/save_cases", 
2d6b97f,James Collins,Sat May 9 14:15:43 2020,"Merge pull request #18 from ihmeuw/rmbarber/feature/test_prevent", 
c9ee69a,James Collins,Fri May 8 16:58:59 2020,"Merge pull request #17 from ihmeuw/collijk/prod/d_2020_05_07_t_23_58", 
fac7c18,James Collins,Thu May 7 12:05:41 2020,"Merge pull request #16 from ihmeuw/develop", 
b65f4cf,James Collins,Thu May 7 01:53:22 2020,"Merge pull request #14 from ihmeuw/collijk/prod/d_2020_05_06_t_08_50", 
54e6028,James Collins,Thu May 7 01:50:51 2020,"prod run d_2020_05_06_t_08_50",   10, 80, 6524 
f21f969,James Collins,Tue May 5 15:53:04 2020,"Merge pull request #13 from ihmeuw/develop", 
b46b63d,James Collins,Sun May 3 13:01:09 2020,"Merge pull request #7 from ihmeuw/rmbarber/feature/leading_indicator", 
eb9a349,James Collins,Fri May 1 10:21:34 2020,"Merge pull request #8 from aflaxman/patch-1", 
1bfab96,James Collins,Fri May 1 01:52:18 2020,"Merge pull request #4 from ihmeuw/collijk/prod/d_2020_04_30_t_08_51", 
a7e4728,James Collins,Thu Apr 30 02:27:17 2020,"Don't automatically date tag",   1, 2 
49c7018,James Collins,Thu Apr 30 02:24:11 2020,"Merge pull request #3 from ihmeuw/collijk/prod/d_2020_04_29_t_09_05", 
9f94ea1,James Collins,Thu Apr 30 02:05:10 2020,"prod run d_2020_04_29_t_09_05",   4, 23, 18 
990ad17,James Collins,Wed Apr 29 17:45:51 2020,"Merge pull request #2 from ihmeuw/collijk/refactor/backcast-daily-change", 
c4a403f,James Collins,Wed Apr 29 17:43:35 2020,"Merge branch 'master' of github.com:ihmeuw/covid-model-deaths into develop", 
e0aff52,James Collins,Wed Apr 29 17:32:18 2020,"Rollback to pre-public",   2, 2, 2 
642f1ee,James Collins,Wed Apr 29 17:25:53 2020,"Move curvefit to internals",   1, 1, 2 
ca264d0,James Collins,Wed Apr 29 17:22:07 2020,"Add travis badge",   1, 3 
d1ceba7,James Collins,Wed Apr 29 17:19:17 2020,"Remove doctest for now",   1, 1 
2a6561d,James Collins,Wed Apr 29 17:16:35 2020,"fix setup.py",   2, 9, 4 
2abc1d4,James Collins,Wed Apr 29 17:12:27 2020,"fix readme reference",   1, 1, 1 
a28c2c5,James Collins,Wed Apr 29 17:11:20 2020,"Update authors",   1, 10 
c7e202a,James Collins,Wed Apr 29 17:01:07 2020,"Add deploy key",   1, 7, 7 
b90e0fa,James Collins,Wed Apr 29 16:57:18 2020,"Update manifest",   1, 8, 2 
39aeccc,James Collins,Wed Apr 29 15:58:51 2020,"prep for release",   16, 826, 15 
a0bdd66,James Collins,Wed Apr 29 15:38:12 2020,"Non-working checkpoint",   1, 34, 16 
c7c3a5d,James Collins,Wed Apr 29 06:30:17 2020,"Move backcast",   3, 120, 117 
a873b49,James Collins,Wed Apr 29 06:17:48 2020,"Compute backcast daily change",   1, 40, 12 
ade418b,James Collins,Wed Apr 29 04:23:30 2020,"Merge pull request #66 in CVD19/covid-model-deaths from collijk/refactor/lagged-deaths to develop", 
a13ae6d,James Collins,Wed Apr 29 01:42:44 2020,"Merge pull request #71 in CVD19/covid-model-deaths from collijk/prod/d_2020_04_27_t_23_02 to master", 
3cd4428,James Collins,Tue Apr 28 16:02:18 2020,"prod run d_2020_04_27_t_23_02",   3, 20, 40 
10f5d35,James Collins,Tue Apr 28 04:12:44 2020,"Merge branch 'master' of ssh://stash.ihme.washington.edu:7999/cvd19/covid-model-deaths into develop", 
72c022b,James Collins,Tue Apr 28 04:12:23 2020,"Merge pull request #54 in CVD19/covid-model-deaths from collijk/refactor/more-dead-code-and-reorg-runner to develop", 
ad7ab65,James Collins,Tue Apr 28 02:34:19 2020,"Merge pull request #64 in CVD19/covid-model-deaths from collijk/prod/d_2020_04_27_t_09_31 to master", 
def94f2,James Collins,Tue Apr 28 02:31:25 2020,"prod run d_2020_04_27_t_09_31",   3, 28, 20 
25f923f,James Collins,Mon Apr 27 13:46:33 2020,"Cleanup from prod run",   1, 5, 23 
f7c7b16,James Collins,Mon Apr 27 13:43:39 2020,"Merge pull request #63 in CVD19/covid-model-deaths from collijk/prod/d_2020_04_26_t_20_42 to master", 
17a17ea,James Collins,Mon Apr 27 13:42:39 2020,"prod run d_2020_04_26_t_20_42",   2, 33, 15 
f860e54,James Collins,Mon Apr 27 09:41:44 2020,"Merge pull request #57 in CVD19/covid-model-deaths from collijk/prod/d_2020_04_26_t_16_40 to master", 
cd78907,James Collins,Mon Apr 27 09:40:57 2020,"prod run d_2020_04_26_t_16_40",   4, 18, 46 
5b47ca6,James Collins,Mon Apr 27 06:22:49 2020,"Merge pull request #53 in CVD19/covid-model-deaths from develop to master", 
91f4f8f,James Collins,Mon Apr 27 06:21:34 2020,"prod run d_2020_04_26_t_13_21",   3, 58, 28 
9db0e86,James Collins,Mon Apr 27 04:13:45 2020,"Merge pull request #46 in CVD19/covid-model-deaths from collijk/refactor/delete-dead-code to develop", 
1d618e8,James Collins,Mon Apr 27 04:06:29 2020,"Merge pull request #51 in CVD19/covid-model-deaths from collijk/prod/d_2020_04_26_t_11_05 to master", 
fd3304b,James Collins,Mon Apr 27 04:05:21 2020,"prod run d_2020_04_26_t_11_05",   4, 133, 13 
d48c3b2,James Collins,Sun Apr 26 13:05:11 2020,"Merge pull request #50 in CVD19/covid-model-deaths from collijk/prod/d_2020_04_25_t_07_17 to master", 
6e6685e,James Collins,Sun Apr 26 00:17:19 2020,"prod run d_2020_04_25_t_07_17",   5, 98, 3928 
02b0ad9,James Collins,Sat Apr 25 01:50:23 2020,"Merge pull request #45 in CVD19/covid-model-deaths from feature/run_cities to master", 
ce6b4e4,James Collins,Sat Apr 25 01:49:21 2020,"Merge pull request #44 in CVD19/covid-model-deaths from us_counties_cities_4_22_2020 to master", 
4760351,James Collins,Sat Apr 25 01:48:25 2020,"Merge pull request #43 in CVD19/covid-model-deaths from paho_subnat_04_19_2020 to master", 
b36e1ef,James Collins,Sat Apr 25 01:47:16 2020,"Merge pull request #42 in CVD19/covid-model-deaths from nathenry/prod/d_2020_04_22_t_11_09 to master", 
3026e97,James Collins,Sat Apr 25 01:45:53 2020,"Merge pull request #41 in CVD19/covid-model-deaths from collijk/dev/d_2020_04_24_t_00_29 to master", 
2c7a89d,James Collins,Fri Apr 24 17:29:53 2020,"dev run d_2020_04_24_t_00_29",   2, 48, 6633 
e70a76c,James Collins,Fri Apr 24 17:27:55 2020,"Merge pull request #40 in CVD19/covid-model-deaths from collijk/prod/d_2020_04_24_t_00_27 to master", 
4c6bdbe,James Collins,Fri Apr 24 17:27:27 2020,"prod run d_2020_04_24_t_00_27",   2, 21, 3726 
d1b9922,James Collins,Fri Apr 24 17:26:29 2020,"prod run d_2020_04_24_t_00_26",   6, 3778, 45 
098af86,James Collins,Fri Apr 24 16:57:18 2020,"Merge pull request #39 in CVD19/covid-model-deaths from hkl1/prod/d_2020_04_23_t_17_49 to aucarter/prod/d_2020_04_23_t_10_36", 
c6efa90,James Collins,Fri Apr 24 11:53:59 2020,"Merge pull request #37 in CVD19/covid-model-deaths from collijk/feature/us-model-refactor-and-checkpointing to develop", 
9f5fffd,Haley Lescinsky,Fri Apr 24 10:49:31 2020,"prod run d_2020_04_23_t_17_49",   1, 3146, 2193 
06acaaf,Austin Carter,Fri Apr 24 03:36:55 2020,"passing off 4/22 prod run mid deaths model",   2, 5777, 79 
41231fe,Nat Henry,Thu Apr 23 04:09:44 2020,"prod run d_2020_04_22_t_11_09",   3, 5811, 129 
79d6863,James Collins,Wed Apr 22 09:05:04 2020,"Merge branch 'master' of ssh://stash.ihme.washington.edu:7999/cvd19/covid-model-deaths into develop", 
d28ddd8,James Collins,Wed Apr 22 09:04:23 2020,"Merge pull request #36 in CVD19/covid-model-deaths from hkl1/prod/d_2020_04_21_t_07_51 to master", 
5c5b967,James Collins,Wed Apr 22 05:26:12 2020,"Merge branch 'master' of ssh://stash.ihme.washington.edu:7999/cvd19/covid-model-deaths into develop", 
e2d3edf,Haley Lescinsky,Wed Apr 22 00:51:43 2020,"prod run d_2020_04_21_t_07_51",   3, 496, 47 
e5515a1,Ryan Barber,Tue Apr 21 13:00:39 2020,"Merge pull request #35 in CVD19/covid-model-deaths from rmbarber/feature/update_peaked_file_csv to master", 
640a828,Ryan Barber,Tue Apr 21 12:51:55 2020,"Merge pull request #34 in CVD19/covid-model-deaths from rmbarber/feature/update_peaked_file to master", 
2388315,James Collins,Tue Apr 21 12:46:08 2020,"Merge in develop", 
9bf489e,James Collins,Tue Apr 21 12:00:29 2020,"Merge pull request #33 in CVD19/covid-model-deaths from collijk/hotfix/moving-average to master", 
d13c5f4,James Collins,Tue Apr 21 07:03:14 2020,"Merge pull request #32 in CVD19/covid-model-deaths from ctroeger/prod/d_2020_04_19_t_22_49 to master", 
dc119c8,Chris Troeger,Mon Apr 20 15:49:21 2020,"prod run d_2020_04_19_t_22_49",   3, 7569, 125 
3f2e92b,James Collins,Mon Apr 20 10:38:52 2020,"Merge pull request #31 in CVD19/covid-model-deaths from rmbarber/dev/d_2020_04_19_t_17_31 to master", 
3ce8592,Ryan Barber,Mon Apr 20 10:31:14 2020,"dev run d_2020_04_19_t_17_31",   2, 10, 1414 
651886d,Ryan Barber,Mon Apr 20 10:03:29 2020,"just stick w europe naming for now",   1, 2, 2 
541f557,Ryan Barber,Mon Apr 20 10:00:09 2020,"id files; agg weight bound",   8, 1512, 2018 
b3dc705,Austin Carter,Mon Apr 20 04:55:50 2020,"rolling back the location_id business",   4, 1393, 2209 
f17bcbe,Austin Carter,Mon Apr 20 02:26:41 2020,"switching over to merging covariates on location_id",   4, 2778, 94 
9c1cff0,Ryan Barber,Sun Apr 19 11:37:22 2020,"Merge pull request #29 in CVD19/covid-model-deaths from rmbarber/feature/bound_gm_weights to master", 
8474bab,James Collins,Sun Apr 19 03:47:22 2020,"Merge in master", 
3d5fd53,James Collins,Sun Apr 19 03:05:52 2020,"Merge pull request #27 in CVD19/covid-model-deaths from hkl1/prod/d_2020_04_17_t_22_25 to master", 
c0c01f1,Haley Lescinsky,Sat Apr 18 15:24:58 2020,"prod run d_2020_04_17_t_22_24",   2, 33, 11 
9079809,James Collins,Sat Apr 18 11:20:48 2020,"Merge pull request #26 in CVD19/covid-model-deaths from collijk/dev/d_2020_04_17_t_18_19 to master", 
8bc6e26,James Collins,Sat Apr 18 11:19:25 2020,"dev run d_2020_04_17_t_18_19",   7, 115, 6675 
03fb4c8,James Collins,Sat Apr 18 08:45:03 2020,"Update qsub command",   1, 24, 38 
fc9e9d4,James Collins,Sat Apr 18 08:36:56 2020,"Merge in master", 
fa45383,Ryan Barber,Sat Apr 18 00:46:49 2020,"drop nb",   1, 306 
10c91f5,Ryan Barber,Sat Apr 18 00:46:18 2020,"production run 04/17",   8, 1770, 2897 
c223855,James Collins,Fri Apr 17 05:15:06 2020,"Merge pull request #25 in CVD19/covid-model-deaths from collijk/social_distancing_covpy-1587064312206 to master", 
09bf37e,Ryan Barber,Thu Apr 16 06:35:37 2020,"extend-o-peak",   8, 2197, 2197 
04b97d2,James Collins,Thu Apr 16 06:15:39 2020,"Merge branch 'develop' of ssh://stash.ihme.washington.edu:7999/cvd19/covid-model-deaths into develop", 
6231e1f,James Collins,Thu Apr 16 06:12:41 2020,"Merge pull request #24 in CVD19/covid-model-deaths from feature/setup-script-safety to master", 
482c921,Austin Carter,Wed Apr 15 11:56:46 2020,"dev run d_2020_04_14_t_18_56",   2, 2, 2 
5df5625,Austin Carter,Wed Apr 15 11:55:32 2020,"dev run d_2020_04_14_t_18_55",   1, 3 
0d92938,James Collins,Wed Apr 15 06:13:55 2020,"Merge pull request #22 in CVD19/covid-model-deaths from refactor/dead-code-etc to develop", 
cf23733,Ryan Barber,Wed Apr 15 05:32:17 2020,"testing empirical weights from mobility data",   11, 5402, 2397 
3b10d4d,James Collins,Tue Apr 14 16:14:30 2020,"Merge pull request #21 in CVD19/covid-model-deaths from develop to master", 
07e6f07,Nat Henry,Tue Apr 14 16:10:29 2020,"prod run d_2020_04_13_t_23_10",   7, 165, 18006 
b365e83,James Collins,Tue Apr 14 09:48:26 2020,"Checkpoint",   4, 750, 5621 
0173e89,James Collins,Mon Apr 13 12:32:36 2020,"bugfix",   1, 4, 4 
e50d229,James Collins,Mon Apr 13 12:13:17 2020,"Hotfix for failing locs",   2, 54, 52 
d47827c,James Collins,Mon Apr 13 12:08:20 2020,"Merge pull request #19 in CVD19/covid-model-deaths from collijk/feature/env-setup to develop", 
12aa1d6,James Collins,Mon Apr 13 07:27:43 2020,"dev run d_2020_04_12_t_14_27",   12, 169, 22861 
b786500,James Collins,Mon Apr 13 07:09:47 2020,"dev run d_2020_04_12_t_14_09",   8, 292, 2616 
75098ee,James Collins,Mon Apr 13 04:48:49 2020,"Setup instructions and stuff",   3, 36, 4 
eddd8d7,James Collins,Sun Apr 12 06:42:42 2020,"Working env setup?",   2, 8, 1 
aad3c4a,James Collins,Sun Apr 12 05:39:50 2020,"Port last night's changes",   7, 2191, 2086 
99f85ce,James Collins,Sun Apr 12 05:30:47 2020,"Merge pull request #18 in CVD19/covid-model-deaths from collijk/port/4-9-repo-changes to develop", 
593deb4,James Collins,Fri Apr 10 11:00:06 2020,"Merge pull request #14 in CVD19/covid-model-deaths from collijk/port/remaining-modules to develop", 
0a0e092,James Collins,Fri Apr 10 09:22:05 2020,"Merge pull request #10 in CVD19/covid-model-deaths from collijk/feature/social_distancing_cov-typing-and-comments to develop", 
da20ddb,James Collins,Fri Apr 10 09:17:27 2020,"Merge pull request #11 in CVD19/covid-model-deaths from collijk/feature/utilities-py-typing-and-comments to develop", 
870b727,James Collins,Fri Apr 10 09:14:38 2020,"Merge pull request #13 in CVD19/covid-model-deaths from collijk/port/plot_death_model to develop", 
40bef52,James Collins,Fri Apr 10 09:12:08 2020,"Merge pull request #9 in CVD19/covid-model-deaths from collijk/port/social_distancing_cov to develop", 
b83b241,James Collins,Fri Apr 10 09:11:21 2020,"Merge pull request #8 in CVD19/covid-model-deaths from collijk/port/utilities-py to develop", 
abaffca,James Collins,Fri Apr 10 09:10:08 2020,"Merge pull request #6 in CVD19/covid-model-deaths from collijk/port/compare-moving-average-port to develop", 
ff452f3,James Collins,Fri Apr 10 09:04:40 2020,"Merge pull request #5 in CVD19/covid-model-deaths from collijk/feature/data-py-cleanup to develop", 
8bdf0ef,James Collins,Fri Apr 10 06:37:17 2020,"Move data.py",   1, 0, 0 
c5d85ab,James Collins,Fri Apr 10 06:35:51 2020,"Merge pull request #4 in CVD19/covid-model-deaths from docs/input-data to master", 
55ad884,James Collins,Fri Apr 10 02:53:00 2020,"Merge pull request #3 in CVD19/covid-model-deaths from docs/input-data to master", 
5113d4e,James Collins,Thu Apr 9 07:44:15 2020,"Merge pull request #2 in CVD19/covid-model-deaths from feature/package-metadata to master", 
b4aff67,James Collins,Wed Apr 8 06:13:27 2020,"Initial commit",   2, 112 