commit id,author,date,comment,changed files,lines added,lines deleted

79f0524,HAJJAJI Imad,Thu Apr 30 09:15:02 2020,"Add files via upload",   1, 0, 0 
f26c2bf,HAJJAJI Imad,Thu Apr 30 09:05:12 2020,"Delete data 18 Avril.xlsx",   1, 0, 0 
6f71cd0,HAJJAJI Imad,Thu Apr 30 09:04:59 2020,"Delete data 17 Avril.xlsx",   1, 0, 0 
fc4bd82,HAJJAJI Imad,Thu Apr 30 09:04:43 2020,"Delete data 13 Avril.xlsx",   1, 0, 0 
302918d,HAJJAJI Imad,Thu Apr 30 09:04:28 2020,"Delete data 2 Avril.xlsx",   1, 0, 0 
5cc4cfe,HAJJAJI Imad,Thu Apr 30 09:04:14 2020,"Delete data 3 Avril.xlsx",   1, 0, 0 
fe305fa,HAJJAJI Imad,Thu Apr 30 09:03:57 2020,"Delete data 4 Avril.xlsx",   1, 0, 0 
135a4b8,HAJJAJI Imad,Thu Apr 30 09:03:42 2020,"Delete data 6 Avril.xlsx",   1, 0, 0 
c63634d,HAJJAJI Imad,Wed Apr 22 04:38:48 2020,"Add files via upload",   1, 0, 0 
296acbd,HAJJAJI Imad,Sun Apr 19 03:59:56 2020,"Delete data",   1, 1 
ae8aab9,HAJJAJI Imad,Sun Apr 19 03:57:09 2020,"Add files via upload",   1, 0, 0 
5d685e3,HAJJAJI Imad,Sun Apr 19 03:55:31 2020,"Create data",   1, 1 
059aee0,HAJJAJI Imad,Sat Apr 18 03:45:58 2020,"Add files via upload",   1, 0, 0 
c7257e5,HAJJAJI Imad,Thu Apr 16 04:20:04 2020,"Add files via upload",   1, 0, 0 
8786d94,HAJJAJI Imad,Tue Apr 14 03:53:10 2020,"Add files via upload",   1, 0, 0 
c799289,HAJJAJI Imad,Thu Apr 9 21:42:36 2020,"Update README.md",   1, 1, 1 
70168bb,HAJJAJI Imad,Thu Apr 9 09:10:08 2020,"Add files via upload",   1, 0, 0 
d440c6b,HAJJAJI Imad,Tue Apr 7 05:00:06 2020,"Add files via upload",   1, 0, 0 
be97bbf,HAJJAJI Imad,Sun Apr 5 09:22:01 2020,"Add files via upload",   1, 0, 0 
f52c7aa,HAJJAJI Imad,Sat Apr 4 08:38:22 2020,"Add files via upload",   1, 0, 0 
bfb995a,HAJJAJI Imad,Fri Apr 3 08:04:15 2020,"Add files via upload",   1, 0, 0 
d8556be,HAJJAJI Imad,Thu Apr 2 07:42:45 2020,"Add files via upload",   1, 0, 0 
ddb117b,imadhaj,Wed Apr 1 11:00:59 2020,"Add files via upload",   1, 0, 0 
0fde873,imadhaj,Wed Apr 1 02:14:32 2020,"Add files via upload",   1, 0, 0 
d53ee6c,imadhaj,Wed Apr 1 02:13:28 2020,"Delete Prediction of Covid.pdf",   1, 0, 0 
c331c4b,imadhaj,Wed Apr 1 02:06:08 2020,"Update README.md",   1, 6, 1 
7b604ad,imadhaj,Wed Apr 1 01:46:26 2020,"Add files via upload",   2, 13768 
d7c7466,imadhaj,Wed Apr 1 01:43:53 2020,"Delete Prediction on Coronavirus (Morroco).ipynb",   1, 8165 
22e4027,imadhaj,Tue Mar 31 07:25:32 2020,"Create README.md",   1, 3 
8ee5d58,imadhaj,Tue Mar 31 06:10:41 2020,"Add files via upload",   2, 8165 