commit id,author,date,comment,changed files,lines added,lines deleted

978d301,devakumar,Fri Aug 7 13:45:01 2020,"update",   3, 1022, 623 
18ff7e4,devakumar,Tue Jul 28 16:52:43 2020,"update",   13, 73795, 70006 
db3c506,devakumar,Tue Jul 28 16:43:00 2020,"update",   2, 468, 468 
719cdef,devakumar,Mon Jul 27 20:14:15 2020,"update",   11, 73386, 69597 
9dacde9,devakumar,Sun Jul 26 20:13:12 2020,"update",   13, 73193, 69404 
4801b84,devakumar,Sat Jul 25 15:39:18 2020,"update",   11, 72373, 68584 
bd87340,devakumar,Fri Jul 24 23:56:54 2020,"update",   13, 72780, 68991 
b398fed,devakumar,Fri Jul 24 01:29:00 2020,"update",   13, 73590, 69801 
8aee866,devakumar,Wed Jul 22 16:11:13 2020,"update",   11, 71360, 67571 
1d7c7ef,devakumar,Tue Jul 21 17:52:53 2020,"update",   13, 71483, 67694 
02c1fdd,devakumar,Mon Jul 20 17:16:53 2020,"update",   13, 72504, 68715 
974bdac,devakumar,Sun Jul 19 16:41:12 2020,"update",   13, 39118, 13675 
28c6c00,devakumar,Fri Jul 17 13:41:07 2020,"update",   13, 633, 633 
1a347e1,devakumar,Thu Jul 16 14:59:57 2020,"update",   13, 68537, 64827 
884f1fe,devakumar,Wed Jul 15 16:29:02 2020,"update",   13, 77451, 73741 
4372f11,devakumar,Tue Jul 14 15:05:03 2020,"update",   13, 65642, 61932 
cbd0d4f,devakumar,Mon Jul 13 23:15:32 2020,"update",   13, 65343, 61633 
7a1c5d2,devakumar,Sun Jul 12 19:05:16 2020,"update",   14, 65344, 61532 
8353b13,devakumar,Sat Jul 11 17:10:00 2020,"update",   13, 64745, 61115 
3f2d8c4,devakumar,Fri Jul 10 18:27:29 2020,"update",   12, 64543, 60833 
b9c08c0,devakumar,Thu Jul 9 16:52:49 2020,"update",   12, 64490, 60780 
08a63b6,devakumar,Wed Jul 8 17:09:38 2020,"update",   12, 63581, 59871 
4f3de12,devakumar,Tue Jul 7 16:54:38 2020,"update",   12, 15422, 8002 
5563152,devakumar,Sun Jul 5 22:59:34 2020,"update",   12, 15943, 8523 
ab68830,devakumar,Fri Jul 3 17:29:05 2020,"update",   11, 132655, 129155 
91e5d96,devakumar,Thu Jul 2 23:22:03 2020,"update",   1, 130, 130 
43c3500,devakumar,Thu Jul 2 23:13:19 2020,"update",   13, 132538, 128828 
377772f,devakumar,Wed Jul 1 17:06:57 2020,"update",   14, 7680, 7250 
a4bb801,devakumar,Tue Jun 30 17:15:36 2020,"update",   11, 14648, 7677 
b38f23c,devakumar,Tue Jun 30 17:12:30 2020,"update",   7, 555316 
aeba3b6,devakumar,Mon Jun 29 17:06:31 2020,"update",   6, 3402, 3141 
f74d696,devakumar,Sun Jun 28 23:17:24 2020,"update",   6, 4206, 3162 
2233cc4,devakumar,Thu Jun 25 15:18:11 2020,"update",   7, 3405, 3354 
d15247b,devakumar,Tue Jun 23 06:43:05 2020,"update",   7, 3518, 3257 
1d3eeb5,devakumar,Mon Jun 22 15:06:42 2020,"update",   7, 3507, 3246 
3a89798,devakumar,Sun Jun 21 16:51:18 2020,"update",   7, 3532, 3271 
7369886,devakumar,Sun Jun 21 00:19:03 2020,"update",   5, 3042, 2781 
2bb31d1,devakumar,Fri Jun 19 18:39:42 2020,"update",   7, 3511, 3250 
f036805,devakumar,Thu Jun 18 22:28:12 2020,"update",   5, 3015, 2754 
64a5ae3,devakumar,Wed Jun 17 16:55:57 2020,"update",   2, 465, 465 
59e43f3,devakumar,Wed Jun 17 16:51:29 2020,"update",   10, 3502, 485872 
a1f27a0,devakumar,Tue Jun 16 15:36:03 2020,"update",   8, 56138, 52616 
41437bd,devakumar,Mon Jun 15 17:27:05 2020,"update",   11, 56323, 52801 
47abe0e,devakumar,Sun Jun 14 18:03:24 2020,"update",   11, 212738, 208701 
b1395d1,devakumar,Sat Jun 13 16:44:18 2020,"update",   11, 244218, 242466 
9700ce5,Devakumar kp,Sat Jun 13 02:40:26 2020,"Update README.md",   1, 3, 3 
e3ffd20,Devakumar kp,Sat Jun 13 02:39:58 2020,"Update README.md",   1, 7, 1 
f06e406,devakumar,Fri Jun 12 21:03:59 2020,"update",   9, 54905, 51383 
b3bc59a,devakumar,Thu Jun 11 15:56:43 2020,"update",   10, 55835, 52428 
267a986,devakumar,Wed Jun 10 14:46:25 2020,"update",   10, 52887, 44671 
5cdb638,devakumar,Mon Jun 8 16:50:23 2020,"update",   10, 53978, 50452 
d87bf40,devakumar,Sun Jun 7 17:24:41 2020,"update",   10, 456539, 453013 
7415168,devakumar,Sat Jun 6 19:17:00 2020,"update",   8, 452983, 449457 
3745fe1,devakumar,Fri Jun 5 18:32:13 2020,"update",   10, 87084, 83478 
ad22202,devakumar,Thu Jun 4 16:50:12 2020,"update",   11, 52892, 49366 
784d5df,devakumar,Wed Jun 3 16:29:15 2020,"update",   10, 53106, 48929 
a741fd0,Devakumar kp,Wed Jun 3 01:09:27 2020,"Update README.md",   1, 15, 11 
94319ae,devakumar,Wed Jun 3 00:55:13 2020,"update",   11, 72614, 47676 
89bf197,devakumar,Tue May 26 23:28:49 2020,"update",   10, 416101, 408916 
52eaffc,devakumar,Mon May 25 03:52:54 2020,"update",   9, 409352, 402084 
c898c18,devakumar,Mon May 25 03:51:44 2020,"Merge branch 'master' of https://github.com/imdevskp/covid_19_jhu_data_web_scrap_and_cleaning update", 
38adc40,devakumar,Mon May 25 03:51:24 2020,"update",   3, 6658 
e94952f,devakumar,Fri May 22 15:39:37 2020,"update",   11, 19506, 12336 
68bf6a9,devakumar,Wed May 20 15:48:54 2020,"update",   11, 48291, 44710 
6279a21,devakumar,Tue May 19 15:46:31 2020,"update",   11, 14596, 7434 
c3f705c,devakumar,Mon May 18 12:51:35 2020,"update",   1, 103, 103 
0055bcf,devakumar,Sun May 17 17:18:58 2020,"update",   11, 47358, 43780 
f13e12b,devakumar,Sat May 16 15:10:49 2020,"update",   11, 47042, 43461 
d004f7d,devakumar,Fri May 15 16:27:37 2020,"update",   11, 46736, 43144 
6a9e293,devakumar,Fri May 15 00:02:21 2020,"update",   11, 46538, 42842 
8965455,devakumar,Wed May 13 17:35:09 2020,"update",   11, 46085, 42505 
6bd346f,devakumar,Tue May 12 16:11:22 2020,"update",   11, 46326, 42746 
f2f1ed2,devakumar,Mon May 11 18:08:25 2020,"update",   11, 53665, 49668 
fc129fc,devakumar,Sun May 10 16:49:40 2020,"update",   11, 20821, 17241 
f431584,devakumar,Sat May 9 15:40:31 2020,"update",   1, 32, 32 
ec7121a,devakumar,Sat May 9 15:38:41 2020,"update",   10, 45345, 41765 
1558112,devakumar,Fri May 8 16:14:47 2020,"update",   12, 358140, 354246 
f488049,devakumar,Thu May 7 15:39:51 2020,"update",   11, 44112, 40532 
faf2ac4,devakumar,Wed May 6 15:51:20 2020,"update",   11, 43794, 40214 
7980fe5,devakumar,Tue May 5 15:56:10 2020,"update",   11, 43477, 39897 
7c09936,devakumar,Mon May 4 16:10:48 2020,"update",   11, 43206, 39626 
0816b8d,devakumar,Sun May 3 15:49:07 2020,"update",   11, 42909, 39329 
bf9fd15,devakumar,Sat May 2 16:10:59 2020,"update",   11, 42553, 39086 
41502be,devakumar,Fri May 1 15:48:53 2020,"update",   11, 42422, 38637 
8eac861,devakumar,Thu Apr 30 14:52:09 2020,"update",   12, 41796, 38217 
ce9f867,devakumar,Wed Apr 29 16:19:41 2020,"update",   11, 41566, 37987 
937f939,devakumar,Tue Apr 28 14:28:49 2020,"update",   11, 41239, 37671 
353f163,devakumar,Mon Apr 27 16:13:28 2020,"update",   11, 40964, 37385 
454972d,devakumar,Sun Apr 26 14:41:16 2020,"update",   11, 14544, 7385 
1607077,devakumar,Sat Apr 25 16:05:22 2020,"update",   4, 90, 90 
058ed77,devakumar,Fri Apr 24 15:49:53 2020,"update",   11, 312639, 308953 
4358c4c,devakumar,Thu Apr 23 15:43:35 2020,"update",   11, 39505, 36663 
0c65b2b,devakumar,Wed Apr 22 15:43:08 2020,"update",   11, 40006, 35683 
a1babfd,devakumar,Tue Apr 21 16:32:37 2020,"update",   11, 38991, 35413 
4a1bfb0,devakumar,Mon Apr 20 17:05:52 2020,"update",   11, 39471, 35352 
43ecbd8,devakumar,Sun Apr 19 15:45:54 2020,"update",   11, 12391, 8819 
5041efb,devakumar,Sat Apr 18 18:56:34 2020,"update",   12, 292237, 288893 
0dd5131,devakumar,Fri Apr 17 16:47:23 2020,"update",   13, 315915 