commit id,author,date,comment,changed files,lines added,lines deleted

8d090d1,Swapnil Mishra,Mon Jul 20 20:10:16 2020,"Merge pull request #125 from ettieunwin/readme", 
bf45812,Swapnil Mishra,Thu Jul 2 18:05:05 2020,"Update README.md",   1, 3, 2 
292f2f2,Swapnil Mishra,Thu Jul 2 18:00:42 2020,"Update README.md",   1, 1, 1 
40700b0,Swapnil Mishra,Wed Jul 1 23:47:54 2020,"Update README.md",   1, 2, 2 
d53e342,Swapnil Mishra,Wed Jul 1 20:06:33 2020,"Merge pull request #123 from ImperialCollegeLondon/ifr_branch", 
759d5bb,Swapnil Mishra,Fri Jun 19 02:15:16 2020,"Merge pull request #118 from ettieunwin/master", 
885466d,Swapnil Mishra,Thu Jun 11 14:56:06 2020,"Update README.md",   1, 2, 2 
2421a09,Swapnil Mishra,Thu Jun 11 14:55:37 2020,"Update README.md",   1, 1, 4 
55c4f13,Swapnil Mishra,Thu Jun 11 04:07:39 2020,"Adding DOI",   1, 3 
a6bcd8d,Seth Flaxman,Tue Jun 9 02:41:50 2020,"Update README.md",   1, 4, 4 
e7018b5,Seth Flaxman,Tue Jun 9 02:38:35 2020,"Update README.md",   1, 2, 2 
d8c9af1,Swapnil Mishra,Mon Jun 8 19:04:55 2020,"Update README.md",   1, 6, 6 
9e2f8c4,Swapnil Mishra,Mon Jun 8 19:00:50 2020,"Merge pull request #117 from ImperialCollegeLondon/nature", 
0264dc8,Swapnil Mishra,Sun May 31 21:48:38 2020,"Update plot-3-panel.r",   1, 6, 17 
f952196,Swapnil Mishra,Sun May 31 21:30:56 2020,"Update Dockerfile",   1, 1, 1 
fdf7088,Swapnil Mishra,Sun May 31 21:26:51 2020,"Update Dockerfile",   1, 2, 2 
29942a8,Swapnil Mishra,Sun May 31 19:25:06 2020,"Merge pull request #116 from ImperialCollegeLondon/usa_release", 
c1c86a1,Swapnil Mishra,Fri May 15 12:00:32 2020,"As new ECDC data had negative deaths stopping it",   1, 6, 6 
8ae05ce,Swapnil Mishra,Fri May 15 11:45:29 2020,"Merge pull request #107 from ImperialCollegeLondon/Brazil", 
193d1ea,Swapnil Mishra,Tue May 12 17:26:21 2020,"making make table work if data not recent",   1, 2 
e7a2b57,Swapnil Mishra,Sun May 10 16:02:54 2020,"Update README.md",   1, 1, 1 
ab80a43,Swapnil Mishra,Sun May 10 06:40:24 2020,"Update environment.yml",   1, 5 
048c249,Swapnil Mishra,Sun May 10 06:36:12 2020,"Update README.md",   1, 2, 2 
528d528,Swapnil Mishra,Sun May 10 06:34:03 2020,"Update automatic update of N2",   1, 3, 1 
7e9ff23,Swapnil Mishra,Sun May 10 03:37:20 2020,"Update README.md",   1, 1, 1 
de6f3e5,Swapnil Mishra,Sun May 10 03:33:32 2020,"Merge pull request #101 from ImperialCollegeLondon/Italy", 
02ab52f,Swapnil Mishra,Sat May 9 02:17:58 2020,"Update plot-forecast.r",   1, 1, 1 
9499fcf,Swapnil Mishra,Fri May 1 07:48:40 2020,"Update base.r",   1, 1, 1 
ec686de,Swapnil Mishra,Fri May 1 06:26:43 2020,"Update README.md",   1, 2 
da9a8a9,Swapnil Mishra,Wed Apr 29 15:21:06 2020,"Update README.md",   1, 2, 2 
668ceeb,Swapnil Mishra,Wed Apr 29 15:17:46 2020,"Update README.md",   1, 9, 2 
6ee3010,Swapnil Mishra,Sat Apr 25 16:06:56 2020,"Update README.md",   1, 5, 5 
4f085f0,Swapnil Mishra,Sat Apr 25 16:02:07 2020,"Update README.md",   1, 1, 1 
e57cde7,Swapnil Mishra,Sat Apr 25 16:01:55 2020,"Update README.md",   1, 6 
865806f,Swapnil Mishra,Sat Apr 25 03:42:03 2020,"Merge pull request #85 from ImperialCollegeLondon/version3", 
742ddd0,Swapnil Mishra,Sat Apr 25 03:07:36 2020,"Update environment.yml",   1, 2 
dba32ce,Swapnil Mishra,Thu Apr 23 16:49:55 2020,"Merge pull request #78 from payoto/fix-forecast-after-90days", 
bef8d10,Swapnil Mishra,Thu Apr 23 16:30:29 2020,"Merge pull request #82 from fvalka/master", 
82cbba8,Swapnil Mishra,Thu Apr 23 16:27:17 2020,"Merge pull request #75 from MansMeg/general_covariates", 
eaef0e1,Swapnil Mishra,Sat Apr 18 03:32:31 2020,"Merge pull request #66 from Azure/just-3-panel", 
2b68861,Swapnil Mishra,Thu Apr 16 15:11:49 2020,"Merge pull request #67 from MansMeg/loop_fix", 
f56a956,Swapnil Mishra,Thu Apr 16 15:10:34 2020,"Merge pull request #65 from fvalka/master", 
4a6e8ff,Swapnil Mishra,Wed Apr 15 20:12:19 2020,"Merge pull request #62 from fvalka/master", 
09615b6,Swapnil Mishra,Sun Apr 12 19:57:48 2020,"Merge pull request #50 from fvalka/patch-2", 
6ff7dc0,Swapnil Mishra,Sun Apr 12 15:42:29 2020,"Merge pull request #49 from fvalka/patch-1", 
e6cdf3c,Swapnil Mishra,Sat Apr 11 14:46:33 2020,"Merge pull request #45 from fvalka/master", 
9fb3351,Swapnil Mishra,Sat Apr 11 03:13:53 2020,"Update base.r",   1, 4, 4 
a1e97e5,Swapnil Mishra,Fri Apr 10 23:06:54 2020,"changes inline to make web-version possible",   9, 686, 31 
e70be3b,Seth Flaxman,Fri Apr 10 04:43:45 2020,"Update README.md",   1, 1, 1 
f2dc46b,Swapnil Mishra,Fri Apr 10 03:44:12 2020,"Update README.md",   1, 3, 1 
78faf57,Swapnil Mishra,Fri Apr 10 03:25:14 2020,"Update README.md",   1, 9, 1 
22b01a0,Swapnil Mishra,Fri Apr 10 03:19:17 2020,"Adding the technical description of new model",   1, 0, 0 
96d70b5,hbz,Fri Apr 10 03:09:22 2020,"Merge pull request #41 from ImperialCollegeLondon/version-2", 
5c756a6,Swapnil Mishra,Mon Apr 6 22:52:57 2020,"Merge pull request #30 from cc-a/readme-update", 
793bb9c,Swapnil Mishra,Mon Apr 6 16:56:56 2020,"Merge pull request #27 from ImperialCollegeLondon/contibuting", 
7c35e25,hbz,Mon Apr 6 06:05:20 2020,"Update issue templates",   2, 51 
ec8d779,harrisonzhu508,Mon Apr 6 00:54:57 2020,"fix path",   1, 5, 5 
bab7656,harrisonzhu508,Mon Apr 6 00:53:20 2020,"fix organisation", 
9889a18,hbz,Mon Apr 6 00:05:47 2020,"Merge pull request #23 from fvalka/master", 
7baf21f,hbz,Mon Apr 6 00:02:07 2020,"Merge pull request #24 from cc-a/docker-readme", 
9841ada,harrisonzhu508,Sun Apr 5 06:10:29 2020,"add badge",   1, 2 
b10f8e0,Swapnil Mishra,Sun Apr 5 05:51:52 2020,"Merge pull request #7 from bgoodri/master", 
6de233f,hbz,Sun Apr 5 03:41:56 2020,"Merge pull request #18 from ImperialCollegeLondon/dependabot/pip/bleach-3.1.4", 
3ce1700,hbz,Sun Apr 5 03:41:48 2020,"Merge pull request #20 from ImperialCollegeLondon/dependabot/pip/psutil-5.6.6", 
3ad38c6,hbz,Sun Apr 5 03:41:40 2020,"Merge pull request #19 from ImperialCollegeLondon/dependabot/pip/nltk-3.4.5", 
5edb88d,harrisonzhu508,Sun Apr 5 03:34:42 2020,"add link to paper",   1, 1, 1 
7505e41,harrisonzhu508,Sun Apr 5 03:28:51 2020,"Merge branch 'master' of github.com:ImperialCollegeLondon/covid19model", 
ed66538,hbz,Sat Apr 4 04:15:35 2020,"Merge pull request #1 from harrisonzhu508/hbz/master", 
10a42cf,hbz,Fri Apr 3 02:54:00 2020,"Merge pull request #4 from cc-a/docker", 
bcbe028,Swapnil Mishra,Wed Apr 1 20:57:39 2020,"Merge branch 'master' of github.com:ImperialCollegeLondon/covid19model", 
1e58a39,Swapnil Mishra,Wed Apr 1 20:53:12 2020,"removing CFR from comments and variable name to IFR. Just to be consistent with report and code.",   1, 8, 8 
144356c,Swapnil Mishra,Mon Mar 30 00:07:26 2020,"Update README.md",   1, 1, 1 
b110d34,smishra,Mon Mar 30 00:05:35 2020,"Latest code for Europe report",   10, 7453, 110 
20b76d0,Swapnil Mishra,Fri Mar 27 20:12:09 2020,"adding for permission from author",   1, 85, 84 
205ef75,Swapnil Mishra,Fri Mar 27 18:02:49 2020,"r code to match the paper runs",   1, 3, 3 
7d42431,Swapnil Mishra,Fri Mar 27 17:48:30 2020,"aesthetic changes on code structure",   3, 3, 3 
575520c,Swapnil Mishra,Fri Mar 27 17:38:32 2020,"Merge branch 'master' of github.com:ImperialCollegeLondon/covid19model", 
8188493,Swapnil Mishra,Fri Mar 27 17:38:24 2020,"changes as per seth",   3, 2, 2 
3c09510,Swapnil Mishra,Fri Mar 27 17:29:44 2020,"tweaking changes for plotting to work",   4, 101, 3 
5e3ced9,Swapnil Mishra,Fri Mar 27 17:07:57 2020,"Update README.md",   1, 1, 1 
f511bb7,Swapnil Mishra,Fri Mar 27 17:07:29 2020,"Update README.md",   1, 2 
c4909b1,Swapnil Mishra,Fri Mar 27 17:05:06 2020,"Code transfer for releasing code for Europe covid19 model",   14, 948 
33d39a1,Swapnil Mishra,Fri Mar 27 08:35:46 2020,"Initial commit",   3, 715 