commit id,author,date,comment,changed files,lines added,lines deleted

f21b0c3,amin jamal,Tue Jun 30 04:39:16 2020,"Update README.md",   1, 2 
88ac103,amin jamal,Sun Apr 5 15:32:09 2020,"Update README.md",   1, 1, 1 
c3d10b2,amin jamal,Sun Apr 5 15:31:21 2020,"Update README.md",   1, 1, 1 
1a2b0c7,amin jamal,Sun Apr 5 15:30:29 2020,"Update README.md",   1, 1, 4 
7fcfebb,amin jamal,Sun Apr 5 15:29:46 2020,"Update README.md",   1, 8, 1 
061954d,aminjamal,Wed Mar 25 06:36:26 2020,"Merge branch 'master' of https://github.com/includeamin/covid19-detection", 
61c71c7,aminjamal,Wed Mar 25 06:35:37 2020,"add index page:pencil2:",   9, 510, 67 
0417e8e,aminjamal,Tue Mar 24 03:29:50 2020,"add new url to api :pencil2:",   2, 24, 8 
71972c6,aminjamal,Tue Mar 24 02:29:50 2020,"add new url to api :pencil2:",   2, 4, 6 
94d150b,aminjamal,Tue Mar 24 01:39:50 2020,"add new url to api :pencil2:",   3, 14, 2 
d869da6,aminjamal,Tue Mar 24 00:51:31 2020,"add new url to api :pencil2:",   1, 1, 1 
cd40882,aminjamal,Tue Mar 24 00:47:23 2020,"impovement:pencil2:",   1, 39, 4 
ca9ed46,aminjamal,Mon Mar 23 23:23:43 2020,"impovement:pencil2:",   3, 30, 9 
eff3fc1,aminjamal,Mon Mar 23 22:15:48 2020,"impovement:pencil2:",   1, 1 
cd54485,aminjamal,Mon Mar 23 22:08:06 2020,"impovement:pencil2:",   4, 36, 3 
a065d0b,aminjamal,Mon Mar 23 07:28:01 2020,"impovement:pencil2:",   3, 1, 3834 
d88383b,aminjamal,Mon Mar 23 07:25:31 2020,"create docker file :pencil2:",   4, 3863 
0f17a6c,includeamin,Mon Mar 23 07:05:30 2020,"update docker-compose file",   2, 4, 2 
17920e1,dependabot[bot],Mon Mar 23 06:52:27 2020,":arrow_up: Bump tensorflow from 1.5 to 1.15.2",   2, 2, 2 
0adf5ae,aminjamal,Mon Mar 23 06:52:18 2020,"create docker file :pencil2:",   1, 4, 4 
56859ee,aminjamal,Mon Mar 23 06:51:38 2020,"create docker file :pencil2:",   2, 18 
4d451b7,aminjamal,Mon Mar 23 06:50:08 2020,"create docker file :pencil2:",   4, 10, 3 
f26069a,amin jamal,Sun Mar 22 23:57:05 2020,"Update README.md",   1, 1, 1 
bddacb4,aminjamal,Sun Mar 22 23:27:00 2020,"impovement:pencil2:",   1, 1 
494a3db,aminjamal,Sun Mar 22 23:20:48 2020,"impovement:pencil2:",   5, 1, 1 
d040e3e,includeamin,Sun Mar 22 23:01:11 2020,"docker",   3, 13, 44 
46e08f0,amin jamal,Sun Mar 22 21:27:06 2020,"Update Dockerfile",   1, 4, 4 
318ba89,amin jamal,Sun Mar 22 21:21:27 2020,"Update Dockerfile",   1, 21, 9 
79a93c8,amin jamal,Sun Mar 22 21:14:00 2020,"Create script.sh",   1, 2 
532cf49,amin jamal,Sun Mar 22 21:12:56 2020,"Update requirements.txt",   1, 2, 2 
3292f08,includeamin,Sun Mar 22 10:53:22 2020,"amin", 
24d4004,includeamin,Sun Mar 22 10:52:09 2020,"add-daata",   2, 17, 7 
7a5abeb,includeamin,Sun Mar 22 06:37:40 2020,"docker",   4, 13, 10 
48c0f82,aminjamal,Sun Mar 22 05:34:53 2020,"add server :pencil2:",   1, 1, 1 
18146c6,aminjamal,Sun Mar 22 05:34:05 2020,"add server :pencil2:",   1, 7, 2 
009b3da,aminjamal,Sun Mar 22 04:31:25 2020,"add server :pencil2:",   1, 3, 1 
d3f9b1d,aminjamal,Sun Mar 22 03:07:59 2020,"add server :pencil2:",   2, 2, 1 
ef1321d,aminjamal,Sun Mar 22 03:02:45 2020,"add server :pencil2:",   5, 35, 2 
b61d49d,aminjamal,Sun Mar 22 01:26:42 2020,"Merge branch 'master' of https://github.com/includeamin/covid19-detection", 
22b8502,aminjamal,Sun Mar 22 01:26:33 2020,"add server :pencil2:",   1, 56, 12 
81739a5,aminjamal,Sat Mar 21 12:54:19 2020,"add server [not ready] :pencil2:",   1, 71, 8 
00aee71,aminjamal,Sat Mar 21 12:26:34 2020,"update readme :pencil2:",   2, 1, 103 
5815ed1,aminjamal,Sat Mar 21 12:25:28 2020,"update readme :pencil2:",   5, 96, 27 
5de8b4a,aminjamal,Sat Mar 21 11:43:29 2020,"update readme :pencil2:",   1, 1 
3e49b36,aminjamal,Sat Mar 21 11:43:03 2020,"update readme :pencil2:",   1, 4, 3 
335b079,aminjamal,Sat Mar 21 11:41:45 2020,"update readme :pencil2:",   12, 68, 2 
c1c3670,aminjamal,Sat Mar 21 11:11:50 2020,"init :pencil2:",   414, 404 
8993732,amin jamal,Sat Mar 21 10:58:49 2020,"Initial commit",   3, 332 