commit id,author,date,comment,changed files,lines added,lines deleted

0f1c3a5,Breno Helfstein Moura,Thu Jun 25 03:33:23 2020,"Melhorando o site de Documentação e adicionando referência a Caninos Loucos (#90)",   16, 32, 13 
d278d06,Breno Helfstein Moura,Thu Jun 18 09:01:13 2020,"Improving website - Adding Favicon, Changing color scheme and more (#89)",   20, 37, 38 
44cf20d,Breno Helfstein Moura,Sat Jun 6 07:32:11 2020,"Adicionando página de outros projetos (#87)",   14, 291, 1 
7455012,Breno Helfstein Moura,Thu Jun 4 05:27:13 2020,"Renomando licença (#86)",   1, 0, 0 
cbe878d,Breno Helfstein Moura,Thu Jun 4 05:24:54 2020,"Atualizando Readme (#85)",   1, 51, 19 
a19fde9,Breno Helfstein Moura,Thu May 28 11:55:57 2020,"Adicionando video links (#84)",   1, 1, 1 
5e470d5,Breno Helfstein Moura,Thu May 28 10:53:41 2020,"Adicionando video links 11-05 a 23-05 (#83)",   1, 30 
8cfa6bd,Breno Helfstein Moura,Thu May 28 10:43:13 2020,"Fazendo mudanças simples no site, como arrumar footer, imagem e vídeos embeddados (#82)",   12, 129, 33 
f97115c,Breno Helfstein Moura,Thu May 28 10:39:46 2020,"Adicionando screenshots",   5, 0, 0 
7302bed,Breno Helfstein Moura,Thu May 28 09:11:57 2020,"Mudando o link da vakinha para o link atual (#81)",   1, 1, 1 
8ae5ec4,Breno Helfstein Moura,Thu May 21 08:57:19 2020,"arrumando link do site (#79)",   17, 146, 146 
489ec2e,Breno Helfstein Moura,Thu May 21 08:37:45 2020,"V0 do site da wiki (#77)",   26, 2605, 1 
ca5147e,Breno Helfstein Moura,Thu May 14 12:48:17 2020,"adicionando wiki de midia (#76)",   1, 49 
8d58785,Breno Helfstein Moura,Sat May 9 07:57:40 2020,"adicionando outros video relatorios (#75)",   1, 66, 6 
2b6ac50,Breno Helfstein Moura,Sat May 9 04:36:09 2020,"Screenshots dos video relatorios",   10, 0, 0 
3552ed6,Breno Helfstein Moura,Thu May 7 12:31:09 2020,"adicionando videos na wiki (#73)",   1, 31 
d7adfed,Breno Helfstein Moura,Thu May 7 12:30:29 2020,"Adicionando atualizacao em relacao as valvulas PEEP (#62)",   14, 405, 393 
a028865,Breno Helfstein Moura,Thu May 7 11:48:04 2020,"Adicionando Thumbnail dos video relatorios",   5, 0, 0 
1deec11,Breno Helfstein Moura,Fri May 1 11:34:06 2020,"Deletando travis.yml",   1, 7 
8839042,Breno Helfstein Moura,Fri May 1 11:33:39 2020,"Criando main.yml. CI com Github Actions",   1, 27 
f79c797,Tiago Danin,Fri May 1 09:31:52 2020,"Teste de documentação com CI (#68)",   15, 1871, 219 
7c03ffc,Tiago Danin,Fri May 1 09:28:14 2020,"Substituindo subemetendo ~> submetendo (#69)",   1, 2, 2 
59ef00b,Breno Helfstein Moura,Tue Apr 28 08:19:30 2020,"resolvendo bug fuding.yml (#64)",   1, 1, 1 
1458975,Breno Helfstein Moura,Tue Apr 28 08:16:57 2020,"arrumando botão de funding (#63)",   1, 1, 2 
c79b531,Breno Helfstein Moura,Tue Apr 28 00:32:59 2020,"criando FAQ (#56)",   2, 26, 1 
1857d5c,Breno Helfstein Moura,Tue Apr 28 00:31:25 2020,"deletando estrategia de controle (#57)",   1, 19 
c095b0d,Breno Helfstein Moura,Mon Apr 27 05:52:40 2020,"adicionando novo link de funding (#61)",   1, 2, 1 
7dca350,Breno Helfstein Moura,Mon Apr 27 05:42:31 2020,"Expanding .gitignore (#58)",   1, 6 
aa2c976,Breno Helfstein Moura,Thu Apr 23 08:27:51 2020,"Criando novos templates de issue (#59)",   3, 47, 6 
b1f0c8f,Breno Helfstein Moura,Thu Apr 23 07:09:17 2020,"adicionando botao de contribuicao (#53)",   1, 1 
c6ee7ee,Breno Helfstein Moura,Thu Apr 23 07:07:54 2020,"Arrumando links nulos e criando pasta de dados experimentais vazia (#54)",   2, 4 
01ce458,Breno Helfstein Moura,Thu Apr 23 07:05:33 2020,"Adicionando arquivo de contribuidores (#55)",   1, 55 
6d28862,Otto Heringer,Sat Apr 18 07:31:13 2020,"Update Wiki_Válvula_PEEP.md",   1, 2, 1 
dbcf944,Otto Heringer,Fri Apr 17 01:19:20 2020,"Update and rename Wiki_Desafio:_Válvula_PEEP.md to Wiki_Válvula_PEEP.md",   1, 10, 5 
515b83f,Otto Heringer,Fri Apr 17 01:02:15 2020,"Update README.md",   1, 5, 7 
554bb2d,Breno Helfstein Moura,Wed Apr 15 08:05:05 2020,"Criando template de issue (#39)",   1, 19 
6018136,Breno Helfstein Moura,Wed Apr 15 08:02:33 2020,"Criando template para novos pull requests (#40)",   1, 21 
8720084,Otto Heringer,Wed Apr 15 00:35:04 2020,"Update Wiki_Entenda_o_Problema.md",   1, 1 
e373e57,Otto Heringer,Wed Apr 15 00:31:55 2020,"Update Wiki_Entenda_o_Problema.md",   1, 9, 1 
b7d56eb,Otto Heringer,Wed Apr 15 00:02:43 2020,"Update README.md",   1, 2, 1 
5b7d189,Otto Heringer,Tue Apr 14 23:59:37 2020,"Update README.md",   1, 8 
4d5c74c,Otto Heringer,Sun Apr 12 07:51:13 2020,"Update README.md",   1, 4 
5a184be,Otto Heringer,Sun Apr 12 07:25:11 2020,"Update Wiki_Desafio:_Válvula_PEEP.md",   1, 2, 2 
084175b,Otto Heringer,Sun Apr 12 07:21:45 2020,"Create Wiki_Desafio:_Válvula_PEEP.md",   1, 77 
ede4752,Otto Heringer,Sat Apr 11 05:54:44 2020,"Update README.md",   1, 2, 2 
dc39cfd,Otto Heringer,Sat Apr 11 05:51:07 2020,"Update README.md",   1, 1, 1 
cd1a265,Otto Heringer,Sat Apr 11 05:48:59 2020,"Update Wiki_Regulamentação.md",   1, 2 
c5e1225,Otto Heringer,Sat Apr 11 05:45:52 2020,"Create Wiki_Regulamentação.md",   1, 49 
f24c572,Otto Heringer,Fri Apr 10 23:22:57 2020,"Update README.md",   1, 1, 1 
6143878,Otto Heringer,Fri Apr 10 23:20:56 2020,"Update README.md",   1, 2, 1 
efd5415,Otto Heringer,Fri Apr 10 23:14:04 2020,"Update README.md",   1, 7, 3 
8e211a9,Otto Heringer,Fri Apr 10 23:04:34 2020,"Update README.md",   1, 1, 1 
0da6765,Otto Heringer,Fri Apr 10 23:02:52 2020,"Update README.md",   1, 20, 20 
288f146,Otto Heringer,Fri Apr 10 22:44:56 2020,"Delete acrylic cut 5mm.svg",   1, 277 
6d7b08b,Otto Heringer,Fri Apr 10 22:44:47 2020,"Delete acrylic cut 5mm.pdf",   1, 3254 
46a08eb,Otto Heringer,Fri Apr 10 22:44:25 2020,"Delete stepper plate V1.dxf",   1, 484 
2b27144,Otto Heringer,Fri Apr 10 22:44:16 2020,"Delete side V1.dxf",   1, 526 
d6d4c60,Otto Heringer,Fri Apr 10 22:44:06 2020,"Delete piston support plate V1.dxf",   1, 516 
81bd60c,Otto Heringer,Fri Apr 10 22:43:56 2020,"Delete piston V1.dxf",   1, 422 
9cbf90b,Otto Heringer,Fri Apr 10 22:43:45 2020,"Delete nut plate V1.dxf",   1, 548 
76aedfd,Otto Heringer,Fri Apr 10 22:43:35 2020,"Delete ambu-bag support V1.dxf",   1, 390 
a2f7555,Otto Heringer,Fri Apr 10 22:07:34 2020,"Update CONTRIBUTING.md",   1, 16, 5 
d3fb57c,Wendell Pereira da Silva,Fri Apr 10 08:42:21 2020,"fix grammatical mistake. (#17)",   1, 1, 1 
f651b14,Otto Heringer,Fri Apr 10 08:41:02 2020,"Update Wiki_HOME.md",   1, 1, 1 
cd2434b,Otto Heringer,Fri Apr 10 08:23:36 2020,"Update README.md",   1, 4, 4 
05caece,Otto Heringer,Fri Apr 10 05:56:40 2020,"Update README.md",   1, 2, 2 
7d91064,Otto Heringer,Fri Apr 10 00:12:56 2020,"Update README.md",   1, 16, 5 
768ce0e,Otto Heringer,Thu Apr 9 23:31:10 2020,"Delete README.md",   1, 1 
cd0d2f9,Otto Heringer,Thu Apr 9 23:30:51 2020,"Delete README.md",   1, 1 
55ab915,Otto Heringer,Thu Apr 9 23:30:38 2020,"Delete Teste_Poli_USP_LEB_26_03_2020",   1, 70 
d897e87,Otto Heringer,Thu Apr 9 23:30:03 2020,"Delete OpenLung-firmware.ino",   1, 202 
c40f1e8,Otto Heringer,Thu Apr 9 23:14:35 2020,"Merge branch 'master' into master", 
77cc165,Otto Heringer,Wed Apr 8 22:45:08 2020,"Create Wiki_Estratégia_de_Controle.md",   1, 19 
a521de6,Otto Heringer,Wed Apr 8 21:02:13 2020,"Update README.md",   1, 1, 1 
6f918b9,Otto Heringer,Wed Apr 8 21:01:50 2020,"Update README.md",   1, 1, 1 
93e268a,Otto Heringer,Tue Apr 7 07:00:57 2020,"Update Wiki_Entenda_o_Problema.md",   1, 10, 1 
c6d27a2,Otto Heringer,Tue Apr 7 00:11:40 2020,"Update README.md",   1, 3, 1 
d7e842c,Otto Heringer,Mon Apr 6 23:00:35 2020,"Update README.md",   1, 4 
4042e61,Otto Heringer,Mon Apr 6 22:59:42 2020,"Update README.md",   1, 23, 11 
f585c7d,Otto Heringer,Mon Apr 6 22:00:44 2020,"Update Wiki_Entenda_o_Problema.md",   1, 2 
940dd08,Otto Heringer,Mon Apr 6 10:43:01 2020,"Update CONTRIBUTING.md",   1, 1, 1 
9d0e929,Otto Heringer,Mon Apr 6 10:41:09 2020,"Rename Sistema_de_Testes.md to Wiki_Sistema_de_Testes.md",   1, 0, 0 
96c0c5d,Otto Heringer,Mon Apr 6 10:40:17 2020,"Create Sistema_de_Testes.md",   1, 33 
519bb69,Otto Heringer,Mon Apr 6 09:58:18 2020,"Add files via upload",   1, 0, 0 
9157c8c,Otto Heringer,Mon Apr 6 09:57:15 2020,"Delete Wiki_Sistema_de_Testes_IMG6.jpg.png",   1, 0, 0 
a3a62ce,Otto Heringer,Mon Apr 6 09:55:20 2020,"Add files via upload",   7, 7273 
01f3b93,Otto Heringer,Mon Apr 6 07:57:29 2020,"Update README.md",   1, 1, 1 
3c29812,Otto Heringer,Mon Apr 6 07:56:04 2020,"Update README.md",   1, 2 
54fbcb4,Otto Heringer,Mon Apr 6 07:52:21 2020,"Update Wiki_Entenda_o_Problema.md",   1, 20, 6 
a527033,Otto Heringer,Mon Apr 6 07:43:17 2020,"Rename Wiki_Entenda_o_Problema to Wiki_Entenda_o_Problema.md",   1, 0, 0 
59aaaeb,Otto Heringer,Mon Apr 6 07:42:36 2020,"Create Wiki_Entenda_o_Problema",   1, 65 
f80616b,Otto Heringer,Mon Apr 6 06:26:30 2020,"Add files via upload",   1, 0, 0 
e78efc2,Otto Heringer,Mon Apr 6 05:44:13 2020,"Update README.md",   1, 1, 1 
45470d9,Otto Heringer,Mon Apr 6 05:44:01 2020,"Update README.md",   1, 1, 1 
f72c86b,Otto Heringer,Mon Apr 6 05:43:20 2020,"Add files via upload",   1, 0, 0 
01fc75b,Otto Heringer,Mon Apr 6 05:42:00 2020,"Create README.md",   1, 1 
17eb7af,Otto Heringer,Mon Apr 6 05:32:04 2020,"Update README.md",   1, 3, 1 
d9d1afa,Otto Heringer,Sat Apr 4 10:05:53 2020,"Rename Teste_Poli_USP_LEB_26_03_2020 to Dados_Experimentais/Teste_Poli_USP_LEB_26_03_2020",   1, 0, 0 
06d65e8,Otto Heringer,Sat Apr 4 10:03:20 2020,"Create Wiki_Relatorio_Dia_9",   1, 31 
c28f8a7,Otto Heringer,Sat Apr 4 10:02:37 2020,"Create Wiki_Relatorio_Dia_8",   1, 40 
5621067,Otto Heringer,Sat Apr 4 10:01:22 2020,"Create Wiki_HOME.md",   1, 19 
e008df7,Otto Heringer,Sat Apr 4 09:58:34 2020,"Update README.md",   1, 1, 1 
d5900fd,Otto Heringer,Sat Apr 4 09:57:53 2020,"Create README.md",   1, 9 
983b270,Otto Heringer,Sat Apr 4 09:26:35 2020,"Update CONTRIBUTING.md",   1, 1, 1 
c8e7b38,Otto Heringer,Sat Apr 4 09:24:48 2020,"Update README.md",   1, 2, 17 
75a8e1e,Otto Heringer,Sat Apr 4 09:15:27 2020,"Rename Principios_e_abordagenm.md to Principios_e_abordagem.md",   1, 0, 0 
a8a20a3,Otto Heringer,Sat Apr 4 09:14:32 2020,"Update and rename DESIGN_PRINCIPLES.md to Principios_e_abordagenm.md",   1, 18, 1 
112227f,Matheus Tavares,Sat Apr 4 00:08:37 2020,"Remova arquivos .DS_Store desnecessários (#10)",   6, 1 
e77b753,João Antônio Cardoso,Fri Apr 3 11:14:01 2020,"corrigindo autal -> atual (#18)",   1, 1, 1 
baed7e6,Matheus Tavares,Fri Apr 3 11:13:11 2020,"CODE_OF_CONDUCT: Arrume typo "
pusp.br" -> "
usp.br" (#21)",   1, 1, 1 
dfa3850,Matheus Tavares,Fri Apr 3 11:10:53 2020,"CONTRIBUTING: Conserte URLs quebradas em links (#22)",   1, 7, 5 
0473328,Otto Heringer,Fri Apr 3 11:08:39 2020,"Adição de links e reestruturação",   1, 76, 12 
adbbcc9,Otto Heringer,Fri Apr 3 09:18:27 2020,"Link da wiki adicionado",   1, 4, 1 
a7c33e1,Otto Heringer,Fri Apr 3 08:28:59 2020,"Nova foto da versão 5 adicionada",   1, 0, 0 
7bb96e2,Otto Heringer,Fri Apr 3 08:28:26 2020,"Foto da versão 5 muito pequena deletada",   1, 0, 0 
d017a5e,Otto Heringer,Fri Apr 3 08:26:14 2020,"Nova foto da versão 5 adicionada",   1, 0, 0 
bedb973,Otto Heringer,Fri Apr 3 08:17:53 2020,"Deleção de Foto muito grande",   1, 0, 0 
967618c,Otto Heringer,Fri Apr 3 08:07:13 2020,"Adição de foto da versão 5 do protótipo",   1, 3, 1 
a4e94d0,Otto Heringer,Fri Apr 3 08:03:27 2020,"Uploading Prototype Version 5 photo",   1, 0, 0 
3323537,Otto Heringer,Fri Apr 3 04:35:24 2020,"Adição de Código de Conduta, Como Contribuir e Princípios de Design (#19)",   5, 268 
5191445,Emerson Moretto,Wed Apr 1 16:10:18 2020,"Atualizando a Imagem pra V5",   1, 1, 1 
bb9458b,Emerson Moretto,Wed Apr 1 16:09:26 2020,"v5 crop",   1, 0, 0 
46ff3a8,Emerson Moretto,Wed Apr 1 16:07:14 2020,"ultima render da v5",   1, 0, 0 
b0ff3d2,Emerson Moretto,Wed Apr 1 16:06:24 2020,"mais render da v5",   2, 0, 0 
229fee7,Emerson Moretto,Wed Apr 1 16:05:18 2020,"render da V5",   4, 0, 0 
110593c,Emerson Moretto,Wed Apr 1 15:32:25 2020,"Arquivo 3D da versao 5 - Autodesk Fusion 360",   1, 0, 0 
43ca514,Emerson Moretto,Wed Apr 1 15:30:04 2020,"update de infos para V5",   1, 18, 11 
7dc225e,Emerson Moretto,Wed Apr 1 15:24:50 2020,"V5 2D files",   11, 68149 
c033c40,Emerson Moretto,Wed Apr 1 15:23:51 2020,"Changelog V5",   1, 10 
60ba4cb,Emerson Moretto,Wed Apr 1 07:56:19 2020,"Merge branch 'master' of https://github.com/Inspire-Poli-USP/Inspire-OpenLung", 
b44f81c,Emerson Moretto,Wed Apr 1 07:55:56 2020,"3D da V4",   2, 53, 31 
937710a,Emerson Moretto,Fri Mar 27 07:18:43 2020,"Merge branch 'master' of https://github.com/emersonmoretto/CITI-OpenLung", 
c7629e7,Emerson Moretto,Fri Mar 27 07:08:35 2020,"Update OpenLung-firmware.ino",   1, 71, 39 
41c7c75,Emerson Moretto,Mon Mar 23 14:30:06 2020,"teste do firmware e correcoes nos cortes v2.2",   5, 457, 1823 
e7cfb63,Emerson Moretto,Mon Mar 23 04:55:27 2020,"pequeno ajuste na peca que suporta o ambu",   1, 653, 45 
16e2e76,Emerson Moretto,Sun Mar 22 17:42:11 2020,"3d model of 2.2",   1, 0, 0 
0af9b2b,Emerson Moretto,Sun Mar 22 17:38:29 2020,"Update README.md",   1, 16, 5 
7db2b93,Emerson Moretto,Sun Mar 22 17:26:29 2020,"v2.2",   8, 6514 
6cd841b,Emerson Moretto,Sun Mar 22 08:29:39 2020,"arquivo de corte",   6, 7052 
9a0d791,Emerson Moretto,Sun Mar 22 07:59:42 2020,"arquivo de corte",   4, 5537, 2288 
5edc996,Emerson Moretto,Sun Mar 22 07:48:39 2020,"V2.1",   7, 4296 
20067d1,Emerson Moretto,Sun Mar 22 07:24:39 2020,"tava faltando uns furos",   5, 3517, 121 
92c9f08,Emerson Moretto,Sun Mar 22 05:35:23 2020,"V2",   9, 0, 0 
140fcf6,Emerson Moretto,Sun Mar 22 05:34:24 2020,"Merge branch 'master' of github.com:emersonmoretto/CITI-OpenLung", 
c1e55e6,Emerson Moretto,Sun Mar 22 05:34:15 2020,"VERSAO 2",   14, 4034 
9c81c6b,Emerson Moretto,Sat Mar 21 17:58:18 2020,"2d files",   7, 2886 
4d09554,Emerson Moretto,Sat Mar 21 17:51:05 2020,"new img",   1, 0, 0 
0d4716a,Emerson Moretto,Sat Mar 21 17:48:49 2020,"initial version",   7, 0, 0 
aea0fee,Emerson Moretto,Sat Mar 21 17:41:54 2020,"Update README.md",   1, 49 
ced059f,Emerson Moretto,Sat Mar 21 17:27:03 2020,"Initial commit",   1, 2 