commit id,author,date,comment,changed files,lines added,lines deleted

420beb6,Lauren George,Fri Sep 18 06:57:18 2020,"Merge pull request #38 from InstituteforDiseaseModeling/license-updates", 
09a6643,Brittany Hagedorn,Thu Apr 16 11:19:20 2020,"Fix sum to 1 acuity checks.",   1, 0, 0 
de41e1c,Brittany Hagedorn,Wed Apr 8 05:22:45 2020,"Parameter updates due to interface changes.",   1, 4, 3 
656c17a,Brittany Hagedorn,Tue Apr 7 15:32:22 2020,"Merge pull request #37 from InstituteforDiseaseModeling/UI-Updates", 
e80ef47,Brittany Hagedorn,Tue Apr 7 14:12:54 2020,"Merge pull request #33 from InstituteforDiseaseModeling/Fix-Replication-Error", 
74d47c1,Brittany Hagedorn,Sat Apr 4 09:04:49 2020,"Fix for auto-populating the Q for care seeking.",   1, 0, 0 
18a417f,Lauren George,Thu Apr 2 06:16:57 2020,"Merge pull request #24 from InstituteforDiseaseModeling/cleanup-analysis-scripts", 
f4df816,MIzzo-IDM,Wed Apr 1 11:19:24 2020,"Merge pull request #23 from InstituteforDiseaseModeling/video", 
f625c03,Jen Schripsema,Wed Apr 1 11:01:39 2020,"added link to video walkthrough",   1, 1, 1 
182437d,Lauren George,Wed Apr 1 08:47:41 2020,"Merge pull request #21 from InstituteforDiseaseModeling/Fix-Replication-Error", 
6b4f0fe,Brittany Hagedorn,Wed Apr 1 08:23:17 2020,"Fixed unlimited run spelling mistake.",   1, 0, 0 
05217d2,Lauren George,Wed Apr 1 08:11:04 2020,"Merge pull request #20 from InstituteforDiseaseModeling/1.0.1-RC", 
178e1bd,Brittany Hagedorn,Wed Apr 1 05:37:18 2020,"Merge pull request #17 from InstituteforDiseaseModeling/1.0.1-RC", 
4d591d8,Lauren George,Wed Apr 1 03:42:51 2020,"Merge pull request #15 from InstituteforDiseaseModeling/prelaunch-updates", 
8ab6dcd,Brittany Hagedorn,Tue Mar 31 14:36:53 2020,"Update README.md",   1, 1, 1 
f0b7a89,Brittany Hagedorn,Tue Mar 31 14:35:29 2020,"Update README.md",   1, 1, 3 
c6614e2,Brittany Hagedorn,Tue Mar 31 12:22:31 2020,"Merge pull request #12 from InstituteforDiseaseModeling/BHagedorn", 
2a65d5e,Brittany Hagedorn,Tue Mar 31 12:05:48 2020,"Merge branch 'master' of https://github.com/InstituteforDiseaseModeling/covid-health-systems", 
fafaa4c,Brittany Hagedorn,Tue Mar 31 12:05:16 2020,"Response to CW tickets round 1.",   1, 0, 0 
82c5db0,Brittany Hagedorn,Tue Mar 31 11:37:10 2020,"Merge branch 'master' of https://github.com/InstituteforDiseaseModeling/covid-health-systems", 
04b1239,Brittany Hagedorn,Tue Mar 31 11:36:47 2020,"Delete documentation file.",   1, 0, 0 
eaad375,Brittany Hagedorn,Tue Mar 31 11:36:01 2020,"Update .gitignore",   1, 1 
ca8fb7f,Brittany Hagedorn,Tue Mar 31 05:19:40 2020,"Fix for case arrival rates to allow user to adjust total pop directly.",   1, 0, 0 
107dee2,Brittany Hagedorn,Tue Mar 31 04:35:10 2020,"Updated default values for shorter run times on open.",   2, 383, 383 
191162b,Brittany Hagedorn,Tue Mar 31 04:04:47 2020,"Detailed Documentation File",   1, 0, 0 
b0988cf,Brittany Hagedorn,Tue Mar 31 04:02:47 2020,"Update README.md",   1, 7, 33 
5a1c1d2,Brittany Hagedorn,Sun Mar 29 08:06:39 2020,"Minor updates and validation checks",   2, 458, 1210 
f35a770,Brittany Hagedorn,Sun Mar 29 07:02:22 2020,"Update model.xs8",   1, 3356, 3245 
95a4ad3,Lauren George,Sat Mar 28 09:14:42 2020,"0.9 draft",   6, 426, 31 
a24b7ad,Lauren George,Sat Mar 28 07:52:11 2020,"Parameterize DOALLTHETHINGS function",   1, 3, 3 
da9f31f,Lauren George,Sat Mar 28 07:51:50 2020,"ProjectTemplate integration",   1, 2, 10 
283c3e6,Lauren George,Sat Mar 28 07:42:07 2020,"renamed munge script",   1, 0, 0 
e96e0c9,Lauren George,Sat Mar 28 07:29:54 2020,"removed available beds per population data pdf report",   1, 0, 0 
f09b2db,Lauren George,Sat Mar 28 07:19:01 2020,"finalize migration to ProjectTemplate",   15, 63, 38 
740465b,Lauren George,Sat Mar 28 07:18:32 2020,"rename some more files",   3, 2, 3 
c5e2298,Lauren George,Sat Mar 28 07:17:36 2020,"renamed Rproj file",   1, 0, 0 
34a9519,Lauren George,Sat Mar 28 07:17:08 2020,"renamed some folders",   25, 0, 0 
34e5e81,Lauren George,Sat Mar 28 02:35:35 2020,"moved the clock to the upper right corner",   1, 1059, 1011 
77b2b81,Lauren George,Sat Mar 28 02:32:45 2020,"imported xml and binary versions of the S8 model",   3, 52983, 1 
96f801c,Lauren George,Fri Mar 27 08:32:56 2020,"init commit",   46, 527205 