commit id,author,date,comment,changed files,lines added,lines deleted

0cfbb1a,dependabot[bot],Sat Jun 6 18:20:13 2020,"Bump django from 3.0.4 to 3.0.7 in /requirements",   1, 1, 1 
d47b314,Jose Antonio Martin Prieto,Sun Mar 22 02:44:03 2020,"Merge pull request #6 from jantoniomartin/develop", 
8549e62,José Antonio Martín Prieto,Sun Mar 22 02:43:14 2020,"added signal to create profile when a new user is registered",   2, 37, 2 
7f1f924,Jose Antonio Martin Prieto,Sun Mar 22 02:32:50 2020,"Merge pull request #5 from jantoniomartin/develop", 
1200c70,José Antonio Martín Prieto,Sun Mar 22 02:32:19 2020,"added profile detail and edit views",   9, 130, 18 
32eead1,José Antonio Martín Prieto,Sun Mar 22 02:04:36 2020,"added Profile model",   1, 17 
bb3c7f0,Jose Antonio Martin Prieto,Fri Mar 20 22:12:03 2020,"Merge pull request #3 from jespino/sampledata", 
37b7bd9,Jose Antonio Martin Prieto,Fri Mar 20 22:04:43 2020,"Merge pull request #4 from jantoniomartin/develop", 
664b914,José Antonio Martín Prieto,Fri Mar 20 21:33:30 2020,"added deficit column to resources list",   3, 9 
5e3b61b,Jose Antonio Martin Prieto,Fri Mar 20 21:24:42 2020,"Merge pull request #1 from jespino/better-setup-instructions", 
8176560,José Antonio Martín Prieto,Fri Mar 20 20:20:14 2020,"show production per day in resources list",   5, 30, 7 
9c22769,José Antonio Martín Prieto,Fri Mar 20 19:54:59 2020,"productions can be created and updated",   4, 73, 4 
45057ea,José Antonio Martín Prieto,Fri Mar 20 19:28:18 2020,"makers can be created and updated",   5, 40, 3 
e897082,José Antonio Martín Prieto,Fri Mar 20 19:17:19 2020,"added makers app",   18, 280, 3 
14f635f,José Antonio Martín Prieto,Fri Mar 20 01:15:54 2020,"added source code links",   2, 4 
160700f,José Antonio Martín Prieto,Fri Mar 20 00:08:49 2020,"added home url to navbar link",   1, 1, 1 
99ff9df,José Antonio Martín Prieto,Fri Mar 20 00:07:22 2020,"hide hospital comment to unauthenticated users",   1, 2 
d85cb36,José Antonio Martín Prieto,Fri Mar 20 00:04:02 2020,"changed str representation of hospitals",   1, 1, 1 
34959dc,José Antonio Martín Prieto,Thu Mar 19 23:53:44 2020,"added resources list view",   5, 46, 2 
c2e0178,José Antonio Martín Prieto,Thu Mar 19 23:43:00 2020,"added total to resource need detail",   2, 13 
b417add,José Antonio Martín Prieto,Thu Mar 19 21:40:56 2020,"updated README",   1, 2 
763e5b2,José Antonio Martín Prieto,Thu Mar 19 21:37:38 2020,"accept empty columns in import command",   1, 20, 4 
1387119,José Antonio Martín Prieto,Thu Mar 19 21:29:10 2020,"added view to edit hospital",   4, 49, 2 
0ab847d,José Antonio Martín Prieto,Thu Mar 19 21:18:05 2020,"added presentation text",   1, 9, 1 
84a901f,José Antonio Martín Prieto,Thu Mar 19 21:07:23 2020,"fixed bug in url",   1, 1, 1 
2057070,José Antonio Martín Prieto,Thu Mar 19 21:06:08 2020,"fixed typo in url",   1, 1, 1 
4faae1a,José Antonio Martín Prieto,Thu Mar 19 20:46:13 2020,"changed default ordering of hospitals",   1, 1 
d6116ac,José Antonio Martín Prieto,Thu Mar 19 18:23:44 2020,"updated README",   1, 3 
8f1ae25,José Antonio Martín Prieto,Thu Mar 19 18:22:06 2020,"added authentication templates",   18, 381 
4e74655,José Antonio Martín Prieto,Thu Mar 19 18:21:54 2020,"added authentication",   5, 24, 10 
4cb8e4e,José Antonio Martín Prieto,Thu Mar 19 10:37:13 2020,"added templates and removed api endpoints",   12, 218, 28 
70ff44c,José Antonio Martín Prieto,Thu Mar 19 08:38:13 2020,"added views",   4, 116, 3 
6383d15,José Antonio Martín Prieto,Thu Mar 19 07:46:58 2020,"added new models",   6, 151, 3 
167dd57,José Antonio Martín Prieto,Thu Mar 19 07:12:20 2020,"added Region and Hospital models",   31, 419 
c83c4c9,Jose Antonio Martin Prieto,Thu Mar 19 06:16:57 2020,"Initial commit",   3, 155 