commit id,author,date,comment,changed files,lines added,lines deleted

a3c59ed,jetnew,Tue Mar 31 02:01:42 2020,"Removed data and unused code.",   1, 154 
156608a,jetnew,Tue Mar 31 00:10:52 2020,"Removed data and unused code.",   8, 1, 82813 
817191e,Jet New,Mon Mar 30 23:22:32 2020,"Update README.md",   1, 1, 1 
687b458,Jet New,Mon Mar 30 22:56:28 2020,"Update README.md",   1, 1, 1 
3e19ac6,Jet New,Mon Mar 30 22:54:20 2020,"Update README.md",   1, 2 
79550c1,Jet New,Mon Mar 30 19:14:53 2020,"Update README.md",   1, 2, 1 
325c8de,Jet New,Mon Mar 30 18:53:28 2020,"Update README.md",   1, 1, 1 
7708eed,Jet New,Mon Mar 30 18:50:23 2020,"Update README.md",   1, 31 
370b168,jetnew,Mon Mar 30 18:39:39 2020,"Added baseline plot analysis of features.",   13, 449, 53 
bf57a0c,jetnew,Mon Mar 30 15:21:44 2020,"Added experiment controller.",   5, 153, 11 
83f3a8c,Jet New,Fri Mar 27 22:58:46 2020,"Update README.md",   1, 1, 2 
4343c9f,Jet New,Fri Mar 27 22:57:32 2020,"Update README.md",   1, 3 
fff5d9c,jetnew,Fri Mar 27 22:43:49 2020,"Created simulator",   13, 448, 2 
a1746f7,jetnew,Sun Mar 22 14:59:29 2020,"added notebook",   8, 82967 
b37967f,Jet New,Thu Mar 19 12:26:48 2020,"Initial commit",   1, 2 