commit id,author,date,comment,changed files,lines added,lines deleted

3e1034b,Jorge Rodríguez,Fri Sep 18 13:17:38 2020,"Multi-face",   1, 0, 0 
ed702b3,Jorge Rodríguez,Thu Sep 17 13:15:27 2020,"Dataset with boxing",   2, 1 
48c62c7,Jorge Rodríguez,Sat Jul 11 11:24:47 2020,"Delete Copia_de_Social_Distance_Detector_v3.ipynb",   1, 576 
7b8f7aa,DavidFosca,Sun May 17 13:48:52 2020,"Add files via upload",   1, 576 
16f857e,KevenRFC,Sat May 9 11:40:25 2020,"Update README.md",   1, 1, 1 
6eea6cf,KevenRFC,Sat May 9 10:47:37 2020,"Add files via upload",   1, 0, 0 
66f9059,KevenRFC,Sat May 9 07:53:14 2020,"Presentación Final",   1, 0, 0 
4c6ab69,jjrodcast,Sat May 9 06:21:39 2020,"Slides in pdf",   1, 0, 0 
de01891,Jorge Rodríguez,Sat May 9 04:22:09 2020,"Update README.md",   1, 1, 1 
98eb0b6,KevenRFC,Sat May 9 03:04:43 2020,"Full description about Face Mask Detector",   1, 260, 31 
2bfe4ce,KevenRFC,Sat May 9 02:58:06 2020,"Update predictor",   1, 2, 2 
625dfe2,KevenRFC,Sat May 9 02:53:43 2020,"Load some results",   5, 0, 0 
7877ed6,Jorge Rodríguez,Sat May 9 00:57:47 2020,"Update README.md",   1, 1, 1 
455695e,KevenRFC,Fri May 8 23:48:47 2020,"Update README.md",   1, 1, 1 
49cae92,KevenRFC,Fri May 8 15:03:06 2020,"Add files via upload",   1, 0, 0 
881a76d,KevenRFC,Fri May 8 14:26:30 2020,"Readme.md Actualizado",   1, 3, 3 
f6c1163,KevenRFC,Fri May 8 14:15:53 2020,"Readme Actualizado",   1, 3, 3 
d257ed9,KevenRFC,Fri May 8 14:10:29 2020,"Readme.md",   1, 4 
a3e7828,KevenRFC,Fri May 8 14:06:02 2020,"Add files via upload",   1, 0, 0 
d1f692a,KevenRFC,Fri May 8 14:04:52 2020,"Delete Result_Mask_Detector_01.jpeg",   1, 0, 0 
50011ec,KevenRFC,Fri May 8 13:57:03 2020,"Add files via upload",   1, 0, 0 
3b06291,KevenRFC,Fri May 8 13:53:13 2020,"Readme.md",   1, 14, 4 
bd127c5,KevenRFC,Fri May 8 13:30:15 2020,"Readme",   1, 1, 1 
da41a7a,KevenRFC,Fri May 8 13:27:36 2020,"Readme",   1, 11, 2 
2beb1a6,Jorge Rodríguez,Thu May 7 16:11:48 2020,"Full description about Face Mask Detector",   1, 261, 63 
3c23eb2,jjrodcast,Thu May 7 15:46:58 2020,"Merge branch 'master' of https://github.com/jjrodcast/MaskDectector", 
6c3abb9,jjrodcast,Thu May 7 15:46:45 2020,"Deleting notebook with test",   1, 413 
eeaed19,jjrodcast,Thu May 7 15:38:17 2020,"Moving images and videos to multimedia folder",   3, 0, 0 
4706685,jjrodcast,Thu May 7 15:32:08 2020,"Merge branch 'master' of https://github.com/jjrodcast/MaskDectector", 
0e8c6c4,jjrodcast,Thu May 7 15:29:44 2020,"Video for testing",   1, 0, 0 
3081776,jjrodcast,Thu May 7 15:28:28 2020,"Adding new image for testing",   1, 0, 0 
3d9c6e3,jjrodcast,Thu May 7 15:27:01 2020,"Merge branch 'master' of https://github.com/jjrodcast/MaskDectector", 
c367055,jjrodcast,Thu May 7 15:26:42 2020,"Utility functions",   2, 44, 2 
5074d49,jjrodcast,Thu May 7 13:36:27 2020,"Merge branch 'master' of https://github.com/jjrodcast/MaskDectector", 
a225402,jjrodcast,Thu May 7 13:36:11 2020,"Renaming file",   1, 0, 0 
2aa93b8,jjrodcast,Thu May 7 13:10:42 2020,"Refactor notebooks",   3, 3805 
edcd401,KevenRFC,Thu May 7 13:08:51 2020,"Notebook de Entrenamiento con Transfer Learning",   1, 2319 
6999acb,jjrodcast,Thu May 7 13:01:55 2020,"Refactor files",   12, 45527 
a3b818f,jjrodcast,Thu May 7 12:57:19 2020,"Notebook Keras Model",   1, 1094 
bfe2391,jjrodcast,Thu May 7 12:54:26 2020,"Pytorch model",   1, 0, 0 
4eb0c88,KevenRFC,Thu May 7 12:39:47 2020,"Update README.md",   1, 6, 3 
1ef8005,KevenRFC,Thu May 7 11:51:15 2020,"Readme Plantilla",   1, 102, 2 
9cf3ca6,Jorge Rodríguez,Wed May 6 11:29:21 2020,"Typo in MTCNN naming",   1, 5, 6 
47fa1f8,KevenRFC,Tue May 5 16:06:37 2020,"Mask_Detector_Keras_Pytorch",   1, 413 
ce8c034,KevenRFC,Tue May 5 16:04:48 2020,"Add files via upload",   1, 37 
399756b,Jorge Rodríguez,Tue May 5 14:50:03 2020,"Mask detector with video",   1, 86, 73 
6d91705,KevenRFC,Tue May 5 11:13:17 2020,"TL v03",   1, 2470 
383adee,jjrodcast,Mon May 4 16:06:05 2020,"MaskNet model",   1, 0, 0 
7d23296,jjrodcast,Mon May 4 15:54:13 2020,"Image for testing",   1, 0, 0 
0bb6881,jjrodcast,Mon May 4 15:53:46 2020,"Files with helper functions",   2, 22 
bebe594,Jorge Rodríguez,Mon May 4 15:52:07 2020,"Integration with face detector",   1, 165, 175 
821cd29,KevenRFC,Sat May 2 08:08:52 2020,"Creado mediante Colaboratory - KFC",   1, 1335 
87811ca,Jorge Rodríguez,Wed Apr 29 15:36:29 2020,"Modelos básicos para detectar rostros",   1, 230, 12 
1227c82,jjrodcast,Wed Apr 29 14:14:55 2020,"Datos de entrenamiento",   1, 0, 0 
ccc7980,jjrodcast,Wed Apr 29 14:07:06 2020,"Datos de test",   1, 0, 0 
1dd3952,jjrodcast,Wed Apr 29 13:57:05 2020,"Merge branch 'master' of https://github.com/jjrodcast/MaskDectector", 
9ab371b,jjrodcast,Wed Apr 29 13:56:11 2020,"Archivos para detección de rostro",   2, 45527 
aaf6368,Jorge Rodríguez,Tue Apr 28 12:41:27 2020,"Initial commit",   1, 2 