commit id,author,date,comment,changed files,lines added,lines deleted

26fee62,JohnCoene,Tue Jul 14 00:32:17 2020,"remove erroneous model",   2, 6, 32 
3d8d889,JohnCoene,Fri Jun 5 19:44:22 2020,"change pivot",   1, 7, 7 
348884e,JohnCoene,Fri Mar 27 04:52:26 2020,"news links open externally _blank #19",   2, 1, 9 
ee1d329,JohnCoene,Wed Mar 25 03:10:14 2020,"correct map",   2, 10 
23bb902,JohnCoene,Wed Mar 25 03:05:00 2020,"remove recovered",   11, 19, 23 
42a4d92,JohnCoene,Fri Mar 20 01:28:43 2020,"move echarst4r to Imports fixes #18",   2, 5, 9 
773ec87,JohnCoene,Sat Mar 14 22:39:52 2020,"get current directory to ensure config copied in coorrect dir fixes #15",   1, 3 
eb510cd,JohnCoene,Sat Mar 14 22:34:26 2020,"bumped bersion of echarts4r #15",   1, 1, 1 
dbb26af,JohnCoene,Fri Mar 13 18:22:41 2020,"suppress warning in countrycode",   1, 1, 1 
8f18d90,JohnCoene,Fri Mar 13 18:14:58 2020,"bump version of echarts4r in DESC #14",   2, 71, 2 
9d8d8e6,JohnCoene,Fri Mar 13 08:36:39 2020,"rearrange JHU",   1, 2, 2 
881c6ed,JohnCoene,Fri Mar 13 08:34:32 2020,"remove useless timelinec hart",   6, 3, 144 
d14cc9e,JohnCoene,Fri Mar 13 07:31:13 2020,"add country click narrow down",   11, 68, 116 
1c94e68,JohnCoene,Thu Mar 12 18:09:04 2020,"meet new JHU country naming standards",   6, 13, 5 
60d596c,JohnCoene,Thu Mar 12 00:02:43 2020,"add github badge",   1, 1 
bddb04c,JohnCoene,Wed Mar 11 23:07:57 2020,"add github actions",   2, 76 
5c19453,JohnCoene,Wed Mar 11 02:13:40 2020,"correct typo",   1, 1, 1 
c1ae1ce,JohnCoene,Wed Mar 11 01:56:15 2020,"move badges",   2, 4, 2 
eb225b6,JohnCoene,Wed Mar 11 01:52:47 2020,"fix craw test",   2, 2, 1 
f70a448,JohnCoene,Wed Mar 11 01:47:28 2020,"fix tests",   1, 3, 2 
17d6bd8,JohnCoene,Wed Mar 11 01:42:10 2020,"add coverage",   5, 21, 1 
3967cd6,JohnCoene,Wed Mar 11 01:39:17 2020,"added tests",   3, 20, 2 
f912880,JohnCoene,Wed Mar 11 01:31:03 2020,"rm .vscode",   1, 1 
67ed2e0,JohnCoene,Wed Mar 11 01:27:07 2020,"prod docs improved",   1, 4, 2 
8879550,JohnCoene,Tue Mar 10 04:17:00 2020,"set default in new cases func",   1, 1, 1 
3b2d520,JohnCoene,Tue Mar 10 04:16:40 2020,"fix embed new cases",   1, 2, 1 
751a3a6,JohnCoene,Tue Mar 10 04:05:53 2020,"add cumul on new cases + improve chart transition",   7, 25, 10 
7711928,JohnCoene,Mon Mar 9 22:35:05 2020,"fix site",   1, 1, 1 
1fb1061,JohnCoene,Mon Mar 9 04:08:28 2020,"added app Dockerfile + container",   4, 61, 1 
7b91433,JohnCoene,Mon Mar 9 02:33:08 2020,"improve API by providing container :fire:",   3, 10, 16 
9d3c1a0,JohnCoene,Fri Mar 6 22:21:38 2020,"added internal docs",   3, 31 
370a481,JohnCoene,Fri Mar 6 22:06:27 2020,"added not crawling news msg",   1, 2 
026e8d0,JohnCoene,Wed Mar 4 01:03:35 2020,"fix api docker",   1, 2, 2 
c9a4b2c,JohnCoene,Tue Mar 3 02:24:29 2020,"encoding issue on api docs #6",   2, 5, 6 
b6ab28c,JohnCoene,Tue Mar 3 01:09:25 2020,"bump badge",   2, 2, 2 
d7fc354,JohnCoene,Mon Mar 2 18:03:33 2020,"add image",   1, 11, 9 
45482d1,JohnCoene,Mon Mar 2 02:28:59 2020,"daily cases single selection",   1, 6 
e1116d6,JohnCoene,Mon Mar 2 02:21:21 2020,"added JHU daily cases and cases outside china",   16, 229, 4 
9c71e2a,JohnCoene,Sun Mar 1 21:52:13 2020,"revert deps to guangchuang",   2, 3, 21 
a4d1e7c,JohnCoene,Sun Mar 1 19:03:30 2020,"correct DXY",   6, 10, 10 
e865c65,JohnCoene,Sun Mar 1 04:06:30 2020,"fix website meta tags",   2, 3, 3 
36440e4,JohnCoene,Sun Mar 1 03:33:00 2020,"switch to useing JohNCoene forks of nCov2019 pkg to reduce dependencies",   2, 2, 2 
4118d1c,JohnCoene,Sun Mar 1 02:53:30 2020,"copy travis from echarts4r",   1, 18, 6 
3437339,JohnCoene,Sun Mar 1 02:48:38 2020,"move echarts4r to suggetss",   1, 4, 3 
5f4ed5a,JohnCoene,Sun Mar 1 02:39:36 2020,"attempt fix travis",   1, 4 
080c8c1,JohnCoene,Sun Mar 1 02:32:06 2020,"change sidebar",   1, 2, 2 
5902650,JohnCoene,Sun Mar 1 00:42:12 2020,"added out of range in city map",   1, 3 
487288f,JohnCoene,Sun Mar 1 00:32:37 2020,"improve desc sections",   2, 14, 8 
faeee24,JohnCoene,Sat Feb 29 00:34:08 2020,"better deploy instructions",   1, 13, 15 
9e32430,JohnCoene,Sat Feb 29 00:30:16 2020,"news crawl improved",   2, 6, 4 
d6c466b,JohnCoene,Sat Feb 29 00:27:31 2020,"improve check on tokeng",   1, 6, 1 
2c938f4,JohnCoene,Sat Feb 29 00:23:14 2020,"fix crawl if no newsapi tolen present",   5, 63, 3 
9a5634e,JohnCoene,Sat Feb 29 00:15:31 2020,"improve news list",   1, 7, 8 
4e328f3,JohnCoene,Fri Feb 28 20:58:33 2020,"fix colors",   1, 7, 1 
c6386ea,JohnCoene,Fri Feb 28 07:22:12 2020,"reposition link to news article",   1, 1 
55e96a9,JohnCoene,Fri Feb 28 07:20:48 2020,"add docs",   2, 16 
bee1106,JohnCoene,Fri Feb 28 07:14:54 2020,"added news",   15, 158, 4 
7a047c8,JohnCoene,Fri Feb 28 06:01:02 2020,"changed maps to piecewise",   9, 104, 62 
b134d92,JohnCoene,Thu Feb 27 22:36:09 2020,"add dxy embed",   2, 176, 114 
710bee2,JohnCoene,Thu Feb 27 17:36:31 2020,"correct link to API",   1, 1, 1 
2944b77,JohnCoene,Thu Feb 27 06:55:55 2020,"copy code returns iframe code",   1, 1, 1 
6a76909,JohnCoene,Thu Feb 27 06:41:14 2020,"add log to weixin embed",   1, 1, 1 
6517499,JohnCoene,Thu Feb 27 06:34:57 2020,"remove golem options from embeds",   1, 1, 4 
b7d02fc,JohnCoene,Thu Feb 27 06:32:44 2020,"attempt at fixing embeds",   3, 8, 15 
eaa4df2,JohnCoene,Thu Feb 27 05:18:05 2020,"attempt at fixing embeds",   4, 18, 7 
a504916,JohnCoene,Thu Feb 27 04:46:49 2020,"correct embed fault url",   2, 5, 2 
c5309d4,JohnCoene,Thu Feb 27 04:39:15 2020,"added embeds, tested and bump version",   19, 122, 22 
2a2925e,JohnCoene,Thu Feb 27 02:56:45 2020,"init embeds",   16, 447, 251 
db6e688,JohnCoene,Wed Feb 26 19:11:06 2020,"switch to git-core",   1, 1, 1 
107127b,JohnCoene,Wed Feb 26 18:06:24 2020,"correct dxy endpoint name",   1, 1, 1 
6dd083c,JohnCoene,Wed Feb 26 17:51:06 2020,"rename api function",   6, 15, 20 
f972cee,JohnCoene,Wed Feb 26 07:20:35 2020,"move note up",   1, 5, 5 
958fc7c,JohnCoene,Wed Feb 26 07:19:49 2020,"correct link to API",   1, 1, 1 
88f3a07,JohnCoene,Wed Feb 26 07:18:08 2020,"add correction",   1, 4 
8c3ec15,JohnCoene,Wed Feb 26 07:15:46 2020,"fix prod docs",   1, 5, 2 
4f4a6fa,JohnCoene,Wed Feb 26 07:12:05 2020,"add API documentation",   3, 25, 1 
df1cb25,JohnCoene,Wed Feb 26 06:35:55 2020,"fix api config check",   1, 2, 4 
c2fb3ee,JohnCoene,Wed Feb 26 06:29:32 2020,"update README",   1, 1, 1 
dff58a6,JohnCoene,Wed Feb 26 06:28:28 2020,"improve API",   2, 3, 19 
2ca5e18,JohnCoene,Wed Feb 26 06:22:55 2020,"better API",   7, 129, 24 
c407b5a,JohnCoene,Wed Feb 26 05:34:31 2020,"update website changelog",   1, 5, 1 
84fa773,JohnCoene,Wed Feb 26 05:33:41 2020,"bump version add quick API docs",   5, 20, 4 
9603351,JohnCoene,Wed Feb 26 05:27:29 2020,"add api",   7, 63, 69 
0f85b13,JohnCoene,Wed Feb 26 03:06:52 2020,"improve api",   2, 83, 16 
a82ed54,JohnCoene,Tue Feb 25 19:39:27 2020,"improve API",   2, 74, 18 
af71757,JohnCoene,Tue Feb 25 08:30:56 2020,"init API",   1, 46 
cfb3b7a,JohnCoene,Tue Feb 25 08:15:21 2020,"increase sticker size",   1, 1, 1 
5a747b6,JohnCoene,Tue Feb 25 08:14:50 2020,"add logo",   3, 1, 1 
0462ca2,JohnCoene,Tue Feb 25 04:06:41 2020,"bump ncov version fixes #1",   2, 1, 2 
2928ede,JohnCoene,Fri Feb 21 07:26:32 2020,"update news",   3, 3, 1 
2467ca0,JohnCoene,Fri Feb 21 07:25:05 2020,"add theme color",   1, 2, 1 
6303d1f,JohnCoene,Fri Feb 21 07:16:52 2020,"add apple icon",   10, 1 
3ce7761,JohnCoene,Sun Feb 16 21:36:36 2020,"merge pwa",   1, 1, 1 
7f3d9b6,John (JP) Coene,Sun Feb 16 21:33:50 2020,"Merge pull request #9 from DivadNojnarg/golem-pwa", 
bb10bcd,JohnCoene,Sun Feb 16 02:20:02 2020,"correct death rate",   4, 13, 1 
290bc4e,JohnCoene,Sun Feb 16 01:09:29 2020,"include recovered in death rate closes #8",   1, 2, 2 
75543fd,JohnCoene,Sun Feb 16 01:06:23 2020,"fix issue with death rate plot + use cleave",   2, 5, 3 
a07e916,JohnCoene,Sat Feb 15 23:27:14 2020,"meet new JHU format",   8, 7, 29 
5eeba99,JohnCoene,Thu Feb 13 17:50:12 2020,":warning: bump version use weixin total",   7, 30, 11 
d88af8d,JohnCoene,Thu Feb 13 00:27:13 2020,"added links + change name in site",   2, 2, 1 
6b2cd88,JohnCoene,Wed Feb 12 05:46:42 2020,"update color theme",   2, 6, 6 
3985210,JohnCoene,Wed Feb 12 05:42:02 2020,"update to prism",   1, 110, 41 
c0e1db4,JohnCoene,Wed Feb 12 05:40:28 2020,"update images",   4, 6 
b7b7415,JohnCoene,Tue Feb 11 18:30:33 2020,"added icons",   4, 7, 5 
4793a72,JohnCoene,Tue Feb 11 18:21:42 2020,"correct pinyin DingXiangYing fixes #7",   7, 11, 11 
39c1272,JohnCoene,Tue Feb 11 05:44:45 2020,"update images",   3, 0, 0 
85be5e3,JohnCoene,Tue Feb 11 05:36:23 2020,"change color palette for consistency across tabs",   2, 5, 5 
53661bf,JohnCoene,Tue Feb 11 05:30:00 2020,"fix logo",   1, 0, 0 
5a2cc72,JohnCoene,Tue Feb 11 05:27:47 2020,"change favicon",   1, 0, 0 
d1ba351,JohnCoene,Tue Feb 11 05:27:04 2020,"change icon",   5, 1, 1 
9bb4108,JohnCoene,Tue Feb 11 05:17:10 2020,"link to blog",   2, 2, 2 
4f8b94c,JohnCoene,Tue Feb 11 04:33:09 2020,"cleanup modules server call",   1, 8, 7 
d8a8ee8,JohnCoene,Tue Feb 11 04:23:21 2020,"shinyscroll bump",   1, 1, 1 
a31ec5f,JohnCoene,Tue Feb 11 04:19:30 2020,"adjust deathrate height + add block element from shinyscroll",   6, 5, 4 
45be6fe,JohnCoene,Tue Feb 11 03:57:01 2020,"add license badge",   2, 2 
0f4bc15,John (JP) Coene,Tue Feb 11 02:22:42 2020,"Update README.md",   1, 1, 1 
d5005a5,JohnCoene,Tue Feb 11 02:19:35 2020,"fix changelog",   1, 7, 5 
bb99224,JohnCoene,Tue Feb 11 02:13:28 2020,"added death rate",   10, 134, 3 
b48ecef,JohnCoene,Tue Feb 11 00:35:03 2020,"change to funky",   1, 54, 47 
bf6a8e6,JohnCoene,Tue Feb 11 00:34:12 2020,"change prism to twilight",   1, 45, 122 
df671c4,JohnCoene,Tue Feb 11 00:27:34 2020,"update banner",   1, 0, 0 
fc1323e,JohnCoene,Tue Feb 11 00:21:31 2020,"added bash highlight",   2, 113, 42 
17db02c,JohnCoene,Mon Feb 10 23:57:37 2020,"rearrange badge",   2, 2, 2 
c6b22aa,JohnCoene,Mon Feb 10 23:56:23 2020,"add appveyor",   4, 55 
a856953,JohnCoene,Mon Feb 10 23:55:16 2020,"change citymap hover",   1, 2, 2 
24bc140,JohnCoene,Mon Feb 10 23:52:34 2020,"change site theme",   1, 1, 1 
108f43d,JohnCoene,Mon Feb 10 23:45:54 2020,"reflect docs",   1, 1, 1 
c680f0d,JohnCoene,Mon Feb 10 23:43:18 2020,"update create_script",   2, 3, 3 
b10e488,JohnCoene,Mon Feb 10 23:35:50 2020,"switch to using github as source instead of google spreadsheets",   7, 14, 16 
4850dda,JohnCoene,Mon Feb 10 23:12:02 2020,"corrected to meet new jhu sheet",   8, 418, 35 
8dcdef6,JohnCoene,Mon Feb 10 19:21:48 2020,"use shadow",   2, 16, 5 
14deb58,JohnCoene,Mon Feb 10 06:05:35 2020,"extend toast",   3, 3, 1 
cc6e992,JohnCoene,Mon Feb 10 06:01:55 2020,"use shinyscroll in DXY tab :fire: + default province",   10, 39, 13 
8ecfa37,JohnCoene,Mon Feb 10 03:06:11 2020,"remove manifest",   1, 1 
39aa810,JohnCoene,Mon Feb 10 03:01:49 2020,"correct path to manifest",   1, 1, 1 
a83c8a6,JohnCoene,Mon Feb 10 02:58:14 2020,"add path to manifest",   1, 1 
6fe523b,JohnCoene,Mon Feb 10 02:52:05 2020,"add funcindg",   2, 3 
84c361e,JohnCoene,Mon Feb 10 01:39:39 2020,"update news",   2, 2 
c5fd005,JohnCoene,Mon Feb 10 01:39:02 2020,"improve loader",   1, 1, 1 
27a9d62,JohnCoene,Mon Feb 10 00:56:04 2020,"added gif",   3, 12 
adb187d,JohnCoene,Mon Feb 10 00:50:27 2020,"remove line map",   1, 2 
6ed37a6,JohnCoene,Mon Feb 10 00:42:03 2020,"updated changelog",   2, 2, 2 
ba69ecc,JohnCoene,Mon Feb 10 00:39:54 2020,"move visual map",   1, 1, 1 
6cd2ab6,JohnCoene,Mon Feb 10 00:25:21 2020,"add map",   8, 127, 63 
d74a4d9,JohnCoene,Sun Feb 9 23:51:22 2020,"improve site",   8, 226, 17 
c6784d0,JohnCoene,Sun Feb 9 23:10:17 2020,"use rinterface github dep",   1, 2, 1 
a9d2b4b,JohnCoene,Sun Feb 9 23:09:18 2020,"use sever package",   4, 19, 15 
900f3ba,JohnCoene,Sun Feb 9 22:54:15 2020,"remove workflow",   1, 89 
4fd1522,JohnCoene,Sun Feb 9 22:01:44 2020,"update changelog",   1, 2 
55b7fc3,JohnCoene,Sun Feb 9 22:01:06 2020,"remove .DS_Store",   4, 0, 0 
43da58f,JohnCoene,Sun Feb 9 21:52:02 2020,"force version 1.4.0 + #6",   9, 4, 61 
a6fb73a,JohnCoene,Sun Feb 9 20:05:33 2020,"rearrange badges",   1, 1, 2 
fab0d8e,JohnCoene,Sun Feb 9 19:54:19 2020,"try github actions again",   2, 90 
cdf6de8,JohnCoene,Sun Feb 9 19:51:07 2020,"add circleci",   4, 41, 1 
62233c2,JohnCoene,Sun Feb 9 19:49:57 2020,"remove github actions",   1, 79 
d5207f4,JohnCoene,Sun Feb 9 19:41:22 2020,"ignore github dir",   1, 1 
c6d9277,John (JP) Coene,Sun Feb 9 19:37:04 2020,"init github workdflow",   1, 79 
f54a143,JohnCoene,Sun Feb 9 19:25:07 2020,"translations as dataset to avoid encoding issue #6",   5, 41, 25 
2bad348,JohnCoene,Sun Feb 9 07:41:32 2020,"log timeline",   1, 8, 1 
ff85c8e,JohnCoene,Sun Feb 9 07:26:27 2020,"add log scale",   3, 34, 7 
b529072,JohnCoene,Sun Feb 9 03:30:22 2020,"correct link to changelog",   1, 1, 1 
ed31ac3,JohnCoene,Sun Feb 9 03:18:43 2020,"improve site",   4, 5 
63e4ea0,JohnCoene,Sun Feb 9 03:05:58 2020,"improve toast",   1, 3, 1 
6a897c7,JohnCoene,Sun Feb 9 03:03:21 2020,"reorient visualmap",   1, 6, 1 
602cf21,JohnCoene,Sun Feb 9 02:59:59 2020,"remove location",   7, 14, 4 
1527407,JohnCoene,Sun Feb 9 02:35:51 2020,"update docs",   1, 4, 9 
883501f,JohnCoene,Sun Feb 9 02:32:18 2020,"script creator added",   6, 33 
8a10731,JohnCoene,Sun Feb 9 02:25:01 2020,"change JHU map",   15, 146, 43 
2743271,JohnCoene,Sat Feb 8 06:35:24 2020,"banner",   3, 3, 1 
c731478,JohnCoene,Sat Feb 8 06:16:21 2020,"improve site",   1, 1, 1 
03b8e62,JohnCoene,Sat Feb 8 06:11:18 2020,"add fix #5 diconnected screen",   3, 30 
af3bf10,JohnCoene,Sat Feb 8 05:37:43 2020,"comment on reinstall",   1, 4, 2 
11e0099,JohnCoene,Sat Feb 8 03:09:59 2020,"delete useless files",   2, 8 
3230bf4,JohnCoene,Sat Feb 8 03:09:05 2020,"improve site",   3, 49, 2 
1228000,John (JP) Coene,Sat Feb 8 03:06:35 2020,"title inversion",   1, 2, 2 
845d0fe,John (JP) Coene,Sat Feb 8 03:05:57 2020,"typo",   1, 3, 3 
cc7594e,JohnCoene,Sat Feb 8 00:09:30 2020,"update data docs",   1, 3, 4 
7e3351a,JohnCoene,Sat Feb 8 00:03:04 2020,"dxy use piecewise",   1, 18, 4 
6f08d8c,JohnCoene,Fri Feb 7 23:33:01 2020,"add waiting screens fix #4",   1, 17 
3eac706,JohnCoene,Fri Feb 7 23:29:03 2020,"correct typo",   1, 1, 1 
31a1833,JohnCoene,Fri Feb 7 23:28:44 2020,"change highlight on DXY map",   2, 13, 7 
3ff739a,JohnCoene,Fri Feb 7 06:27:34 2020,"init docs",   11, 211, 121 
440f79b,JohnCoene,Fri Feb 7 05:48:21 2020,"readme update",   1, 2, 8 
d04b242,JohnCoene,Fri Feb 7 05:47:19 2020,"city map labels",   1, 12 
3415cda,JohnCoene,Fri Feb 7 05:45:21 2020,"fix import",   3, 4 
af351d2,JohnCoene,Fri Feb 7 05:40:58 2020,"adapt colour palettes",   6, 31, 16 
0ffc3af,JohnCoene,Fri Feb 7 05:12:37 2020,"different color palette on DXY",   3, 42, 3 
e655616,JohnCoene,Fri Feb 7 02:42:45 2020,"bump badge to maturing",   1, 1 
5c8ff37,JohnCoene,Fri Feb 7 02:39:01 2020,"init travis",   4, 12 
01764b9,John (JP) Coene,Fri Feb 7 02:36:23 2020,"Merge pull request #3 from JohnCoene/dxy", 
e29b711,JohnCoene,Fri Feb 7 02:25:40 2020,"revamp dxy",   9, 227, 152 
04cadec,JohnCoene,Thu Feb 6 23:37:15 2020,"cleanup switching branch",   2, 4, 74 
c5b9329,JohnCoene,Thu Feb 6 22:22:38 2020,"supress messages on googlesheets4",   2, 7, 4 
c25f150,JohnCoene,Thu Feb 6 09:54:19 2020,"improve map labels",   3, 19, 5 
681fad2,JohnCoene,Thu Feb 6 09:22:54 2020,"init scrape sina",   4, 478, 1 
d982ecd,JohnCoene,Thu Feb 6 06:00:58 2020,"remove visual map",   2, 1, 4 
53011de,JohnCoene,Thu Feb 6 05:44:06 2020,"correct legend in jhu tab",   3, 5, 1 
5126a5f,JohnCoene,Thu Feb 6 05:40:18 2020,"improve  timeline",   2, 16, 3 
ac853b4,JohnCoene,Thu Feb 6 04:42:20 2020,"connect charts :fire:",   7, 45, 12 
34f0542,JohnCoene,Thu Feb 6 04:20:46 2020,"specify version under corrections #2",   1, 3, 1 
b2e9fb7,JohnCoene,Thu Feb 6 04:16:55 2020,"add corrections + bump version #2",   3, 13, 1 
731c5ed,JohnCoene,Thu Feb 6 04:12:08 2020,"death and recovered swapped for dxy #2",   3, 9, 5 
813ed19,JohnCoene,Thu Feb 6 03:37:52 2020,"remove suspected from DXY #2",   3, 1, 11 
971bea6,JohnCoene,Thu Feb 6 00:30:23 2020,"log scale points on map",   1, 3, 2 
0218b5e,JohnCoene,Thu Feb 6 00:26:52 2020,"capitalize",   1, 1, 1 
264bf3a,JohnCoene,Thu Feb 6 00:26:11 2020,"Merge branch 'master' of https://github.com/JohnCoene/coronavirus", 
e713e11,JohnCoene,Thu Feb 6 00:26:04 2020,"correct link to changelog",   1, 2, 2 
41c7c1e,JohnCoene,Wed Feb 5 22:58:17 2020,"add comments",   1, 5, 1 
269f7d3,JohnCoene,Wed Feb 5 22:57:32 2020,"adde cron",   1, 42 
cdaa325,JohnCoene,Wed Feb 5 22:47:57 2020,"fix erroneously removing dxy table",   3, 5, 5 
f6895e5,JohnCoene,Wed Feb 5 22:44:29 2020,"list changelog",   1, 1, 1 
35d4a1d,JohnCoene,Wed Feb 5 22:44:01 2020,"add version",   1, 1, 1 
1988111,JohnCoene,Wed Feb 5 22:43:03 2020,"remove useless recovered map in dxy",   6, 14, 17 
7e05dbd,JohnCoene,Wed Feb 5 22:27:24 2020,"added DXY :fire:",   19, 466, 9 
d2e8c43,JohnCoene,Wed Feb 5 08:51:56 2020,"correct leak",   1, 1, 2 
a40e972,JohnCoene,Wed Feb 5 08:35:02 2020,"allow dev/test fix #1",   7, 56, 19 
819d8a7,JohnCoene,Wed Feb 5 07:47:38 2020,"add link",   1, 3, 1 
b9d4881,JohnCoene,Wed Feb 5 07:45:10 2020,"fix timeline dates",   1, 1 
6280815,JohnCoene,Wed Feb 5 07:40:35 2020,"deploy added",   1, 29 
1f17c2e,JohnCoene,Wed Feb 5 07:32:09 2020,"check validity of config file #1",   3, 11, 1 
c7b9dee,JohnCoene,Wed Feb 5 07:20:41 2020,"change to localhost",   2, 6, 2 
43eccc1,JohnCoene,Wed Feb 5 07:00:32 2020,"correct link",   1, 1, 1 
1079603,JohnCoene,Wed Feb 5 07:00:04 2020,"move badge",   1, 2, 2 
f1f55da,JohnCoene,Wed Feb 5 06:59:45 2020,"added todo",   1, 8, 1 
59b2bd9,JohnCoene,Wed Feb 5 06:57:19 2020,"added postgres",   1, 1, 1 
19f405b,JohnCoene,Wed Feb 5 06:55:53 2020,"add shinymobile",   1, 1 
e020fd1,JohnCoene,Wed Feb 5 06:55:09 2020,"move badge",   1, 4, 4 
60c9850,JohnCoene,Wed Feb 5 06:54:36 2020,"get markdown right",   1, 1, 1 
d211429,JohnCoene,Wed Feb 5 06:53:27 2020,"correct link to img",   1, 1, 1 
d385a25,JohnCoene,Wed Feb 5 06:52:54 2020,"update README",   1, 7, 2 
0a2e5aa,JohnCoene,Wed Feb 5 06:48:22 2020,"add meta tags",   3, 12, 2 
4537156,JohnCoene,Wed Feb 5 06:24:27 2020,"improve font size",   3, 6, 6 
4f8d512,JohnCoene,Wed Feb 5 06:14:50 2020,"done",   12, 242, 54 
7baa52f,JohnCoene,Wed Feb 5 02:13:38 2020,"add weixin data",   9, 123, 9 
c6f9ca3,JohnCoene,Wed Feb 5 01:30:26 2020,"add weixin",   4, 13, 10 
bd47af2,JohnCoene,Wed Feb 5 01:01:51 2020,"subtitles changed",   2, 2, 2 
3ff370e,JohnCoene,Wed Feb 5 00:59:49 2020,"remove dependency on PR",   2, 2, 5 
abf7dc6,JohnCoene,Wed Feb 5 00:50:29 2020,"added expandable card",   2, 16, 10 
3d3ff9c,JohnCoene,Wed Feb 5 00:38:03 2020,"resizable columns",   3, 13, 9 
721784b,JohnCoene,Wed Feb 5 00:25:26 2020,"added tables",   13, 278, 6 
a9e0977,JohnCoene,Tue Feb 4 22:56:20 2020,"change service-worker",   1, 4, 3 
cbcc967,JohnCoene,Tue Feb 4 21:33:40 2020,"remove service worker scope",   1, 1, 1 
dbd2fb8,JohnCoene,Tue Feb 4 21:29:56 2020,"worker scope",   1, 1, 1 
7fdb2fe,JohnCoene,Tue Feb 4 21:29:05 2020,"change scope",   1, 1, 1 
46f5242,JohnCoene,Tue Feb 4 21:22:09 2020,"attempt to define service worker",   4, 15, 3 
8b4126c,JohnCoene,Tue Feb 4 20:49:24 2020,"change start url",   1, 1, 1 
ae9e3af,JohnCoene,Tue Feb 4 20:46:37 2020,"reattempt at correcting path to icons",   1, 8, 8 
78f0da6,JohnCoene,Tue Feb 4 20:43:32 2020,"attempt at correcting path to icons",   1, 8, 8 
5a25831,JohnCoene,Tue Feb 4 18:23:11 2020,"correct aethetics",   3, 6, 5 
d89d1ee,JohnCoene,Tue Feb 4 18:06:39 2020,"added forced deauth",   2, 10, 2 
4c09323,JohnCoene,Tue Feb 4 17:54:08 2020,"correct manifest",   7, 10, 9 
f1974c0,JohnCoene,Tue Feb 4 07:49:24 2020,"update icons",   9, 0, 0 
6d26d0c,JohnCoene,Tue Feb 4 07:38:58 2020,"fix manifest",   2, 21, 9 
758991f,JohnCoene,Tue Feb 4 07:28:37 2020,"change path to manifest",   1, 1, 3 
a64f396,JohnCoene,Tue Feb 4 07:25:50 2020,"revise prediction down",   1, 6, 4 
74f49d0,JohnCoene,Tue Feb 4 07:21:23 2020,"add title",   1, 11, 3 
d428282,JohnCoene,Tue Feb 4 07:03:40 2020,"attempt to correct manifest",   1, 3 
7c65dfa,JohnCoene,Tue Feb 4 06:58:22 2020,"remove columns",   7, 86, 26 
ab7533a,JohnCoene,Tue Feb 4 06:51:20 2020,"count change header size",   2, 2, 5 
18cee6f,JohnCoene,Tue Feb 4 06:30:36 2020,"manifest updated",   12, 38, 9 
20fb08d,JohnCoene,Tue Feb 4 06:20:29 2020,"maps added",   10, 160, 3 
02c300f,JohnCoene,Tue Feb 4 02:58:53 2020,"fit nls init",   10, 131, 4 
f43578a,JohnCoene,Tue Feb 4 01:29:59 2020,"use shinymobile",   18, 184, 179 
a23a781,JohnCoene,Mon Feb 3 21:53:14 2020,"meets new data format",   4, 28, 17 
01eabb0,JohnCoene,Mon Feb 3 21:26:08 2020,"match new data format",   3, 52, 134 
a641091,JohnCoene,Mon Feb 3 20:51:27 2020,"add missing config file",   2, 7, 1 
57d6175,John (JP) Coene,Mon Feb 3 18:04:02 2020,"Correct locate",   1, 2, 2 
5f1e8b1,JohnCoene,Mon Feb 3 07:32:40 2020,"geolocate all the things",   3, 63, 2 
025942d,JohnCoene,Mon Feb 3 06:50:38 2020,"add page index",   6, 108, 29 
526901b,JohnCoene,Mon Feb 3 05:56:57 2020,"init dash",   13, 104, 18 
c06f472,JohnCoene,Mon Feb 3 04:45:46 2020,"init crawler",   30, 662 