commit id,author,date,comment,changed files,lines added,lines deleted

5dffe9b,Jordan Micah Bennett,Wed May 6 14:29:28 2020,"Added detailed manuscript",   1, 1, 1 
9f02e23,Jordan Micah Bennett,Fri Apr 24 05:52:11 2020,"Added Graphical Confusion Metrics View",   1, 7 
996d14e,Jordan Micah Bennett,Fri Apr 24 05:06:02 2020,"Update covid19_ai_diagnoser_optimal_model_architecture.py",   1, 7, 7 
092d19e,Jordan Micah Bennett,Wed Apr 22 10:20:11 2020,"Update README.md",   1, 1, 1 
cbdaec3,Jordan Micah Bennett,Wed Apr 22 10:19:30 2020,"Update README.md",   1, 2, 9 
0ee9482,Jordan Micah Bennett,Sat Apr 18 12:05:19 2020,"Update README.md",   1, 2 
9467968,Jordan Micah Bennett,Mon Apr 13 15:54:36 2020,"Merge pull request #4 from jeremykohn/patch-1", 
893b31a,Jordan Micah Bennett,Sat Apr 11 14:06:05 2020,"Delete test.pdf",   1, 1 
a6bad8a,Jordan Micah Bennett,Sat Apr 11 14:05:45 2020,"Update README.md",   1, 1, 1 
1955f3e,Jordan Micah Bennett,Sat Apr 11 14:04:52 2020,"Add files via upload",   1, 0, 0 
c388edd,Jordan Micah Bennett,Sat Apr 11 14:04:38 2020,"Create test.pdf",   1, 1 
640d5a7,Jordan Micah Bennett,Sat Apr 11 14:04:19 2020,"Delete [Manuscript_Poster] Convolutional Artificial Neural Network for Covid19 Diagnosis, from XRay images of lungs.pdf",   1, 0, 0 
22aa04a,Jordan Micah Bennett,Sat Apr 11 13:59:31 2020,"Update README.md",   1, 1, 1 
8a2bf98,Jordan Micah Bennett,Sat Apr 11 13:56:58 2020,"Update README.md",   1, 1, 1 
ade5e8b,Jordan Micah Bennett,Sat Apr 11 13:55:35 2020,"Update README.md",   1, 1, 1 
393ef7a,Jordan Micah Bennett,Sat Apr 11 13:39:36 2020,"Added Jeremy Kohn's curated list of all known Ai image analysis open source tools.",   1, 2 
816faa1,Jordan Micah Bennett,Sat Apr 11 13:36:24 2020,"Update README.md",   1, 1, 1 
751f1d1,Jordan Micah Bennett,Sat Apr 11 13:34:44 2020,"Merge pull request #3 from jeremykohn/add-license-1", 
c1cf14b,Jordan Micah Bennett,Sat Apr 11 13:31:39 2020,"Update README.md",   1, 1, 1 
67397e0,Jordan Micah Bennett,Sat Apr 11 13:30:58 2020,"Update README.md",   1, 1, 1 
35725b0,Jordan Micah Bennett,Sat Apr 11 13:30:02 2020,"Update README.md",   1, 1, 1 
51a23ad,Jordan Micah Bennett,Sat Apr 11 13:29:13 2020,"Update README.md",   1, 1 
68d0368,Jordan Micah Bennett,Wed Apr 8 11:27:17 2020,"Update README.md",   1, 1, 1 
2657e7d,Jordan Micah Bennett,Wed Apr 8 11:05:12 2020,"Update README.md",   1, 2 
e02334b,Jordan Micah Bennett,Wed Apr 8 10:59:18 2020,"Update README.md",   1, 2, 1 
6be3701,Jordan Micah Bennett,Wed Apr 8 10:44:58 2020,"Update README.md",   1, 1, 1 
6e70dc6,Jordan Micah Bennett,Wed Apr 8 10:43:04 2020,"Update README.md",   1, 3 
0b16eae,Jordan Micah Bennett,Wed Apr 8 10:01:06 2020,"Update README.md",   1, 1, 1 
e512e21,Jordan Micah Bennett,Wed Apr 8 09:59:22 2020,"Update README.md",   1, 9 
f11da93,Jordan Micah Bennett,Wed Apr 8 09:58:55 2020,"Delete test.pdf",   1, 1 
afcda6c,Jordan Micah Bennett,Wed Apr 8 09:54:43 2020,"Add files via upload",   1, 0, 0 
a84c9e4,Jordan Micah Bennett,Wed Apr 8 09:53:49 2020,"Delete [Manuscript_Poster] Convolutional Artificial Neural Network for Covid19 Diagnosis, from XRay images of lungs.pdf",   1, 0, 0 
59436f5,Jordan Micah Bennett,Wed Apr 8 09:52:43 2020,"Create test.pdf",   1, 1 
32b3061,Jordan Micah Bennett,Wed Apr 8 09:52:08 2020,"Add files via upload",   1, 0, 0 
9b7ff30,Jordan Micah Bennett,Wed Apr 8 09:50:55 2020,"Add files via upload",   1, 0, 0 
3e204b0,Jordan Micah Bennett,Sun Apr 5 15:24:13 2020,"Update README.md",   1, 1, 1 
7f4b23d,Jeremy Kohn,Tue Mar 31 15:33:11 2020,"Merge pull request #2 from jeremykohn/add-license-1", 
c01a9b4,Jeremy Kohn,Tue Mar 31 15:15:03 2020,"Merge pull request #1 from JordanMicahBennett/master", 
56e8dc1,Jordan Micah Bennett,Wed Mar 25 05:34:55 2020,"On Mar 22, Alexander et. al. release the 3rd known Open-Source Ai based Covid19 detector, after Jordan on Feb 9th, then Adrian on March 16.",   1, 1, 1 
b9a2669,Jordan Micah Bennett,Wed Mar 25 05:31:06 2020,"On Mar 22, Alexander et. al. releases the 3rd known Open-Source Ai based Covid19 detector, after Jordan on Feb 9th, then Adrian on March 16.",   1, 2, 1 
4055e4b,Jordan Micah Bennett,Wed Mar 25 05:29:48 2020,"Update README.md",   1, 1, 1 
0a95601,Jordan Micah Bennett,Wed Mar 25 05:28:48 2020,"On Mar 22, Alexander et. al. releases the 3rd known Open-Source Ai based Covid19 detector, after Jordan on Feb 9th, then Adrian on March 16.",   1, 3, 1 
af163b0,Jordan Micah Bennett,Wed Mar 25 05:24:59 2020,"On Mar 22, Alexander et. al. releases the 3rd known Open-Source Ai based Covid19 detector, after Jordan on Feb 9th, then Adrian on March 16.",   1, 1 
dbf2020,Jordan Micah Bennett,Wed Mar 25 05:17:55 2020,"Removed old John Chang reference",   1, 1, 1 
e414c48,Jordan Micah Bennett,Wed Mar 25 05:17:20 2020,"Update README.md",   1, 1, 1 
41ba27e,Jordan Micah Bennett,Wed Mar 25 05:16:32 2020,"Removed old John Chang reference",   1, 1 
ce3260d,Jordan Micah Bennett,Wed Mar 25 05:14:52 2020,"Typo in sentence repaired.",   1, 1, 1 
5e7d291,Jordan Micah Bennett,Wed Mar 25 04:38:10 2020,"Update Drag and Drop Version_INSTRUCTIONS_SmartCovid19Detector.md",   1, 1, 1 
047d5f7,Jordan Micah Bennett,Tue Mar 24 10:23:59 2020,"Update README.md",   1, 2, 2 
0ed7080,Jordan Micah Bennett,Tue Mar 24 10:21:37 2020,"Update README.md",   1, 1, 1 
a6fa147,Jordan Micah Bennett,Tue Mar 24 09:45:00 2020,"Update Drag and Drop Version_INSTRUCTIONS_SmartCovid19Detector.md",   1, 1, 1 
b26511b,Jordan Micah Bennett,Tue Mar 24 09:35:34 2020,"Update Drag and Drop Version_INSTRUCTIONS_SmartCovid19Detector.md",   1, 1, 1 
e9ea856,Jordan Micah Bennett,Tue Mar 24 09:35:27 2020,"Update README.md",   1, 2, 2 
d35a157,Jordan Micah Bennett,Tue Mar 24 09:34:51 2020,"Add files via upload",   1, 0, 0 
0b60ef9,Jordan Micah Bennett,Tue Mar 24 09:33:41 2020,"Delete _Usage_DragAndDropVersion_SmartAi Coronavirus 2019 (Covid19) Diagnosis Interface by Jordan_.gif",   1, 0, 0 
1a8a6e9,Jordan Micah Bennett,Tue Mar 24 09:12:12 2020,"Update Drag and Drop Version_INSTRUCTIONS_SmartCovid19Detector.md",   1, 1, 1 
0e178ce,Jordan Micah Bennett,Tue Mar 24 09:08:07 2020,"Update README.md",   1, 1, 1 
06cf959,Jordan Micah Bennett,Tue Mar 24 09:06:54 2020,"Add files via upload",   1, 0, 0 
cac6c90,Jordan Micah Bennett,Tue Mar 24 09:06:41 2020,"Delete _Usage1f_TriggerLoadImage-Screen_SmartAi Coronavirus 2019 (Covid19) Diagnosis Interface by Jordan.png",   1, 0, 0 
fc5d756,Jordan Micah Bennett,Tue Mar 24 09:03:16 2020,"Update covid19_ai_diagnoser_ui.py",   1, 19, 1 
b2a6e69,Jordan Micah Bennett,Tue Mar 24 09:02:02 2020,"Update covid19_ai_diagnoser.py",   1, 5, 4 
d44d35e,Jordan Micah Bennett,Tue Mar 24 09:00:47 2020,"Update README.md",   1, 4, 4 
624a9d5,Jordan Micah Bennett,Tue Mar 24 09:00:07 2020,"Add files via upload",   1, 0, 0 
fba371b,Jordan Micah Bennett,Tue Mar 24 08:56:09 2020,"Delete _Usage_DragAndDropVersion_SmartAi Coronavirus 2019 (Covid19) Diagnosis Interface by Jordan.gif",   1, 0, 0 
2f28485,Jordan Micah Bennett,Tue Mar 24 08:55:05 2020,"Add files via upload",   1, 0, 0 
4b584e1,Jordan Micah Bennett,Tue Mar 24 08:54:33 2020,"Delete _Usage1e_TriggerLoadImage-Screen_SmartAi Coronavirus 2019 (Covid19) Diagnosis Interface by Jordan.png",   1, 0, 0 
3f03a92,Jordan Micah Bennett,Tue Mar 24 08:53:17 2020,"Add files via upload",   1, 0, 0 
335f2e3,Jordan Micah Bennett,Tue Mar 24 08:53:05 2020,"Delete ____Usage3_ImageLoaded_PredictionMade-Screen_SmartAi Coronavirus 2019 (Covid19) Diagnosis Interface by Jordan.png",   1, 0, 0 
eae6464,Jordan Micah Bennett,Tue Mar 24 08:50:09 2020,"Update README.md",   1, 1, 1 
37ca93f,Jordan Micah Bennett,Tue Mar 24 08:48:10 2020,"Update README.md",   1, 3, 3 
6791d85,Jordan Micah Bennett,Tue Mar 24 08:46:04 2020,"Add files via upload",   1, 0, 0 
f3a987a,Jordan Micah Bennett,Tue Mar 24 08:45:37 2020,"Delete Usage1e_TriggerLoadImage-Screen_SmartAi Coronavirus 2019 (Covid19) Diagnosis Interface by Jordan.png",   1, 0, 0 
1281493,Jordan Micah Bennett,Tue Mar 24 08:44:25 2020,"Add files via upload",   2, 0, 0 
7500a1c,Jordan Micah Bennett,Tue Mar 24 08:43:40 2020,"Delete Usage2_SelectImage-Screen_SmartAi Coronavirus 2019 (Covid19) Diagnosis Interface by Jordan.png",   1, 0, 0 
ab06446,Jordan Micah Bennett,Tue Mar 24 08:43:23 2020,"Delete Welcome-Screen_SmartAi Coronavirus 2019 (Covid19) Diagnosis Interface by Jordan.png",   1, 0, 0 
765559f,Jordan Micah Bennett,Tue Mar 24 08:38:00 2020,"Update README.md",   1, 1, 1 
6883b2c,Jordan Micah Bennett,Tue Mar 24 08:30:19 2020,"Add files via upload",   1, 0, 0 
02c6d23,Jordan Micah Bennett,Tue Mar 24 08:29:42 2020,"Delete _Usage3_ImageLoaded_PredictionMade-Screen_SmartAi Coronavirus 2019 (Covid19) Diagnosis Interface by Jordan.png",   1, 0, 0 
37e781c,Jordan Micah Bennett,Sun Mar 22 15:32:14 2020,"Update covid19_ai_diagnoser.py",   1, 2, 2 
46cf1b0,Jordan Micah Bennett,Sun Mar 22 15:31:52 2020,"Update covid19_ai_diagnoser_ui.py",   1, 34, 19 
95bbd70,Jordan Micah Bennett,Sun Mar 22 15:29:02 2020,"Update README.md",   1, 3, 4 
57414c8,Jordan Micah Bennett,Sun Mar 22 15:27:11 2020,"Add files via upload",   1, 0, 0 
6dfa583,Jordan Micah Bennett,Sun Mar 22 15:26:16 2020,"Delete Usage3_ImageLoaded_PredictionMade-Screen_SmartAi Coronavirus 2019 (Covid19) Diagnosis Interface by Jordan.png",   1, 0, 0 
ee543fa,Jordan Micah Bennett,Sun Mar 22 15:25:05 2020,"Update Drag and Drop Version_INSTRUCTIONS_SmartCovid19Detector.md",   1, 1, 1 
e4a2c58,Jordan Micah Bennett,Sun Mar 22 15:14:09 2020,"Update Drag and Drop Version_INSTRUCTIONS_SmartCovid19Detector.md",   1, 1, 1 
c2adb7d,Jordan Micah Bennett,Sun Mar 22 15:13:03 2020,"Update Drag and Drop Version_INSTRUCTIONS_SmartCovid19Detector.md",   1, 4, 3 
e834f7d,Jordan Micah Bennett,Sun Mar 22 15:12:55 2020,"Update README.md",   1, 2, 2 
2a0fb43,Jordan Micah Bennett,Sun Mar 22 15:11:51 2020,"Add files via upload",   2, 0, 0 
d050cc4,Jordan Micah Bennett,Sun Mar 22 15:09:31 2020,"Delete Usage_DragAndDropVersion_SmartAi Coronavirus 2019 (Covid19) Diagnosis Interface by Jordan.gif",   1, 0, 0 
4d40037,Jordan Micah Bennett,Sun Mar 22 15:09:28 2020,"Delete Usage_DragAndDropVersion_Stcreenshot_SmartAi Coronavirus 2019 (Covid19) Diagnosis Interface by Jordan.png",   1, 0, 0 
0ee88c2,Jordan Micah Bennett,Sun Mar 22 07:25:06 2020,"Update Drag and Drop Version_INSTRUCTIONS_SmartCovid19Detector.md",   1, 1, 1 
fb92c88,Jordan Micah Bennett,Sun Mar 22 07:20:14 2020,"Update README.md",   1, 1, 1 
a4b0e83,Jordan Micah Bennett,Sun Mar 22 07:19:16 2020,"Update README.md",   1, 1, 1 
2bd7c74,Jordan Micah Bennett,Sun Mar 22 07:18:57 2020,"Update README.md",   1, 2 
d597319,Jordan Micah Bennett,Sun Mar 22 07:15:31 2020,"Update Drag and Drop Version_INSTRUCTIONS_SmartCovid19Detector.md",   1, 1, 1 
d1a4a16,Jordan Micah Bennett,Sun Mar 22 07:14:23 2020,"Update README.md",   1, 3, 1 
84ad410,Jordan Micah Bennett,Sun Mar 22 07:12:44 2020,"Update Drag and Drop Version_INSTRUCTIONS_SmartCovid19Detector.md",   1, 2, 1 
b5c10aa,Jordan Micah Bennett,Sun Mar 22 07:07:00 2020,"Update Drag and Drop Version_INSTRUCTIONS_SmartCovid19Detector.md",   1, 15, 2 
883fc9a,Jordan Micah Bennett,Sun Mar 22 07:05:29 2020,"Add files via upload",   1, 0, 0 
ea7ba68,Jordan Micah Bennett,Sun Mar 22 06:54:16 2020,"Update Drag and Drop Version_INSTRUCTIONS_SmartCovid19Detector.md",   1, 1 
3619af6,Jordan Micah Bennett,Sun Mar 22 06:52:52 2020,"Update Drag and Drop Version_INSTRUCTIONS_SmartCovid19Detector.md",   1, 1, 1 
7e738ae,Jordan Micah Bennett,Sun Mar 22 06:52:14 2020,"Update Drag and Drop Version_INSTRUCTIONS_SmartCovid19Detector.md",   1, 1, 1 
e8fcb2e,Jordan Micah Bennett,Sun Mar 22 06:50:37 2020,"Update Drag and Drop Version_INSTRUCTIONS_SmartCovid19Detector.md",   1, 4 
02e5f0f,Jordan Micah Bennett,Sun Mar 22 06:49:16 2020,"Update Drag and Drop Version_INSTRUCTIONS_SmartCovid19Detector.md",   1, 2, 2 
f99d5e1,Jordan Micah Bennett,Sun Mar 22 06:42:33 2020,"Add files via upload",   2, 34 
31b3f1c,Jordan Micah Bennett,Sun Mar 22 06:15:44 2020,"Update README.md",   1, 2, 2 
c17aa0c,Jordan Micah Bennett,Sun Mar 22 06:14:55 2020,"Add files via upload",   1, 0, 0 
34ccf98,Jordan Micah Bennett,Sun Mar 22 06:12:46 2020,"Delete ___covid19_accuracy -- 77_85_70 acc_sens_spec_.png",   1, 0, 0 
d60e1f4,Jordan Micah Bennett,Sun Mar 22 06:12:20 2020,"Update covid19_ai_diagnoser_optimal_model_architecture.py",   1, 1, 1 
bd0cfc7,Jordan Micah Bennett,Sun Mar 22 05:28:39 2020,"Update covid19_ai_diagnoser_optimal_model_architecture.py",   1, 1, 1 
72858f1,Jordan Micah Bennett,Sun Mar 22 05:26:36 2020,"Update README.md",   1, 2, 2 
73e26e3,Jordan Micah Bennett,Sun Mar 22 05:25:56 2020,"Add files via upload",   1, 0, 0 
38a6d40,Jordan Micah Bennett,Sun Mar 22 05:24:01 2020,"Delete ___covid19_accuracy -- 77_85_70 acc_sens_spec.png",   1, 0, 0 
33e2435,Jordan Micah Bennett,Sun Mar 22 05:22:22 2020,"Update covid19_ai_diagnoser_optimal_model_architecture.py",   1, 5, 5 
8c272d2,Jordan Micah Bennett,Sun Mar 22 05:14:58 2020,"Update covid19_ai_diagnoser_optimal_model_architecture.py",   1, 1, 1 
7d80265,Jordan Micah Bennett,Sun Mar 22 02:44:10 2020,"Updated to load covid19 weights instead of non-covid19 pneumonia weights, for the covid19 model",   1, 2, 2 
ac27f75,Jordan Micah Bennett,Sun Mar 22 02:37:19 2020,"Update covid19_ai_diagnoser.py",   1, 3, 4 
ec9cbd9,Jordan Micah Bennett,Sun Mar 22 02:27:38 2020,"Update README.md",   1, 1, 1 
bcfb5eb,Jordan Micah Bennett,Sun Mar 22 02:26:18 2020,"Update README.md",   1, 1, 1 
abb3b27,Jordan Micah Bennett,Sun Mar 22 02:23:49 2020,"Update README.md",   1, 1, 1 
eba5fb6,Jordan Micah Bennett,Sun Mar 22 02:20:59 2020,"Update README.md",   1, 2, 2 
1f95149,Jordan Micah Bennett,Sun Mar 22 02:18:50 2020,"Add files via upload",   1, 0, 0 
78d796b,Jordan Micah Bennett,Sun Mar 22 02:17:31 2020,"Add files via upload",   1, 0, 0 
4f7e03a,Jordan Micah Bennett,Sun Mar 22 02:14:54 2020,"Delete ____covid19Accuracy.png",   1, 0, 0 
b19e325,Jordan Micah Bennett,Sun Mar 22 02:12:40 2020,"Delete covid19_weights_v9.hdf5",   1, 0, 0 
98c9579,Jordan Micah Bennett,Sun Mar 22 02:11:16 2020,"Add files via upload",   1, 0, 0 
c62822d,Jordan Micah Bennett,Sat Mar 21 02:57:04 2020,"Update README.md",   1, 1, 1 
0717e24,Jordan Micah Bennett,Sat Mar 21 02:50:01 2020,"Update README.md",   1, 1, 1 
f62335b,Jordan Micah Bennett,Sat Mar 21 02:48:42 2020,"Update README.md",   1, 4, 4 
64fb7b5,Jordan Micah Bennett,Sat Mar 21 02:32:28 2020,"Update README.md",   1, 1, 1 
76278b2,Jordan Micah Bennett,Sat Mar 21 02:32:00 2020,"Update README.md",   1, 3, 1 
9fc995a,Jordan Micah Bennett,Sat Mar 21 02:27:47 2020,"Update README.md",   1, 1 
eaca342,Jordan Micah Bennett,Thu Mar 19 14:33:22 2020,"Update README.md",   1, 2, 1 
c5b90a0,Jordan Micah Bennett,Thu Mar 19 12:35:10 2020,"Update README.md",   1, 1, 1 
2145620,Jordan Micah Bennett,Thu Mar 19 12:34:46 2020,"Update README.md",   1, 1, 1 
337900b,Jordan Micah Bennett,Thu Mar 19 12:33:27 2020,"Update README.md",   1, 1 
2d1c9a2,Jordan Micah Bennett,Thu Mar 19 12:23:26 2020,"Update README.md",   1, 1, 1 
5cc5252,Jordan Micah Bennett,Thu Mar 19 12:21:26 2020,"Update README.md",   1, 2, 2 
33c7335,Jordan Micah Bennett,Thu Mar 19 07:18:31 2020,"Update README.md",   1, 2, 2 
fed1632,Jordan Micah Bennett,Thu Mar 19 07:16:47 2020,"Update README.md",   1, 2, 2 
166de43,Jordan Micah Bennett,Thu Mar 19 07:13:52 2020,"Update README.md",   1, 1, 1 
dc6c2a8,Jordan Micah Bennett,Thu Mar 19 07:12:58 2020,"Update README.md",   1, 3, 2 
ef4aa0e,Jordan Micah Bennett,Thu Mar 19 07:10:40 2020,"Update README.md",   1, 3, 2 
3b8cefd,Jordan Micah Bennett,Thu Mar 19 07:07:42 2020,"Update README.md",   1, 13 
99ee8bb,Jordan Micah Bennett,Thu Mar 19 06:34:37 2020,"Update README.md",   1, 2, 2 
a63c608,Jordan Micah Bennett,Thu Mar 19 06:32:28 2020,"Update README.md",   1, 3, 2 
6728007,Jordan Micah Bennett,Thu Mar 19 06:26:35 2020,"Update README.md",   1, 2, 2 
7860dc8,Jordan Micah Bennett,Thu Mar 19 06:25:39 2020,"Add files via upload",   1, 0, 0 
b909aa2,Jordan Micah Bennett,Thu Mar 19 06:25:23 2020,"Delete Usage1d_TriggerLoadImage-Screen_SmartAi Coronavirus 2019 (Covid19) Diagnosis Interface by Jordan.png",   1, 0, 0 
f01c44f,Jordan Micah Bennett,Thu Mar 19 06:25:09 2020,"Add files via upload",   1, 0, 0 
41647a4,Jordan Micah Bennett,Thu Mar 19 06:24:38 2020,"Delete Usage1d_TriggerLoadImage-Screen_SmartAi Coronavirus 2019 (Covid19) Diagnosis Interface by Jordan.png",   1, 0, 0 
e20f2f1,Jordan Micah Bennett,Thu Mar 19 06:24:19 2020,"Add files via upload",   1, 0, 0 
b02ea8c,Jordan Micah Bennett,Thu Mar 19 06:23:29 2020,"Delete Usage1c_TriggerLoadImage-Screen_SmartAi Coronavirus 2019 (Covid19) Diagnosis Interface by Jordan.png",   1, 0, 0 
949acf4,Jordan Micah Bennett,Thu Mar 19 06:21:08 2020,"Delete IM-0033-0001.jpeg",   1, 0, 0 
a6cc2b6,Jordan Micah Bennett,Thu Mar 19 06:21:01 2020,"Delete IM-0031-0001.jpeg",   1, 0, 0 
a475b9b,Jordan Micah Bennett,Thu Mar 19 06:20:55 2020,"Delete IM-0030-0001.jpeg",   1, 0, 0 
ea4fcec,Jordan Micah Bennett,Thu Mar 19 06:20:49 2020,"Delete IM-0028-0001.jpeg",   1, 0, 0 
33366f7,Jordan Micah Bennett,Thu Mar 19 06:20:42 2020,"Delete IM-0027-0001.jpeg",   1, 0, 0 
df4c5ea,Jordan Micah Bennett,Thu Mar 19 06:20:36 2020,"Delete IM-0029-0001.jpeg",   1, 0, 0 
cdddc0a,Jordan Micah Bennett,Thu Mar 19 06:20:20 2020,"Delete IM-0025-0001.jpeg",   1, 0, 0 
2b65658,Jordan Micah Bennett,Thu Mar 19 06:20:14 2020,"Delete IM-0023-0001.jpeg",   1, 0, 0 
f7f596f,Jordan Micah Bennett,Thu Mar 19 06:20:08 2020,"Delete IM-0022-0001.jpeg",   1, 0, 0 
fbd7a45,Jordan Micah Bennett,Thu Mar 19 06:20:04 2020,"Delete IM-0021-0001.jpeg",   1, 0, 0 
26b920e,Jordan Micah Bennett,Thu Mar 19 06:19:59 2020,"Delete IM-0019-0001.jpeg",   1, 0, 0 
5f66a5a,Jordan Micah Bennett,Thu Mar 19 06:19:55 2020,"Delete IM-0017-0001.jpeg",   1, 0, 0 
b29e473,Jordan Micah Bennett,Thu Mar 19 06:19:51 2020,"Delete IM-0016-0001.jpeg",   1, 0, 0 
4d250d7,Jordan Micah Bennett,Thu Mar 19 06:19:42 2020,"Delete IM-0015-0001.jpeg",   1, 0, 0 
203fbef,Jordan Micah Bennett,Thu Mar 19 06:19:37 2020,"Delete IM-0013-0001.jpeg",   1, 0, 0 
04e8934,Jordan Micah Bennett,Thu Mar 19 06:19:32 2020,"Delete IM-0011-0001.jpeg",   1, 0, 0 
e9ece85,Jordan Micah Bennett,Thu Mar 19 06:18:56 2020,"Delete IM-0011-0001-0002.jpeg",   1, 0, 0 
2c7a812,Jordan Micah Bennett,Thu Mar 19 06:18:49 2020,"Delete IM-0011-0001-0001.jpeg",   1, 0, 0 
52771c4,Jordan Micah Bennett,Thu Mar 19 06:18:42 2020,"Delete IM-0010-0001.jpeg",   1, 0, 0 
a60f612,Jordan Micah Bennett,Thu Mar 19 06:18:38 2020,"Delete IM-0009-0001.jpeg",   1, 0, 0 
2398d36,Jordan Micah Bennett,Thu Mar 19 06:18:33 2020,"Delete IM-0007-0001.jpeg",   1, 0, 0 
39e6a6f,Jordan Micah Bennett,Thu Mar 19 06:18:25 2020,"Delete IM-0006-0001.jpeg",   1, 0, 0 
d161ebf,Jordan Micah Bennett,Thu Mar 19 06:18:18 2020,"Delete IM-0005-0001.jpeg",   1, 0, 0 
27daffa,Jordan Micah Bennett,Thu Mar 19 06:18:13 2020,"Delete IM-0003-0001.jpeg",   1, 0, 0 
33da4b4,Jordan Micah Bennett,Thu Mar 19 06:18:08 2020,"Delete IM-0001-0001.jpeg",   1, 0, 0 
095fe92,Jordan Micah Bennett,Thu Mar 19 06:16:38 2020,"Update README.md",   1, 1, 1 
acfc69a,Jordan Micah Bennett,Thu Mar 19 06:14:47 2020,"Update README.md",   1, 1, 1 
9ecaa6d,Jordan Micah Bennett,Thu Mar 19 06:12:50 2020,"Update README.md",   1, 12, 6 
caa9ff4,Jordan Micah Bennett,Thu Mar 19 06:12:19 2020,"Add files via upload",   1, 0, 0 
e549317,Jordan Micah Bennett,Thu Mar 19 06:09:28 2020,"Update README.md",   1, 1, 1 
44d1d74,Jordan Micah Bennett,Thu Mar 19 06:06:42 2020,"Update README.md",   1, 3, 3 
d07838f,Jordan Micah Bennett,Thu Mar 19 06:05:59 2020,"Add files via upload",   1, 0, 0 
4f99d4b,Jordan Micah Bennett,Thu Mar 19 06:04:20 2020,"Delete Usage1b_TriggerLoadImage-Screen_SmartAi Coronavirus 2019 (Covid19) Diagnosis Interface by Jordan.png",   1, 0, 0 
20b166e,Jordan Micah Bennett,Thu Mar 19 06:03:19 2020,"Delete ryct.2020200034.fig5-day7.jpeg",   1, 0, 0 
6c61269,Jordan Micah Bennett,Thu Mar 19 06:03:14 2020,"Delete ryct.2020200034.fig5-day4.jpeg",   1, 0, 0 
593d6b8,Jordan Micah Bennett,Thu Mar 19 06:03:03 2020,"Delete ryct.2020200034.fig5-day0.jpeg",   1, 0, 0 
ad0683f,Jordan Micah Bennett,Thu Mar 19 06:02:52 2020,"Delete ryct.2020200034.fig2.jpeg",   1, 0, 0 
d03d1b8,Jordan Micah Bennett,Thu Mar 19 06:02:47 2020,"Delete ryct.2020200028.fig1a.jpeg",   1, 0, 0 
b444e0d,Jordan Micah Bennett,Thu Mar 19 06:02:41 2020,"Delete radiopedia-covid-19-pneumonia-2.jpg",   1, 0, 0 
f5fcd72,Jordan Micah Bennett,Thu Mar 19 06:02:36 2020,"Delete radiol.2020200490.fig3.jpeg",   1, 0, 0 
6efe015,Jordan Micah Bennett,Thu Mar 19 06:02:29 2020,"Delete nejmoa2001191_f5-PA.jpeg",   1, 0, 0 
7da8d94,Jordan Micah Bennett,Thu Mar 19 06:02:24 2020,"Delete nejmoa2001191_f4.jpeg",   1, 0, 0 
d2d2e4d,Jordan Micah Bennett,Thu Mar 19 06:02:11 2020,"Delete nejmoa2001191_f3-PA.jpeg",   1, 0, 0 
d74f7dc,Jordan Micah Bennett,Thu Mar 19 06:02:06 2020,"Delete nejmoa2001191_f1-PA.jpeg",   1, 0, 0 
bb867c1,Jordan Micah Bennett,Thu Mar 19 06:02:00 2020,"Delete nejmc2001573_f1b.jpeg",   1, 0, 0 
24a9420,Jordan Micah Bennett,Thu Mar 19 06:01:55 2020,"Delete nejmc2001573_f1a.jpeg",   1, 0, 0 
19fe40d,Jordan Micah Bennett,Thu Mar 19 06:01:50 2020,"Delete nCoV-radiol.2020200269.fig1-day7.jpeg",   1, 0, 0 
e2b4b9f,Jordan Micah Bennett,Thu Mar 19 06:01:43 2020,"Delete lancet-case2b.jpg",   1, 0, 0 
cbad5b1,Jordan Micah Bennett,Thu Mar 19 05:58:51 2020,"Delete lancet-case2a.jpg",   1, 0, 0 
1baa1ae,Jordan Micah Bennett,Thu Mar 19 05:58:45 2020,"Delete auntminnie-d-2020_01_28_23_51_6665_2020_01_28_Vietnam_coronavirus.jpeg",   1, 0, 0 
4261a7d,Jordan Micah Bennett,Thu Mar 19 05:58:39 2020,"Delete auntminnie-c-2020_01_28_23_51_6665_2020_01_28_Vietnam_coronavirus.jpeg",   1, 0, 0 
0f40a46,Jordan Micah Bennett,Thu Mar 19 05:58:30 2020,"Delete auntminnie-b-2020_01_28_23_51_6665_2020_01_28_Vietnam_coronavirus.jpeg",   1, 0, 0 
2b68092,Jordan Micah Bennett,Thu Mar 19 05:58:12 2020,"Delete auntminnie-a-2020_01_28_23_51_6665_2020_01_28_Vietnam_coronavirus.jpeg",   1, 0, 0 
75809b2,Jordan Micah Bennett,Thu Mar 19 05:58:07 2020,"Delete A.PNG",   1, 1 
e10efc7,Jordan Micah Bennett,Thu Mar 19 05:58:01 2020,"Delete 1-s2.0-S0929664620300449-gr2_lrg-d.jpg",   1, 0, 0 
2d03360,Jordan Micah Bennett,Thu Mar 19 05:57:53 2020,"Delete 1-s2.0-S0929664620300449-gr2_lrg-c.jpg",   1, 0, 0 
1c60aea,Jordan Micah Bennett,Thu Mar 19 05:57:46 2020,"Delete 1-s2.0-S0929664620300449-gr2_lrg-b.jpg",   1, 0, 0 
f21ad8b,Jordan Micah Bennett,Thu Mar 19 05:57:35 2020,"Delete 1-s2.0-S0929664620300449-gr2_lrg-a.jpg",   1, 0, 0 
ac50a11,Jordan Micah Bennett,Thu Mar 19 05:57:31 2020,"Delete 1-s2.0-S0140673620303706-fx1_lrg.jpg",   1, 0, 0 
1242993,Jordan Micah Bennett,Thu Mar 19 05:56:48 2020,"Update README.md",   1, 12, 3 
14f7043,Jordan Micah Bennett,Thu Mar 19 05:54:58 2020,"Add files via upload",   1, 0, 0 
0aa2e74,Jordan Micah Bennett,Thu Mar 19 05:54:51 2020,"Delete Usage1_TriggerLoadImage-Screen_SmartAi Coronavirus 2019 (Covid19) Diagnosis Interface by Jordan.png",   1, 0, 0 
9a86a6e,Jordan Micah Bennett,Thu Mar 19 05:54:04 2020,"Add files via upload",   1, 0, 0 
0ae5bfb,Jordan Micah Bennett,Thu Mar 19 05:53:56 2020,"Delete Usage1_TriggerLoadImage-Screen_SmartAi Coronavirus 2019 (Covid19) Diagnosis Interface by Jordan.png",   1, 0, 0 
8bb97d1,Jordan Micah Bennett,Thu Mar 19 05:51:23 2020,"Add files via upload",   1, 0, 0 
e3ec326,Jordan Micah Bennett,Thu Mar 19 05:49:18 2020,"Delete Usage1_TriggerLoadImage-Screen_SmartAi Coronavirus 2019 (Covid19) Diagnosis Interface by Jordan.png",   1, 0, 0 
549a067,Jordan Micah Bennett,Thu Mar 19 05:47:23 2020,"Update covid19_ai_diagnoser.py",   1, 32, 11 
f995d8e,Jordan Micah Bennett,Thu Mar 19 05:46:36 2020,"Update covid19_ai_diagnoser_ui.py",   1, 29, 8 
e584749,Jordan Micah Bennett,Thu Mar 19 05:46:12 2020,"Update covid19_ai_diagnoser_optimal_model_architecture.py",   1, 1 
cd5b22e,Jordan Micah Bennett,Thu Mar 19 05:45:41 2020,"Update covid19_ai_diagnoser_optimal_model_architecture.py",   1, 290, 90 
f6f6380,Jordan Micah Bennett,Thu Mar 19 05:45:24 2020,"Update covid19_ai_diagnoser_optimal_model_architecture.py",   1, 91, 208 
13675bf,Jordan Micah Bennett,Thu Mar 19 03:22:56 2020,"Update README.md",   1, 1, 1 
12c8a98,Jordan Micah Bennett,Thu Mar 19 03:21:34 2020,"Update README.md",   1, 1 
f8daa19,Jordan Micah Bennett,Thu Mar 19 03:13:27 2020,"Add files via upload",   25, 0, 0 
cadcacc,Jordan Micah Bennett,Thu Mar 19 03:12:23 2020,"Create A.PNG",   1, 1 
e157515,Jordan Micah Bennett,Thu Mar 19 03:11:45 2020,"Delete a.png",   1, 1 
03110e4,Jordan Micah Bennett,Thu Mar 19 03:07:56 2020,"Update README.md",   1, 2, 1 
e005940,Jordan Micah Bennett,Thu Mar 19 02:53:18 2020,"Add files via upload",   25, 0, 0 
c7c511e,Jordan Micah Bennett,Thu Mar 19 02:39:57 2020,"Create a.png",   1, 1 
1e9034f,Jordan Micah Bennett,Thu Mar 19 02:39:40 2020,"Delete a.png",   1, 1 
e62ca9c,Jordan Micah Bennett,Thu Mar 19 02:38:29 2020,"Create a.png",   1, 1 
e4949d1,Jordan Micah Bennett,Thu Mar 19 02:36:24 2020,"Update README.md",   1, 3 
9832658,Jordan Micah Bennett,Wed Mar 18 23:44:22 2020,"Update README.md",   1, 1, 1 
4b8b79b,Jordan Micah Bennett,Wed Mar 18 23:30:24 2020,"Update README.md",   1, 2, 2 
f9639d8,Jordan Micah Bennett,Wed Mar 18 23:27:30 2020,"Update README.md",   1, 2, 1 
e14c718,Jordan Micah Bennett,Wed Mar 18 13:23:56 2020,"Update covid19_ai_diagnoser_optimal_model_architecture.py",   1, 5, 1 
507701c,Jordan Micah Bennett,Wed Mar 18 13:21:55 2020,"Replace pyplot -> plt.imread, with  gray scale cv2.imread(path,0), so that ui's image load process doesn't throw a pyimage10 error",   1, 7, 15 
775502a,Jordan Micah Bennett,Wed Mar 18 13:18:53 2020," #Replace plt.imread, with  gray scale cv2.imread(path,0), so that ui's image load process doesn't throw a pyimage10 error",   1, 1, 1 
11e7b8b,Jordan Micah Bennett,Wed Mar 18 12:08:32 2020,"Update README.md",   1, 2, 1 
da329a9,Jordan Micah Bennett,Wed Mar 18 12:07:19 2020,"Update README.md",   1, 1, 1 
1e6298b,Jordan Micah Bennett,Wed Mar 18 12:06:06 2020,"Update README.md",   1, 1, 1 
e55563b,Jordan Micah Bennett,Wed Mar 18 12:05:54 2020,"Update README.md",   1, 2, 2 
e45ab13,Jordan Micah Bennett,Wed Mar 18 12:05:22 2020,"Update README.md",   1, 2, 1 
2140075,Jordan Micah Bennett,Wed Mar 18 12:00:25 2020,"Add files via upload",   1, 0, 0 
1a14418,Jordan Micah Bennett,Wed Mar 18 12:00:14 2020,"Delete ___pneumonia_detector_accuracy.png",   1, 0, 0 
1570042,Jordan Micah Bennett,Wed Mar 18 12:00:08 2020,"Delete JordanBennett_model_accuracy after Learning Rate name fix + evaluation model.png",   1, 0, 0 
e21f72b,Jordan Micah Bennett,Wed Mar 18 11:56:48 2020,"Update covid19_ai_diagnoser.py",   1, 21, 55 
f0acfcd,Jordan Micah Bennett,Wed Mar 18 11:53:13 2020,"Update covid19_ai_diagnoser_ui.py",   1, 2, 2 
5d95e0a,Jordan Micah Bennett,Wed Mar 18 11:52:08 2020,"Add files via upload",   1, 0, 0 
950bfbc,Jordan Micah Bennett,Wed Mar 18 11:46:04 2020,"Add files via upload",   1, 0, 0 
5cc3abc,Jordan Micah Bennett,Wed Mar 18 11:45:35 2020,"Delete 1_pneumonia_detector_accuracy.png",   1, 0, 0 
31f4432,Jordan Micah Bennett,Wed Mar 18 11:45:17 2020,"Add files via upload",   1, 0, 0 
732db16,Jordan Micah Bennett,Wed Mar 18 11:43:10 2020,"Add files via upload",   1, 225 
1855383,Jordan Micah Bennett,Wed Mar 18 06:53:58 2020,"Update README.md",   1, 2 
7670db6,Jordan Micah Bennett,Wed Mar 18 04:37:30 2020,"Update README.md",   1, 7, 1 
dec6db7,Jordan Micah Bennett,Tue Mar 17 05:07:45 2020,"Jordan added simple recorder function to record each prediction.",   1, 14, 5 
6c47087,Jordan Micah Bennett,Tue Mar 17 04:37:07 2020,"Delete d.png",   1, 1 
42a162c,Jordan Micah Bennett,Tue Mar 17 04:36:55 2020,"Add files via upload",   3, 0, 0 
1b2f40b,Jordan Micah Bennett,Tue Mar 17 04:36:38 2020,"Create d.png",   1, 1 
49ceed8,Jordan Micah Bennett,Tue Mar 17 04:36:13 2020,"Delete d.png",   1, 1 
0812096,Jordan Micah Bennett,Tue Mar 17 04:36:09 2020,"Delete coronavirus_positive_day7_of_infection_UPSCALED.jpg",   1, 0, 0 
b5ca7a9,Jordan Micah Bennett,Tue Mar 17 04:35:58 2020,"Delete coronavirus_positive_day7_of_infection.jpg",   1, 0, 0 
aa09fda,Jordan Micah Bennett,Tue Mar 17 04:35:51 2020,"Delete coronavirus_positive_WeifangKong_et-al.png",   1, 0, 0 
93a2c03,Jordan Micah Bennett,Tue Mar 17 04:35:22 2020,"Add files via upload",   3, 0, 0 
d220c44,Jordan Micah Bennett,Tue Mar 17 04:34:13 2020,"Create d.png",   1, 1 
5e1e03c,Jordan Micah Bennett,Tue Mar 17 04:33:54 2020,"Delete coronavirus_positive_day7_of_infection_UPSCALED.jpg",   1, 0, 0 
5857f32,Jordan Micah Bennett,Tue Mar 17 04:33:08 2020,"Delete coronavirus_positive_day7_of_infection.jpg",   1, 0, 0 
ca4cd60,Jordan Micah Bennett,Tue Mar 17 04:32:59 2020,"Delete coronavirus_positive_WeifangKong_et-al.png",   1, 0, 0 
b127be5,Jordan Micah Bennett,Tue Mar 17 04:29:27 2020,"Update README.md",   1, 1 
b60e877,Jordan Micah Bennett,Tue Mar 17 04:28:45 2020,"Update README.md",   1, 1, 1 
8a02b5d,Jordan Micah Bennett,Tue Mar 17 04:19:01 2020,"Add files via upload",   1, 0, 0 
3126f56,Jordan Micah Bennett,Tue Mar 17 04:18:34 2020,"Delete Usage2_SelectImage-Screen_SmartAi Coronavirus 2019 (Covid19) Diagnosis Interface by Jordan.png",   1, 0, 0 
2befe71,Jordan Micah Bennett,Tue Mar 17 04:16:35 2020,"Update README.md",   1, 1, 1 
6314a23,Jordan Micah Bennett,Tue Mar 17 04:06:31 2020,"Update README.md",   1, 5, 1 
b3457e1,Jordan Micah Bennett,Tue Mar 17 03:30:25 2020,"Based on Andrei's suggestions, Jordan replaced erroneously labelled CT labels, with X-Ray.",   1, 1, 1 
0d73701,Jordan Micah Bennett,Tue Mar 17 03:29:36 2020,"Based on Andrei's suggestions, Jordan replaced erroneously labelled CT labels, with X-Ray",   1, 1, 1 
898853b,Jordan Micah Bennett,Tue Mar 17 03:27:54 2020,"Based on Andrei's suggestions, Jordan replaced erroneously labelled CT labels.",   1, 1, 1 
8467d20,Jordan Micah Bennett,Tue Mar 17 03:24:48 2020,"Based on Andrei's suggestions, Jordan replaced erroneously labelled CT labels, with X-Ray.",   1, 1, 1 
66c5344,Jordan Micah Bennett,Tue Mar 17 03:23:34 2020,"Update README.md",   1, 4, 2 
1e44948,Jordan Micah Bennett,Tue Mar 17 03:21:35 2020,"Based on Andrei's suggestions, Jordan replaced erroneously labelled CT labels, with X-Ray.",   1, 1, 1 
b85c911,Jordan Micah Bennett,Tue Mar 17 03:13:26 2020,"Jordan updated all xray instances.",   1, 2, 2 
6ff2d3c,Jordan Micah Bennett,Tue Mar 17 03:06:56 2020,"Update README.md",   1, 1, 1 
56a21d9,Jordan Micah Bennett,Tue Mar 17 03:05:02 2020,"Update README.md",   1, 2, 2 
c75ddf2,Jordan Micah Bennett,Tue Mar 17 02:59:50 2020,"Update README.md",   1, 2, 2 
5e16b19,Jordan Micah Bennett,Tue Mar 17 02:20:57 2020,"Update covid19_ai_diagnoser_ui.py",   1, 1, 1 
8b79732,Jordan Micah Bennett,Tue Mar 17 02:20:17 2020,"Update covid19_ai_diagnoser_ui.py",   1, 1, 1 
dd4c60b,Jordan Micah Bennett,Tue Mar 17 02:19:52 2020,"Update covid19_ai_diagnoser_ui.py",   1, 9, 2 
827e16c,Jordan Micah Bennett,Sat Mar 14 09:17:16 2020,"Update README.md",   1, 4, 4 
bcf7ab3,Jordan Micah Bennett,Sat Mar 14 09:12:49 2020,"Update README.md",   1, 2, 2 
0cf1569,Jordan Micah Bennett,Sat Mar 14 08:22:35 2020,"Update README.md",   1, 1, 1 
ab2df90,Jordan Micah Bennett,Sat Mar 14 08:06:24 2020,"Update README.md",   1, 1, 1 
5e09688,Jordan Micah Bennett,Sun Mar 8 06:24:01 2020,"Add files via upload",   1, 0, 0 
8f33239,Jordan Micah Bennett,Sun Mar 8 06:23:26 2020,"Delete model_accuracy after Learning Rate name fix + evaluation model.png",   1, 0, 0 
d2af4f2,Jordan Micah Bennett,Sun Mar 8 06:19:27 2020,"Model Accuracy Screenshot",   1, 0, 0 
56882d5,Jordan Micah Bennett,Sun Mar 8 06:17:52 2020,"Added model compile fix, to facilitate accuracy evaluation of loaded model",   1, 1, 1 
941ddf0,Jordan Micah Bennett,Sun Mar 8 06:13:17 2020,"Update covid19_ai_diagnoser.py",   1, 2 
b0caad4,Jordan Micah Bennett,Sun Mar 8 06:12:15 2020,"Update README.md",   1, 1, 1 
1d63a2e,Jordan Micah Bennett,Sun Mar 8 06:11:01 2020,"Update README.md",   1, 1, 1 
2f0dfc7,Jordan Micah Bennett,Sun Mar 8 06:10:03 2020,"Update README.md",   1, 7 
de0c5e4,Jordan Micah Bennett,Sun Mar 8 06:03:22 2020,"Added model compile fix, to facilitate accuracy evaluation of loaded model",   1, 45, 3 
4eb7625,Jordan Micah Bennett,Mon Mar 2 11:08:24 2020,"Update README.md",   1, 1, 1 
a2aca2e,Jordan Micah Bennett,Mon Mar 2 06:26:32 2020,"Update README.md",   1, 2 
98dd0a9,Jordan Micah Bennett,Mon Mar 2 06:13:42 2020,"Update README.md",   1, 1, 1 
c524f0c,Jordan Micah Bennett,Mon Mar 2 06:11:20 2020,"Update README.md",   1, 2, 2 
c46bd0a,Jordan Micah Bennett,Mon Mar 2 06:01:11 2020,"Update README.md",   1, 1, 1 
c0c5a36,Jordan Micah Bennett,Mon Mar 2 05:59:13 2020,"Update README.md",   1, 1 
c928943,Jordan Micah Bennett,Mon Mar 2 04:09:31 2020,"Update README.md",   1, 1, 1 
e842bad,Jordan Micah Bennett,Mon Mar 2 04:08:17 2020,"Update README.md",   1, 1, 1 
6a0963a,Jordan Micah Bennett,Mon Mar 2 04:06:45 2020,"Update README.md",   1, 2 
f253042,Jordan Micah Bennett,Sun Mar 1 23:34:05 2020,"Update README.md",   1, 1 
993dfc2,Jordan Micah Bennett,Sun Mar 1 23:32:23 2020,"Update README.md",   1, 1, 1 
083b363,Jordan Micah Bennett,Sun Mar 1 23:31:58 2020,"Update README.md",   1, 1 
f9d4cc4,Jordan Micah Bennett,Thu Feb 27 23:08:24 2020,"Update README.md",   1, 9, 1 
42e26d0,Jordan Micah Bennett,Sun Feb 23 02:13:32 2020,"Update README.md",   1, 1, 1 
03c30de,Jordan Micah Bennett,Sun Feb 23 02:06:16 2020,"Update README.md",   1, 1, 1 
6c98a33,Jordan Micah Bennett,Sun Feb 23 02:03:40 2020,"Update README.md",   1, 1, 1 
7e8fdf2,Jordan Micah Bennett,Sun Feb 23 02:02:34 2020,"Update README.md",   1, 2, 1 
14bf77a,Jordan Micah Bennett,Sun Feb 23 02:01:39 2020,"Update README.md",   1, 1 
52d6c76,Jordan Micah Bennett,Sun Feb 23 01:29:14 2020,"Corrected SARS-cov-2 as virus which causes disease covid 19, instead of alternative name to covid19",   1, 1, 1 
9ff771d,Jordan Micah Bennett,Sat Feb 22 14:24:48 2020,"Added latest scientific name for covid19",   1, 1, 1 
5dd1741,Jordan Micah Bennett,Fri Feb 21 01:53:54 2020,"Update README.md",   1, 1, 1 
71cdc63,Jordan Micah Bennett,Fri Feb 21 01:51:59 2020,"Update README.md",   1, 1, 1 
13a7a77,Jordan Micah Bennett,Fri Feb 21 01:50:51 2020,"Update README.md",   1, 1, 1 
3900634,Jordan Micah Bennett,Fri Feb 21 01:49:02 2020,"Update README.md",   1, 2 
0e2a619,Jordan Micah Bennett,Fri Feb 21 00:56:53 2020,"Update README.md",   1, 1, 1 
a5ae59d,Jordan Micah Bennett,Fri Feb 21 00:55:15 2020,"Update README.md",   1, 1, 1 
1151dae,Jordan Micah Bennett,Fri Feb 21 00:51:20 2020,"Update README.md",   1, 1, 1 
7834df0,Jordan Micah Bennett,Fri Feb 21 00:49:53 2020,"Update README.md",   1, 2, 2 
9f426f5,Jordan Micah Bennett,Fri Feb 21 00:43:33 2020,"Update README.md",   1, 1, 1 
2f8ce86,Jordan Micah Bennett,Fri Feb 21 00:40:19 2020,"Update README.md",   1, 1, 1 
45275bc,Jordan Micah Bennett,Fri Feb 21 00:35:43 2020,"Update README.md",   1, 1, 1 
ce2ec94,Jordan Micah Bennett,Fri Feb 21 00:33:51 2020,"Update README.md",   1, 6 
6d1af38,Jordan Micah Bennett,Thu Feb 20 23:58:56 2020,"Update README.md",   1, 1, 1 
2dbaadb,Jordan Micah Bennett,Thu Feb 20 23:58:24 2020,"Update README.md",   1, 1, 1 
85a3688,Jordan Micah Bennett,Thu Feb 20 23:56:40 2020,"Update README.md",   1, 1, 1 
190aced,Jordan Micah Bennett,Thu Feb 20 23:55:36 2020,"Update README.md",   1, 1, 1 
692314b,Jordan Micah Bennett,Thu Feb 20 23:51:06 2020,"Update README.md",   1, 1, 1 
df8d1d4,Jordan Micah Bennett,Thu Feb 20 23:50:28 2020,"Update README.md",   1, 1, 1 
e1a1806,Jordan Micah Bennett,Thu Feb 20 02:03:24 2020,"Update README.md",   1, 1, 1 
6085586,Jordan Micah Bennett,Thu Feb 20 02:02:57 2020,"Update README.md",   1, 1, 1 
87e170e,Jordan Micah Bennett,Thu Feb 20 01:56:37 2020,"Update README.md",   1, 1, 1 
a639a98,Jordan Micah Bennett,Wed Feb 19 06:17:03 2020,"Update README.md",   1, 2, 2 
40d7fd7,Jordan Micah Bennett,Wed Feb 19 06:08:39 2020,"Update README.md",   1, 1, 1 
57a1336,Jordan Micah Bennett,Wed Feb 19 06:07:06 2020,"Update README.md",   1, 2, 3 
27b5976,Jordan Micah Bennett,Wed Feb 19 06:05:44 2020,"Update README.md",   1, 3 
7b1b0d6,Jordan Micah Bennett,Wed Feb 19 05:40:29 2020,"Update covid19_ai_diagnoser_ui.py",   1, 7, 6 
543bb42,Jordan Micah Bennett,Wed Feb 19 05:39:37 2020,"Update covid19_ai_diagnoser.py",   1, 5, 4 
49759d3,Jordan Micah Bennett,Wed Feb 19 01:53:06 2020,"Update README.md",   1, 1, 1 
a08162c,Jordan Micah Bennett,Wed Feb 19 01:50:03 2020,"Update README.md",   1, 1, 1 
cf8ee90,Jordan Micah Bennett,Wed Feb 19 01:48:03 2020,"Update README.md",   1, 3, 1 
e579bc4,Jordan Micah Bennett,Tue Feb 18 16:32:22 2020,"Update README.md",   1, 1, 1 
300cc33,Jordan Micah Bennett,Tue Feb 18 16:28:47 2020,"Update README.md",   1, 1, 1 
41a4444,Jordan Micah Bennett,Tue Feb 18 16:25:12 2020,"Update README.md",   1, 1, 1 
961a105,Jordan Micah Bennett,Tue Feb 18 16:24:43 2020,"Update README.md",   1, 1, 1 
1fa7dbb,Jordan Micah Bennett,Tue Feb 18 16:23:35 2020,"Update README.md",   1, 1, 1 
fcd082a,Jordan Micah Bennett,Tue Feb 18 15:22:52 2020,"Update README.md",   1, 1, 1 
605ad7c,Jordan Micah Bennett,Tue Feb 18 15:22:27 2020,"Update README.md",   1, 2 
13331ce,Jordan Micah Bennett,Tue Feb 18 15:20:53 2020,"Update README.md",   1, 2, 1 
37d7ada,Jordan Micah Bennett,Tue Feb 18 15:13:30 2020,"Add files via upload",   1, 0, 0 
809888c,Jordan Micah Bennett,Tue Feb 18 15:12:30 2020,"Update README.md",   1, 1, 1 
3246105,Jordan Micah Bennett,Tue Feb 18 15:06:13 2020,"Update README.md",   1, 1, 1 
c3d17f7,Jordan Micah Bennett,Tue Feb 18 15:02:01 2020,"Update README.md",   1, 1, 1 
fe3599d,Jordan Micah Bennett,Tue Feb 18 14:54:19 2020,"Update README.md",   1, 14, 3 
ae0090a,Jordan Micah Bennett,Tue Feb 18 14:50:15 2020,"Add files via upload",   1, 0, 0 
c7cfb37,Jordan Micah Bennett,Tue Feb 18 14:48:23 2020,"Add files via upload",   1, 0, 0 
6eefc73,Jordan Micah Bennett,Tue Feb 18 14:46:35 2020,"Update README.md",   1, 3, 2 
fa97023,Jordan Micah Bennett,Tue Feb 18 14:45:03 2020,"Add files via upload",   1, 0, 0 
60a82c4,Jordan Micah Bennett,Tue Feb 18 14:43:42 2020,"Delete tt.dd",   1, 1 
54f09d8,Jordan Micah Bennett,Tue Feb 18 14:43:32 2020,"Add files via upload",   1, 0, 0 
08b7178,Jordan Micah Bennett,Tue Feb 18 14:42:56 2020,"Update README.md",   1, 6, 2 
8609487,Jordan Micah Bennett,Tue Feb 18 14:41:30 2020,"Add files via upload",   3, 111 
697bb3a,Jordan Micah Bennett,Tue Feb 18 14:40:02 2020,"Delete test_model_prediction.py",   1, 18 
b0379c4,Jordan Micah Bennett,Tue Feb 18 14:26:13 2020,"Create tt.dd",   1, 1 
8cf93cf,Jordan Micah Bennett,Tue Feb 18 14:20:29 2020,"Add files via upload",   1, 0, 0 
fd8ac75,Jordan Micah Bennett,Tue Feb 18 11:32:22 2020,"Update README.md",   1, 1, 1 
b850da3,Jordan Micah Bennett,Tue Feb 18 11:28:43 2020,"Update README.md",   1, 1, 1 
27cf06c,Jordan Micah Bennett,Tue Feb 18 11:25:47 2020,"Update README.md",   1, 1, 1 
20d0adc,Jordan Micah Bennett,Tue Feb 18 11:24:08 2020,"Update README.md",   1, 1 
9c99bf3,Jordan Micah Bennett,Mon Feb 17 10:57:19 2020,"Update README.md",   1, 1, 1 
e31f2cb,Jordan Micah Bennett,Mon Feb 17 10:56:48 2020,"Update README.md",   1, 1, 1 
716b891,Jordan Micah Bennett,Mon Feb 17 10:55:23 2020,"Update README.md",   1, 5, 5 
d6d2151,Jordan Micah Bennett,Mon Feb 17 02:21:48 2020,"Update README.md",   1, 2, 2 
1cf8040,Jordan Micah Bennett,Sun Feb 16 20:14:18 2020,"Update README.md",   1, 1, 1 
40cf2a2,Jordan Micah Bennett,Sun Feb 16 20:11:14 2020,"Update README.md",   1, 1, 1 
67b9ef0,Jordan Micah Bennett,Sun Feb 16 20:00:33 2020,"Update README.md",   1, 1, 1 
f85391c,Jordan Micah Bennett,Sun Feb 16 19:50:36 2020,"Update README.md",   1, 3 
53f3862,Jordan Micah Bennett,Sun Feb 16 19:48:20 2020,"Update README.md",   1, 1, 1 
8f8873c,Jordan Micah Bennett,Sun Feb 16 19:46:53 2020,"Update README.md",   1, 1, 1 
3ed1712,Jordan Micah Bennett,Sun Feb 16 19:45:22 2020,"Update README.md",   1, 1, 1 
5826d92,Jordan Micah Bennett,Sun Feb 16 19:43:05 2020,"Update README.md",   1, 1, 1 
298e2ec,Jordan Micah Bennett,Sun Feb 16 19:27:24 2020,"Update test_model_prediction.py",   1, 1, 1 
4ac68c7,Jordan Micah Bennett,Sun Feb 16 19:27:08 2020,"Update test_model_prediction.py",   1, 2, 43 
3d57e23,Jordan Micah Bennett,Sun Feb 16 19:21:29 2020,"Update README.md",   1, 2, 1 
8ea9cd5,Jordan Micah Bennett,Sun Feb 16 19:19:27 2020,"Update README.md",   1, 11, 3 
f61fb70,Jordan Micah Bennett,Sun Feb 16 19:05:30 2020,"Update README.md",   1, 1, 1 
6658ca6,Jordan Micah Bennett,Sun Feb 16 19:03:46 2020,"Update README.md",   1, 1, 1 
0f5da22,Jordan Micah Bennett,Sun Feb 16 19:03:11 2020,"Update README.md",   1, 1, 1 
01486ac,Jordan Micah Bennett,Sun Feb 16 19:01:05 2020,"Update README.md",   1, 6 
54648c2,Jordan Micah Bennett,Sun Feb 16 18:51:15 2020,"Update README.md",   1, 1, 1 
58df4b9,Jordan Micah Bennett,Sun Feb 16 18:41:58 2020,"Update README.md",   1, 22, 1 
0253658,Jordan Micah Bennett,Sun Feb 16 18:36:18 2020,"Delete dsfd.dfd",   1, 1 
53f0094,Jordan Micah Bennett,Sun Feb 16 18:36:07 2020,"Delete dd.test",   1, 1 
ac7c3e7,Jordan Micah Bennett,Sun Feb 16 18:35:49 2020,"Add files via upload",   1, 0, 0 
3ee54cb,Jordan Micah Bennett,Sun Feb 16 18:35:27 2020,"Create dsfd.dfd",   1, 1 
597d8b0,Jordan Micah Bennett,Sun Feb 16 18:35:19 2020,"Delete covid-19-positive",   1, 1 
27f8ec9,Jordan Micah Bennett,Sun Feb 16 18:34:40 2020,"Create covid-19-positive",   1, 1 
4b56c2c,Jordan Micah Bennett,Sun Feb 16 18:34:17 2020,"Create dd.test",   1, 1 
959a885,Jordan Micah Bennett,Sun Feb 16 18:19:08 2020,"Add files via upload",   1, 59 
10613af,Jordan Micah Bennett,Sun Feb 16 08:09:13 2020,"Update README.md",   1, 14, 1 
4a151c1,Jordan Micah Bennett,Sun Feb 16 08:08:33 2020,"Update README.md",   1, 3, 1 
6391cc0,Jordan Micah Bennett,Sun Feb 16 08:07:44 2020,"Create README.md",   1, 32 