commit id,author,date,comment,changed files,lines added,lines deleted

0fc1be9,Frieder Bluemle,Wed Apr 8 22:57:57 2020,"Fix GitHub spelling (#12)",   1, 1, 1 
36540ca,Julian Schiavo,Wed Mar 18 11:36:18 2020,"Add support for additional data sources (#11)",   15, 520, 141 
df06d41,Thiago Holanda,Tue Mar 17 21:05:11 2020,"Implement previews for some views (#10)",   5, 70 
08e29b1,Julian,Tue Mar 17 20:25:37 2020,"Add Somalia flag, fix #8",   5, 24, 2 
9be3c7d,Julian Schiavo,Tue Mar 17 20:05:57 2020,"Fix #9",   1, 1, 1 
284133c,Thiago Holanda,Tue Mar 17 20:02:42 2020,"Minor adjusts to fix the Refresh Data button on watchOS (#5)",   1, 2 
17662ec,Frieder Bluemle,Tue Mar 17 12:28:54 2020,"Add .gitignore and remove ignored files (#7)",   5, 4, 58 
b1c16e6,Sebastian Bolling,Tue Mar 17 02:07:42 2020,"Add color to token Id (#4)",   1, 1, 1 
89417a8,Julian,Mon Mar 16 15:49:07 2020,"Update name for Venezuela to match datasource",   1, 1, 1 
280be16,Marlon Lückert,Mon Mar 16 01:59:14 2020,"Use dark foreground color in light mode for button in list (#1)",   1, 1, 1 
c4f5073,Chris Parker,Mon Mar 16 01:55:37 2020,"Added modifiers to nav buttons (#2)",   1, 9 
1c1224e,Julian,Sun Mar 15 19:57:36 2020,"Update name of (Republic of) Congo to match data source",   1, 1, 1 
9d08452,Julian Schiavo,Sun Mar 15 17:24:43 2020,"Correct license name in app",   1, 1, 1 
b93fda6,Julian Schiavo,Sun Mar 15 16:32:35 2020,"Update README.md",   1, 3, 1 
1fba56b,Julian Schiavo,Sun Mar 15 16:31:33 2020,"Create CODE_OF_CONDUCT.md",   1, 76 
f5e98fd,Julian Schiavo,Sun Mar 15 16:30:59 2020,"Update license link",   1, 1, 1 
76a818d,Julian Schiavo,Sun Mar 15 16:30:42 2020,"Update LICENSE",   1, 4, 1 
c735f9e,Julian Schiavo,Sun Mar 15 16:30:12 2020,"Create LICENSE",   1, 26 
3d32ac6,Julian Schiavo,Sun Mar 15 16:28:27 2020,"Update README.md",   1, 3 
763fef5,Julian Schiavo,Sun Mar 15 16:27:20 2020,"Update README.md",   1, 1, 1 
2e58a56,Julian Schiavo,Sun Mar 15 16:27:08 2020,"Update README.md",   1, 1, 1 
5536ac5,Julian Schiavo,Sun Mar 15 16:26:52 2020,"Update README.md",   1, 1, 1 
c5469b3,Julian Schiavo,Sun Mar 15 16:26:43 2020,"Update README.md",   1, 1, 2 
b0130c2,Julian Schiavo,Sun Mar 15 16:26:25 2020,"Add files via upload",   1, 0, 0 
34a7280,Julian Schiavo,Sun Mar 15 16:25:59 2020,"Create README.md",   1, 13 
9b9b56b,Julian Schiavo,Sun Mar 15 16:13:50 2020,"Create FUNDING.yml",   1, 3 
baae489,Julian,Sun Mar 15 16:11:42 2020,"First open source release",   274, 3025, 1114 
ad3ebc9,Julian,Tue Mar 10 23:39:44 2020,"Middle push",   529, 6244, 72 
b503e45,Julian,Thu Jan 30 22:25:36 2020,"Initial Commit",   12, 693 