commit id,author,date,comment,changed files,lines added,lines deleted

6733e77,Jun,Tue Jun 30 23:01:27 2020,"Update README.md",   1, 3, 1 
9d49368,Jun,Tue Jun 30 00:07:04 2020,"Update README.md",   1, 21, 21 
4ca47bc,Cheng Ge,Tue Jun 16 23:12:47 2020,"Update README.md",   1, 16, 16 
75cb280,Jun,Sun Jun 14 13:30:32 2020,"add MosMed dataset results",   1, 6, 1 
26fbe30,Cheng Ge,Sun Jun 14 13:12:40 2020,"Update README.md",   1, 1, 1 
ff7f5a8,Cheng Ge,Sun Jun 14 13:10:28 2020,"Update README.md",   1, 40, 2 
357e0d3,Cheng Ge,Sun Jun 14 12:57:19 2020,"Update README.md",   1, 12, 4 
47b93f0,Cheng Ge,Fri Jun 5 01:47:00 2020,"Update README.md",   1, 8, 8 
d0e0a99,Jun,Sun May 31 17:34:55 2020,"Add 2D baselines",   1, 6, 4 
d0dd426,Cheng Ge,Sat May 30 19:40:36 2020,"Update README.md",   1, 1, 1 
423b990,Cheng Ge,Sat May 30 19:21:06 2020,"Update README.md",   1, 89, 1 
030b3b6,Cheng Ge,Mon May 18 12:34:46 2020,"Update README.md",   1, 1, 1 
8748201,Cheng Ge,Wed May 13 13:50:10 2020,"Update README.md",   1, 29, 29 
53bf13f,Cheng Ge,Wed May 13 13:40:25 2020,"Update README.md",   1, 91 
68ec29b,Jun,Wed May 13 13:03:47 2020,"Update README.md",   1, 11, 2 
339c8e9,Jun,Mon May 11 01:37:11 2020,"Add files via upload",   1, 0, 0 
b27e2fb,Jun,Mon May 11 00:21:15 2020,"Update README.md",   1, 1, 1 
06dc1ae,Jun,Wed May 6 19:05:46 2020,"Update README.md",   1, 3, 2 
7c02a95,Cheng Ge,Wed May 6 18:34:21 2020,"Update README.md",   1, 1, 1 
9363784,Cheng Ge,Wed May 6 18:28:12 2020,"Update README.md",   1, 92 
066cf5c,Jun,Wed May 6 15:17:06 2020,"Update README.md",   1, 4, 2 
7ccdc19,Cheng Ge,Thu Apr 30 12:05:36 2020,"Update README.md",   1, 7, 7 
2a428e8,Cheng Ge,Thu Apr 30 12:01:35 2020,"Update README.md",   1, 4, 4 
cb94d3e,Cheng Ge,Thu Apr 30 11:55:51 2020,"Update README.md",   1, 2, 1 
97877f7,Cheng Ge,Thu Apr 30 11:51:53 2020,"Update README.md",   1, 144 
c1d60e5,Jun,Wed Apr 29 19:02:49 2020,"Delete COVID_CT_Seg_arxiv.pdf",   1, 0, 0 
64e1fc8,Jun,Tue Apr 28 13:39:39 2020,"Update README.md",   1, 1, 1 
34d6f3c,Jun,Tue Apr 28 11:10:00 2020,"Update README.md",   1, 2, 2 
745c00e,Jun,Tue Apr 28 00:03:28 2020,"Update README.md",   1, 3, 1 
2865f70,Jun,Mon Apr 27 14:54:45 2020,"Add files via upload",   2, 668 
fd1bdf6,Cheng Ge,Mon Apr 27 13:56:46 2020,"Update README.md",   1, 2 
c9cc99b,Cheng Ge,Mon Apr 27 13:56:03 2020,"Update README.md",   1, 1 
9119b68,Cheng Ge,Mon Apr 27 13:54:26 2020,"Update README.md",   1, 158, 1 
f167a13,Jun,Mon Apr 27 11:54:45 2020,"Update README.md",   1, 12, 2 
050ac81,Jun,Mon Apr 27 11:49:26 2020,"Add files via upload",   1, 0, 0 
f703ae8,Cheng Ge,Mon Apr 27 02:10:30 2020,"Update README.md",   1, 6, 6 
7b27c1d,Cheng Ge,Mon Apr 27 02:09:32 2020,"Update README.md",   1, 6, 6 
78536f0,Cheng Ge,Mon Apr 27 02:08:27 2020,"Update README.md",   1, 6, 6 
bad9633,Cheng Ge,Mon Apr 27 02:06:47 2020,"Update README.md",   1, 1, 1 
c4c0510,Cheng Ge,Mon Apr 27 02:06:25 2020,"Update README.md",   1, 1, 1 
909d2ec,Cheng Ge,Mon Apr 27 02:06:03 2020,"Update README.md",   1, 1, 1 
91c1b6c,Cheng Ge,Mon Apr 27 02:04:30 2020,"Update README.md",   1, 1, 1 
ca728c3,Cheng Ge,Mon Apr 27 02:03:44 2020,"Update README.md",   1, 1, 1 
66bbf48,Cheng Ge,Mon Apr 27 02:02:36 2020,"Update README.md",   1, 1, 1 
d9734e4,Cheng Ge,Mon Apr 27 02:01:37 2020,"Update README.md",   1, 1, 1 
928ebc7,Cheng Ge,Mon Apr 27 02:00:37 2020,"Update README.md",   1, 1, 1 
4bf8e9b,Cheng Ge,Mon Apr 27 01:58:13 2020,"Update README.md",   1, 1, 1 
ab32646,Cheng Ge,Mon Apr 27 01:53:07 2020,"Update README.md",   1, 1, 1 
d393fbc,Cheng Ge,Mon Apr 27 01:52:35 2020,"Update README.md",   1, 1, 1 
491e613,Cheng Ge,Mon Apr 27 01:46:57 2020,"Update README.md",   1, 1, 1 
82626f9,Cheng Ge,Mon Apr 27 01:42:24 2020,"Update README.md",   1, 1, 1 
72a4d89,Cheng Ge,Mon Apr 27 01:41:45 2020,"Update README.md",   1, 1, 1 
712e2c6,Cheng Ge,Mon Apr 27 01:40:28 2020,"Update README.md",   1, 1, 1 
a0cc19c,Jun,Sun Apr 26 21:59:02 2020,"Add files via upload",   5, 0, 0 
fc660ae,Jun,Sun Apr 26 21:46:29 2020,"Delete task303_StructSegTumor_datasplit.pkl",   1, 0, 0 
5991954,Jun,Sun Apr 26 21:46:21 2020,"Delete task301_NSCLCLung_datasplit.pkl",   1, 0, 0 
1c78084,Jun,Sun Apr 26 21:46:09 2020,"Delete task300_StructSegLung_datasplit.pkl",   1, 0, 0 
841622e,Jun,Sun Apr 26 21:45:59 2020,"Delete Task304_NSCLC-PE_datasplit.pkl",   1, 0, 0 
7360b12,Jun,Sun Apr 26 21:45:41 2020,"Delete Task302_MSD_Lung_tumor_datasplit.pkl",   1, 0, 0 
0e9b742,Jun,Sun Apr 26 21:45:04 2020,"Add files via upload",   5, 0, 0 
96e2e5f,Jun,Sun Apr 26 21:44:34 2020,"Delete task204_NSCLCPE_datasplit.pkl",   1, 0, 0 
d8906bf,Jun,Sun Apr 26 21:44:23 2020,"Delete task201_NSCLCLung_datasplit.pkl",   1, 0, 0 
68f393f,Jun,Sun Apr 26 21:44:13 2020,"Delete Task203_StructSegTumor.pkl",   1, 0, 0 
53ba3a4,Jun,Sun Apr 26 21:44:02 2020,"Delete Task202_MSD Lung tumor_datasplit.pkl",   1, 0, 0 
bf1b5e7,Jun,Sun Apr 26 21:43:49 2020,"Delete Task200_StructSegLung.pkl",   1, 0, 0 
e92157f,Jun,Sun Apr 26 21:17:43 2020,"Update README.md",   1, 1, 1 
24b9d39,Jun,Sun Apr 26 18:36:23 2020,"Update README.md",   1, 1, 1 
4d6aef6,Cheng Ge,Sun Apr 26 18:24:32 2020,"Update README.md",   1, 7, 7 
1688fec,Jun,Sun Apr 26 18:24:19 2020,"Update README.md",   1, 2, 2 
b8bddc7,Jun,Sun Apr 26 18:23:27 2020,"Update README.md",   1, 8, 2 
73ab6d4,Jun,Sun Apr 26 18:21:50 2020,"Update README.md",   1, 2 
f4573f6,Cheng Ge,Sun Apr 26 18:21:02 2020,"Update README.md",   1, 3, 3 
8268435,Cheng Ge,Sun Apr 26 18:18:08 2020,"Update README.md",   1, 14, 14 
7516a1e,安兴乐😊,Sun Apr 26 18:17:36 2020,"style: word-wrap in headline",   1, 1, 1 
e98f27c,Cheng Ge,Sun Apr 26 18:14:43 2020,"Update README.md",   1, 2, 2 
081ae12,Cheng Ge,Sun Apr 26 18:11:40 2020,"Update README.md",   1, 5, 5 
867f18c,Jun,Sun Apr 26 18:02:14 2020,"Update README.md",   1, 2, 3 
8faea0d,Jun,Sun Apr 26 17:55:44 2020,"Update README.md",   1, 4, 4 
0461134,Jun,Sun Apr 26 17:49:20 2020,"Update README.md",   1, 6, 4 
c80ab9b,Jun,Sun Apr 26 17:42:31 2020,"Update README.md",   1, 55, 12 
21c7524,Jun,Sun Apr 26 17:00:03 2020,"Update README.md",   1, 3 
8443c50,Cheng Ge,Sun Apr 26 16:57:18 2020,"Update README.md",   1, 76 
5dfea86,Cheng Ge,Sun Apr 26 16:48:15 2020,"Update README.md",   1, 73, 1 
a0d1898,Cheng Ge,Sun Apr 26 16:28:42 2020,"Update README.md",   1, 5, 5 
eaf2170,Cheng Ge,Sun Apr 26 16:27:36 2020,"Update README.md",   1, 37 
91e0c24,Cheng Ge,Sun Apr 26 16:17:40 2020,"Update README.md",   1, 17, 19 
2bd0600,Jun,Sun Apr 26 16:16:07 2020,"Update README.md",   1, 2, 1 
7a9ffe4,Cheng Ge,Sun Apr 26 16:10:08 2020,"Update README.md",   1, 45 
bab63b7,Jun,Sun Apr 26 14:43:41 2020,"Update README.md",   1, 2, 2 
9d2d7ef,Jun,Mon Apr 20 18:33:27 2020,"Add files via upload",   1, 0, 0 
75e0c30,Jun,Mon Apr 20 18:31:10 2020,"Delete Task302_MSD Lung tumor_datasplit.pkl",   1, 0, 0 
895eb6a,Jun,Mon Apr 20 17:39:42 2020,"Update README.md",   1, 8, 6 
e8ca4d8,Jun,Mon Apr 20 17:04:46 2020,"Update README.md",   1, 3 
d3a07d6,Jun,Mon Apr 20 17:02:34 2020,"Update README.md",   1, 2, 4 
42093f7,Jun,Mon Apr 20 16:55:40 2020,"Update README.md",   1, 14 
88c6e27,Jun,Mon Apr 20 16:12:53 2020,"Add files via upload",   1, 0, 0 
c62c093,Jun,Mon Apr 20 16:12:37 2020,"Delete Task204_StructSegTumor.pkl",   1, 0, 0 
121080c,Jun,Mon Apr 20 16:12:19 2020,"Add files via upload",   1, 0, 0 
b4e1387,Jun,Mon Apr 20 16:09:51 2020,"Delete task303_StructSegLung_datasplit.pkl",   1, 0, 0 
456f261,Jun,Mon Apr 20 16:09:21 2020,"Add files via upload",   2, 0, 0 
92d4b3c,Jun,Mon Apr 20 16:05:52 2020,"Add files via upload",   2, 0, 0 
a6791e8,Jun,Mon Apr 20 15:52:26 2020,"Add files via upload",   1, 0, 0 
eac8b9b,Jun,Mon Apr 20 15:50:44 2020,"Update README.md",   1, 14, 16 
e4a4c37,Jun,Mon Apr 20 15:47:07 2020,"Add files via upload",   1, 0, 0 
c7cfdac,Jun,Mon Apr 20 12:14:38 2020,"Create README.md",   1, 1 
c7c666f,安兴乐😊,Sun Apr 19 19:18:24 2020,"feat: add Task304 splits file",   1, 0, 0 
6b72842,Jun,Sun Apr 19 01:02:13 2020,"Update README.md",   1, 2, 2 
d1836fa,Jun,Sun Apr 19 01:00:53 2020,"Update README.md",   1, 27, 23 
72f0ebc,Jun,Sat Apr 18 22:42:23 2020,"Update README.md",   1, 10, 6 
f986e10,Jun,Sat Apr 18 22:18:40 2020,"Update README.md",   1, 27, 19 
4808455,Jun,Sat Apr 18 21:14:43 2020,"Update README.md",   1, 2, 2 
a481fc9,yu56500,Sat Apr 18 12:45:02 2020,"Add files via upload",   1, 0, 0 
8f8a47b,yu56500,Sat Apr 18 12:42:02 2020,"Add files via upload",   1, 0, 0 
702a4bb,Wangyixinxin,Sat Apr 18 12:29:40 2020,"Add split_file: task201_NSCLCLung_datasplit.pkl",   1, 0, 0 
2f7befe,安兴乐😊,Sat Apr 18 12:00:40 2020,"fix: rename task split filename",   1, 0, 0 
c9e1b7a,Wangyixinxin,Sat Apr 18 11:58:32 2020,"pkl_file: task301_NSCLCLung_datasplit",   1, 0, 0 
1f56b8f,gc-js,Sat Apr 18 02:41:59 2020,"Update README.md",   1, 2 
444db4c,gc-js,Sat Apr 18 02:38:33 2020,"Update README.md",   1, 42, 8 
9b52ec8,gc-js,Sat Apr 18 02:37:06 2020,"Update README.md",   1, 15 
ea45f0b,安兴乐😄,Sat Apr 18 00:35:58 2020,"feat: add task201 split file",   1, 0, 0 
5c225bd,Jun,Sat Apr 18 00:11:07 2020,"Update README.md",   1, 10, 4 
8832514,Jun,Sat Apr 18 00:03:04 2020,"Create README.md",   1, 1 
abb85dc,Jun,Sat Apr 18 00:02:12 2020,"Create README.md",   1, 1 
d4345d0,Jun,Sat Apr 18 00:01:32 2020,"Create README.md",   1, 1 
7b76179,Jun,Fri Apr 17 23:49:42 2020,"Update README.md",   1, 44 
336396e,Jun,Fri Apr 17 22:33:03 2020,"Update README.md",   1, 1, 1 
27a2ae0,Jun,Fri Apr 17 22:31:32 2020,"Initial commit",   2, 203 