commit id,author,date,comment,changed files,lines added,lines deleted

06c7ff6,jwrichar,Fri Apr 10 09:33:54 2020,"April 8 update",   1, 480848 
efdcb75,jwrichar,Thu Apr 9 05:37:10 2020,"April 7 update",   2, 3739, 483031 
e3a0bc5,jwrichar,Wed Apr 8 12:11:44 2020,"April 6 update",   1, 479998, 2 
f29f059,jwrichar,Tue Apr 7 07:02:02 2020,"April 5 update",   2, 2806, 482182 
3634de5,jwrichar,Mon Apr 6 04:25:52 2020,"April 4 update",   2, 4881, 4086 
315744d,jwrichar,Sun Apr 5 03:25:53 2020,"April 3 update",   2, 4971, 3947 
e0480f3,jwrichar,Sat Apr 4 06:22:42 2020,"Update for April 2",   2, 5104, 4152 
20a2291,jwrichar,Sat Apr 4 02:47:14 2020,"Add NYC",   3, 19, 9 
5e6aa95,jwrichar,Fri Apr 3 08:45:10 2020,"New daily cases",   1, 5, 478309 
5f70507,jwrichar,Fri Apr 3 07:39:32 2020,"Test",   1, 478381 
bf6ed6a,jwrichar,Fri Apr 3 04:07:30 2020,"Debug attempt",   1, 8, 15 
a451e0f,jwrichar,Fri Apr 3 03:45:26 2020,"Reduce nb size",   1, 20, 478299 
ec3e078,jwrichar,Fri Apr 3 03:39:47 2020,"Reduce nb size",   1, 12, 476099 
69b95c6,jwrichar,Fri Apr 3 03:38:02 2020,"Daily update",   1, 1911065 
d51d33d,jwrichar,Fri Apr 3 03:28:15 2020,"Daily case change",   2, 24, 1431290 
41ec31b,jwrichar,Thu Apr 2 12:20:22 2020,"Add Case Growth Rate",   2, 1431312 
220e19a,jwrichar,Thu Apr 2 10:08:23 2020,"Cleanup",   2, 3, 951367 
d4319a4,Joseph Richards,Thu Apr 2 09:45:33 2020,"US County maps (#8)",   5, 956106, 310 
860c96a,jwrichar,Thu Apr 2 09:44:48 2020,"Notebook",   1, 49, 13 
2b8aba0,jwrichar,Thu Apr 2 09:43:02 2020,"US County maps",   5, 956070, 310 
871e19a,Sarah Bird,Sat Mar 21 04:33:07 2020,"Fix plotting code (#3)",   1, 23, 1185 
d3a813e,jwrichar,Sat Mar 21 02:57:16 2020,"Ensure all states with testing data have predictions",   2, 865, 678 
f4a5877,jwrichar,Sat Mar 21 02:42:10 2020,"notebook changes",   1, 394, 392 
7402e2a,jwrichar,Fri Mar 20 14:36:15 2020,"PR comments",   1, 292 
eb2f92a,jwrichar,Fri Mar 20 06:02:58 2020,"Current day numbers",   3, 878, 784 
39efeee,jwrichar,Wed Mar 18 16:45:05 2020,"Bug fix in xerr array",   1, 21, 7 
c53f103,jwrichar,Wed Mar 18 16:02:47 2020,"State-wise unreported cases",   5, 1457, 9 
d7d6a25,jwrichar,Sun Mar 15 10:54:33 2020,"Add ipynb for covid19dashboards.com and code cleanup",   5, 1238, 182 
029360c,jwrichar,Thu Mar 12 06:08:23 2020,"Add conclusion to report",   1, 24, 4 
4a2d989,jwrichar,Thu Mar 12 05:53:14 2020,"Readme tweaks",   1, 2, 2 
4f2047d,jwrichar,Thu Mar 12 05:52:31 2020,"Readme tweaks",   1, 1, 1 
266f4dc,jwrichar,Thu Mar 12 05:51:11 2020,"Readme details",   3, 27, 10 
6c344f7,jwrichar,Thu Mar 12 03:08:43 2020,"Added hospital beds as covariate",   4, 177, 140 
4f106d0,jwrichar,Thu Mar 12 01:19:33 2020,"Longer chain",   4, 107, 141 
7b0dd84,jwrichar,Wed Mar 11 12:48:08 2020,"First version of complete model",   3, 283, 1009 
f4f97a6,jwrichar,Wed Mar 11 11:55:54 2020,"Fixes to country name changes in API",   3, 33, 7 
0a5efaf,jwrichar,Wed Mar 11 08:18:20 2020,"Full model fit",   3, 1175, 86 
7cb97f3,jwrichar,Wed Mar 11 06:50:14 2020,"Simple model runs",   2, 232, 244 
ff7e15b,jwrichar,Tue Mar 10 15:51:48 2020,"Add ipynb",   1, 332 
cc9ab1d,jwrichar,Tue Mar 10 15:51:21 2020,"Initial data munging",   5, 3337, 6 
da80a32,jwrichar,Mon Mar 9 15:39:13 2020,"Basic data loading and manipulation",   1, 48 
7172a17,Joseph Richards,Mon Mar 9 14:51:35 2020,"Initial commit",   2, 131 