commit id,author,date,comment,changed files,lines added,lines deleted

cadb3f2,Koen Deforche,Thu Sep 17 20:10:47 2020,"cleanup",   3, 100 
d2c13d3,Koen Deforche,Thu Sep 17 20:08:19 2020,"settings script for current age-based analysis",   1, 39 
e805ddd,Koen Deforche,Thu Sep 17 20:07:13 2020,"updates for including hospitalization data",   8, 1140, 145 
c6ae35c,Koen Deforche,Thu Sep 10 20:16:57 2020,"print estimated counts of infected people, and plot evolution of testing rate.",   3, 46, 11 
b8b2fa1,Koen Deforche,Thu Sep 3 23:18:38 2020,"model to estimate impact of school opening",   3, 503, 7 
c591543,Koen Deforche,Wed Sep 2 06:32:07 2020,"model with additional change from Sept 1",   2, 491 
374bb3f,Koen Deforche,Mon Aug 31 21:49:55 2020,"model which uses time-varying IFRs, other model fixes",   6, 514, 23 
6096469,Koen Deforche,Sun Aug 30 05:03:18 2020,"fix model error",   5, 58, 5 
69ef529,Koen Deforche,Fri Aug 28 22:25:02 2020,"more flexibility in transition",   2, 497 
3428fc9,Koen Deforche,Thu Aug 13 02:56:07 2020,"model with gradual decline of Re by August measures",   2, 599 
e103491,Koen Deforche,Sat Aug 8 01:18:14 2020,"omit last 2 case data points",   1, 2, 2 
0f030b2,Koen Deforche,Wed Aug 5 03:24:57 2020,"don't know why don't know how",   1, 3 
56073e7,Koen Deforche,Wed Aug 5 03:04:00 2020,"workaround aggregate dropping rows without data",   2, 12, 6 
6af051b,Koen Deforche,Mon Aug 3 07:06:37 2020,"removed old data files (might as well use ECDC data)",   5, 262 
6daab80,Koen Deforche,Mon Aug 3 07:05:11 2020,"removed ML stuff",   1, 36 
1888440,Koen Deforche,Mon Aug 3 07:00:50 2020,"fetch data from website, added missing files",   7, 1483, 3 
9a9025b,Koen Deforche,Mon Aug 3 06:43:08 2020,"cleanup",   31, 160, 7460 
f3c7783,Koen Deforche,Thu Jul 30 03:00:58 2020,"experiments with Belgian data",   8, 599, 189 
32efe27,Koen Deforche,Sun Jul 19 22:42:46 2020,"updated age-structured model",   6, 618, 278 
01061af,Koen Deforche,Sat Jul 18 04:27:09 2020,"constrain gradient before lockdown to be at most 50% of during lockdown",   1, 334 
cee8378,Koen Deforche,Fri Jul 17 00:45:46 2020,"demand that Rt decreases to avoid silly model fits",   1, 9 
1ac87a2,Koen Deforche,Thu Jul 16 21:48:31 2020,"Sensitivity analysis to mobility effect duration",   1, 338 
1d86ca1,Koen Deforche,Sat Jul 4 18:48:52 2020,"reduce maximum test reported latency",   1, 1, 4 
9d1f082,Koen Deforche,Sat Jul 4 18:47:00 2020,"make priors the same for model comparison",   2, 27, 11 
2837da1,Koen Deforche,Sat Jul 4 07:30:33 2020,"counterfactual check",   3, 357, 2 
e841441,Koen Deforche,Fri Jul 3 00:18:26 2020,"also use the prior for hosp latency",   1, 1 
74efa29,Koen Deforche,Thu Jul 2 17:14:01 2020,"new version trailing changes in in tv2",   1, 40, 19 
cd9e459,Koen Deforche,Thu Jul 2 05:21:42 2020,"separate HL and DL sd estimates",   1, 13, 10 
b34af6e,Koen Deforche,Thu Jul 2 05:20:53 2020,"cleanups",   1, 3, 9 
54918c2,Koen Deforche,Wed Jul 1 03:56:42 2020,"better results with lower uncertainty on infection-to-death",   1, 5, 5 
7792c3b,Koen Deforche,Tue Jun 30 20:28:28 2020,"revert there too",   1, 1, 1 
d0e2b9f,Koen Deforche,Tue Jun 30 20:26:50 2020,"revert to normal profile for deaths",   1, 29, 4 
fb3e631,Koen Deforche,Mon Jun 29 06:39:11 2020,"based on MRC gamma estimate",   1, 1, 1 
8109d2a,Koen Deforche,Mon Jun 29 06:36:35 2020,"prior fixes",   2, 2, 2 
7096b5b,Koen Deforche,Mon Jun 29 06:31:34 2020,"switch to MRC gamma prior for infection-to-death",   2, 64, 23 
036b9e8,Koen Deforche,Mon Jun 29 00:52:34 2020,"updated priors based on new tv2 model fit",   2, 8, 6 
513bcfd,Koen Deforche,Mon Jun 29 00:31:10 2020,"fix legend",   1, 1, 1 
253fe2e,Koen Deforche,Sat Jun 27 05:43:49 2020,"co-estimate SD for latency distributions",   3, 30, 23 
ba43b65,Koen Deforche,Fri Jun 26 09:23:18 2020,"more stringent prior for DL",   3, 3, 3 
7b054c5,Koen Deforche,Fri Jun 26 08:52:50 2020,"use log normal profiles",   3, 53, 38 
601ef8d,Koen Deforche,Fri Jun 26 07:30:04 2020,"model updates",   3, 313, 5 
779b195,Koen Deforche,Wed Jun 24 22:50:08 2020,"c++ file",   1, 131 
5494a83,Koen Deforche,Wed Jun 24 22:25:01 2020,"model for a third transition point",   2, 301, 1 
208278d,Koen Deforche,Tue Jun 23 06:13:34 2020,"update for drj samples",   1, 19, 3 
11c1918,Koen Deforche,Tue Jun 23 06:04:12 2020,"latest changes",   8, 132, 108 
bcf496b,Koen Deforche,Fri Jun 12 16:49:52 2020,"prior for 'no change' of Rt",   1, 2 
e288113,Koen Deforche,Fri Jun 12 15:15:28 2020,"fix analysis",   1, 1, 1 
87cbe20,Koen Deforche,Fri Jun 12 14:58:32 2020,"simple two-transition model",   2, 380 
c9d2818,Koen Deforche,Fri Jun 12 06:34:50 2020,"assume mobility restrictions are the harshest measure",   1, 7, 6 
83d28ca,Koen Deforche,Fri Jun 12 01:08:12 2020,"fix robustness models",   3, 13, 10 
da2d495,Koen Deforche,Thu Jun 11 05:03:38 2020,"use a fixed amount of data to fit during lockdown",   1, 7, 3 
224e583,Koen Deforche,Thu Jun 11 04:07:17 2020,"just leave out data from a more recent data set for evaluation, is more consistent",   5, 1892, 21270 
a786c8d,Koen Deforche,Wed Jun 10 07:26:50 2020,"set a prior for dead latency",   4, 8, 5 
9ba0daa,Koen Deforche,Wed Jun 10 06:41:53 2020,"transition robustness model",   3, 350, 2 
3bed0f7,Koen Deforche,Wed Jun 10 04:33:03 2020,"added robustness, simplify priors",   6, 495, 56 
023ac05,Koen Deforche,Wed Jun 10 01:56:11 2020,"clean up priors",   1, 1, 20 
d7529e2,Koen Deforche,Wed Jun 10 00:27:02 2020,"this too long prior seemed to mess up results",   3, 7, 3 
bd04964,Koen Deforche,Tue Jun 9 20:34:59 2020,"experiments with drjacoby sampler",   3, 710 
7e495e6,Koen Deforche,Tue Jun 9 18:30:00 2020,"stop adaptation after # of iterations, seems more robust",   3, 11, 5 
339b4d8,Koen Deforche,Tue Jun 9 07:39:06 2020,"simple model too using desolve",   2, 374 
64deaf9,Koen Deforche,Tue Jun 9 06:57:07 2020,"settle on 4 weeks (https://patient.info/news-and-features/coronavirus-how-quickly-do-covid-19-symptoms-develop-and-how-long-do-they-last)",   5, 6, 41 
ddd379f,Koen Deforche,Tue Jun 9 05:43:22 2020,"switch to desolve for model",   3, 471, 1 
0df7c2e,Koen Deforche,Mon Jun 8 18:25:23 2020,"relax date prior",   1, 2, 2 
dfb5c37,Koen Deforche,Mon Jun 8 18:23:53 2020,"same for this model",   1, 7, 13 
8ba6d35,Koen Deforche,Mon Jun 8 17:58:15 2020,"fix calculation related to G",   2, 8, 20 
8ec24fb,Koen Deforche,Mon Jun 8 17:12:39 2020,"reduce infectious period duration",   3, 26, 27 
9cdde67,Koen Deforche,Sat Jun 6 06:22:51 2020,"a model that uses estimated lockdown dates as priors",   2, 502, 8 
a808941,Koen Deforche,Fri Jun 5 07:21:41 2020,"fix inconsistency in Tin meaning",   2, 1492, 29 
d83d824,Koen Deforche,Fri Jun 5 06:44:31 2020,"fix calculation of G",   5, 6497, 228 
d3854d8,Koen Deforche,Thu Jun 4 15:42:10 2020,"explicit prior on G0, Gt",   3, 15, 9 
abb1099,Koen Deforche,Thu Jun 4 06:03:39 2020,"repo cleanups",   12, 317882, 1512 
ee013e6,Koen Deforche,Thu Jun 4 03:31:11 2020,"improved start/end date estimation",   3, 79, 3 
a348c5b,Koen Deforche,Wed Jun 3 17:58:18 2020,"fix generation time calculation",   3, 457, 71 
eb29cde,Koen Deforche,Tue Jun 2 21:52:12 2020,"Simple model with variable beta, gamma",   2, 375, 1 
64a7e18,Koen Deforche,Sat May 30 19:52:34 2020,"Viktors idea, correct TEff calculation",   1, 530 
627f492,Koen Deforche,Sat May 30 06:36:09 2020,"Try suggestion of Viktor",   1, 526 
133fdc5,Koen Deforche,Sat May 30 06:35:34 2020,"data update",   1, 10, 8 
313e35b,Koen Deforche,Fri May 29 17:26:50 2020,"batch model analysis",   1, 445 
48f6f62,Koen Deforche,Fri May 29 17:26:32 2020,"updated belgian model",   2, 11, 2 
5ada700,Koen Deforche,Fri May 29 17:25:19 2020,"cleanups, prune modeling experiments",   41, 49, 15045 
461c837,Koen Deforche,Mon May 25 07:08:23 2020,"put a prior on DL",   5, 474, 72 
b3af1f2,Koen Deforche,Sat May 23 16:38:28 2020,"fix error caused by negative indexes",   1, 1, 2 
9683df0,Koen Deforche,Sat May 23 07:32:54 2020,"change prior",   1, 1, 1 
db12e64,Koen Deforche,Sat May 23 07:18:28 2020,"explicit prior on difference instead, should reveal if there is evidence of a change",   4, 29, 16 
8e21806,Koen Deforche,Thu May 21 00:42:37 2020,"with same prior for Tef0 and Teft",   1, 517 
0bdcd93,Koen Deforche,Wed May 20 23:43:21 2020,"two models with more efficient sampling",   2, 1035 
1efdd99,Koen Deforche,Wed May 20 22:42:51 2020,"Avoid covariance using different parameter space",   2, 534, 20 
c0bbfde,Koen Deforche,Wed May 20 19:13:18 2020,"added condition for less infections during isolated period",   1, 3 
f4ade23,Koen Deforche,Wed May 20 16:20:27 2020,"model fixing betaIn",   1, 493 
97836cf,Koen Deforche,Tue May 19 19:20:36 2020,"remove unnecessary conditions",   2, 24 
95791bc,Koen Deforche,Tue May 19 18:59:07 2020,"two models: constant gamma, constant beta",   3, 1010, 79 
8833c2f,Koen Deforche,Tue May 19 08:16:05 2020,"better attempt at reasonable Teff values estimation",   1, 503 
cef6c97,Koen Deforche,Tue May 19 05:42:15 2020,"hierarchical model attempt",   1, 507 
dcee939,Koen Deforche,Sun May 17 17:33:48 2020,"added a model with strong bias on Tef0, weak on Teft",   2, 513, 2 
64b70ea,Koen Deforche,Sat May 16 23:15:28 2020,"add models that interpolate nicely and model linear decrease in R0",   2, 1002 
fba8145,Koen Deforche,Sat May 16 18:31:28 2020,"try with sd=0.5 and sd=1.0",   2, 474, 1 
604ccaf,Koen Deforche,Sat May 16 16:29:09 2020,"weak prior on Teft",   1, 6 
b96f0c1,Koen Deforche,Sat May 16 04:19:23 2020,"only a stringent prior on Tef0 to have better mixing",   3, 698, 137 
66a1826,Koen Deforche,Fri May 15 17:16:34 2020,"comparison with models with fixed Tinf",   3, 804, 1 
d37b28f,Koen Deforche,Fri May 15 08:35:16 2020,"correct prior for serial interval",   1, 475 
5dce253,Koen Deforche,Fri May 15 06:28:55 2020,"model with stronger prior on Tin",   2, 461, 8 
25724c5,Koen Deforche,Fri May 15 05:43:48 2020,"added a better mixing variant for Ne8",   6, 591, 89 
04c009d,Koen Deforche,Wed May 13 04:47:25 2020,"fix "Increase Padding" issue",   1, 6, 1 
17467ef,Koen Deforche,Wed May 13 00:38:55 2020,"This is the one",   1, 454 
2e792d6,Koen Deforche,Wed May 13 00:32:44 2020,"new version of Ne model: in fact no Ne, no kt, no informative priors",   2, 476, 2 
5e76a0f,Koen Deforche,Tue May 12 20:02:35 2020,"allow longer simulation time for some countries",   3, 6, 2 
21c0997,Koen Deforche,Mon May 11 21:20:36 2020,"simplified Nb model",   1, 23, 29 
0ddeb9f,Koen Deforche,Mon May 11 19:44:52 2020,"naming convention",   1, 0, 0 
7dd1a68,Koen Deforche,Mon May 11 19:13:07 2020,"model with Nb0 = N and h0",   1, 449 
93d5bd7,Koen Deforche,Mon May 11 05:08:35 2020,"Neb2 more robust",   1, 14, 8 
9a60959,Koen Deforche,Mon May 11 03:35:08 2020,"bubble models",   2, 894 
da77b1b,Koen Deforche,Mon May 11 03:34:30 2020,"make Ne6 a fixed version of Ne6, robustness fixes",   3, 21, 13 
8f97435,Koen Deforche,Sun May 10 03:49:55 2020,"Ne6: fixes timestep too large, Re/Rt inconsistency",   3, 450, 3 
8dc1da4,Koen Deforche,Sat May 9 16:28:32 2020,"fix dstart < 1 issue",   1, 13, 2 
20d7825,Koen Deforche,Sat May 9 06:36:37 2020,"more fixes for unusable datasets",   2, 5, 1 
56a48ff,Koen Deforche,Sat May 9 06:13:01 2020,"fix Spain data",   3, 8, 5 
7ab0ef6,Koen Deforche,Fri May 8 17:07:13 2020,"estimate iterations needed",   1, 4, 4 
e746fe3,Koen Deforche,Fri May 8 16:10:11 2020,"model exploration",   11, 1542, 66 
f906693,Koen Deforche,Wed May 6 18:57:53 2020,"setting up multi-country analyses",   4, 457, 1 
f8a0ce0,Koen Deforche,Wed May 6 03:45:08 2020,"the one model to model them all",   5, 320, 8 
5f0de33,Koen Deforche,Tue May 5 05:00:26 2020,"experiments using Ne2 model",   5, 18, 16 
3b605ce,Koen Deforche,Tue May 5 03:51:22 2020,"new 9 parameter model, NE2, fits well with European countries",   3, 309, 1 
6fbba6d,Koen Deforche,Mon May 4 16:40:22 2020,"exploring all kinds of models",   3, 945 
2d03aa7,Koen Deforche,Sun May 3 20:04:22 2020,"quadratic isolation effect, seems reasonably working",   3, 37, 12 
bc3668e,Koen Deforche,Sun May 3 16:21:17 2020,"model with new isolation idea",   1, 317 
c786ae1,Koen Deforche,Sat May 2 22:16:00 2020,"Merge branch 'master' of github.com:kdeforche/epi-mcmc", 
a7ef88b,Koen Deforche,Sat May 2 22:15:46 2020,"update for Belgium, ready for déconfinement",   3, 15, 11 
1c9de9b,Koen Deforche,Sat May 2 20:05:48 2020,"Modify models to allow estimation of impact of relaxing measures",   5, 108, 45 
30cba1d,Koen Deforche,Sat May 2 06:22:11 2020,"exiting scenario for simple models",   2, 3, 10 
7a60fbd,Koen Deforche,Sat May 2 06:12:46 2020,"relaxing measures simulation",   3, 39, 2 
fb4939a,Koen Deforche,Sat May 2 06:05:58 2020,"extract beta calculation for simulations",   1, 22, 12 
3850b6d,Koen Deforche,Sat May 2 00:12:40 2020,"spellchecked",   1, 3, 3 
0599f7d,Koen Deforche,Fri May 1 22:57:24 2020,"update url",   1, 1, 1 
481b1d2,Koen Deforche,Fri May 1 22:56:11 2020,"added link to example output",   1, 3 
4db438a,Koen Deforche,Fri May 1 22:48:45 2020,"added documentation",   9, 161, 22 
0b84789,Koen Deforche,Fri May 1 20:44:30 2020,"further cleanups",   6, 7, 27 
999d2e1,Koen Deforche,Fri May 1 20:39:31 2020,"simplify, cleanup",   13, 68, 217 
a0e0291,Koen Deforche,Fri May 1 06:22:51 2020,"rescale beta also with N/Ne",   1, 2, 2 
754d0b0,Koen Deforche,Fri May 1 06:05:45 2020,"added a concept of effective population size for heterogenous populations",   3, 18, 10 
9918ebe,Koen Deforche,Fri May 1 03:57:29 2020,"analysis of Swedish data with a smaller effective population size",   3, 8, 6 
0e0eedc,Koen Deforche,Thu Apr 30 19:25:12 2020,"Germany data",   5, 84, 4 
6bb5123,Koen Deforche,Thu Apr 30 00:59:46 2020,"use data from wikipedia instead, seems more similar to Government data used for their Re calculations",   3, 4, 2 
59eeb50,Koen Deforche,Wed Apr 29 21:18:16 2020,"localisation of the plot",   5, 17, 2 
d486e6c,Koen Deforche,Wed Apr 29 19:13:58 2020,"analysis of swedish data",   9, 195, 164 
8aa18ea,Koen Deforche,Wed Apr 29 01:07:04 2020,"try analysis including WZC deaths",   2, 113, 1 
9bd3f8a,Koen Deforche,Tue Apr 28 21:06:19 2020,"new data update; some updates for more plots showing different scenarios on one graph.",   5, 640, 60 
e920b1b,Koen Deforche,Fri Apr 24 19:37:21 2020,"new data update",   4, 89, 31 
70167a6,Koen Deforche,Tue Apr 21 16:39:11 2020,"Try weaker priors for both IFR's",   1, 10, 5 
d1a7c65,Koen Deforche,Tue Apr 21 07:14:43 2020,"revert back to verity IFR rate estimates",   1, 2, 2 
e1496e0,Koen Deforche,Mon Apr 20 21:59:16 2020,"do not write results incrementally",   1, 3, 5 
decdd46,Koen Deforche,Mon Apr 20 21:30:24 2020,"switch to adaptMCMC, estimate y.IFR and o.IFR independently",   6, 266, 175 
bf77123,Koen Deforche,Sat Apr 18 19:43:29 2020,"removed stale file",   1, 281 
818e065,Koen Deforche,Sat Apr 18 19:40:47 2020,"Added link to latest version of article",   1, 2 
a389849,Koen Deforche,Sat Apr 18 19:38:15 2020,"clean up before merging back with master",   4, 49, 6 
5ff6927,Koen Deforche,Sat Apr 18 19:19:18 2020,"fix non-age runs",   4, 34, 7 
11f8c46,Koen Deforche,Sat Apr 18 06:55:20 2020,"trying uninformative IFR prior again",   2, 7, 7 
6b2d74a,Koen Deforche,Sat Apr 18 00:02:15 2020,"output for report",   2, 35, 26 
45e3136,Koen Deforche,Fri Apr 17 17:50:05 2020,"split more young and old parameters",   4, 64, 31 
f8c604d,Koen Deforche,Fri Apr 17 06:57:27 2020,"fit hospi separately for two age groups",   9, 72, 24 
9e8bb09,Koen Deforche,Thu Apr 16 16:58:20 2020,"reorganize to be able to merge back with non-age master branch",   8, 211, 180 
ea19494,Koen Deforche,Thu Apr 16 15:25:13 2020,"fix lifting of lockdown",   2, 2, 2 
3755b8e,Koen Deforche,Thu Apr 16 05:50:43 2020,"better reports",   4, 182, 129 
1bb8b65,Koen Deforche,Wed Apr 15 22:28:57 2020,"Merge branch 'master' into agegroups", 
38a4df5,Koen Deforche,Wed Apr 15 22:26:45 2020,"making whole setup work again",   3, 9, 3 
683a34a,Koen Deforche,Wed Apr 15 21:22:45 2020,"implement age-groups model",   8, 682, 124 
41cce0e,Koen Deforche,Mon Apr 13 19:03:17 2020,"initial checkin after reorganisations",   12, 1413 
d94243e,Koen Deforche,Mon Apr 13 18:59:12 2020,"Initial commit",   3, 715 