commit id,author,date,comment,changed files,lines added,lines deleted

88768fd,Kenny Grant,Sat Jun 13 07:45:11 2020,"Fix incorrect Northern Mariana data from JHU distorting US stats",   1, 14, 14 
e0b07aa,Kenny Grant,Sat Jun 13 07:31:25 2020,"Automated updates",   1, 9952, 72 
340e9d0,Kenny Grant,Mon May 18 06:16:06 2020,"Automated updates",   1, 231, 184 
cf41f93,Kenny Grant,Mon May 18 06:14:47 2020,"Add new provinces for Italy, Spain, Germany as now in JHU data",   2, 63, 3 
7a4dc55,Kenny Grant,Mon May 18 06:04:19 2020,"Handle change to floats (?) for deaths/confirmed in JHU data",   1, 10, 5 
d94ab34,Kenny Grant,Mon May 18 04:45:51 2020,"Automated updates",   1, 3411, 182 
ebade24,Kenny Grant,Thu May 7 20:26:22 2020,"Log scale by default for comparison, compare 20 provinces",   1, 8, 5 
b687459,Kenny Grant,Thu May 7 20:26:08 2020,"Automated updates",   1, 493, 170 
7e29944,Kenny Grant,Thu May 7 02:06:55 2020,"Update readme",   1, 32, 3 
70caddf,Kenny Grant,Wed May 6 22:39:29 2020,"Automated update, fix for Spain May 1 data incomplete on JHU",   1, 28, 28 
c6be2ce,Kenny Grant,Wed May 6 20:36:11 2020,"Updated uk dates",   1, 11, 11 
79d5c47,Kenny Grant,Wed May 6 20:27:13 2020,"Fix for SelectedSeries to exclude country",   2, 8, 4 
f5c5ffa,Kenny Grant,Wed May 6 20:10:57 2020,"Automated updates",   1, 14, 13 
fb2b753,Kenny Grant,Wed May 6 20:07:13 2020,"Finialise uk updates from live json - move off JHU for uk stats",   3, 64, 185 
0a2ab7d,Kenny Grant,Wed May 6 20:06:57 2020,"Update historical figures for all uk series from latest uk gov stats",   1, 286, 298 
5bc85cf,Kenny Grant,Wed May 6 20:06:42 2020,"Remove historical stats from main",   1, 6 
f083eac,Kenny Grant,Wed May 6 20:05:47 2020,"Added latest uk data",   1, 1, 2098 
5951909,Kenny Grant,Wed May 6 19:35:07 2020,"Skip updating from JHU data for UK",   1, 5 
91d83de,Kenny Grant,Mon May 4 18:09:20 2020,"Updated uk tests and uk import, split updates into different files",   10, 23819, 717 
7ab97d7,Kenny Grant,Wed May 6 18:55:29 2020,"Automatic updates",   1, 1040, 71 
9d14fb6,Kenny Grant,Mon May 4 07:30:41 2020,"Automated updates",   1, 2724, 141 
ba44672,Kenny Grant,Sun Apr 26 01:21:48 2020,"Automated updates",   1, 482, 158 
626ec4b,Kenny Grant,Fri Apr 24 19:56:05 2020,"Automated updates",   1, 4, 8 
c50be1d,Kenny Grant,Fri Apr 24 19:53:45 2020,"Exclude China from global series comparison",   1, 9, 1 
0888133,Kenny Grant,Fri Apr 24 19:48:58 2020,"Adjusted footer",   1, 1, 1 
3a992df,Kenny Grant,Fri Apr 24 19:47:27 2020,"Automated updates",   1, 1119, 150 
b3da8ee,Kenny Grant,Tue Apr 21 23:26:09 2020,"Automated updates",   1, 480, 158 
0009d34,Kenny Grant,Tue Apr 21 01:37:29 2020,"Fix NY data for day 89 - adjusted down in source data",   1, 5, 5 
0bc56e8,Kenny Grant,Tue Apr 21 01:34:33 2020,"Add guard on series data in Save",   1, 5 
2c138fc,Kenny Grant,Tue Apr 21 01:28:30 2020,"Automated updates",   1, 1121, 155 
7ff5dc0,Kenny Grant,Sat Apr 18 00:14:34 2020,"Correct Scotland series deaths, Automated updates",   1, 56, 56 
3632a1c,Kenny Grant,Fri Apr 17 21:09:59 2020,"Show lockdown dates, update some colours",   3, 14, 5 
2e2bc53,Kenny Grant,Fri Apr 17 20:57:07 2020,"Automated updates",   1, 16, 17 
71ea540,Kenny Grant,Fri Apr 17 20:56:54 2020,"Add lockdown dates",   1, 38, 38 
3c3988a,Kenny Grant,Fri Apr 17 20:19:39 2020,"Change default start deaths to 100",   1, 1, 1 
45748b0,Kenny Grant,Fri Apr 17 20:15:35 2020,"Plot days of longest comparison slice, not top deaths",   2, 23, 3 
c4082ea,Kenny Grant,Fri Apr 17 20:06:26 2020,"Added recovered and tested to json (where available) - fixes #5",   2, 49, 8 
a3f5af8,Kenny Grant,Fri Apr 17 19:49:55 2020,"Automated updates",   1, 411, 88 
f9a30d1,Kenny Grant,Fri Apr 17 05:51:12 2020,"Fix Germany deaths for 2020-04-11",   1, 2, 2 
99520fd,Kenny Grant,Fri Apr 17 05:46:54 2020,"Update US testing numbers",   1, 3, 3 
9b6f61b,Kenny Grant,Fri Apr 17 05:43:30 2020,"Automated updates",   1, 89, 91 
e2bf450,Kenny Grant,Fri Apr 17 00:45:47 2020,"Update uk data",   1, 15, 15 
db01f45,Kenny Grant,Fri Apr 17 00:23:30 2020,"No longer update UK regions - source unreliable",   1, 7, 5 
da52f64,Kenny Grant,Fri Apr 17 00:21:11 2020,"Automated updates",   1, 832, 186 
e33e150,Kenny Grant,Tue Apr 14 18:34:29 2020,"Fix error introduced by bogus data from JHU",   1, 1, 1 
e056909,Kenny Grant,Tue Apr 14 17:57:11 2020,"Automatic series updates",   1, 24, 24 
5feef1c,Kenny Grant,Tue Apr 14 17:57:05 2020,"Fix country matching in series update.go",   1, 9 
f6e51e7,Kenny Grant,Tue Apr 14 17:42:48 2020,"Remove older data files now unused",   2, 300 
8aab118,Kenny Grant,Tue Apr 14 17:36:40 2020,"Updated series data from new import to fix canada missing days due to data format problem",   1, 1077, 1037 
c817ca5,Kenny Grant,Tue Apr 14 17:24:19 2020,"Adjusted import and update for another JHU data format change",   2, 49, 19 
7e34c8a,Kenny Grant,Tue Apr 14 17:23:31 2020,"Add new areas",   1, 7 
ca4f5d6,Kenny Grant,Tue Apr 14 16:29:50 2020,"Fix for changed JHU data format in states update file",   2, 3, 3 
c245cf0,Kenny Grant,Tue Apr 14 16:17:58 2020,"Automatic data updates",   1, 2022, 114 
8d1feaf,Kenny Grant,Thu Apr 9 15:24:01 2020,"Update uk figures",   1, 4, 4 
bc28835,Kenny Grant,Thu Apr 9 02:06:54 2020,"Automatic updates",   1, 385, 67 
6f5d3f9,Kenny Grant,Wed Apr 8 07:22:45 2020,"Fix comparison chart selections",   2, 48, 14 
d20c590,Kenny Grant,Wed Apr 8 06:23:44 2020,"Fix missing historical data - Wisconsin, Virginia, Montana",   1, 4, 4 
18177c3,Kenny Grant,Wed Apr 8 06:01:12 2020,"Fix missing data from Hawaii in source",   1, 7, 7 
c9a69f8,Kenny Grant,Wed Apr 8 05:48:45 2020,"Fix missing data from JHU for district of Columbia on 2020-03-21",   1, 1 
1a5706d,Kenny Grant,Wed Apr 8 05:47:57 2020,"Automated update 2020-04-07",   1, 107, 107 
e51f202,Kenny Grant,Tue Apr 7 23:28:54 2020,"Updated series with latest data - automated updates",   1, 12429, 12111 
2354205,Kenny Grant,Tue Apr 7 23:26:02 2020,"Add some lockdown dates",   1, 20, 20 
d429282,Kenny Grant,Tue Apr 7 23:10:24 2020,"Annotate lockdown dates with red and label",   2, 30, 10 
5f8571d,Kenny Grant,Tue Apr 7 07:38:26 2020,"Adjust h2 line height",   1, 1, 1 
e7fe165,Kenny Grant,Tue Apr 7 07:34:48 2020,"Update japan stats",   2, 3, 2 
b0702f0,Kenny Grant,Tue Apr 7 07:18:32 2020,"Show province comparisons for states with a breakdown like us",   3, 8, 5 
155b33b,Kenny Grant,Tue Apr 7 07:08:38 2020,"Fix Load to load today's data if we have it",   1, 14, 9 
8ca56c0,Kenny Grant,Tue Apr 7 06:59:08 2020,"Fix deadlock in series.AddToday",   3, 27, 11 
04f2d3c,Kenny Grant,Tue Apr 7 06:29:10 2020,"Save after every series update from external sources",   1, 13, 18 
8857121,Kenny Grant,Tue Apr 7 06:26:01 2020,"Add latest UK figures",   1, 1, 1 
4e1a4ab,Kenny Grant,Tue Apr 7 06:03:42 2020,"Fix first day daily totals on truncated series",   1, 29, 10 
08d7388,Kenny Grant,Mon Apr 6 16:08:46 2020,"Add more logging, update data for today",   3, 623, 301 
dd66c84,Kenny Grant,Mon Apr 6 16:07:16 2020,"Adjust import sript to use series.Save",   1, 3, 2 
63a2a3c,Server,Mon Apr 6 09:00:58 2020,"Machine commit",   1, 1, 1 
6fea19a,Kenny Grant,Mon Apr 6 08:04:03 2020,"Show more data on index, format billions, handle load of today from series.csv",   5, 12, 11 
4af2f62,Kenny Grant,Mon Apr 6 08:03:11 2020,"Adjusted testing totals for day 75",   1, 11793, 11793 
6641177,Kenny Grant,Mon Apr 6 07:11:19 2020,"Enable save after daily update to save series to disk",   1, 8, 8 
63e0b29,Kenny Grant,Mon Apr 6 07:04:51 2020,"Fix TotalTested etc for time periods",   3, 16, 6 
6d3b2cb,Kenny Grant,Mon Apr 6 06:58:18 2020,"Set updated at on merging series",   1, 5 
c67be40,Kenny Grant,Mon Apr 6 06:55:53 2020,"Updated area colours",   1, 318, 318 
cac006f,Kenny Grant,Mon Apr 6 06:37:50 2020,"Add UK data updates from gov source,add frequent updates from JHU/UK",   9, 685, 44 
4deb210,Kenny Grant,Mon Apr 6 04:52:19 2020,"Update from JHU data regularly",   5, 218, 148 
9fa4fb6,Kenny Grant,Mon Apr 6 01:04:17 2020,"Added code to update from JHU daily - draft",   4, 239, 12 
b12fa44,Kenny Grant,Sun Apr 5 23:31:56 2020,"Rename load.go -> storage.go, add save function, resave main series in day order",   7, 11742, 11293 
7aedbd9,Kenny Grant,Sun Apr 5 22:27:57 2020,"Return correctly truncated period of new data format for period",   1, 19, 2 
afd099f,Kenny Grant,Sun Apr 5 17:09:57 2020,"Fixes for UK data, added Falkland Islands",   3, 43, 32 
485565d,Kenny Grant,Sun Apr 5 16:54:40 2020,"Allow UK areas again",   1, 2, 2 
7661d67,Kenny Grant,Sun Apr 5 16:52:57 2020,"Removed old covid library",   7, 2306 
1aaf288,Kenny Grant,Sun Apr 5 16:31:40 2020,"Add data import script for initial import",   2, 526 
900db3a,Kenny Grant,Sun Apr 5 16:17:06 2020,"Add sources to ignore",   1, 1, 4 
66bd459,Kenny Grant,Sun Apr 5 16:16:48 2020,"Remove daily files - unused",   69, 31634 
c348fe5,Kenny Grant,Sun Apr 5 16:15:55 2020,"Adjust loading of new datamodel, switch to using new datamodel for graphs",   11, 12342, 806 
0426c6e,Kenny Grant,Fri Apr 3 06:08:56 2020,"Improve formatting for larger numbers (millions)",   2, 36 
4519011,Kenny Grant,Fri Apr 3 05:53:27 2020,"Test series load",   1, 15, 5 
39d92e6,Kenny Grant,Thu Apr 2 15:58:18 2020,"Fix bounds check in AddDayData",   1, 2, 2 
5dfa082,Kenny Grant,Thu Apr 2 15:55:40 2020,"Add more data to ignore file",   1, 3, 1 
3bbdc89,Kenny Grant,Thu Apr 2 05:45:13 2020,"Adjusted existing series, added test load of new data",   5, 805, 481 
3f4001d,Kenny Grant,Thu Apr 2 05:41:36 2020,"Add new data model",   10, 1180 
33e7a59,Kenny Grant,Mon Mar 30 16:17:36 2020,"Add daily series from JHU",   68, 31633 
7cdcd51,Kenny Grant,Mon Mar 30 16:13:14 2020,"Removed logging on old load, adjusted to handle incomplete data between days",   1, 12, 8 
505291a,Kenny Grant,Sun Mar 29 16:56:46 2020,"Add areas dataset to data file",   1, 304 
7aff4c8,Kenny Grant,Fri Apr 3 06:21:51 2020,"Improve formatting for millions",   1, 1, 1 
b90fda7,Kenny Grant,Thu Apr 2 15:37:33 2020,"Add data series to ignore",   3, 2, 514 
61bc418,Kenny Grant,Thu Apr 2 07:07:08 2020,"UK rejoins Europe",   1, 1, 1 
21ea164,Kenny Grant,Thu Apr 2 07:05:24 2020,"Exclude provinces from comparisons",   1, 12, 2 
4beb1f4,Kenny Grant,Thu Apr 2 06:59:30 2020,"Fetch data more regularly",   1, 8, 8 
642fbff,Kenny Grant,Thu Apr 2 06:57:40 2020,"Hide new deaths chart for now till we have an average",   2, 50, 14 
b8f3975,Kenny Grant,Thu Apr 2 06:44:27 2020,"Allow set start deaths with a param",   2, 43, 7 
9df47d1,Kenny Grant,Thu Apr 2 06:37:16 2020,"Expose log scale with toggle button",   2, 14, 3 
35e64c3,Kenny Grant,Thu Apr 2 06:19:06 2020,"Add European comparisons",   4, 615, 508 
0d3379e,Kenny Grant,Thu Apr 2 05:50:32 2020,"Adjust graph labels",   2, 15, 13 
371ede8,Kenny Grant,Sat Mar 28 02:05:36 2020,"Fix image links",   1, 2, 2 
df77262,Kenny Grant,Sat Mar 28 01:43:14 2020,"Adjusted readme, added new images",   4, 15, 3 
0fe1ba1,Kenny Grant,Fri Mar 27 21:12:22 2020,"Ignore today's data for doubling, fix incorrect confirmed double rate",   2, 6, 5 
b7efe85,Kenny Grant,Fri Mar 27 21:05:20 2020,"Fix Taiwan name,remove Recovered entry, remove old US code",   2, 12, 19 
1307515,Kenny Grant,Fri Mar 27 20:17:54 2020,"Adjusted style of labels on growth graph",   1, 9, 2 
51d04cd,Kenny Grant,Fri Mar 27 19:52:47 2020,"Fix comparisons for provinces under country data",   2, 12, 9 
d25cb36,Kenny Grant,Fri Mar 27 19:27:48 2020,"Adjusted description for graph labels Adjusted growth graph colours",   2, 74, 61 
b1382bd,Kenny Grant,Fri Mar 27 18:01:16 2020,"Fix for invalid json values - fixes #3",   3, 4, 4 
62daa13,Kenny Grant,Fri Mar 27 17:29:09 2020,"Add anchors for links",   1, 8, 1 
c870900,Kenny Grant,Fri Mar 27 17:26:17 2020,"Move growth legend to bottom on mobile",   2, 7, 4 
84b20ab,Kenny Grant,Fri Mar 27 17:21:12 2020,"Move graph colours to js, change to top 20, include china",   5, 539, 552 
919e6ee,Kenny Grant,Fri Mar 27 16:08:14 2020,"Add comparison chart for deaths from n",   3, 221, 11 
3580695,Kenny Grant,Fri Mar 27 08:22:24 2020,"Don't fetch data in development",   1, 5, 2 
0982766,Kenny Grant,Fri Mar 27 08:22:07 2020,"Revamp data presented, add more detail, adjust graph style on mobile/ipad",   4, 210, 62 
489827a,Kenny Grant,Fri Mar 27 06:10:30 2020,"Adjusted first fetch to happen in goroutine after launch",   6, 509, 494 
5804fde,Kenny Grant,Wed Mar 25 02:07:24 2020,"Readme dates",   1, 3, 3 
c68fe98,Kenny Grant,Wed Mar 25 02:06:10 2020,"Updated readme with notes on data changes last night",   1, 11, 7 
39f7ab4,Kenny Grant,Wed Mar 25 00:05:55 2020,"Remove recovered stats as no longer in data source time series, remove US stats as we now have a global entry in data source",   2, 4, 3 
98d9b86,Kenny Grant,Tue Mar 24 17:32:52 2020,"Fix overflow for 112 days period",   1, 25, 2 
6cd71f8,Kenny Grant,Tue Mar 24 16:28:07 2020,"Changes to accept new data format from JHU",   15, 1332, 3313 
2c5ee1a,Kenny Grant,Tue Mar 24 09:17:04 2020,"Add deaths to options menus to clarify sort order",   1, 10, 2 
181eb61,Kenny Grant,Tue Mar 24 08:28:07 2020,"Sort after final data added",   1, 2, 2 
52057c2,Kenny Grant,Tue Mar 24 08:23:45 2020,"Add exponential growth to days options",   1, 3, 1 
d45a1ab,Kenny Grant,Tue Mar 24 02:24:07 2020,"Fix json generation, update data",   4, 256, 228 
3bbc449,Kenny Grant,Mon Mar 23 22:49:37 2020,"Update data, readme",   3, 226, 227 
7135f85,Kenny Grant,Mon Mar 23 22:25:29 2020,"Add web link",   1, 3, 1 
874e983,Kenny Grant,Mon Mar 23 22:18:06 2020,"Added image to readme",   1, 3, 3 
30da344,Kenny Grant,Mon Mar 23 22:15:57 2020,"Add readme image",   1, 0, 0 
66f5021,Kenny Grant,Mon Mar 23 22:05:13 2020,"Adjust mobile styles Add meta tags",   1, 11, 3 
c74d907,Kenny Grant,Mon Mar 23 20:38:40 2020,"Add DeathsDaily totals",   4, 103, 59 
7c77b9e,Kenny Grant,Mon Mar 23 20:22:48 2020,"Hourly updates, json button for feed, update data",   6, 311, 249 
1ff19a5,Kenny Grant,Mon Mar 23 19:32:01 2020,"Remove logging on load",   1, 1, 1 
fb93956,Kenny Grant,Mon Mar 23 18:25:34 2020,"Improve formatting of numbers",   1, 2, 1 
b373402,Kenny Grant,Mon Mar 23 18:21:14 2020,"Fix global figures by excluding synthetic top level countries",   4, 68, 11 
b8a8543,Kenny Grant,Mon Mar 23 17:11:52 2020,"Fix date truncation to use most recent days",   1, 4, 4 
737b7eb,Kenny Grant,Mon Mar 23 17:08:03 2020,"Truncate on open to deal with data files becoming shorter",   3, 232, 234 
e75b048,Kenny Grant,Mon Mar 23 17:07:41 2020,"Ignore breakdown on France and UK as these are dependencies, not internal areas",   1, 5 
286a07b,Kenny Grant,Mon Mar 23 08:04:57 2020,"Added parse for daily cases files",   13, 3866, 2857 
bf58044,Kenny Grant,Mon Mar 23 01:42:48 2020,"Hide zero line on charts",   1, 3, 1 
5cc6911,Kenny Grant,Mon Mar 23 01:29:34 2020,"Add daily cases graph",   2, 94, 17 
38c6d2d,Kenny Grant,Sun Mar 22 22:18:15 2020,"Adjust scale for ipad",   1, 1, 1 
08024f2,Kenny Grant,Sun Mar 22 18:26:09 2020,"Add GA code",   1, 9, 15 
e8bb5b0,Kenny Grant,Sun Mar 22 17:33:35 2020,"Add a basic readme",   1, 44 
c74def6,Kenny Grant,Sun Mar 22 17:33:24 2020,"Change Areas to All Areas",   1, 1, 1 
3c953aa,Kenny Grant,Sun Mar 22 16:50:48 2020,"Import new data, fix sort order for menu",   6, 1468, 1440 
e34f2a3,Kenny Grant,Sun Mar 22 08:47:21 2020,"Adjust styling on mobile to be more legible",   3, 79, 24 
074cc72,Kenny Grant,Sun Mar 22 07:03:05 2020,"Add favicon, serve static files from public",   5, 96, 20 
629b9cd,Kenny Grant,Sun Mar 22 06:55:41 2020,"Schedule data download early morning UTC",   5, 191, 27 
711697d,Kenny Grant,Sun Mar 22 05:25:34 2020,"Remove misleading deaths total on 1 day period",   2, 10, 1 
68a27ce,Kenny Grant,Sun Mar 22 05:22:59 2020,"Tidy html, add attribution for data, links",   1, 49, 40 
7a73dd6,Kenny Grant,Sun Mar 22 05:08:27 2020,"Return totals just for the period specified, not all time",   1, 15, 6 
82030d0,Kenny Grant,Sun Mar 22 04:03:39 2020,"Add json template, load templates once",   3, 61, 18 
9207b4b,Kenny Grant,Sun Mar 22 03:39:54 2020,"Add province menu where appropriate, set url for country/province",   3, 39, 7 
fbc01c4,Kenny Grant,Sun Mar 22 03:20:41 2020,"Sort data by deaths, fix bug merging data",   2, 28, 21 
2a79093,Kenny Grant,Sun Mar 22 02:58:56 2020,"Activate menus, allow selecting country and time period to switch graphs",   3, 128, 26 
5c1b41f,Kenny Grant,Sat Mar 21 23:30:00 2020,"Move data to draft template, put data into charts on template",   3, 259, 6 
9bd0182,Kenny Grant,Sat Mar 21 21:36:08 2020,"Tidy up data with post-processing, exclude us data for cities (no longer updated)",   3, 76, 18 
e14fa2b,Kenny Grant,Sat Mar 21 20:25:47 2020,"Added latest data",   3, 1434, 1389 
dfd6570,Kenny Grant,Sat Mar 21 18:05:10 2020,"Use title method to get better titles",   2, 13, 5 
21e525f,Kenny Grant,Sat Mar 21 17:59:02 2020,"Add first rough version of data load from csv",   10, 3282 