commit id,author,date,comment,changed files,lines added,lines deleted

092dded,Kiesha Prem,Mon Apr 6 11:25:13 2020,"Contact matrices R data file",   3, 0, 0 
d451cf2,Kiesha Prem,Sat Apr 4 18:09:14 2020,"Update function_modelSEIcIscR.r",   1, 1, 1 
1dfbfb4,kieshaprem,Tue Mar 31 22:17:37 2020,"Update function_modelSEIcIscR.r",   1, 2, 2 
53bd957,Kiesha Prem,Fri Mar 27 10:24:23 2020,"Updates",   1, 1, 1 
f38c806,kieshaprem,Thu Mar 19 05:56:48 2020,"Merge branch 'master' of https://github.com/kieshaprem/covid19-agestructureSEIRwuhan-social-distancing", 
ce5e034,kieshaprem,Thu Mar 19 05:56:33 2020,"updates",   2, 3 
7a14a0e,Kiesha Prem,Thu Mar 19 02:47:49 2020,"Update README.md",   1, 1, 1 
80aa013,kieshaprem,Thu Mar 19 02:38:47 2020,"Create .DS_Store",   1, 0, 0 
503ca6e,Kiesha Prem,Thu Mar 19 02:10:24 2020,"Merge pull request #1 from kieshaprem/add-license-1", 
d324fe8,kieshaprem,Thu Mar 19 01:34:41 2020,"Updates_2020-03-18",   17, 1454 
f363da0,Kiesha Prem,Thu Mar 19 01:33:30 2020,"Update README.md",   1, 6 
6f2a025,Kiesha Prem,Thu Mar 19 01:32:49 2020,"Initial commit",   1, 2 