commit id,author,date,comment,changed files,lines added,lines deleted

24d0360,Kaspar Metz,Sun Jun 21 01:31:20 2020,"collect binaries during build",   3, 38 
a86a4e3,Kaspar Metz,Sun Jun 21 01:17:09 2020,"clarify pins in README",   1, 2, 2 
11f4bd8,Kaspar Metz,Sun Jun 21 01:14:50 2020,"fix binary flashing instructions",   1, 25, 4 
c04da36,Kaspar Metz,Sat Jun 20 08:45:18 2020,"README updates",   1, 2, 2 
2ad3dd0,Kaspar Metz,Sat Jun 20 08:41:57 2020,"improve ServiceUUID matching",   1, 2, 1 
c71cc06,Kaspar Metz,Sat Jun 20 07:00:14 2020,"Update README.md",   1, 1, 1 
999d5d2,Kaspar Metz,Sat Jun 20 06:59:49 2020,"Update README.md",   1, 1, 1 
4847488,Kaspar Metz,Sat Jun 20 06:56:17 2020,"small bugfix",   1, 1 
4665c6b,Kaspar Metz,Sat Jun 20 02:44:06 2020,"Update README.md",   1, 1, 1 
d7577a7,Kaspar Metz,Sat Jun 20 02:43:21 2020,"Update README.md",   1, 1, 1 
5b77ec4,Kaspar Metz,Sat Jun 20 02:14:53 2020,"Merge pull request #1 from kmetz/add-license-1", 
8df5e39,Kaspar Metz,Sat Jun 20 02:11:19 2020,"Update README.md",   1, 1, 1 
ddcb645,Kaspar Metz,Sat Jun 20 02:03:26 2020,"initial commit",   5, 198 