commit id,author,date,comment,changed files,lines added,lines deleted

75abac5,Jeff Triplett,Thu Sep 17 15:12:07 2020,":art: Remove featured from top until we have more",   1, 2 
7dffde5,Jeff Triplett,Thu Sep 17 15:07:25 2020,":art: Rebuilds static media",   5, 56838, 40017 
aecb2b2,Jeff Triplett,Thu Sep 17 15:03:26 2020,":arrow_up: Pin Gemfile",   1, 12, 12 
b184b24,Automated Publisher,Thu Sep 17 15:02:46 2020,":robot: Automated update: Thu Sep 17 05:02:46 UTC 2020",   1, 1, 1 
383eefe,Automated Publisher,Thu Sep 17 15:00:22 2020,":robot: Automated update: Thu Sep 17 05:00:22 UTC 2020",   176, 176 
29c80b8,Jeff Triplett,Thu Sep 17 14:59:30 2020,":pencil: Adds featured and better error handling/logging output",   1, 21, 17 
4cdf156,Jeff Triplett,Thu Sep 17 14:55:08 2020,":shirt: Lints template",   1, 1, 1 
fb88bc2,Automated Publisher,Thu Sep 17 07:46:29 2020,":robot: Automated update: Wed Sep 16 21:46:29 UTC 2020",   1, 2, 2 
e57937e,Automated Publisher,Tue Sep 1 11:19:14 2020,":robot: Automated update: Tue Sep  1 01:19:14 UTC 2020",   2, 37, 2 
0018b5b,Automated Publisher,Fri Aug 28 06:21:44 2020,":robot: Automated update: Thu Aug 27 20:21:44 UTC 2020",   1, 5, 3 
a08fa5b,Automated Publisher,Wed Aug 26 03:46:04 2020,":robot: Automated update: Tue Aug 25 17:46:04 UTC 2020",   2, 4, 4 
59abc46,Jeff Triplett,Sat Aug 1 11:53:20 2020,":tractor: Moves master to main",   3, 10, 4 
31eecfd,Automated Publisher,Sun Jul 19 08:46:04 2020,":robot: Automated update: Sat Jul 18 22:46:04 UTC 2020",   4, 82, 34 
c4f8cea,Automated Publisher,Sun Jul 19 08:31:06 2020,":robot: Automated update: Sat Jul 18 22:31:06 UTC 2020",   2, 39 
c5b8302,Automated Publisher,Fri Jul 10 10:42:21 2020,":robot: Automated update: Fri Jul 10 00:42:21 UTC 2020",   1, 5, 5 
b5ec235,Automated Publisher,Thu Jul 9 14:16:09 2020,":robot: Automated update: Thu Jul  9 04:16:09 UTC 2020",   1, 2, 2 
558c92a,Automated Publisher,Mon Jul 6 23:16:01 2020,":robot: Automated update: Mon Jul  6 13:16:01 UTC 2020",   1, 37 
470750a,Automated Publisher,Sat Jul 4 10:38:55 2020,":robot: Automated update: Sat Jul  4 00:38:55 UTC 2020",   2, 7, 5 
1a544b2,Jeff Triplett,Fri Jul 3 12:17:07 2020,":art: Re-builds static media",   1, 22, 6 
b2d72b2,Jeff Triplett,Fri Jul 3 12:15:58 2020,":art: Updates styles",   2, 10, 10 
823eeae,Automated Publisher,Fri Jul 3 03:16:03 2020,":robot: Automated update: Thu Jul  2 17:16:03 UTC 2020",   1, 33 
be71cba,Jeff Triplett,Mon Jun 29 02:10:08 2020,":pencil: Updates homepage links",   1, 14, 7 
6e69f7b,Jeff Triplett,Mon Jun 29 02:09:44 2020,":art: Lints place-table",   1, 1, 1 
ab4c051,Jeff Triplett,Mon Jun 29 01:52:22 2020,":art: Re-builds TailwindCSS",   1, 11, 7 
a70ada5,Jeff Triplett,Mon Jun 29 01:50:24 2020,":art: Template updates",   4, 12, 12 
8843ba2,Jeff Triplett,Mon Jun 29 01:13:19 2020,":art: Updates templats to be more responsive",   2, 4, 4 
46e67e5,Automated Publisher,Wed Jun 24 13:16:30 2020,":robot: Automated update: Wed Jun 24 03:16:30 UTC 2020",   1, 4, 4 
57641f0,Automated Publisher,Tue Jun 23 13:02:23 2020,":robot: Automated update: Tue Jun 23 03:02:23 UTC 2020",   1, 1, 1 
8b3ccc8,Automated Publisher,Mon Jun 22 12:33:01 2020,":robot: Automated update: Mon Jun 22 02:33:01 UTC 2020",   10, 70 
46751c0,Jeff Triplett,Mon Jun 22 12:31:13 2020,":pencil: Syncs inflection",   1, 1 
947e05a,Jeff Triplett,Sun Jun 21 03:49:56 2020,":art: Fixes side margin",   1, 1, 1 
62a6d53,Jeff Triplett,Sun Jun 21 03:44:37 2020,":handshake: Merge pull request #11 from jefftriplett/adds-schemas", 
275233e,Jeff Triplett,Sun Jun 21 00:28:55 2020,":shirt: Adds super-linter",   1, 49 
7ed1889,Jeff Triplett,Sun Jun 21 00:11:46 2020,":pencil: Adds mask emoji",   1, 1, 1 
a41635d,Automated Publisher,Wed Jun 17 01:01:57 2020,":robot: Automated update: Tue Jun 16 15:01:57 UTC 2020",   2, 45, 4 
4778853,Automated Publisher,Wed Jun 17 00:46:26 2020,":robot: Automated update: Tue Jun 16 14:46:26 UTC 2020",   1, 12, 10 
cdf1a61,Automated Publisher,Mon Jun 15 10:30:20 2020,":robot: Automated update: Mon Jun 15 00:30:20 UTC 2020",   1, 4, 4 
e0eb41b,Automated Publisher,Mon Jun 15 10:03:39 2020,":robot: Automated update: Mon Jun 15 00:03:39 UTC 2020",   5, 15, 15 
13a03a2,Automated Publisher,Mon Jun 15 09:46:11 2020,":robot: Automated update: Sun Jun 14 23:46:11 UTC 2020",   19, 21, 21 
bce9763,Automated Publisher,Mon Jun 15 09:31:05 2020,":robot: Automated update: Sun Jun 14 23:31:05 UTC 2020",   19, 19, 19 
8dd2af7,Jeff Triplett,Mon Jun 15 06:11:06 2020,":arrow_up: Enables jekyll-sitemap",   3, 5 
e1c7ace,Automated Publisher,Mon Jun 15 05:21:17 2020,":robot: Automated update: Sun Jun 14 19:21:17 UTC 2020",   170, 3, 173 
edcc8a7,Jeff Triplett,Mon Jun 15 05:20:33 2020,":fire: Removes social column from spreadsheet",   1, 1 
e538360,Jeff Triplett,Mon Jun 15 01:24:54 2020,":pencil: Updates rel to ugc for websites",   2, 2, 2 
8af085a,Jeff Triplett,Mon Jun 15 01:22:22 2020,":tractor: Renames highlight to featured",   6, 11, 11 
b63863e,Jeff Triplett,Mon Jun 15 00:11:13 2020,":pencil: Adds h1 and more spacing on homepage",   1, 14, 6 
19d8b57,Automated Publisher,Mon Jun 15 00:05:09 2020,":robot: Automated update: Sun Jun 14 14:05:09 UTC 2020",   30, 30, 30 
1d490e9,Jeff Triplett,Mon Jun 15 00:04:20 2020,":pencil: SEO wording change",   1, 1, 1 
3225b6d,Jeff Triplett,Sun Jun 14 23:48:11 2020,":shirt: More template cleanup",   3, 4, 6 
5600cd1,Jeff Triplett,Sun Jun 14 23:22:24 2020,":shirt: Lints via Code",   2, 10, 10 
e777b06,Jeff Triplett,Sun Jun 14 10:59:01 2020,":pencil: Adds more schema info",   1, 8, 4 
638e4cb,Jeff Triplett,Sun Jun 14 10:49:41 2020,":fire: Removes place_type",   1, 1 
6c1b9ba,Jeff Triplett,Sun Jun 14 10:43:30 2020,":art: Adds supported for highlighted businesses",   6, 110, 109 
5690a0c,Jeff Triplett,Sun Jun 14 08:29:09 2020,"Merge branch 'main'", 
6497af4,Jeff Triplett,Sun Jun 14 08:28:27 2020,":pencil: Adds og:type website to default template",   1, 1 
2c82e36,Jeff Triplett,Sun Jun 14 08:05:27 2020,"Create CNAME",   1, 1 
5ff05b9,Jeff Triplett,Sun Jun 14 08:05:09 2020,"Delete CNAME",   1, 1 
ee0d316,Automated Publisher,Sun Jun 14 08:04:05 2020,":robot: Automated update: Sat Jun 13 22:04:05 UTC 2020",   2, 2, 2 
b7b8ac8,Jeff Triplett,Sun Jun 14 08:03:01 2020,":tractor: Switches bask to master because GH Pages break. le sigh",   2, 2, 2 
36e8bc3,Jeff Triplett,Sun Jun 14 07:56:39 2020,":pencil: Update automate git commit code",   1, 12, 3 
a527caa,Jeff Triplett,Sun Jun 14 07:37:29 2020,":tractor: Actions should run on main",   2, 2, 2 
f842bf1,Jeff Triplett,Sun Jun 14 06:18:26 2020,":art: Updates website format",   1, 2 
52dd8bd,Jeff Triplett,Sun Jun 14 06:13:41 2020,":pencil: Upates address",   1, 5, 1 
ba8b030,Automated Publisher,Sun Jun 14 06:13:13 2020,"Automated publish: Sat Jun 13 20:13:13 UTC 2020 7e24118c118821736588067f3c3f2a769a028516",   172, 220, 32 
7e24118,Jeff Triplett,Sun Jun 14 06:11:48 2020,":pencil: Updates locality",   1, 1, 1 
c923315,Automated Publisher,Sun Jun 14 06:02:49 2020,"Automated publish: Sat Jun 13 20:02:49 UTC 2020 73e24e7be6fac1b199e0bed2371d8f1fadcf0bc1",   170, 201 
73e24e7,Jeff Triplett,Sun Jun 14 06:01:37 2020,":pencil: Adds location and region to dataset",   1, 2 
a787cf1,Jeff Triplett,Sun Jun 14 05:53:39 2020,":pencil: Adds schema.org and nofollow links",   1, 10, 12 
31d3950,Jeff Triplett,Sun Jun 14 05:09:00 2020,":art: Rebuilds TailwindCSS for production #lfk",   1, 8 
544d4ca,Automated Publisher,Sun Jun 14 05:01:49 2020,"Automated publish: Sat Jun 13 19:01:49 UTC 2020 3c13d9617e38d9192a43bc80be3bb400e0608be2",   6, 16, 15 
3c13d96,Automated Publisher,Sun Jun 14 04:46:40 2020,"Automated publish: Sat Jun 13 18:46:40 UTC 2020 e9fb738e01b53892ba61784c77f91f6142e49b96",   23, 44, 94 
e9fb738,Jeff Triplett,Sun Jun 14 04:36:52 2020,":pencil: Fixes cuisine and place.neighborhood display",   2, 9, 5 
9d80523,Automated Publisher,Sun Jun 14 04:31:42 2020,"Automated publish: Sat Jun 13 18:31:42 UTC 2020 241947c26791f3370c510f19a8fafe8f0364904a",   6, 6, 6 
241947c,Jeff Triplett,Sun Jun 14 04:22:51 2020,":art: Set maximum width on page and center",   1, 1, 1 
4b2273a,Jeff Triplett,Sun Jun 14 04:12:43 2020,":art: Updates phone and website layout",   1, 10, 10 
e23fd95,Automated Publisher,Sun Jun 14 04:11:04 2020,"Automated publish: Sat Jun 13 18:11:04 UTC 2020 a412622bda04ec86c023ea6d497169869f537f37",   170, 173, 3 
a412622,Jeff Triplett,Sun Jun 14 04:10:08 2020,":pencil: Adds Twitch support",   2, 8, 4 
e610f82,Jeff Triplett,Sun Jun 14 03:58:38 2020,":art: Added dine-in and better social media layouts",   1, 51, 44 
3246690,Automated Publisher,Sun Jun 14 03:44:22 2020,"Automated publish: Sat Jun 13 17:44:22 UTC 2020 22b2cbf251514ec1a24aced94e0fd098d433373f",   170, 170 
22b2cbf,Jeff Triplett,Sun Jun 14 03:43:09 2020,":pencil: Updates place layout",   1, 32, 7 
82e69d1,Jeff Triplett,Sun Jun 14 03:42:49 2020,":pencil: Adds dinein boolean",   1, 1 
054296d,Automated Publisher,Sun Jun 14 03:34:16 2020,"Automated publish: Sat Jun 13 17:34:16 UTC 2020 f4fff4ceb843892fa12803d5e4dad5e77e348571",   170, 510 
f4fff4c,Jeff Triplett,Sun Jun 14 03:32:35 2020,":pencil: Adds social links",   1, 4, 1 
98787ba,Automated Publisher,Sun Jun 14 03:31:20 2020,"Automated publish: Sat Jun 13 17:31:20 UTC 2020 e2323ab748e2b236a013a4e14bd7298b958656f5",   20, 20, 20 
e2323ab,Automated Publisher,Sun Jun 14 02:52:42 2020,"Automated publish: Sat Jun 13 16:52:42 UTC 2020 d634fd591671e1dca2c17256f418795128313639",   157, 193, 155 
d634fd5,Jeff Triplett,Sun Jun 14 02:51:07 2020,":pencil: Adds neighborhood to slug if available",   1, 2, 1 
c8c6cfa,Automated Publisher,Sun Jun 14 02:46:33 2020,"Automated publish: Sat Jun 13 16:46:33 UTC 2020 a30de869e6eb61a5c10195c8a93bdcf40994bd96",   95, 96, 96 
a30de86,Automated Publisher,Sun Jun 14 02:32:12 2020,"Automated publish: Sat Jun 13 16:32:12 UTC 2020 c6d60340e3ed1c9a7633a7b6694d3301f6fdbdc9",   49, 79, 79 
c6d6034,Automated Publisher,Sun Jun 14 02:16:33 2020,"Automated publish: Sat Jun 13 16:16:33 UTC 2020 a2d8baa5a5d026f166df7e44178dceb27ad775da",   2, 2, 2 
a2d8baa,Automated Publisher,Sun Jun 14 02:00:18 2020,"Automated publish: Sat Jun 13 16:00:18 UTC 2020 fc6c16d691d81d5346618f013e01cad95364ad63",   169, 169 
fc6c16d,Jeff Triplett,Sun Jun 14 01:58:53 2020,":pencil: Adds "place_type" to our data and spreadsheet",   1, 1 
63440f5,Automated Publisher,Fri Jun 12 02:46:35 2020,"Automated publish: Thu Jun 11 16:46:35 UTC 2020 71a9e99bec3caeb28e5ff6d7f55dde1c756f65d4",   1, 17, 11 
71a9e99,Automated Publisher,Fri Jun 12 02:31:23 2020,"Automated publish: Thu Jun 11 16:31:23 UTC 2020 7bfc95af15a926fa23c1f67fcb4fe72c97089554",   1, 25 
7bfc95a,Automated Publisher,Wed Jun 10 02:02:14 2020,"Automated publish: Tue Jun  9 16:02:14 UTC 2020 a38dae73804811e54f9900e4daad2e4e27a0d784",   1, 1, 1 
a38dae7,Automated Publisher,Wed Jun 10 00:31:55 2020,"Automated publish: Tue Jun  9 14:31:55 UTC 2020 927bfff329114bfe1b0cf8d50bd015eeb09d3333",   1, 1, 1 
927bfff,Jeff Triplett,Tue Jun 9 08:41:58 2020,":art: Adds favicons",   8, 23 
acd0d08,Jeff Triplett,Tue Jun 9 08:37:12 2020,":pencil: Figured it out and re-enabled everything",   3, 125 
8acc47c,Jeff Triplett,Tue Jun 9 08:34:57 2020,":fire: Removes GHA to troubleshoot",   1, 73 
8c9a095,Jeff Triplett,Tue Jun 9 08:33:31 2020,":pencil: Adds show_place_details value",   1, 2 
ca7fadd,Jeff Triplett,Tue Jun 9 08:32:11 2020,":fire: Removes failing GHA",   1, 50 
2264d97,Jeff Triplett,Tue Jun 9 08:30:26 2020,":handshake: Merge pull request #10 from jefftriplett/develop", 
bda6137,Jeff Triplett,Tue Jun 9 08:04:28 2020,":fire: Roll back favicons",   8, 23 
47c5f0c,Jeff Triplett,Tue Jun 9 08:00:18 2020,":pencil: Adds modd.conf for a test push",   1, 30 
0a897bd,Jeff Triplett,Tue Jun 9 07:32:31 2020,":art: Adds favicon",   9, 25 
7affda0,Automated Publisher,Tue Jun 9 04:47:07 2020,"Automated publish: Mon Jun  8 18:47:07 UTC 2020 087c464bb118d3365927c24dc83ed84d56117581",   1, 1, 1 
087c464,Automated Publisher,Tue Jun 9 04:02:20 2020,"Automated publish: Mon Jun  8 18:02:20 UTC 2020 ea92e0ae9c20cba43eee4ae0a681bdad83707ba5",   2, 4, 4 
ea92e0a,Automated Publisher,Mon Jun 8 23:16:22 2020,"Automated publish: Mon Jun  8 13:16:22 UTC 2020 62a9e59fbeac1a8485e818908a311493ce9d8a06",   2, 17, 50 
62a9e59,Automated Publisher,Mon Jun 8 15:01:44 2020,"Automated publish: Mon Jun  8 05:01:44 UTC 2020 06a333e28b594ede2b7aedbac45f12399d4c5c22",   3, 13, 15 
06a333e,Automated Publisher,Mon Jun 8 14:34:42 2020,"Automated publish: Mon Jun  8 04:34:42 UTC 2020 3492df0b8f2852b9705a8da24f80c8120149fcb9",   1, 7 
3492df0,Jeff Triplett,Mon Jun 8 14:33:23 2020,":pencil: Fixed for "701 W 23rd St" neighborhood",   2, 3, 3 
47942ec,Automated Publisher,Mon Jun 8 14:26:14 2020,"Automated publish: Mon Jun  8 04:26:14 UTC 2020 080a7811a34a785ad99deaff2986c2f079e51890",   6, 26, 8 
080a781,Jeff Triplett,Mon Jun 8 14:25:18 2020,":tractor: Updates footer nav and removes targets",   1, 4, 4 
e928a22,Automated Publisher,Mon Jun 8 14:16:07 2020,"Automated publish: Mon Jun  8 04:16:07 UTC 2020 614b72e445e1dddb59a1cf29fdecbd8cd7abe111",   1, 4, 4 
614b72e,Jeff Triplett,Mon Jun 8 14:14:56 2020,":tractor: Fixes a few non-slugified aliases",   1, 4, 4 
6a0cd3b,Jeff Triplett,Mon Jun 8 14:02:50 2020,":art: Re-updates tailwindcss based on template changes",   1, 8, 41 
3af626d,Jeff Triplett,Mon Jun 8 13:57:23 2020,":art: Makes hours template optional",   1, 2 
ebbd8d9,Jeff Triplett,Mon Jun 8 13:52:59 2020,":art: Updates place detail page",   1, 4, 2 
69b0cd8,Jeff Triplett,Mon Jun 8 13:34:02 2020,":art: Updates place template",   1, 8, 5 
4849b6e,Jeff Triplett,Mon Jun 8 13:31:10 2020,":pencil: Adds toggle for place details page",   1, 8, 4 
15e7bf6,Jeff Triplett,Mon Jun 8 13:30:55 2020,":art: Updates place details teamplate",   1, 77, 52 
cc5317d,Automated Publisher,Mon Jun 8 11:02:30 2020,"Automated publish: Mon Jun  8 01:02:30 UTC 2020 195d8324536fd99a8e06b596db5022f29b8f3e5c",   1, 5, 3 
195d832,Jeff Triplett,Mon Jun 8 07:08:04 2020,":shirt: Lints via Black",   1, 6, 2 
42265fe,Automated Publisher,Mon Jun 8 06:55:07 2020,"Automated publish: Sun Jun  7 20:55:07 UTC 2020 7db867960a00c2cdd824f32e286b2a1109e5481b",   8, 16, 7 
7db8679,Jeff Triplett,Mon Jun 8 06:54:14 2020,":pencil: Fixes category name",   1, 1, 1 
0acc507,Jeff Triplett,Mon Jun 8 06:47:55 2020,":pencil: Adds robots.txt",   1, 2 
ad1a9a6,Automated Publisher,Mon Jun 8 06:46:18 2020,"Automated publish: Sun Jun  7 20:46:18 UTC 2020 4ead0e31ad6e1110de6c4c20135102b08df36e46",   1, 5, 2 
4ead0e3,Jeff Triplett,Mon Jun 8 06:45:23 2020,":pencil: Adds Fried Chicken category",   1, 1 
8795889,Jeff Triplett,Mon Jun 8 06:36:28 2020,":art: Rebuild static assets",   1, 16, 17 
67cf73a,Jeff Triplett,Mon Jun 8 06:32:59 2020,":pencil: Updates hamburger menu format",   1, 5, 5 
3ed17a5,Automated Publisher,Mon Jun 8 05:59:57 2020,"Automated publish: Sun Jun  7 19:59:57 UTC 2020 f8a7c93a3338d08c00ea401c809c480756ea1f87",   2, 4, 4 
f8a7c93,Jeff Triplett,Mon Jun 8 05:58:46 2020,":art: Updates layout",   1, 7, 8 
2cae367,Automated Publisher,Mon Jun 8 05:41:33 2020,"Automated publish: Sun Jun  7 19:41:33 UTC 2020 b9a8e56f04d457ea076eda554c429e3ccea1865b",   1, 2, 2 
b9a8e56,Jeff Triplett,Mon Jun 8 05:40:07 2020,":art: Updates layouts",   3, 13, 11 
8bb8535,Jeff Triplett,Mon Jun 8 00:18:06 2020,":art: Ships new assets",   1, 12, 2 
495b64d,Jeff Triplett,Mon Jun 8 00:13:00 2020,":pencil: More footer updates",   1, 15, 15 
caf1d3c,Jeff Triplett,Mon Jun 8 00:08:11 2020,":pencil: Updates link color",   1, 3, 2 
d55a014,Jeff Triplett,Sun Jun 7 23:49:12 2020,":pencil: Better notes",   1, 6, 5 
bfabfec,Jeff Triplett,Sun Jun 7 23:42:13 2020,":pencil: Updates to sponsored rel",   1, 1, 1 
1d23f63,Jeff Triplett,Sun Jun 7 23:40:43 2020,":pencil: Adds a legal note to the bottom",   1, 9, 1 
5dd8fc9,Jeff Triplett,Sun Jun 7 23:38:38 2020,":pencil: Adds nofollow tags",   1, 4, 4 
05aa7ef,Jeff Triplett,Sun Jun 7 15:34:25 2020,":fire: Removes duplicated canonical_url",   1, 1 
2b2f7d9,Jeff Triplett,Sun Jun 7 14:39:51 2020,":art: Updates tailwind styles",   1, 42 
c089e68,Jeff Triplett,Sun Jun 7 14:36:59 2020,":fire: Removes comment section",   1, 2 
f2eba09,Jeff Triplett,Sun Jun 7 14:29:50 2020,":art: Updates cuisine and neighborhood templates",   2, 42, 25 
0b9613b,Automated Publisher,Sun Jun 7 14:24:13 2020,"Automated publish: Sun Jun  7 04:24:13 UTC 2020 4c038a2749c62ea815e075873c4f2da8ac2becfb",   7, 20, 20 
4c038a2,Jeff Triplett,Sun Jun 7 14:23:13 2020,":pencil: Updates steakhouse aliases",   2, 4, 2 
47f1d81,Automated Publisher,Sun Jun 7 12:29:20 2020,"Automated publish: Sun Jun  7 02:29:20 UTC 2020 6bb4b8e27e7f6335f56442b6577ab5f02192284e",   43, 83, 126 
6bb4b8e,Jeff Triplett,Sun Jun 7 12:27:55 2020,":pencil: Major cuisine changes to sync",   1, 27, 17 
ab5d9eb,Automated Publisher,Sun Jun 7 12:14:03 2020,"Automated publish: Sun Jun  7 02:14:03 UTC 2020 fcdcf3ba34bdc3eeae60200929755909573366a0",   19, 29, 5 
fcdcf3b,Jeff Triplett,Sun Jun 7 12:13:03 2020,":pencil: new aliases",   1, 28, 26 
d8941fe,Jeff Triplett,Sun Jun 7 11:50:16 2020,":shirt: Lints via Black",   1, 16, 6 
7e9f0ca,Automated Publisher,Sun Jun 7 11:50:15 2020,"Automated publish: Sun Jun  7 01:50:15 UTC 2020 1d749a769f8d391200832abdf7ebc845ecee375f",   130, 179, 250 
1d749a7,Jeff Triplett,Sun Jun 7 11:49:11 2020,":pencil: Updates sync and data to fix aliases",   2, 213, 58 
fac5b5f,Automated Publisher,Sun Jun 7 07:46:40 2020,"Automated publish: Sat Jun  6 21:46:40 UTC 2020 3bf24475943ef93f629101e1d5439a6bbe0ddf62",   2, 3, 9 
3bf2447,Automated Publisher,Sun Jun 7 07:31:48 2020,"Automated publish: Sat Jun  6 21:31:48 UTC 2020 587e149e0596690db21107b149369a37151c19b6",   2, 4, 12 
587e149,Automated Publisher,Sun Jun 7 06:28:36 2020,"Automated publish: Sat Jun  6 20:28:36 UTC 2020 7b150436feecfc330799227b35b8bc4b88ffbea4",   5, 5, 5 
7b15043,Jeff Triplett,Sun Jun 7 06:27:42 2020,":pencil: title cleanup",   1, 5, 1 
a2b3a81,Automated Publisher,Sun Jun 7 06:19:03 2020,"Automated publish: Sat Jun  6 20:19:03 UTC 2020 c0f183e039872d598b76df586f4416d71d7fd1f2",   7, 8, 36 
c0f183e,Jeff Triplett,Sun Jun 7 06:17:52 2020,":pencil: Another fix for aliases",   2, 5, 11 
5c4c94b,Automated Publisher,Sun Jun 7 05:23:11 2020,"Automated publish: Sat Jun  6 19:23:11 UTC 2020 a3ac1c9bf93fd34705b5e1959eed04b743c3c55e",   3, 12, 2 
a3ac1c9,Jeff Triplett,Sun Jun 7 05:21:53 2020,":pencil: Updates aliases",   1, 14, 9 
7f70c65,Automated Publisher,Sun Jun 7 05:19:54 2020,"Automated publish: Sat Jun  6 19:19:54 UTC 2020 be4c610e087ea8eee103c3e83b053cbdbfe971a7",   3, 20, 1 
be4c610,Jeff Triplett,Sun Jun 7 05:18:16 2020,":pencil: Updates sync and aliases",   2, 15, 4 
b5f2ca8,Automated Publisher,Sun Jun 7 05:16:42 2020,"Automated publish: Sat Jun  6 19:16:42 UTC 2020 3d5c1b3de4aeab529bd3e5ed0fdb8c88ae50c1d0",   3, 6, 10 
3d5c1b3,Automated Publisher,Sun Jun 7 05:02:24 2020,"Automated publish: Sat Jun  6 19:02:24 UTC 2020 e47076b3ab08dfa6da224343b827fbb6a8604a72",   3, 12, 4 
e47076b,Jeff Triplett,Sun Jun 7 03:39:35 2020,":pencil: Re-enabled jekyll-redirect-from",   3, 9, 2 
653ee7d,Jeff Triplett,Sun Jun 7 03:29:48 2020,":pencil: Updates title to be <64 characters",   1, 1, 1 
04e6cdb,Automated Publisher,Sun Jun 7 02:56:16 2020,"Automated publish: Sat Jun  6 16:56:16 UTC 2020 7d4a8767c3c5ec3318a72f8e84109eae44501718",   32, 67 
7d4a876,Jeff Triplett,Sun Jun 7 02:55:20 2020,":pencil: Updates neighborhood description",   1, 2, 1 
dc44630,Jeff Triplett,Sun Jun 7 02:54:55 2020,":pencil: Updates copy",   1, 4, 2 
1e0e029,Automated Publisher,Sun Jun 7 02:07:38 2020,"Automated publish: Sat Jun  6 16:07:38 UTC 2020 0db83cb823393dbb42fd7b56ba066f5a2a546d93",   32, 32, 32 
0db83cb,Jeff Triplett,Sun Jun 7 02:06:41 2020,":pencil: Updates headlines",   1, 1, 1 
fa98245,Automated Publisher,Sat Jun 6 15:20:34 2020,"Automated publish: Sat Jun  6 05:20:34 UTC 2020 fffa9dc462af76a4be6cb38122708308e99b5842",   12, 12 
fffa9dc,Jeff Triplett,Sat Jun 6 15:19:42 2020,":pencil: Updates template",   1, 1, 1 
a112d14,Jeff Triplett,Sat Jun 6 15:19:33 2020,":pencil: Updates title for SEO",   1, 1 
3ee0d71,Jeff Triplett,Sat Jun 6 15:10:41 2020,":fire: Removes line",   1, 1 
656a4ab,Jeff Triplett,Sat Jun 6 15:03:44 2020,":pencil: Updates closed title",   1, 2 
515716c,Automated Publisher,Sat Jun 6 14:59:07 2020,"Automated publish: Sat Jun  6 04:59:07 UTC 2020 3149a74f0dd825312da2ba0648440295402905f8",   32, 32 
3149a74,Jeff Triplett,Sat Jun 6 14:57:59 2020,":pencil: Updates cuisine titles",   1, 2 
6b66e5e,Jeff Triplett,Sat Jun 6 14:57:25 2020,":pencil: Updates template",   2, 2, 2 
e858e97,Jeff Triplett,Sat Jun 6 13:01:10 2020,":pencil: Updates SEO tags",   3, 13, 12 
c671684,Jeff Triplett,Sat Jun 6 12:07:30 2020,":pencil: Fixes meata description",   1, 3, 2 
4000f42,Jeff Triplett,Wed Jun 3 13:30:38 2020,":arrow_up: Updates instant.page version",   1, 1, 1 
de3e0bd,Jeff Triplett,Wed Jun 3 13:30:17 2020,":pencil: Adds dns-prefetch",   1, 2 
6e698f9,Automated Publisher,Tue Jun 2 12:02:32 2020,"Automated publish: Tue Jun  2 02:02:32 UTC 2020 557aa3041896e54d0fe43ccec042d9fb089fb80f",   2, 7, 4 
557aa30,Automated Publisher,Tue Jun 2 06:28:39 2020,"Automated publish: Mon Jun  1 20:28:39 UTC 2020 eb1a7e6213a404e6eb56e3cb1c1f6858f51d3710",   3, 5, 4 
eb1a7e6,Jeff Triplett,Mon Jun 1 20:54:43 2020,":fire: update event",   1, 3, 3 
fb56486,Jeff Triplett,Mon Jun 1 13:45:22 2020,":pencil: Updates downtown places",   1, 4, 1 
94b2b0b,Jeff Triplett,Mon Jun 1 13:31:40 2020,":pencil: Updates cron description",   2, 3, 3 
3ea09e5,Jeff Triplett,Mon Jun 1 13:29:23 2020,":pencil: Updates cache",   1, 3, 1 
a41f322,Jeff Triplett,Mon Jun 1 13:27:11 2020,":pencil: Updates cache of other action",   1, 2, 4 
27ada85,Jeff Triplett,Mon Jun 1 13:26:25 2020,":pencil: Removes cache again",   1, 1, 1 
f310ad1,Jeff Triplett,Mon Jun 1 13:23:15 2020,":tractor: Merges pip and cache",   1, 2, 5 
64dcdb6,Automated Publisher,Mon Jun 1 13:19:44 2020,"Automated publish: Mon Jun  1 03:19:44 UTC 2020 fd5b00de9c085eb7bf80f6986aa684dddde6c53f",   141, 1420 
fd5b00d,Jeff Triplett,Mon Jun 1 13:18:43 2020,":pencil: Disconnects cache",   1, 1, 1 
d2f9623,Jeff Triplett,Mon Jun 1 13:16:28 2020,":pencil: Fix action names",   1, 1, 1 
3f41622,Jeff Triplett,Mon Jun 1 13:15:16 2020,":fire: Delete force and ignore",   1, 1, 1 
1066491,Jeff Triplett,Mon Jun 1 13:10:52 2020,":pencil: Adds caching to actions",   1, 7 
b4f5ca3,Jeff Triplett,Mon Jun 1 13:10:38 2020,":pencil: Adds github action to sync-downtownlawrence",   1, 50 
96a6693,Jeff Triplett,Mon Jun 1 13:10:25 2020,":sparkles: Adds sync-downtownlawrence to track changes",   1, 33 
e9e3c97,Jeff Triplett,Mon Jun 1 13:08:49 2020,":arrow_up: Moves config to use pip-tools and adds bs4",   2, 49, 7 
4bc98b6,Automated Publisher,Sun May 31 06:31:36 2020,"Automated publish: Sat May 30 20:31:36 UTC 2020 8cad54d2619cbcf193a58679026574ea95327ce7",   1, 1, 1 
8cad54d,Jeff Triplett,Tue May 26 14:08:20 2020,":pencil: Lints class order",   1, 3, 3 
27551b0,Jeff Triplett,Tue May 26 11:40:54 2020,":pencil: Adds instant.page support",   1, 1 
8cb715b,Jeff Triplett,Tue May 26 11:30:25 2020,":tractor: Re-bakes assets",   2, 57, 5820 
a6bd443,Jeff Triplett,Tue May 26 11:28:38 2020,":pencil: Makes top sticky, switch to hamburger menu, shrink text on mobile",   3, 43, 37 
06ef1e8,Jeff Triplett,Tue May 26 08:01:28 2020,":art: Lowers table font size",   1, 8, 8 
40810cb,Jeff Triplett,Tue May 26 07:59:29 2020,":art: Drops font sizes a tad",   1, 9, 9 
9e730c5,Jeff Triplett,Tue May 26 07:46:42 2020,":art: Drop font size on address and hours",   1, 2, 2 
673be54,Automated Publisher,Tue May 26 07:46:38 2020,"Automated publish: Mon May 25 21:46:38 UTC 2020 2a90da3270bb0312b76be40b3ca5ad0e8ecae802",   6, 90, 14 
2a90da3,Jeff Triplett,Tue May 26 07:04:39 2020,":pencil: No line breaks on place name",   1, 1, 2 
e092bdd,Jeff Triplett,Tue May 26 06:13:57 2020,":tractor: More table layout changes",   6, 86395, 316 
428188e,Jeff Triplett,Tue May 26 05:27:30 2020,":pencil: Updates default css layout",   1, 2, 2 
b36d3b3,Jeff Triplett,Mon May 25 15:47:32 2020,":pencil: Updates nav on mobile",   1, 9, 9 
0e014bf,Jeff Triplett,Mon May 25 15:38:58 2020,":pencil: Updates layout",   1, 3, 3 
ce89ee6,Jeff Triplett,Mon May 25 15:31:18 2020,":pencil: Updates styles",   1, 19, 14 
8bfa3a9,Jeff Triplett,Mon May 25 15:29:33 2020,":bug: Fixes broken table layout",   1, 2, 2 
b82b04f,Jeff Triplett,Mon May 25 15:01:14 2020,":pencil: Fixes issue with too many cusines to display",   1, 4, 1 
9292f80,Jeff Triplett,Mon May 25 14:20:37 2020,":tractor: Adds custom assets",   6, 2339, 1 
0aa39bf,Automated Publisher,Sun May 24 05:31:36 2020,"Automated publish: Sat May 23 19:31:36 UTC 2020 7baa2595665a07f14cfeaa7105735139a05744b5",   1, 1, 1 
7baa259,Automated Publisher,Sat May 23 00:16:27 2020,"Automated publish: Fri May 22 14:16:27 UTC 2020 56d8dc89df57c59d6ed9e10e15106711dd464627",   1, 7, 7 
56d8dc8,Automated Publisher,Sun May 17 01:46:19 2020,"Automated publish: Sat May 16 15:46:19 UTC 2020 b0d034c60e6ea34a11de1a2cd4788d089aa41f79",   5, 16, 6 
b0d034c,Automated Publisher,Sun May 17 01:31:25 2020,"Automated publish: Sat May 16 15:31:25 UTC 2020 6f6db32fba69a50fc2384bd7e5dcaff89f857267",   1, 7, 5 
6f6db32,Automated Publisher,Sat May 16 06:46:36 2020,"Automated publish: Fri May 15 20:46:36 UTC 2020 37550113e053fd94110355a8003e925010475a3f",   1, 1, 1 
3755011,Automated Publisher,Sat May 16 06:16:42 2020,"Automated publish: Fri May 15 20:16:42 UTC 2020 7f4db66500d911db1ee745d81a8cf3ac9594e13b",   2, 36 
7f4db66,Automated Publisher,Fri May 15 10:02:58 2020,"Automated publish: Fri May 15 00:02:58 UTC 2020 aba9bf20fffc7da323d1068d72a8175d828342a6",   1, 8, 6 
aba9bf2,Automated Publisher,Fri May 15 04:01:55 2020,"Automated publish: Thu May 14 18:01:55 UTC 2020 8341b0009a49e2deb910fcdd4117ae2fbff38a10",   2, 15, 15 
8341b00,Automated Publisher,Wed May 6 01:16:28 2020,"Automated publish: Tue May  5 15:16:28 UTC 2020 656e91a1d67a36f7f63f18e8cf2a05c3077e2231",   2, 15, 7 
656e91a,Jeff Triplett,Sun May 3 04:13:12 2020,":tractor: Moves pages under _pages and updates links",   9, 53, 12 
0811997,Jeff Triplett,Sun May 3 04:02:52 2020,":art: Fixes table layout I broke",   2, 100, 143 
a0011b3,Jeff Triplett,Sun May 3 03:46:25 2020,":art: Updates tailwind and unfixes layout",   1, 3, 3 
97c044b,Jeff Triplett,Sun May 3 03:44:16 2020,":art: Fixes layout",   1, 7, 7 
42a695c,Jeff Triplett,Sat May 2 15:53:27 2020,":pencil: Adds lower()",   1, 1, 1 
7571221,Automated Publisher,Sat May 2 15:49:22 2020,"Automated publish: Sat May  2 05:49:22 UTC 2020 1000eeeda8ec69805c71537a2b471386e368c083",   45, 51, 48 
1000eee,Jeff Triplett,Sat May 2 15:48:27 2020,":pencil: Updates alises+cuisine logic",   2, 50, 25 
dba3c15,Jeff Triplett,Sat May 2 15:07:12 2020,":pencil: Fixes cuisine url",   1, 1, 1 
918f47c,Automated Publisher,Sat May 2 14:46:34 2020,"Automated publish: Sat May  2 04:46:34 UTC 2020 d8fcdf7153774d9531327ee96e16b16cd0c0fdde",   4, 9, 13 
d8fcdf7,Jeff Triplett,Sat May 2 14:05:33 2020,":pencil: Updates sort order",   1, 1, 1 
1e433be,Jeff Triplett,Sat May 2 14:05:21 2020,":art: Updates default table layout",   2, 67, 27 
f0ce7f9,Automated Publisher,Sat May 2 09:46:45 2020,"Automated publish: Fri May  1 23:46:45 UTC 2020 0316ea7a582368f82b10875c35a4c1b92c7d10cc",   2, 54 
0316ea7,Jeff Triplett,Sat May 2 00:18:30 2020,":art: Updates footer",   1, 6, 1 
636c8fe,Automated Publisher,Fri May 1 03:46:38 2020,"Automated publish: Thu Apr 30 17:46:38 UTC 2020 b84f935cb1e4aa239c6775de46d7c091993423a8",   2, 16, 12 
b84f935,Automated Publisher,Thu Apr 30 13:01:40 2020,"Automated publish: Thu Apr 30 03:01:40 UTC 2020 0c318a8163fb716cf5bacbd52dc0508955176604",   1, 1, 1 
0c318a8,Automated Publisher,Thu Apr 30 12:46:30 2020,"Automated publish: Thu Apr 30 02:46:30 UTC 2020 bdcc3cc312a7b4ece32d9d8b621b1748e803126f",   3, 42, 6 
bdcc3cc,Automated Publisher,Mon Apr 27 12:02:37 2020,"Automated publish: Mon Apr 27 02:02:37 UTC 2020 13fdb92af2ee64202c792b9f10c050421167d79b",   1, 4 
13fdb92,Automated Publisher,Mon Apr 27 11:46:28 2020,"Automated publish: Mon Apr 27 01:46:28 UTC 2020 8f53cd922cd997a61dbf90d1a01dc1a98d5f409f",   3, 24, 6 
8f53cd9,Automated Publisher,Sun Apr 26 06:02:08 2020,"Automated publish: Sat Apr 25 20:02:08 UTC 2020 a0772188c3e7fdf70a52861307675f44b6acfc6e",   1, 1, 1 
a077218,Automated Publisher,Sat Apr 25 14:16:33 2020,"Automated publish: Sat Apr 25 04:16:33 UTC 2020 3f392ffdaf2d60064b83e6fd1ff2fac767472e9f",   1, 3, 2 
3f392ff,Automated Publisher,Sat Apr 25 14:01:34 2020,"Automated publish: Sat Apr 25 04:01:34 UTC 2020 ea082afb155f74f98742465ecfd35212ee7c8c61",   2, 34 
ea082af,Automated Publisher,Sat Apr 25 03:16:21 2020,"Automated publish: Fri Apr 24 17:16:21 UTC 2020 6beb6f741fc002db1b5a3ba0910ec051d2e26358",   2, 15, 10 
6beb6f7,Automated Publisher,Sat Apr 25 03:01:39 2020,"Automated publish: Fri Apr 24 17:01:39 UTC 2020 4c5f0557726725e429107969676d81b40dca839a",   2, 29, 1 
4c5f055,Automated Publisher,Sat Apr 25 00:16:23 2020,"Automated publish: Fri Apr 24 14:16:23 UTC 2020 5b418189d91f80a4a90f3354cc30276b88610ca1",   1, 1, 1 
5b41818,Jeff Triplett,Fri Apr 24 13:03:40 2020,":art: Re-sorts css classes",   11, 93, 93 
49a4840,Jeff Triplett,Fri Apr 24 12:57:54 2020,":pencil: Updates layout",   1, 1, 2 
db44f9c,Automated Publisher,Fri Apr 24 09:46:38 2020,"Automated publish: Thu Apr 23 23:46:38 UTC 2020 4c8c9d2a7e54c210d4beffb28601e639bf0d9f0d",   2, 3, 3 
4c8c9d2,Automated Publisher,Fri Apr 24 02:31:20 2020,"Automated publish: Thu Apr 23 16:31:20 UTC 2020 298e071a951cc530ed9e6b5a9d293443e4266472",   1, 1, 1 
298e071,Automated Publisher,Fri Apr 24 01:41:06 2020,"Automated publish: Thu Apr 23 15:41:06 UTC 2020 e6cb39ee97c45948f28f3ad194c2a02aa7e61390",   1, 33 
e6cb39e,Automated Publisher,Fri Apr 24 00:31:14 2020,"Automated publish: Thu Apr 23 14:31:14 UTC 2020 47c5010a3793ec59b426fca58b876a60caf068b3",   2, 7, 5 
47c5010,Automated Publisher,Thu Apr 23 13:46:32 2020,"Automated publish: Thu Apr 23 03:46:32 UTC 2020 d32d6338b4e2d63ff06939245a1ca612e89b9771",   3, 10, 12 
d32d633,Automated Publisher,Thu Apr 23 13:31:42 2020,"Automated publish: Thu Apr 23 03:31:42 UTC 2020 8b78b0ad57d586ee388da399e1bec92ed42f4c89",   2, 9, 16 
8b78b0a,Automated Publisher,Thu Apr 23 12:46:46 2020,"Automated publish: Thu Apr 23 02:46:46 UTC 2020 146bfa717c248537bba5bada41f7fba47cfdd228",   4, 38, 2 
146bfa7,Automated Publisher,Thu Apr 23 12:32:59 2020,"Automated publish: Thu Apr 23 02:32:59 UTC 2020 07163903be4bcfd8f98838c3cac4a0ade4b93426",   1, 1, 1 
0716390,Automated Publisher,Thu Apr 23 07:31:26 2020,"Automated publish: Wed Apr 22 21:31:26 UTC 2020 bfdabc6244835aa5d4f1de7497dead1db15a744a",   1, 3, 3 
bfdabc6,Automated Publisher,Tue Apr 21 12:46:19 2020,"Automated publish: Tue Apr 21 02:46:19 UTC 2020 420440bc105481fcb5a578c88161f5311cd12c66",   1, 3, 5 
420440b,Automated Publisher,Tue Apr 21 11:16:36 2020,"Automated publish: Tue Apr 21 01:16:36 UTC 2020 e13bacd6e5054c79895a440cac6a73f6d990534e",   1, 1, 1 
e13bacd,Automated Publisher,Sat Apr 18 11:16:34 2020,"Automated publish: Sat Apr 18 01:16:34 UTC 2020 4e58143a3a77ea8e70fde273fb3d514a3bbf4eb6",   1, 4, 2 
4e58143,Automated Publisher,Sat Apr 18 11:01:37 2020,"Automated publish: Sat Apr 18 01:01:37 UTC 2020 67a8041589ddb443019ed33d2b0f1103f14ca1ab",   2, 40 
67a8041,Automated Publisher,Sat Apr 18 10:16:12 2020,"Automated publish: Sat Apr 18 00:16:12 UTC 2020 b562a384d22d505c7df22896058a165a35e5e0f6",   2, 33 
b562a38,Automated Publisher,Sat Apr 18 05:31:52 2020,"Automated publish: Fri Apr 17 19:31:52 UTC 2020 ac3b2c7060cfa53626c5340428962fe67b2a18b4",   1, 5, 3 
ac3b2c7,Automated Publisher,Sat Apr 18 03:46:23 2020,"Automated publish: Fri Apr 17 17:46:23 UTC 2020 a293e1a1baaf9fb1fda1e67e048d3dbe5e1da8d1",   1, 31 
a293e1a,Jeff Triplett,Sat Apr 18 01:00:33 2020,":handshake: Merge pull request #7 from adamfast/patch-1", 
92801a4,Automated Publisher,Fri Apr 17 09:46:24 2020,"Automated publish: Thu Apr 16 23:46:24 UTC 2020 62a8df65d981eed03a55e419868ae232b9abc37e",   2, 4, 4 
62a8df6,Automated Publisher,Fri Apr 17 09:31:24 2020,"Automated publish: Thu Apr 16 23:31:24 UTC 2020 7cd8dd38da9282289503141ebd448ab1fb2b0db0",   1, 7, 5 
7cd8dd3,Automated Publisher,Fri Apr 17 01:46:24 2020,"Automated publish: Thu Apr 16 15:46:24 UTC 2020 5615528001a9f9c871b664ed18e8cfe115d3baf7",   1, 10, 8 
5615528,Automated Publisher,Thu Apr 16 10:16:18 2020,"Automated publish: Thu Apr 16 00:16:18 UTC 2020 53b7cec1fb21c3edbc02eb947faa2af810c6ddbc",   1, 4, 4 
53b7cec,Automated Publisher,Thu Apr 16 08:01:47 2020,"Automated publish: Wed Apr 15 22:01:47 UTC 2020 0409ec967dcaed2d24602bc15d301f4e574f1867",   1, 2, 2 
0409ec9,Automated Publisher,Mon Apr 13 23:31:33 2020,"Automated publish: Mon Apr 13 13:31:33 UTC 2020 35188ea45100b102558da91764bfd676509e364a",   1, 1, 1 
35188ea,Automated Publisher,Mon Apr 13 11:31:46 2020,"Automated publish: Mon Apr 13 01:31:46 UTC 2020 106a3e4863009a97b7df228b175141a611b23dc6",   1, 1, 1 
106a3e4,Automated Publisher,Sat Apr 11 07:46:36 2020,"Automated publish: Fri Apr 10 21:46:36 UTC 2020 32690fc7a870ecbe31f5678c4ca0c3322d515a17",   2, 40 
32690fc,Automated Publisher,Fri Apr 10 07:46:15 2020,"Automated publish: Thu Apr  9 21:46:15 UTC 2020 2559e6a3719262abbc2778fe1c42b1df78f0823d",   2, 49, 6 
2559e6a,Automated Publisher,Tue Apr 7 10:16:18 2020,"Automated publish: Tue Apr  7 00:16:18 UTC 2020 27b0b0d423471f88f45cd45b8c5d894eb307488e",   1, 16, 6 
27b0b0d,Jeff Triplett,Mon Apr 6 14:37:43 2020,":pencil: Updates editorconfig defaults",   1, 7, 5 
744d4fe,Automated Publisher,Mon Apr 6 14:36:10 2020,"Automated publish: Mon Apr  6 04:36:10 UTC 2020 ee25ae8f7438582e59151b53923680c04563f7fe",   1, 6 
ee25ae8,Jeff Triplett,Mon Apr 6 14:35:10 2020,":pencil: Updates aliases",   1, 3 
cafa8b4,Jeff Triplett,Mon Apr 6 14:34:51 2020,":art: Adds placelayout",   1, 26, 23 
42c660e,Jeff Triplett,Mon Apr 6 14:34:37 2020,":pencil: Adds editorconfig",   1, 29 
258b7e2,Automated Publisher,Mon Apr 6 11:43:18 2020,"Automated publish: Mon Apr  6 01:43:18 UTC 2020 5f5f80dcee3daba06580a81256a139f71d23293b",   155, 562, 383 
5f5f80d,Jeff Triplett,Mon Apr 6 11:38:54 2020,":art: Updates place and neighborhood queries",   2, 2, 2 
bf7d3de,Jeff Triplett,Mon Apr 6 11:38:24 2020,":pencil: Updates sync",   1, 11, 5 
2c7e9f5,Jeff Triplett,Mon Apr 6 11:38:07 2020,":art: Updates layouts",   3, 5, 3 
309465b,Jeff Triplett,Mon Apr 6 11:37:20 2020,":art: Adds a few other serive industry resources",   1, 18, 7 
ddd89dc,Automated Publisher,Mon Apr 6 11:31:26 2020,"Automated publish: Mon Apr  6 01:31:26 UTC 2020 0eea28bec17f7b909c89becbe81e54b1feb08906",   5, 5, 5 
0eea28b,Automated Publisher,Mon Apr 6 11:16:17 2020,"Automated publish: Mon Apr  6 01:16:17 UTC 2020 77d63f9b7a32c3a468ba5e44a04f146d3489ad3e",   1, 2, 2 
77d63f9,Automated Publisher,Mon Apr 6 10:46:36 2020,"Automated publish: Mon Apr  6 00:46:36 UTC 2020 0b1ab3b9877a162a96d3597a3287033c55e75352",   3, 12, 2 
0b1ab3b,Automated Publisher,Mon Apr 6 06:01:56 2020,"Automated publish: Sun Apr  5 20:01:56 UTC 2020 eea7b60462a9a3edb64307a515d98033f9d06946",   29, 146, 27 
eea7b60,Automated Publisher,Mon Apr 6 05:47:02 2020,"Automated publish: Sun Apr  5 19:47:02 UTC 2020 64e716ff354616fd9d273d80d7d3e073f2210095",   20, 88, 15 
64e716f,Automated Publisher,Mon Apr 6 05:16:48 2020,"Automated publish: Sun Apr  5 19:16:48 UTC 2020 5e2da61d2696f823e18e9c1cc73bff87e0efb355",   3, 3, 3 
5e2da61,Automated Publisher,Sun Apr 5 23:43:56 2020,"Automated publish: Sun Apr  5 13:43:56 UTC 2020 5e37a1a5fccb445561aca01582b836fb0f0690aa",   153, 425 
5e37a1a,Jeff Triplett,Sun Apr 5 23:42:40 2020,":art: Adds neighborhood to table view",   1, 10, 1 
4e17c75,Jeff Triplett,Sun Apr 5 23:42:20 2020,":pencil: Adds slug support",   1, 4 
d6a8b82,Automated Publisher,Sun Apr 5 23:31:28 2020,"Automated publish: Sun Apr  5 13:31:28 UTC 2020 31998d5d884774bff4f8e2719891df456d7830d2",   1, 1, 3 
31998d5,Jeff Triplett,Sun Apr 5 15:57:53 2020,":pencil: Updates table format",   1, 22, 19 
4e9eab0,Jeff Triplett,Sun Apr 5 15:45:20 2020,":art: Updates debug template",   1, 3, 3 
467ca2e,Automated Publisher,Sun Apr 5 15:27:35 2020,"Automated publish: Sun Apr  5 05:27:35 UTC 2020 1c9571186261aefaf969894ec1efadf4734da83a",   33, 198 
1c95711,Jeff Triplett,Sun Apr 5 15:26:45 2020,":pencil: Updats sync command",   1, 15, 15 
adb3729,Automated Publisher,Sun Apr 5 15:23:18 2020,"Automated publish: Sun Apr  5 05:23:18 UTC 2020 380700fd2ab0e687587b9f68dba6485610b87d58",   53, 77, 227 
380700f,Jeff Triplett,Sun Apr 5 15:21:40 2020,":pencil: Updates sync",   3, 103, 13 
2355764,Jeff Triplett,Sun Apr 5 14:15:28 2020,":art: Updates debug template",   1, 40 
3861850,Jeff Triplett,Sun Apr 5 14:15:20 2020,":art: Updates spacing",   2, 6, 10 
a677ac0,Jeff Triplett,Sun Apr 5 13:49:36 2020,":pencil: Updates cuisine places size",   1, 1, 1 
bccb4b8,Automated Publisher,Sun Apr 5 13:47:33 2020,"Automated publish: Sun Apr  5 03:47:33 UTC 2020 0a66ffc0b5b2aad5186097b4e4945d00993b01c2",   68, 136, 136 
0a66ffc,Jeff Triplett,Sun Apr 5 13:46:37 2020,":pencil: Updates sync script",   1, 6, 9 
14a0db2,Jeff Triplett,Sun Apr 5 13:46:27 2020,":art: Updates c & n templates",   2, 16, 2 
2644d12,Jeff Triplett,Sun Apr 5 13:19:10 2020,":art: Fixes neighborhood template",   1, 1, 1 
db419f5,Jeff Triplett,Sun Apr 5 13:12:50 2020,":art: Re-factor templates to use external tables",   5, 108, 245 
c5cbf70,Automated Publisher,Sun Apr 5 10:31:52 2020,"Automated publish: Sun Apr  5 00:31:52 UTC 2020 7f031e7d87bf12d39d0136dc2c465bee2e5e8788",   1, 1, 1 
7f031e7,Jeff Triplett,Sun Apr 5 10:24:07 2020,":art: Adjusts templates",   4, 35, 15 
037c328,Automated Publisher,Sun Apr 5 10:16:44 2020,"Automated publish: Sun Apr  5 00:16:44 UTC 2020 cdbe8fb68bc4cddddf800dcfd1cb1c685249b23a",   1, 1, 1 
cdbe8fb,Automated Publisher,Sun Apr 5 10:02:08 2020,"Automated publish: Sun Apr  5 00:02:08 UTC 2020 aaf5bb723181b02e855cea68b222f5d874f2efc1",   2, 1, 7 
aaf5bb7,Automated Publisher,Sun Apr 5 07:38:42 2020,"Automated publish: Sat Apr  4 21:38:42 UTC 2020 60f1fa0cb6e5edd177615c2de2becfa9861899b0",   224, 224 
60f1fa0,Jeff Triplett,Sun Apr 5 07:37:02 2020,":fire: Remove from sitemap",   1, 4 
69d6882,Automated Publisher,Sun Apr 5 07:26:19 2020,"Automated publish: Sat Apr  4 21:26:19 UTC 2020 9b4c78676eb7dba78023292be6e3f04566d32257",   95, 281, 97 
9b4c786,Jeff Triplett,Sun Apr 5 07:25:30 2020,":pencil: Slight cuisine cleanup",   1, 3, 2 
74fb76a,Jeff Triplett,Sun Apr 5 07:16:54 2020,":fire: Adds cleanup cuisines and neighborhoods",   1, 2 
fa446dd,Jeff Triplett,Sun Apr 5 07:15:42 2020,":pencil: More cuisines and neighborhoods",   5, 70, 2 
9a90f70,Automated Publisher,Sun Apr 5 07:03:37 2020,"Automated publish: Sat Apr  4 21:03:37 UTC 2020 4e9eb7f6e973b96b719c44ee4c37aff67718076b",   69, 345 
4e9eb7f,Jeff Triplett,Sun Apr 5 07:01:59 2020,":pencil: Updates index layout",   1, 5, 1 
364a5b0,Jeff Triplett,Sun Apr 5 07:01:43 2020,":tractor: Re-factors sync and actions to support new collection types",   3, 85, 5 
2d8854d,Jeff Triplett,Sun Apr 5 07:01:21 2020,":art: draft place template",   1, 60, 7 
3865df1,Jeff Triplett,Sun Apr 5 07:00:58 2020,":sparkles: Adds cuisine and neighborhoods",   1, 10 
65138e8,Automated Publisher,Sun Apr 5 06:46:33 2020,"Automated publish: Sat Apr  4 20:46:33 UTC 2020 c1ddc866b0d0ef6c2ca2a200ce4d1194bef709f9",   2, 2, 2 
c1ddc86,Automated Publisher,Sun Apr 5 05:31:35 2020,"Automated publish: Sat Apr  4 19:31:35 UTC 2020 362b5e6a172da43bb14e59f4db8561e54b8312b6",   3, 5, 5 
362b5e6,Automated Publisher,Fri Apr 3 14:16:12 2020,"Automated publish: Fri Apr  3 04:16:12 UTC 2020 7c87f48014d7932ea1817e9f731c7f55632a531e",   1, 10, 6 
7c87f48,Automated Publisher,Fri Apr 3 14:01:36 2020,"Automated publish: Fri Apr  3 04:01:36 UTC 2020 3e4af058898081e6535229cbff497baec2398788",   1, 22 
3e4af05,Automated Publisher,Thu Apr 2 05:16:19 2020,"Automated publish: Wed Apr  1 19:16:19 UTC 2020 ef55d50b1a680a4800131e346659dbf79058816b",   1, 1, 1 
ef55d50,Automated Publisher,Wed Apr 1 14:01:32 2020,"Automated publish: Wed Apr  1 04:01:32 UTC 2020 094a94ecfb5c3a2bb1d21e19ab86dfb8690ac5ad",   1, 1, 1 
094a94e,Automated Publisher,Wed Apr 1 13:46:40 2020,"Automated publish: Wed Apr  1 03:46:40 UTC 2020 590fee2983801b167323776a209fe9473d4d4493",   1, 4, 4 
590fee2,Automated Publisher,Tue Mar 31 10:46:34 2020,"Automated publish: Tue Mar 31 00:46:34 UTC 2020 2b804982238d6bdc60f439502c37b0622ad4b809",   1, 3, 3 
2b80498,Automated Publisher,Tue Mar 31 03:01:25 2020,"Automated publish: Mon Mar 30 17:01:25 UTC 2020 c19ab601ad2ef186bcde20383c1907683ac43e2b",   1, 22 
c19ab60,Automated Publisher,Tue Mar 31 02:01:44 2020,"Automated publish: Mon Mar 30 16:01:44 UTC 2020 4f234351821ea99fe27df08dc979996afd3c2ca2",   2, 12, 31 
4f23435,Automated Publisher,Tue Mar 31 01:46:41 2020,"Automated publish: Mon Mar 30 15:46:41 UTC 2020 ea1f11d131689133aab9eda2f78d9f4444d370ec",   1, 22 
ea1f11d,Automated Publisher,Mon Mar 30 22:31:22 2020,"Automated publish: Mon Mar 30 12:31:22 UTC 2020 ddd255d85383bbb6b8ba9494730385853625e67b",   1, 4, 3 
ddd255d,Automated Publisher,Mon Mar 30 12:31:27 2020,"Automated publish: Mon Mar 30 02:31:27 UTC 2020 ac9806600a12a8612db2f24b80d549a68ac7ad30",   3, 52, 22 
ac98066,Automated Publisher,Mon Mar 30 11:16:44 2020,"Automated publish: Mon Mar 30 01:16:44 UTC 2020 3708975aa7e4c43709190d4e14e0865e5a75ec33",   1, 1, 1 
3708975,Automated Publisher,Mon Mar 30 11:01:45 2020,"Automated publish: Mon Mar 30 01:01:45 UTC 2020 1218add8f080ba4bb32e559356efa21eb05c60e7",   1, 2, 2 
1218add,Automated Publisher,Mon Mar 30 06:46:25 2020,"Automated publish: Sun Mar 29 20:46:25 UTC 2020 fe8b647586035098677dd72152b4efbb71225433",   1, 7, 5 
fe8b647,Automated Publisher,Sun Mar 29 10:31:37 2020,"Automated publish: Sun Mar 29 00:31:37 UTC 2020 9624d131ec3e2a2116265a6deb73e4247cc0fd65",   2, 47 
9624d13,Jeff Triplett,Sun Mar 29 05:11:29 2020,":art: Adds some highlights around add business",   2, 10, 12 
6f19ef1,Jeff Triplett,Sun Mar 29 03:56:28 2020,":pencil: Adds COVID-19 and food safety links",   1, 16 
18b048b,Automated Publisher,Sat Mar 28 08:31:16 2020,"Automated publish: Fri Mar 27 22:31:16 UTC 2020 12b5c50aa155fd5f2595c1f923f6fc29a425b6ab",   1, 2, 2 
12b5c50,Automated Publisher,Sat Mar 28 08:01:38 2020,"Automated publish: Fri Mar 27 22:01:38 UTC 2020 4b37288f51f895123d8b294bf24bc80accd39984",   1, 1, 1 
4b37288,Jeff Triplett,Sat Mar 28 04:55:42 2020,":fire: Removes class from rows",   1, 1, 1 
6ae938c,Automated Publisher,Sat Mar 28 00:32:01 2020,"Automated publish: Fri Mar 27 14:32:01 UTC 2020 5b43f35310a526c306c98ef307f92743c259cb3d",   1, 4, 2 
5b43f35,Jeff Triplett,Sat Mar 28 00:16:13 2020,":pencil: Updates copy",   1, 1, 1 
6988887,Jeff Triplett,Fri Mar 27 23:36:23 2020,":art: Fixes missing spam tag",   1, 1 
104afd8,Jeff Triplett,Fri Mar 27 23:32:29 2020,":art: Delivery cleanup",   1, 4, 4 
cfa205e,Automated Publisher,Fri Mar 27 23:31:45 2020,"Automated publish: Fri Mar 27 13:31:45 UTC 2020 2f51b1946cfd186558c322cce73a151d7629cdd8",   7, 7, 7 
2f51b19,Jeff Triplett,Fri Mar 27 14:01:13 2020,":art: Adds right padding",   1, 2, 2 
8831f27,Automated Publisher,Fri Mar 27 13:56:15 2020,"Automated publish: Fri Mar 27 03:56:15 UTC 2020 b929bc3b8bbb2707a762c45a28667a554e3e1791",   150, 636 
b929bc3,Jeff Triplett,Fri Mar 27 13:54:12 2020,":tractor: Refactors sync to add ordering options",   1, 51, 1 
258aaec,Jeff Triplett,Fri Mar 27 13:53:32 2020,":art: Updates templates",   4, 160, 10 
27277b6,Automated Publisher,Fri Mar 27 07:01:57 2020,"Automated publish: Thu Mar 26 21:01:57 UTC 2020 6192b42cd44641777ebeb41a3ff93fbe65c197fa",   1, 1, 1 
6192b42,Automated Publisher,Fri Mar 27 05:31:41 2020,"Automated publish: Thu Mar 26 19:31:41 UTC 2020 e365c6da8f6ece9c7d982f0c4b1789b6968be890",   4, 5, 5 
e365c6d,Automated Publisher,Fri Mar 27 03:31:24 2020,"Automated publish: Thu Mar 26 17:31:24 UTC 2020 2fd5d9a4bf326ef5411a685efdd4ed07cc875166",   2, 2, 2 
2fd5d9a,Automated Publisher,Fri Mar 27 03:16:19 2020,"Automated publish: Thu Mar 26 17:16:19 UTC 2020 2a73a3949b128f2f9dc914f2feb6a47dec45d59a",   2, 2, 2 
2a73a39,Automated Publisher,Fri Mar 27 00:31:37 2020,"Automated publish: Thu Mar 26 14:31:37 UTC 2020 8cec3acecc90ba290759d3850964471c5c6a7a32",   1, 4, 4 
8cec3ac,Automated Publisher,Fri Mar 27 00:16:32 2020,"Automated publish: Thu Mar 26 14:16:32 UTC 2020 f31cd00b176c7ee59d84edca866f9b30f9cf92a7",   1, 20 
f31cd00,Automated Publisher,Thu Mar 26 13:16:38 2020,"Automated publish: Thu Mar 26 03:16:38 UTC 2020 2ed4aae2b81a54b8cf602ccd7abbbecb4ef8202f",   4, 4, 4 
2ed4aae,Automated Publisher,Thu Mar 26 13:01:37 2020,"Automated publish: Thu Mar 26 03:01:37 UTC 2020 bec45d2ae0d4a7bd79e58fb0857f466d1a695aed",   1, 1, 1 
bec45d2,Automated Publisher,Thu Mar 26 10:46:18 2020,"Automated publish: Thu Mar 26 00:46:18 UTC 2020 e4f668b62fc376bb58d839892f08228705391c6b",   4, 7, 7 
e4f668b,Automated Publisher,Thu Mar 26 05:31:28 2020,"Automated publish: Wed Mar 25 19:31:28 UTC 2020 dea209e460fb68b45a5e03dec360160af2935386",   1, 9, 8 
dea209e,Automated Publisher,Thu Mar 26 05:16:27 2020,"Automated publish: Wed Mar 25 19:16:27 UTC 2020 129e72a98a277d3d6822d62f0c1aec41d5011e5d",   1, 1, 1 
129e72a,Automated Publisher,Thu Mar 26 05:01:45 2020,"Automated publish: Wed Mar 25 19:01:45 UTC 2020 1e0e55b54ead3b1ac238e8d650c980dc5ff00494",   1, 1, 1 
1e0e55b,Automated Publisher,Thu Mar 26 04:46:26 2020,"Automated publish: Wed Mar 25 18:46:26 UTC 2020 57615cce69edd73c33a00b3d3ff38ebd6d6661c7",   2, 3, 3 
57615cc,Automated Publisher,Thu Mar 26 01:31:30 2020,"Automated publish: Wed Mar 25 15:31:30 UTC 2020 54868eebef3944431e8508d05b6e5684ae2b82d5",   2, 23, 20 
54868ee,Automated Publisher,Thu Mar 26 01:16:21 2020,"Automated publish: Wed Mar 25 15:16:21 UTC 2020 c33f150c61d181e4806686f71563b81e0ae4d10e",   2, 40 
c33f150,Automated Publisher,Thu Mar 26 00:46:21 2020,"Automated publish: Wed Mar 25 14:46:21 UTC 2020 9ee0155aab1693b81879c052bfa7992708518d0d",   4, 4, 4 
9ee0155,Automated Publisher,Wed Mar 25 23:46:14 2020,"Automated publish: Wed Mar 25 13:46:14 UTC 2020 b761221413bd75d30bfd2bdbc849bcce31335ef7",   1, 20 
b761221,Automated Publisher,Wed Mar 25 14:31:18 2020,"Automated publish: Wed Mar 25 04:31:18 UTC 2020 90e59b7513e9861e9337daf30dbbd57be3748f67",   1, 1, 1 
90e59b7,Automated Publisher,Wed Mar 25 14:16:25 2020,"Automated publish: Wed Mar 25 04:16:25 UTC 2020 3dadd0b3c2ba09df9e83ef8feec2a42e8bd57063",   1, 6, 6 
3dadd0b,Automated Publisher,Wed Mar 25 14:01:32 2020,"Automated publish: Wed Mar 25 04:01:32 UTC 2020 b5d137515171b99429183b5be2b742f7aecd87cb",   6, 25, 5 
b5d1375,Automated Publisher,Wed Mar 25 10:16:49 2020,"Automated publish: Wed Mar 25 00:16:49 UTC 2020 a586ac02ff4b5a9d28a8cec6dd6bf637efb1b419",   1, 20 
a586ac0,Automated Publisher,Wed Mar 25 09:46:15 2020,"Automated publish: Tue Mar 24 23:46:15 UTC 2020 70f487bede67a4670e16ee04b67bd86a93e97698",   1, 1, 1 
70f487b,Automated Publisher,Wed Mar 25 08:46:34 2020,"Automated publish: Tue Mar 24 22:46:34 UTC 2020 405cb987ef4d7e16e7bc37991cc94ceb59f0bada",   1, 1, 1 
405cb98,Automated Publisher,Wed Mar 25 05:31:39 2020,"Automated publish: Tue Mar 24 19:31:39 UTC 2020 239a5b390481e33731e3cd72020d7c4e4adb7516",   1, 22 
239a5b3,Automated Publisher,Tue Mar 24 12:01:43 2020,"Automated publish: Tue Mar 24 02:01:43 UTC 2020 3290aec0241440d25749dc95b3e769af1fcd9d9b",   1, 2, 2 
3290aec,Automated Publisher,Tue Mar 24 10:46:12 2020,"Automated publish: Tue Mar 24 00:46:12 UTC 2020 d2e3e3a23cc8cbb2cebb86ea720936ac53ea454b",   2, 40 
d2e3e3a,Automated Publisher,Tue Mar 24 06:46:21 2020,"Automated publish: Mon Mar 23 20:46:21 UTC 2020 550cef9aad96a4fe7c72bc0a1ed128310c0a7ae2",   1, 1, 1 
550cef9,Automated Publisher,Tue Mar 24 05:46:25 2020,"Automated publish: Mon Mar 23 19:46:25 UTC 2020 4e9e637a853652375b2804d998bf33b369e6830b",   1, 1, 1 
4e9e637,Automated Publisher,Tue Mar 24 01:16:23 2020,"Automated publish: Mon Mar 23 15:16:23 UTC 2020 7674322483d80b9034f21e09ff9ade5ae5c3f817",   1, 23 
7674322,Jeff Triplett,Tue Mar 24 00:22:51 2020,":art: Fixes hanging spaces on links",   2, 6, 12 
ffb4aaf,Jeff Triplett,Mon Mar 23 13:28:31 2020,":pencil: Better spreadsheet value/column handling",   1, 57, 23 
d9ac412,Automated Publisher,Mon Mar 23 13:01:52 2020,"Automated publish: Mon Mar 23 03:01:52 UTC 2020 4501eddfc25cd980f853465abacf888f90918df9",   1, 1, 1 
4501edd,Automated Publisher,Mon Mar 23 12:46:37 2020,"Automated publish: Mon Mar 23 02:46:37 UTC 2020 e83746fb41483bf523e14c88dc941cca63237855",   1, 1, 1 
e83746f,Automated Publisher,Mon Mar 23 09:46:21 2020,"Automated publish: Sun Mar 22 23:46:21 UTC 2020 338013b0d09a17e5b037eb8062679163d21964ec",   1, 22 
338013b,Jeff Triplett,Mon Mar 23 06:09:52 2020,":art: Updates phone number for giftcard businesses",   1, 8 
ede4de9,Jeff Triplett,Mon Mar 23 06:02:46 2020,":art: Add closed business reference to homepage",   1, 16 
a8633a2,Jeff Triplett,Mon Mar 23 06:02:30 2020,":pencil: Ignore README.md",   1, 1 
4cae1c9,Jeff Triplett,Mon Mar 23 05:53:49 2020,":pencil: Updates email address to add +lfk",   2, 2, 4 
8200674,Automated Publisher,Mon Mar 23 05:46:24 2020,"Automated publish: Sun Mar 22 19:46:24 UTC 2020 8bdb393cf53d6815e22e1c900206cfe557659308",   4, 4, 4 
8bdb393,Automated Publisher,Mon Mar 23 05:40:02 2020,"Automated publish: Sun Mar 22 19:40:02 UTC 2020 ec218439062a6ccf360f90b2d38b3d5bebc44cdc",   139, 147, 12 
ec21843,Jeff Triplett,Mon Mar 23 05:38:29 2020,":pencil: Adds giftcard_notes to spreadsheet",   1, 1 
c0c8aaf,Automated Publisher,Mon Mar 23 05:31:37 2020,"Automated publish: Sun Mar 22 19:31:37 UTC 2020 e5727ac9a853adf0d404d3e22d7fbecc0cdb6264",   1, 1, 1 
e5727ac,Jeff Triplett,Mon Mar 23 05:26:19 2020,":art: Adds giftcard info to closed businesses",   1, 7, 13 
0630ecd,Automated Publisher,Mon Mar 23 05:21:21 2020,"Automated publish: Sun Mar 22 19:21:21 UTC 2020 d664af280c433a0e25aa9a4e37abb74d90b362ce",   139, 278 
d664af2,Jeff Triplett,Mon Mar 23 05:20:24 2020,":pencil: Adds giftcard and giftcard_url to places format",   1, 2 
8d75605,Automated Publisher,Mon Mar 23 05:09:23 2020,"Automated publish: Sun Mar 22 19:09:23 UTC 2020 92c7bd0e791f270b301d039ca0d079d0c8994990",   139, 0, 0 
92c7bd0,Jeff Triplett,Mon Mar 23 05:08:23 2020,":hammer: Changes place filenames to name + address to avoid dupes",   1, 3, 2 
8da4e7f,Jeff Triplett,Mon Mar 23 05:01:17 2020,":art: Adds a basic closed page",   1, 137 
1622374,Jeff Triplett,Mon Mar 23 04:48:48 2020,":pencil: Sort-of adds alpine.js",   1, 3 
f72b031,Automated Publisher,Mon Mar 23 02:31:40 2020,"Automated publish: Sun Mar 22 16:31:40 UTC 2020 01188bd428fbf755c79b6096fd39fc7b1ba39cf9",   2, 6, 6 
01188bd,Automated Publisher,Mon Mar 23 01:31:29 2020,"Automated publish: Sun Mar 22 15:31:29 UTC 2020 5801c4c61385f8489706e0a599aa021969f7204b",   1, 2, 2 
5801c4c,Automated Publisher,Mon Mar 23 01:16:29 2020,"Automated publish: Sun Mar 22 15:16:29 UTC 2020 9573b3282cc7b1e75325a7cf72e01bbf6b010695",   1, 1, 1 
9573b32,Jeff Triplett,Mon Mar 23 00:34:42 2020,":handshake: Merge pull request #6 from GregKaleka/patch-1", 
76276c8,Jeff Triplett,Mon Mar 23 00:32:39 2020,":pencil: More docs",   1, 55 
00f6f09,Jeff Triplett,Sun Mar 22 23:44:06 2020,":pencil: Adds Place named anchor slug (for linking)",   1, 1, 1 
ea4f2e3,Automated Publisher,Sun Mar 22 14:31:20 2020,"Automated publish: Sun Mar 22 04:31:20 UTC 2020 12e0c7f74d2948a2d9f927eed41d6f8bcb8da735",   1, 17 
12e0c7f,Jeff Triplett,Sun Mar 22 14:09:23 2020,":pencil: Sort-of better docs",   1, 27, 3 
67b9996,Jeff Triplett,Sun Mar 22 14:07:50 2020,":pencil: Adds better docs inside of script.py",   1, 61, 5 
1fcf16c,Jeff Triplett,Sun Mar 22 11:50:47 2020,":art: Updates head elements",   1, 13, 1 
fec2128,Automated Publisher,Sun Mar 22 13:46:19 2020,"Automated publish: Sun Mar 22 03:46:19 UTC 2020 a9ff673343e470fa30b232e7f34f7fe7a22e1e3a",   1, 21 
a9ff673,Jeff Triplett,Sun Mar 22 11:44:20 2020,":gear: Updates config",   1, 1, 30 
3b09efa,Automated Publisher,Sun Mar 22 10:31:40 2020,"Automated publish: Sun Mar 22 00:31:40 UTC 2020 de6214ec0ec693fb592c2742e059c6009a0616b0",   2, 34 
de6214e,Automated Publisher,Sun Mar 22 10:16:38 2020,"Automated publish: Sun Mar 22 00:16:38 UTC 2020 6a22e6946ea3e55a6977bbeb6fbbbca643837159",   1, 21 
6a22e69,Automated Publisher,Sun Mar 22 09:31:31 2020,"Automated publish: Sat Mar 21 23:31:31 UTC 2020 e95ce7a37dea0ae512edc9112bff580f7839931f",   4, 38, 2 
e95ce7a,Automated Publisher,Sun Mar 22 08:46:26 2020,"Automated publish: Sat Mar 21 22:46:26 UTC 2020 3eceb2cda882c241bad541bb095f74badb6672fa",   1, 6, 4 
3eceb2c,Automated Publisher,Sun Mar 22 08:31:35 2020,"Automated publish: Sat Mar 21 22:31:35 UTC 2020 2cc8d0e8e4a9594723d9c0f9c3f355530a13b2a5",   1, 17 
2cc8d0e,Automated Publisher,Sun Mar 22 07:46:32 2020,"Automated publish: Sat Mar 21 21:46:32 UTC 2020 94d1ae5eab847d5dcaf9b0c018e449810c355213",   1, 1, 1 
94d1ae5,Automated Publisher,Sun Mar 22 07:31:23 2020,"Automated publish: Sat Mar 21 21:31:23 UTC 2020 86695c5f02434ab750bff82421210dbd6d29de2d",   1, 1, 1 
86695c5,Jeff Triplett,Sun Mar 22 06:43:22 2020,":pencil: updates README",   1, 2, 1 
afa936b,Jeff Triplett,Sun Mar 22 06:41:29 2020,":art: Another format change",   1, 18, 14 
942acba,Jeff Triplett,Sun Mar 22 06:36:05 2020,":art: Layout changes",   3, 78, 52 
683d2f3,Jeff Triplett,Sun Mar 22 06:00:19 2020,":pencil: Adds README",   1, 39 
6cfe729,Automated Publisher,Sun Mar 22 06:31:22 2020,"Automated publish: Sat Mar 21 20:31:22 UTC 2020 436b42f88a06bb1c2b3c195daf2e92d6dbc4ab79",   1, 12, 10 
436b42f,Automated Publisher,Sun Mar 22 06:16:22 2020,"Automated publish: Sat Mar 21 20:16:22 UTC 2020 e99d288684c1c92eb71506255d493893ff0ea49e",   1, 17 
e99d288,Automated Publisher,Sun Mar 22 05:16:43 2020,"Automated publish: Sat Mar 21 19:16:43 UTC 2020 47e8e79ba4df10784379dd643c80a7667456d0fa",   1, 17 
47e8e79,Automated Publisher,Sun Mar 22 05:01:48 2020,"Automated publish: Sat Mar 21 19:01:48 UTC 2020 35b986c3433681f53a5bfe4ff2595c0bd7aed3f3",   2, 2, 2 
35b986c,Automated Publisher,Sun Mar 22 04:46:46 2020,"Automated publish: Sat Mar 21 18:46:46 UTC 2020 f2daf040eff5340e0a63b94e7837aa8af9408273",   1, 1, 1 
f2daf04,Automated Publisher,Sun Mar 22 04:01:43 2020,"Automated publish: Sat Mar 21 18:01:43 UTC 2020 682974ef36e99b569039bf5d6e2a6be4173e017b",   1, 1, 1 
682974e,Automated Publisher,Sun Mar 22 03:57:09 2020,"Automated publish: Sat Mar 21 17:57:09 UTC 2020 238f82237d8b00583624ef9a5f468213c9ac0645",   1, 19 
238f822,Jeff Triplett,Sun Mar 22 03:56:18 2020,":pencil: Adds step to prune old places",   1, 4 
abe37be,Jeff Triplett,Sun Mar 22 03:30:04 2020,":robot: Update places",   2, 7, 7 
672e598,Jeff Triplett,Sun Mar 22 03:24:51 2020,":tractor: Updates field order",   1, 8, 8 
6575263,Automated Publisher,Sun Mar 22 03:16:38 2020,"Automated publish: Sat Mar 21 17:16:38 UTC 2020 07db5358d0fc621fbfddbbd84fbd0f466228483b",   2, 7, 9 
07db535,Automated Publisher,Sun Mar 22 02:49:32 2020,"Automated publish: Sat Mar 21 16:49:32 UTC 2020 40b98c6e315d17225a6fd0bea486a9340914b26e",   21, 21, 21 
40b98c6,Jeff Triplett,Sun Mar 22 02:43:09 2020,":hammer: Updates actions to only run on master and tidies up",   1, 9, 8 
aef099c,Jeff Triplett,Sun Mar 22 02:36:21 2020,":pencil: Adds schedule",   1, 5, 1 
c523de6,Automated Publisher,Sun Mar 22 02:34:55 2020,"Automated publish: Sat Mar 21 16:34:55 UTC 2020 61210dcefb26064e2eeb6e1574a7f06f651faf1e",   1, 4, 4 
61210dc,Jeff Triplett,Sun Mar 22 02:34:11 2020,":handshake: Merge pull request #3 from jefftriplett/develop", 
c48d50d,Jeff Triplett,Sun Mar 22 01:40:06 2020,":robot: Update places",   3, 55 
8f79932,Jeff Triplett,Sun Mar 22 01:36:58 2020,":robot: Update places",   2, 9, 5 
b4ad749,Jeff Triplett,Sat Mar 21 14:56:24 2020,":pencil: Updates my default sheet name",   1, 1, 1 
a3572b7,Jeff Triplett,Sat Mar 21 14:17:56 2020,":fire: Removes unused files",   2, 481 
0426caf,Jeff Triplett,Sat Mar 21 14:05:36 2020,":pencil: Updated command format",   2, 4, 4 
6b33df2,Jeff Triplett,Sat Mar 21 13:40:54 2020,":art: Bumps the top padding on hours",   1, 2, 2 
f63f68a,Jeff Triplett,Sat Mar 21 13:28:45 2020,":robot: Update places",   1, 18 
0fafeab,Jeff Triplett,Sat Mar 21 12:55:26 2020,":robot: Update places",   1, 1, 1 
4a65216,Jeff Triplett,Sat Mar 21 12:42:50 2020,":robot: Update places",   2, 34 
bb704e4,Jeff Triplett,Sat Mar 21 12:31:55 2020,":robot: Update places",   1, 17 
c695999,Jeff Triplett,Sat Mar 21 12:15:16 2020,":sparkles: Initial Action (#2)",   18, 762, 22 
c28004b,Jeff Triplett,Sat Mar 21 09:29:06 2020,":robot: Update places",   1, 4, 4 
b2002dc,Jeff Triplett,Sat Mar 21 09:21:49 2020,":robot: Update places",   4, 97 
6e4aaf2,Jeff Triplett,Sat Mar 21 08:41:43 2020,":robot: Update places",   1, 1, 1 
e3675aa,Jeff Triplett,Sat Mar 21 07:43:33 2020,":robot: Update places",   1, 1, 1 
cc3f357,Jeff Triplett,Sat Mar 21 06:45:24 2020,":robot: Update places",   14, 17, 17 
15bb8e8,Jeff Triplett,Sat Mar 21 06:37:35 2020,":robot: Update places",   18, 28, 28 
86ffe9a,Jeff Triplett,Sat Mar 21 06:18:31 2020,":robot: Update places",   6, 9, 7 
b969916,Jeff Triplett,Sat Mar 21 06:06:29 2020,":robot: Update places",   46, 64, 64 
4fc0052,Jeff Triplett,Sat Mar 21 05:15:03 2020,":robot: Updates places",   1, 32 
c342d56,Jeff Triplett,Sat Mar 21 05:12:15 2020,":robot: Updates places",   7, 7, 7 
dd67527,Jeff Triplett,Sat Mar 21 04:44:28 2020,":robot: Updates places",   7, 8, 8 
4357e9b,Jeff Triplett,Sat Mar 21 04:39:37 2020,":robot: Updates places",   11, 37, 26 
91c11f7,Jeff Triplett,Sat Mar 21 04:15:31 2020,":robot: Updates places",   59, 85, 74 
1f01283,Jeff Triplett,Sat Mar 21 03:55:55 2020,":robot: Updates places",   28, 44, 27 
f3c87cd,Jeff Triplett,Sat Mar 21 03:48:36 2020,":art: Adds hours of operation back",   1, 3 
62bc65e,Jeff Triplett,Sat Mar 21 03:37:09 2020,":robot: Updates places",   1, 2, 2 
3e794f1,Jeff Triplett,Sat Mar 21 03:13:08 2020,":robot: Updates places",   11, 11, 11 
c8cff1e,Jeff Triplett,Sat Mar 21 03:08:08 2020,":robot: Updates places",   19, 21, 21 
912e884,Jeff Triplett,Sat Mar 21 03:03:18 2020,":robot: Updates places",   50, 63, 63 
97904d2,Jeff Triplett,Sat Mar 21 02:49:08 2020,":robot: Updates places",   11, 12, 12 
9d29aa5,Jeff Triplett,Sat Mar 21 02:45:26 2020,":robot: Updates places",   3, 7, 7 
e583bfb,Jeff Triplett,Sat Mar 21 02:38:43 2020,":art: Adds another LFK shout out",   1, 10, 1 
9bc7fb8,Jeff Triplett,Sat Mar 21 02:35:41 2020,":robot: Place updates",   2, 2, 21 
886b2f6,Jeff Triplett,Sat Mar 21 02:32:39 2020,":art: Homepage updates",   1, 5, 3 
76b8c1a,Jeff Triplett,Sat Mar 21 02:32:21 2020,":robot: Place updates",   109, 1433, 118 
56ee637,Jeff Triplett,Sat Mar 21 00:35:56 2020,":robot: Updates",   18, 59, 23 
a88eb9a,Jeff Triplett,Fri Mar 20 23:45:11 2020,":pencil: Fixed broken templates",   1, 1, 1 
78b971f,Jeff Triplett,Fri Mar 20 23:44:07 2020,":pencil: Updates Leeways",   1, 3, 3 
ff099c7,Jeff Triplett,Fri Mar 20 23:42:22 2020,":pencil: Adds Leeway Butcher",   1, 16 
8df90af,Jeff Triplett,Fri Mar 20 23:38:53 2020,":pencil: Updates LBC order url",   1, 1, 1 
c509ed3,Jeff Triplett,Fri Mar 20 23:38:21 2020,":art: Adds website template back in",   1, 2 
51ac6fc,Jeff Triplett,Fri Mar 20 23:36:59 2020,":pencil: Adds Barker and order info for Uplift",   2, 21, 1 
1aa24ad,Jeff Triplett,Fri Mar 20 15:26:31 2020,":art: Add GitHub info",   1, 3, 1 
d06a0d0,Jeff Triplett,Fri Mar 20 15:24:03 2020,":art: Updates all the things",   1, 9, 2 
ce841bd,Jeff Triplett,Fri Mar 20 15:16:46 2020,":art: Updates template",   1, 9, 2 
12458fd,Jeff Triplett,Fri Mar 20 15:11:25 2020,":pencil: Update footer",   1, 1, 1 
eb7bfdc,Jeff Triplett,Fri Mar 20 15:11:14 2020,":fire: Removes about page",   1, 18 
6a81048,Jeff Triplett,Fri Mar 20 15:09:31 2020,":art: Updates homepage",   1, 81, 21 
d38750c,Jeff Triplett,Fri Mar 20 14:42:04 2020,":pencil: Updates places to fix delivery option",   4, 4, 4 
83efa32,Jeff Triplett,Fri Mar 20 14:40:02 2020,":pencil: Fixes website urls",   13, 13, 13 
32df1e5,Jeff Triplett,Fri Mar 20 14:37:58 2020,":fire: Removes unused post",   1, 25 
b235a66,Jeff Triplett,Fri Mar 20 14:37:43 2020,":pencil: Updats config",   1, 4, 1 
cc160ad,Jeff Triplett,Fri Mar 20 12:39:39 2020,":art: Slighty better template",   1, 13, 8 
80306be,Jeff Triplett,Fri Mar 20 11:47:46 2020,":pencil: Updates places",   39, 117, 117 
b124a71,Jeff Triplett,Fri Mar 20 11:47:23 2020,":tractor: Migrates index page",   2, 49, 18 
55e12ea,Jeff Triplett,Fri Mar 20 10:49:24 2020,":pencil: Dump places",   40, 661, 4 
5905787,Jeff Triplett,Thu Mar 19 15:35:24 2020,":pencil: Updates gitignore",   1, 3, 2 
56ca311,Jeff Triplett,Thu Mar 19 15:16:04 2020,"Create CNAME",   1, 1 
2fadf3d,Jeff Triplett,Thu Mar 19 15:14:19 2020,":sparkles: Initial files",   8, 243 