commit id,author,date,comment,changed files,lines added,lines deleted

24a124e,Juan Gabriel Gutierrez,Wed May 13 06:49:25 2020,"Update README.md",   1, 1, 1 
ddd671a,Juan Gabriel Gutierrez,Fri Apr 3 04:22:43 2020,"Update README.md",   1, 1 
80429d2,Juan Gabriel Gutierrez,Thu Apr 2 14:14:11 2020,"Update README.md",   1, 1 
1217e5a,Gabriel Gutierrez,Thu Apr 2 13:58:42 2020,"Reducing images size",   4, 0, 0 
7663e4c,Juan Gabriel Gutierrez,Thu Apr 2 13:54:37 2020,"Update README.md",   1, 18, 4 
41e4cf0,Gabriel Gutierrez,Thu Apr 2 13:27:22 2020,"Adding screenshots for the docs",   4, 0, 0 
7a241eb,Juan Gabriel Gutierrez,Thu Apr 2 13:25:09 2020,"Update README.md",   1, 1, 1 
03d5543,Juan Gabriel Gutierrez,Thu Apr 2 13:24:31 2020,"Update README.md",   1, 2, 1 
13524d0,Juan Gabriel Gutierrez,Thu Apr 2 13:23:09 2020,"Update README.md",   1, 58, 2 
e01c223,Juan Gabriel Gutierrez,Thu Apr 2 09:26:35 2020,"Update README.md",   1, 1, 1 
e6957a9,Gabriel Gutierrez,Thu Apr 2 09:22:13 2020,"First commit",   60, 2002 
ea73fab,Juan Gabriel Gutierrez,Thu Apr 2 09:16:04 2020,"Initial commit",   3, 108 