commit id,author,date,comment,changed files,lines added,lines deleted

f1b4a8d,dependabot[bot],Sun Aug 2 02:18:37 2020,"Bump elliptic from 6.5.2 to 6.5.3",   1, 3, 3 
203bec5,dependabot[bot],Mon Jul 20 05:36:44 2020,"Bump lodash from 4.17.15 to 4.17.19",   2, 4, 4 
0faaefa,Musthaq Ahamad,Fri Jun 26 17:35:41 2020,"Merge pull request #13 from localeai/dependabot/npm_and_yarn/websocket-extensions-0.1.4", 
328170d,haxzie,Fri May 22 18:03:29 2020,"Update dependecies and layer scale",   3, 2810, 2127 
ff37090,Musthaq Ahamad,Thu Apr 2 19:20:11 2020,"Update README.md",   1, 7, 2 
efcb8c3,haxzie,Sat Mar 28 04:06:21 2020,"Refactor", 
2500504,haxzie,Thu Mar 26 18:54:24 2020,"fix: replace equals with greater than zero",   1, 48, 49 
ce3015f,haxzie,Wed Mar 25 16:45:44 2020,"Fix popup bug",   1, 4, 4 
44f1af1,haxzie,Tue Mar 24 17:31:21 2020,"Merge branch 'master' of github.com:localeai/covid19-live-visualization", 
2f3ecde,haxzie,Tue Mar 24 17:30:56 2020,"Add exisiting cases to popup",   2, 88, 34 
e57a399,haxzie,Tue Mar 24 16:28:04 2020,"Update packages",   1, 3, 3 
2a20123,haxzie,Wed Mar 18 20:15:41 2020,"Audit dependencies",   1, 19, 19 
6898b4b,haxzie,Mon Mar 16 04:42:52 2020,"Update Readme with used API links",   1, 3 
13cf2e8,haxzie,Mon Mar 16 04:35:53 2020,"Update environmental variable docs",   2, 18, 2 
68c2b5f,haxzie,Mon Mar 16 04:20:51 2020,"Update dependencies",   2, 28, 20 
3ab6690,haxzie,Mon Mar 16 04:15:19 2020,"Merge changes from rumman",   1, 8 
9271a50,haxzie,Mon Mar 16 04:14:40 2020,"Merge branch 'master' of https://github.com/rumaan/covid19-live-visualization into rumaan-master", 
429dc95,haxzie,Mon Mar 16 04:14:33 2020,"REFT: modularize interface controls",   10, 100, 29 
d9d2b87,rumaan,Mon Mar 16 03:13:30 2020,"show hidden layer to toggle controls",   5, 106, 81 
ac6f882,haxzie,Thu Mar 12 23:42:09 2020,"Add source and updated details in layers panel",   9, 91, 7 
f72833c,haxzie,Mon Mar 9 16:55:35 2020,"Refactor file structure",   1, 0, 0 
b7e78e1,Musthaq Ahamad,Mon Mar 9 16:54:21 2020,"Merge pull request #2 from localeai/add-code-of-conduct-1", 
ce599cc,Musthaq Ahamad,Mon Mar 9 16:54:02 2020,"Merge pull request #3 from localeai/add-license-1", 
49eb5a7,haxzie,Mon Mar 9 16:51:24 2020,"Update readme and site meta",   2, 51, 24 
d8825f8,haxzie,Mon Mar 9 16:35:24 2020,"remove unused files",   3, 13 
92d82b4,haxzie,Mon Mar 9 16:33:45 2020,"Merge branch 'master' of github.com:localeai/covid19-live-visualization", 
c12b54f,haxzie,Mon Mar 9 16:31:40 2020,"Fix scatterplot sizes",   1, 3, 3 
f696209,haxzie,Mon Mar 9 16:24:52 2020,"Use logarithmic bucketing",   1, 6, 6 
4396de6,haxzie,Mon Mar 9 14:43:06 2020,"Fix browser caching",   1, 5, 3 
0906594,haxzie,Mon Mar 9 04:39:42 2020,"Change github link",   1, 1, 1 
aba3eb5,haxzie,Mon Mar 9 04:10:58 2020,"update open graph meta",   2, 20 
ea8f299,haxzie,Mon Mar 9 03:56:38 2020,"Add google analytics",   1, 26, 6 
da53075,haxzie,Mon Mar 9 03:47:21 2020,"Remove trailing hash in url",   1, 1 
7fa317a,haxzie,Mon Mar 9 03:40:08 2020,"Fix popup offset",   5, 85, 9 
abd7d9f,haxzie,Mon Mar 9 02:24:58 2020,"Remove branding",   1, 1, 1 
f900643,haxzie,Sun Mar 8 19:29:19 2020,"Add locale branding",   4, 32, 1 
8a2be7e,haxzie,Sun Mar 8 18:56:22 2020,"fix css radius",   2, 5 
b133ea1,haxzie,Sun Mar 8 18:52:29 2020,"Fix flickering popup",   1, 1, 3 
14ae55d,haxzie,Sun Mar 8 18:45:49 2020,"Hide popup on viewstatechange",   3, 23, 7 
8ad887c,haxzie,Sun Mar 8 18:30:27 2020,"Add popup to map",   6, 237, 78 
42980e6,haxzie,Sun Mar 8 17:08:55 2020,"Fix bucketing and coloring",   5, 150, 22 
b7b446b,haxzie,Sun Mar 8 04:46:00 2020,"Add geojson layers",   7, 287, 58 
33098ce,haxzie,Sat Mar 7 17:26:52 2020,"update readme",   1, 1, 1 
90d2066,haxzie,Sat Mar 7 17:26:11 2020,"update example env",   1, 2, 1 
e3b3831,haxzie,Sat Mar 7 17:25:43 2020,"initial commit",   40, 14575 