commit id,author,date,comment,changed files,lines added,lines deleted

d954bb4,Guilherme G. Schardong,Sat Mar 21 03:49:50 2020,"Updated requirements and identation fixes. Making the output dir if needed.",   2, 27, 23 
39cc6c9,lschirmer,Thu Mar 19 03:48:06 2020,"dataset",   50, 0, 0 
a3628c2,Luiz Schirmer,Thu Mar 19 03:43:09 2020,"Add files via upload",   1, 44 
5970bbf,dependabot[bot],Thu Mar 19 03:01:55 2020,"Bump tensorflow from 1.14.0 to 1.15.2",   1, 1, 1 
c3abaad,Guilherme G. Schardong,Thu Mar 19 03:01:12 2020,"Merge branch 'master' of https://github.com/lschirmer/covid-19-chexnet", 
d274d2e,Guilherme G. Schardong,Thu Mar 19 02:59:40 2020,"Changed the tensorflow version and removed precompiled files.",   3, 2, 1 
8c0c1e7,Guilherme G. Schardong,Wed Mar 18 22:57:03 2020,"Added matplotlib as requirement",   1, 1 
f3e9a7f,Guilherme G. Schardong,Wed Mar 18 22:42:07 2020,"Added requirements.txt",   1, 5 
6a487b2,Jonatas Grosman,Wed Mar 18 03:27:51 2020,"repo permission check",   1, 2 
1185439,dependabot[bot],Wed Mar 18 02:03:24 2020,"Bump pillow from 5.0.0 to 6.2.0 in /chexnet",   1, 1, 1 
893efe2,dependabot[bot],Wed Mar 18 02:03:22 2020,"Bump tensorflow-gpu from 1.4.1 to 1.15.2 in /chexnet",   1, 1, 1 
a274d5c,lschirmer,Wed Mar 18 02:03:16 2020,"base model",   1, 0, 0 
318bf9a,lschirmer,Wed Mar 18 02:02:45 2020,"chexnet",   18, 113106 
f60ccc8,Luiz Schirmer,Wed Mar 18 01:54:54 2020,"Add files via upload",   1, 80 
bebe7ad,Guilherme G. Schardong,Wed Mar 18 01:38:26 2020,"Minor fixes.",   1, 237, 234 
a0a3edc,Luiz Schirmer,Tue Mar 17 14:17:35 2020,"Update covid_classifier.py", 
83666ea,Luiz Schirmer,Tue Mar 17 14:16:58 2020,"Update covid_classifier.py",   1, 2, 1 
4717564,Luiz Schirmer,Tue Mar 17 14:14:14 2020,"Delete plot_accuracy.png",   1, 0, 0 
1770e3b,Luiz Schirmer,Tue Mar 17 14:13:43 2020,"Update README.md",   1, 1, 1 
37b0a48,Luiz Schirmer,Tue Mar 17 14:12:53 2020,"Update README.md",   1, 7, 2 
6880742,Luiz Schirmer,Tue Mar 17 14:06:50 2020,"Update README.md",   1, 2, 2 
ee4a200,Luiz Schirmer,Tue Mar 17 14:05:48 2020,"Update README.md",   1, 5, 5 
fda2f7e,Luiz Schirmer,Tue Mar 17 14:05:19 2020,"Update README.md",   1, 5, 5 
d7f71f7,Luiz Schirmer,Tue Mar 17 14:04:42 2020,"Update README.md",   1, 21, 1 
094e80e,Luiz Schirmer,Tue Mar 17 13:42:54 2020,"first commit",   3, 233 
60394a5,Luiz Schirmer,Tue Mar 17 13:37:32 2020,"Create README.md",   1, 2 