commit id,author,date,comment,changed files,lines added,lines deleted

3ed534a,luca-scr,Sun May 17 08:26:35 2020,"update",   9, 320, 318 
c07df62,luca-scr,Thu May 14 20:40:21 2020,"update",   1, 0, 0 
af57bf7,luca-scr,Thu May 14 20:39:34 2020,"update",   11, 357, 350 
90e8b41,luca-scr,Sun May 10 06:28:28 2020,"update",   25, 18486 
438c492,luca-scr,Sun May 10 06:27:57 2020,"update",   35, 18818, 352 
d3e93eb,luca-scr,Wed May 6 05:05:22 2020,"update",   20, 169, 635 
6175038,luca-scr,Wed May 6 04:59:30 2020,"update",   16, 620, 145 
6a51fac,luca-scr,Tue May 5 18:04:02 2020,"update",   4, 661 
7620b36,luca-scr,Tue May 5 18:03:10 2020,"update",   14, 963, 299 
0dd41bf,luca-scr,Mon May 4 03:08:11 2020,"update",   10, 321, 297 
69bf99d,luca-scr,Sun May 3 05:21:58 2020,"update",   9, 296, 295 
d5f0f00,luca-scr,Sat May 2 03:49:19 2020,"update",   9, 293, 292 
b90ebb3,luca-scr,Fri May 1 08:18:34 2020,"update",   9, 298, 298 
3c0d34e,luca-scr,Thu Apr 30 03:42:08 2020,"update",   11, 314, 314 
bd58bfb,luca-scr,Tue Apr 28 03:02:53 2020,"update",   9, 297, 295 
8f4dc3a,luca-scr,Mon Apr 27 04:18:56 2020,"update",   23, 11501 
f7c81a0,luca-scr,Mon Apr 27 04:18:12 2020,"update",   4, 21, 21 
b4d8058,luca-scr,Mon Apr 27 04:15:24 2020,"update",   32, 11801, 297 
f7fb995,luca-scr,Sat Apr 25 04:16:24 2020,"update",   9, 296, 295 
955c4e2,luca-scr,Fri Apr 24 03:11:04 2020,"update",   10, 321, 330 
45645a0,luca-scr,Thu Apr 23 02:44:24 2020,"update",   1, 0, 0 
6be0d0d,luca-scr,Thu Apr 23 02:42:52 2020,"update",   10, 288, 288 
cbc40db,luca-scr,Wed Apr 22 08:10:58 2020,"update",   7, 44, 40 
7cd4e8f,luca-scr,Wed Apr 22 08:07:46 2020,"update",   11, 300, 298 
9cba071,luca-scr,Tue Apr 21 03:22:03 2020,"update",   9, 295, 295 
990daaa,luca-scr,Mon Apr 20 03:17:42 2020,"update",   10, 307, 307 
462bc63,luca-scr,Sat Apr 18 03:26:56 2020,"update",   12, 308, 595 
000a9ba,luca-scr,Fri Apr 17 03:05:31 2020,"update",   9, 295, 295 
09051c5,luca-scr,Thu Apr 16 03:07:16 2020,"update",   9, 302, 302 
077ae2c,luca-scr,Wed Apr 15 02:50:28 2020,"update",   9, 296, 296 
aee1d67,luca-scr,Tue Apr 14 02:22:25 2020,"update",   9, 1051, 874 
817825b,luca-scr,Mon Apr 13 03:50:16 2020,"update",   9, 301, 301 
1ad999c,luca-scr,Sun Apr 12 05:56:47 2020,"update",   9, 301, 301 
66230cc,luca-scr,Sat Apr 11 05:10:17 2020,"update",   9, 294, 294 
65ba729,luca-scr,Fri Apr 10 03:37:04 2020,"update",   13, 331, 321 
55441ca,luca-scr,Thu Apr 9 04:25:18 2020,"update",   11, 466, 310 
c4a44d0,luca-scr,Wed Apr 8 03:01:23 2020,"update",   9, 272, 272 
f01fe19,luca-scr,Tue Apr 7 03:04:57 2020,"update",   2, 526 
75acd18,luca-scr,Tue Apr 7 03:00:41 2020,"update",   13, 778, 1133 
8983ca3,luca-scr,Mon Apr 6 02:51:25 2020,"update",   12, 1213, 316 
95eaf26,luca-scr,Sun Apr 5 17:56:58 2020,"update",   12, 613, 352 
6ff258c,luca-scr,Sat Apr 4 04:56:34 2020,"update",   13, 571, 278 
0c3e281,luca-scr,Fri Apr 3 05:14:49 2020,"update",   12, 508, 339 
12e063f,luca-scr,Thu Apr 2 03:41:46 2020,"update",   21, 652 
30129bd,luca-scr,Thu Apr 2 03:33:53 2020,"update",   16, 382, 270 
a0df8be,luca-scr,Wed Apr 1 03:08:43 2020,"update",   24, 807, 267 
bdd0ab7,luca-scr,Tue Mar 31 06:50:34 2020,"update",   7, 40, 40 
bf4b3b8,luca-scr,Tue Mar 31 06:38:05 2020,"update",   9, 273, 273 
7c6fc6b,luca-scr,Mon Mar 30 03:53:12 2020,"update",   12, 918, 851 
844089d,luca-scr,Sun Mar 29 04:40:06 2020,"update",   10, 344, 268 
544ccb7,luca-scr,Sat Mar 28 08:26:24 2020,"update",   13, 386, 471 
d3ebec9,luca-scr,Fri Mar 27 04:09:01 2020,"update",   12, 314, 285 
0432e08,luca-scr,Thu Mar 26 04:45:53 2020,"update",   11, 447, 327 
c7477ce,luca-scr,Wed Mar 25 04:37:28 2020,"update",   10, 279, 227 
9481fba,luca-scr,Tue Mar 24 04:29:33 2020,"update",   12, 262, 259 
c63c5fb,luca-scr,Mon Mar 23 03:46:34 2020,"update",   11, 287, 339 
cf933e8,luca-scr,Sat Mar 21 06:17:04 2020,"update",   11, 308, 283 
b18711b,luca-scr,Fri Mar 20 21:27:02 2020,"update",   7, 48, 48 
75c75c3,luca-scr,Fri Mar 20 07:11:35 2020,"update",   10, 296, 318 
7864d47,luca-scr,Thu Mar 19 06:24:16 2020,"update",   2, 75, 50 
f6786d8,luca-scr,Thu Mar 19 05:28:15 2020,"update",   11, 370, 235 
8b45bfb,luca-scr,Wed Mar 18 07:25:29 2020,"update",   1, 3, 3 
a8ef7a6,luca-scr,Wed Mar 18 05:05:48 2020,"update",   1, 1, 1 
aa0fc58,luca-scr,Wed Mar 18 05:04:44 2020,"update",   13, 7159, 636 
6ea4c06,luca-scr,Tue Mar 17 19:40:34 2020,"update",   7, 893, 648 
2c35cf8,luca-scr,Mon Mar 16 04:20:23 2020,"update",   7, 183, 171 
801928b,luca-scr,Sun Mar 15 23:29:54 2020,"update",   4, 25, 25 
c4d2565,luca-scr,Sun Mar 15 22:56:16 2020,"update",   4, 383, 386 
3b1f11c,luca-scr,Sun Mar 15 22:11:14 2020,"update",   6, 478, 439 
de59d8b,luca-scr,Sun Mar 15 07:25:38 2020,"update",   5, 444, 6 
457857a,luca-scr,Sun Mar 15 04:16:51 2020,"update",   1, 427 
ed5ef8c,luca-scr,Sun Mar 15 04:15:34 2020,"update",   1, 8 
bb46a54,luca-scr,Sun Mar 15 04:12:58 2020,"update",   2, 7, 6 
e1db219,luca-scr,Sun Mar 15 04:09:42 2020,"update",   6, 147, 122 
ce5364e,luca-scr,Sun Mar 15 01:02:04 2020,"update",   3, 15, 15 
4cb21b4,luca-scr,Sat Mar 14 20:52:07 2020,"update",   4, 21, 22 
b8f919a,luca-scr,Sat Mar 14 20:47:17 2020,"update",   8, 1081, 175 
8b83532,luca-scr,Sat Mar 14 05:47:57 2020,"update",   5, 44, 460 
8a05082,luca-scr,Fri Mar 13 04:51:36 2020,"update",   3, 4, 4 
36eb62e,luca-scr,Fri Mar 13 04:47:31 2020,"update",   59, 442, 10483 
7214285,luca-scr,Fri Mar 13 04:19:32 2020,"update",   55, 10478, 2 
cb99fc1,luca-scr,Fri Mar 13 04:18:29 2020,"update",   1, 5 
24be677,luca-scr,Fri Mar 13 04:10:58 2020,"update",   3, 79, 74 
9bd0358,luca-scr,Thu Mar 12 05:58:31 2020,"update",   3, 197, 140 
da65265,luca-scr,Wed Mar 11 03:45:42 2020,"update",   2, 35, 35 
d49c21f,luca-scr,Tue Mar 10 23:40:34 2020,"update",   1, 13, 12 
8c0645a,luca-scr,Tue Mar 10 22:40:35 2020,"update",   2, 2, 1 
8fdc241,luca-scr,Tue Mar 10 22:38:48 2020,"update",   1, 1, 1 
6716a2c,luca-scr,Tue Mar 10 22:37:58 2020,"update",   1, 1, 1 
3dd7a74,luca-scr,Tue Mar 10 22:25:49 2020,"update",   3, 50, 46 
46e6fc0,luca-scr,Tue Mar 10 03:48:01 2020,"update",   2, 36, 36 
b093e40,luca-scr,Tue Mar 10 01:43:27 2020,"update",   2, 3, 2 
e7e38e7,luca-scr,Tue Mar 10 01:19:50 2020,"update",   4, 156, 144 
2b065f2,luca-scr,Mon Mar 9 22:04:39 2020,"initial commit",   3, 37, 44 
ca263e4,luca-scr,Mon Mar 9 21:49:11 2020,"Initial commit",   2, 7, 5 
df01683,luca-scr,Mon Mar 9 21:30:03 2020,"initial commit",   4, 5, 3 
0f4c841,luca-scr,Mon Mar 9 21:23:05 2020,"initial commit",   7, 3499 