commit id,author,date,comment,changed files,lines added,lines deleted

e49bdd3,m-hamzashakeel,Tue Sep 1 17:21:35 2020,"MITLicense added",   1, 9 
06750e9,m-hamzashakeel,Mon Jul 6 06:28:13 2020,"screen orientation locked",   1, 4 
eaf65d9,m-hamzashakeel,Mon Jul 6 06:27:27 2020,"Fixed some issues",   5, 109, 151 
74037b6,m-hamzashakeel,Wed May 13 20:41:21 2020,"Screen Shot per Screen add",   1, 3, 1 
af6f24b,m-hamzashakeel,Wed May 13 20:40:27 2020,"Screen Shot per Screen add",   1, 1, 1 
c7fe587,m-hamzashakeel,Wed May 13 20:36:38 2020,"Screen Shot per Screen add",   1, 1, 1 
893e556,m-hamzashakeel,Wed May 13 20:34:50 2020,"Screen Shot per Screen add",   1, 1, 1 
dfcf14b,m-hamzashakeel,Wed May 13 20:31:29 2020,"Screen Shot per Screen add",   1, 1, 1 
a1eba9a,m-hamzashakeel,Wed May 13 20:28:44 2020,"Screen Shot per Screen add",   1, 5, 1 
8c980c5,m-hamzashakeel,Wed May 13 20:25:49 2020,"New UI Updated",   6, 0, 0 
ec10727,m-hamzashakeel,Thu May 7 16:57:42 2020,"New image",   2, 0, 0 
d0b861a,m-hamzashakeel,Thu May 7 16:56:57 2020,"Search not implemented",   4, 23, 13 
22178ad,m-hamzashakeel,Thu May 7 15:58:52 2020,"UI changes",   5, 165, 173 
ed67f0e,m-hamzashakeel,Wed May 6 23:43:41 2020,"MVC applied",   8, 231, 77 
6382b8e,m-hamzashakeel,Wed May 6 21:20:48 2020,"removed a widget",   1, 41 
11d3c6b,m-hamzashakeel,Wed May 6 21:20:27 2020,"deleting in 4 sec",   1, 141 
5d16ffe,m-hamzashakeel,Wed May 6 20:35:35 2020,"renamed",   3, 0, 0 
380bd03,m-hamzashakeel,Wed May 6 20:29:47 2020,"image network url added",   1, 0, 0 
b61193a,m-hamzashakeel,Wed May 6 20:21:07 2020,"Extra covid images removed",   1, 0, 0 
4f3008e,m-hamzashakeel,Wed May 6 20:19:38 2020,"extra assests removed",   2, 0, 0 
5e84b01,m-hamzashakeel,Wed May 6 19:24:26 2020,"Progress_indicated packaged added",   2, 8 
76d8e70,m-hamzashakeel,Wed May 6 19:23:31 2020,"MVC applied",   22, 500, 1401 
7820c78,m-hamzashakeel,Wed May 6 17:28:57 2020,"workspace updated",   1, 1, 1 
ec8d5cf,m-hamzashakeel,Wed May 6 17:27:42 2020,"Changed the workspace",   8, 1046 
2d01bb3,m-hamzashakeel,Sun May 3 21:44:26 2020,"new animations",   8, 205, 104 
a05c5b3,m-hamzashakeel,Sun May 3 20:23:27 2020,"name changed covid19",   1, 1, 1 
0238c17,m-hamzashakeel,Sun May 3 20:22:48 2020,"name changed covid19",   1, 69, 51 
591a25f,m-hamzashakeel,Sun May 3 20:21:29 2020,"name changed to covid19",   5, 5, 5 
a558cbb,m-hamzashakeel,Sun May 3 20:20:29 2020,"bottom overflow solved",   1, 1, 1 
8f40803,m-hamzashakeel,Sun May 3 18:56:41 2020,"new images",   3, 0, 0 
0831f6e,m-hamzashakeel,Thu Apr 30 23:46:01 2020,"changes",   1, 2 
899c3c7,m-hamzashakeel,Thu Apr 30 23:44:07 2020,"changes",   1, 2 
4c2bc5c,m-hamzashakeel,Thu Apr 30 23:42:53 2020,"changes",   1, 2 
45fea3c,m-hamzashakeel,Thu Apr 30 23:42:18 2020,"changes",   1, 4, 10 
fb259a4,m-hamzashakeel,Thu Apr 30 23:40:17 2020,"changes",   1, 1, 1 
d86285b,m-hamzashakeel,Thu Apr 30 23:39:33 2020,"changes",   1, 3, 3 
908867d,m-hamzashakeel,Thu Apr 30 03:52:40 2020,"Screen Shots",   1, 0, 0 
b8c23c4,m-hamzashakeel,Wed Apr 29 16:02:03 2020,"First screen shot, maybe updating the app later",   5, 0, 0 
af9c365,m-hamzashakeel,Tue Apr 28 22:39:44 2020,"Full App",   77, 2648 
83bba97,m-hamzashakeel,Tue Apr 28 22:38:53 2020,"First Commit",   1, 16 