commit id,author,date,comment,changed files,lines added,lines deleted

083e031,t-matsukuma,Tue Jun 9 15:16:47 2020,"Merge pull request #46 from mamori-i-japan/dh/figma-link", 
415f4f6,Daisuke Hirata,Mon May 18 23:21:43 2020,"Merge pull request #38 from mamori-i-japan/dh/test-report", 
73b3939,Daisuke Hirata,Mon May 18 22:51:01 2020,"Merge pull request #37 from mamori-i-japan/dh/contact-form", 
db4dbaa,Daisuke Hirata,Mon May 18 22:35:34 2020,"Merge pull request #36 from mamori-i-japan/dh/overview-dfd-screens", 
96b0f17,t-matsukuma,Mon May 18 18:11:32 2020,"Merge pull request #35 from mamori-i-japan/dh/license", 
20b7df5,Kenta Nakahira,Mon May 18 14:36:41 2020,"ライセンスView追加",   7, 24, 47 
da0a973,Kenta Nakahira,Mon May 18 14:25:40 2020,"階層修正",   16, 50, 402 
c9f77cf,Kenta Nakahira,Mon May 18 00:18:46 2020,"デバッグ用画面の修正",   2, 9, 1 
869e995,Kenta Nakahira,Sun May 17 23:59:17 2020,"情報共有の取り消しを実装・その他Webブラウザ遷移をトーストに",   19, 149, 24 
de51cc6,Kenta Nakahira,Sun May 17 00:55:45 2020,"検証コード削除",   1, 1, 7 
33267e9,Kenta Nakahira,Sun May 17 00:51:16 2020,"データアップロードと履歴",   6, 27, 11 
a471bab,Kenta Nakahira,Sun May 17 00:30:25 2020,"濃厚接触と陽性のView追加・組織コード周りの削除",   63, 521, 1072 
e3d9b00,t-matsukuma,Sun May 17 00:44:56 2020,"Merge pull request #21 from codeforjapan/develop/check_deep_contact", 
fa6e959,t-matsukuma,Sat May 16 20:30:33 2020,"Merge pull request #20 from codeforjapan/develop/ble_uuid", 
4445dde,Kenta Nakahira,Thu May 7 12:32:44 2020,"テスト用のログ周りを強化",   5, 30, 16 
af483ce,Kenta Nakahira,Thu May 7 00:00:39 2020,"組織コードクリアと組織コード別メッセージ取得",   6, 29, 18 
a4d80fe,Kenta Nakahira,Wed May 6 20:56:07 2020,"お知らせ対応とライブラリバージョンアップ",   6, 12, 12 
50377cf,Kenta Nakahira,Wed May 6 14:13:42 2020,"組織コード削除APIの向き先変更",   1, 2, 2 
97f3454,t-matsukuma,Wed May 6 13:38:56 2020,"Merge pull request #19 from codeforjapan/develop/security", 
bbc6e52,Kenta Nakahira,Tue May 5 21:42:36 2020,"お知らせの取得実装",   7, 36, 42 
197763a,Kenta Nakahira,Tue May 5 21:36:42 2020,"お知らせの取得実装",   9, 110, 55 
a785d5d,Kenta Nakahira,Tue May 5 20:15:29 2020,"設定画面のレイアウトと組織コード入力のインラインエラー",   5, 26, 5 
be14f65,Kenta Nakahira,Tue May 5 02:43:41 2020,"ビルド設定にSTG追加",   9, 69, 68 
fc63e1f,Kenta Nakahira,Tue May 5 01:54:23 2020,"エラーハンドリング追加",   9, 91, 83 
6cf42dd,Kenta Nakahira,Tue May 5 01:15:36 2020,"エラーハンドリング",   21, 330, 251 
a7b8a5e,Kenta Nakahira,Mon May 4 23:56:20 2020,"ホーム画面の更新日時対応",   4, 17, 11 
46b4873,Kenta Nakahira,Mon May 4 21:34:11 2020,"規約と都道府県の順番を入れ替え",   11, 46, 74 
f2b26d7,t-matsukuma,Mon May 4 20:42:36 2020,"Merge pull request #18 from codeforjapan/develop/tempId", 
20ef765,Kenta Nakahira,Mon May 4 17:46:18 2020,"組織コード別の陽性者リスト取得",   14, 124, 102 
9aef585,Kenta Nakahira,Mon May 4 17:05:03 2020,"接触履歴画面の実装",   8, 104, 24 
9d0a2df,Kenta Nakahira,Mon May 4 03:57:48 2020,"ProgressHUDの黒背景を無色にする、設定画面の組織コードクリアボタンを初期表示しない",   2, 3 
67f83ed,t-matsukuma,Mon May 4 03:15:26 2020,"Merge pull request #17 from codeforjapan/develop/sql_refactor", 
ca6faf3,t-matsukuma,Mon May 4 03:02:31 2020,"Merge pull request #16 from codeforjapan/develop/sql", 
8a095b7,Kenta Nakahira,Mon May 4 02:06:57 2020,"ダイアログ系のバックキー制御",   3, 13, 3 
4c5cd3f,Kenta Nakahira,Mon May 4 01:47:22 2020,"プログレスHUDを標準に置き換え",   3, 23, 8 
cc129fd,Kenta Nakahira,Mon May 4 01:28:01 2020,"組織コードクリアとデータアップロード画面",   21, 217, 101 
165c15d,Kenta Nakahira,Sun May 3 20:21:18 2020,"ホーム画面の諸々",   17, 417, 89 
7ee24e5,Kenta Nakahira,Sun May 3 13:48:02 2020,"設定系画面の微修正",   4, 21, 15 
6cd6824,t-matsukuma,Sun May 3 13:45:32 2020,"Merge pull request #15 from codeforjapan/develop/ble_refactor", 
e10fb31,Kenta Nakahira,Sun May 3 13:39:57 2020,"設定系画面",   28, 241, 202 
4655abd,Kenta Nakahira,Sat May 2 18:46:30 2020,"設定画面のデザインあて",   6, 112, 39 
a8e3044,Kenta Nakahira,Sat May 2 17:14:00 2020,"メニュー画面実装",   13, 193, 414 
542eb2b,Kenta Nakahira,Sat May 2 04:17:52 2020,"ホーム画面のデザインあて",   33, 533, 260 
604bf87,Kenta Nakahira,Sat May 2 01:58:32 2020,"登録導線のレイアウト対応",   25, 161, 234 
4bd0038,Kenta Nakahira,Sat May 2 00:35:24 2020,"チュートリアル画面の修正",   42, 133, 150 
289e9dc,t-matsukuma,Fri May 1 22:16:26 2020,"Merge pull request #14 from codeforjapan/develop/generate_tempid", 
451d92e,Kenta Nakahira,Fri May 1 13:33:19 2020,"登録導線の繋ぎ直し",   47, 269, 1434 
52f6e63,Kenta Nakahira,Wed Apr 29 04:49:02 2020,"パッケージ修正",   176, 825, 714 
81571d6,knakahir1989,Tue Apr 28 16:45:16 2020,"Merge pull request #13 from codeforjapan/update_screen", 
5ca2d8d,t-matsukuma,Mon Apr 27 23:41:27 2020,"Merge pull request #12 from codeforjapan/develop/mutex_update_tempid", 
27f0dce,t-matsukuma,Sun Apr 26 10:01:33 2020,"Merge pull request #11 from codeforjapan/ble-write-no-response", 
64eaae3,t-matsukuma,Fri Apr 24 20:05:14 2020,"Merge pull request #10 from codeforjapan/feature/ble_write", 
bcbd770,t-matsukuma,Fri Apr 24 14:36:14 2020,"Merge pull request #9 from codeforjapan/develop/deep_contact_error", 
a47b302,t-matsukuma,Fri Apr 24 13:33:05 2020,"Merge pull request #8 from codeforjapan/develop/deep_contact", 
4552534,knakahir1989,Fri Apr 24 13:00:50 2020,"Merge pull request #7 from codeforjapan/update_screen", 
27261a5,knakahir1989,Fri Apr 24 12:54:55 2020,"Merge pull request #6 from codeforjapan/update_screen", 
e48444b,knakahir1989,Thu Apr 23 02:23:35 2020,"Merge pull request #5 from codeforjapan/modify_regist_ui", 
2830d61,Kenta Nakahira,Wed Apr 22 17:00:23 2020,"FireStoreへの通信エラーを対応",   2, 43, 24 
f065821,Kenta Nakahira,Wed Apr 22 03:05:40 2020,"エラー実装、定義していないアクションタイプがきたらとりあえずダイアログだけ出すように修正",   2, 4, 4 
dab4db5,Kenta Nakahira,Wed Apr 22 02:53:12 2020,"エラーハンドリング",   32, 356, 289 
71b4fd3,t-matsukuma,Tue Apr 21 21:25:34 2020,"Merge pull request #4 from codeforjapan/feature/ble_permission", 
23f0aee,knakahir1989,Tue Apr 21 19:47:44 2020,"Merge pull request #3 from codeforjapan/modify_login", 
99c9c89,Kenta Nakahira,Tue Apr 21 13:56:33 2020,"陽性者リストのパス変更と解凍処理",   3, 6, 3 
7accd86,t-matsukuma,Tue Apr 21 00:31:25 2020,"Merge pull request #2 from codeforjapan/feature/ble_refactor", 
dec620a,t-matsukuma,Mon Apr 20 00:17:12 2020,"Merge pull request #1 from codeforjapan/feature/txpower", 
d548d00,Kenta Nakahira,Sun Apr 19 21:20:44 2020,"TempIdオブジェクトのAPIからのレスポンス用キーを追加し、パースできるようにする",   1, 2, 1 
ea050f0,Kenta Nakahira,Sun Apr 19 19:59:50 2020,"initial commit",   251, 11677 