commit id,author,date,comment,changed files,lines added,lines deleted

f061a34,dependabot[bot],Sun Sep 13 03:57:21 2020,"Bump node-fetch from 2.6.0 to 2.6.1 in /server/code-vs-covid-19-be",   1, 110, 327 
cdf2394,dependabot[bot],Mon Jul 20 12:15:45 2020,"Bump lodash from 4.17.15 to 4.17.19 in /client/CoreApp",   1, 3, 3 
a151799,dependabot[bot],Mon Jul 20 12:12:23 2020,"Bump lodash from 4.17.15 to 4.17.19 in /server/code-vs-covid-19-be",   1, 111, 328 
f95bae3,Manuel Schlegel,Mon Mar 30 23:57:40 2020,"Update README.md",   1, 3 
d879fa4,Manuel Schlegel,Mon Mar 30 23:51:20 2020,"Update README.md",   1, 1, 1 
6273ad7,Manuel Schlegel,Mon Mar 30 23:51:04 2020,"Update README.md",   1, 3, 2 
567a3b7,Manuel Schlegel,Mon Mar 30 23:50:43 2020,"Update README.md",   1, 3, 2 
ee6d384,Manuel Schlegel,Mon Mar 30 23:48:47 2020,"Update README.md",   1, 1, 1 
2d1b060,Manuel Schlegel,Mon Mar 30 23:48:29 2020,"Update README.md",   1, 6, 6 
2784892,Manuel Schlegel,Mon Mar 30 23:47:45 2020,"Update README.md",   1, 2, 2 
bec8788,Manuel Schlegel,Mon Mar 30 23:47:26 2020,"Update README.md",   1, 13 
2d4a8e9,Manuel Schlegel,Mon Mar 30 23:25:25 2020,"Update README.md",   1, 3, 2 
9bb207e,Manuel Schlegel,Mon Mar 30 23:24:19 2020,"Update README.md",   1, 2, 3 
a4c7b1f,Manuel Schlegel,Mon Mar 30 23:23:37 2020,"Update README.md",   1, 8, 4 
650f7be,Manuel Schlegel,Mon Mar 30 23:22:04 2020,"Update README.md",   1, 3, 3 
90d7565,Manuel Schlegel,Mon Mar 30 23:21:15 2020,"Update README.md",   1, 2 
2def114,Manuel Schlegel,Mon Mar 30 23:20:52 2020,"Update README.md",   1, 11, 1 
8462272,baueli,Mon Mar 30 22:09:39 2020,"fixed client-server communication",   2, 26, 23 
d5c317b,Manuel Schlegel,Mon Mar 30 21:16:26 2020,"Update README.md",   1, 1, 1 
f2e280b,Manuel Schlegel,Mon Mar 30 21:16:11 2020,"Update README.md",   1, 11, 1 
f61ce1c,Manuel Schlegel,Mon Mar 30 21:15:53 2020,"Update README.md",   1, 13, 1 
346ad39,Manuel Schlegel,Mon Mar 30 21:14:48 2020,"Update README.md",   1, 3 
0d11241,Manuel Schlegel,Mon Mar 30 21:10:12 2020,"Disabled funciton getAll.",   1, 7, 7 
2482a45,Manuel Schlegel,Mon Mar 30 09:35:50 2020,"Updated cronjob rate.",   1, 1, 1 
dd8146c,Manuel Schlegel,Mon Mar 30 09:30:28 2020,"Bugfix.",   1, 1, 1 
b8fa5d9,Manuel Schlegel,Mon Mar 30 09:22:48 2020,"Bugfix.",   1, 1, 1 
42b5621,Manuel Schlegel,Mon Mar 30 09:22:30 2020,"Update serverless.yml",   1, 1, 1 
eab15ff,Manuel Schlegel,Mon Mar 30 09:22:13 2020,"Fix serverless.yml",   1, 7 
4b0c4ac,Manuel Schlegel,Mon Mar 30 09:20:14 2020,"Add cron.",   2, 5, 1 
eb2c8e4,Manuel Schlegel,Mon Mar 30 09:19:38 2020,"remove cron.",   1, 4 
ab46815,Manuel Schlegel,Mon Mar 30 09:18:13 2020,"Bugfix.",   1, 2, 3 
3360b69,Manuel Schlegel,Mon Mar 30 09:17:13 2020,"Bugfix.",   1, 3, 3 
3a177f1,Manuel Schlegel,Mon Mar 30 09:13:38 2020,"Bugfix.",   1, 2, 1 
43c6450,Manuel Schlegel,Mon Mar 30 09:10:45 2020,"Prettier.",   1, 7, 7 
ed78800,Manuel Schlegel,Mon Mar 30 09:08:12 2020,"Refactor.",   1, 6, 6 
0e9df3f,Manuel Schlegel,Mon Mar 30 09:06:36 2020,"Add Cronjob.",   2, 45, 1 
b004ef2,Manuel Schlegel,Mon Mar 30 08:58:36 2020,"Improved report POST response.",   1, 7, 8 
3456ab4,Manuel Schlegel,Mon Mar 30 08:56:49 2020,"Added more error handling & bugfix.",   1, 21, 29 
0158782,Manuel Schlegel,Mon Mar 30 08:52:14 2020,"Merge branch 'master' of github.com:manuelschlegel/code-vs-covid-19", 
59d355b,Manuel Schlegel,Mon Mar 30 08:52:06 2020,"Bugfix.",   1, 1, 1 
ece2d5a,Manuel Schlegel,Mon Mar 30 08:48:09 2020,"Added log.",   1, 3 
ce197b3,Manuel Schlegel,Mon Mar 30 08:47:34 2020,"Added log.",   1, 4, 1 
8ee0ee0,Manuel Schlegel,Mon Mar 30 08:46:49 2020,"Added min score of 0.",   1, 14, 13 
9265f32,Manuel Schlegel,Mon Mar 30 08:42:10 2020,"Fix.",   1, 1, 1 
3d4cf83,Manuel Schlegel,Mon Mar 30 08:18:21 2020,"Log.",   1, 1, 1 
f0f264b,Manuel Schlegel,Mon Mar 30 08:13:58 2020,"Log.",   1, 1 
86a7f84,Manuel Schlegel,Mon Mar 30 07:57:03 2020,"Fix.",   1, 2, 2 
a933814,Manuel Schlegel,Mon Mar 30 07:51:45 2020,"Removed this.",   1, 1, 1 
ba1d05b,Manuel Schlegel,Mon Mar 30 07:38:59 2020,"Cleanup.",   2763, 113065 
4729945,Manuel Schlegel,Mon Mar 30 07:38:32 2020,"Bugfix and Cleanup.",   1, 1, 1 
aac20bf,Manuel Schlegel,Mon Mar 30 07:27:47 2020,"Bugfix.",   1, 13, 12 
c190770,Manuel Schlegel,Mon Mar 30 07:24:17 2020,"Bugfix.",   1, 1, 5 
ada8008,Manuel Schlegel,Mon Mar 30 07:20:26 2020,"Bugfix.",   1, 1, 1 
1f78e83,Manuel Schlegel,Mon Mar 30 07:17:22 2020,"Bugfix.",   2, 4, 4 
3d3dc22,Manuel Schlegel,Mon Mar 30 07:14:00 2020,"Bugfix.",   1, 1, 1 
f4cc558,Manuel Schlegel,Mon Mar 30 07:10:39 2020,"Limited top users to 5.",   1, 2, 1 
c1747aa,Manuel Schlegel,Mon Mar 30 07:09:16 2020,"Bugfix.",   2, 6, 9 
232ea33,Manuel Schlegel,Mon Mar 30 07:02:48 2020,"Bugfix.",   1, 1, 1 
8073719,Manuel Schlegel,Mon Mar 30 07:00:01 2020,"Bugfix.",   1, 3, 3 
066e4f7,Manuel Schlegel,Mon Mar 30 06:58:25 2020,"Bugfix.",   2, 9, 8 
cb58907,Manuel Schlegel,Mon Mar 30 06:54:12 2020,"Bugfix.",   1, 6, 3 
438edbd,Manuel Schlegel,Mon Mar 30 06:50:26 2020,"Bugfix.",   1, 1, 1 
e2ded42,Manuel Schlegel,Mon Mar 30 06:49:11 2020,"Bugfix.",   1, 2, 2 
60f4484,Manuel Schlegel,Mon Mar 30 06:48:19 2020,"Bugfix.",   1, 3, 3 
c464f61,Manuel Schlegel,Mon Mar 30 06:45:40 2020,"Bugfix.",   2, 8, 9 
df4c735,Manuel Schlegel,Mon Mar 30 06:44:00 2020,"Bugfix.",   1, 13, 9 
f2cbb28,Manuel Schlegel,Mon Mar 30 06:39:24 2020,"Bugfix.",   1, 1, 1 
418795a,Manuel Schlegel,Mon Mar 30 06:37:13 2020,"Added improvement.",   1, 5, 1 
1bfe0dc,Manuel Schlegel,Mon Mar 30 06:35:08 2020,"Updated models.",   3, 7, 5 
39db63d,Manuel Schlegel,Mon Mar 30 06:27:37 2020,"Bubfix.",   1, 3, 3 
78ae205,Manuel Schlegel,Mon Mar 30 06:26:13 2020,"Add new condition to report post.",   1, 17, 3 
bcde0df,Manuel Schlegel,Mon Mar 30 06:19:35 2020,"Added rounding.",   1, 2, 1 
90906b4,Manuel Schlegel,Mon Mar 30 06:17:49 2020,"Added ranking.",   1, 19, 16 
ff6ad68,Manuel Schlegel,Mon Mar 30 06:02:24 2020,"Bugfix.",   1, 2, 2 
c30a00c,Manuel Schlegel,Mon Mar 30 05:57:48 2020,"Added score computation.",   1, 18, 2 
067aaef,Manuel Schlegel,Mon Mar 30 05:47:44 2020,"Added increment to dailyConnections.",   2, 17, 5 
8908244,Manuel Schlegel,Mon Mar 30 05:39:42 2020,"Update default User.",   1, 7, 6 
9c8394a,Manuel Schlegel,Mon Mar 30 05:36:53 2020,"Update User Model.",   2, 17, 16 
241e6ad,Manuel Schlegel,Mon Mar 30 05:24:46 2020,"Bugfix.",   1, 1, 6 
2545bf1,Manuel Schlegel,Mon Mar 30 05:19:08 2020,"Added more error logging.",   1, 1, 3 
66c72ec,Manuel Schlegel,Mon Mar 30 05:17:58 2020,"Added more error logging.",   1, 2 
24a0b2d,Manuel Schlegel,Mon Mar 30 05:13:27 2020,"Added more error logging.",   1, 3 
1c96639,Manuel Schlegel,Mon Mar 30 05:08:48 2020,"Added logs.",   1, 6, 1 
c39484c,Manuel Schlegel,Mon Mar 30 04:57:54 2020,"Added logic for users.",   1, 43, 8 
41cbe93,Manuel Schlegel,Mon Mar 30 03:54:40 2020,"Updated serverless.yml.",   1, 3 
7367a21,Manuel Schlegel,Mon Mar 30 03:51:48 2020,"Update serverless.yml.",   1, 14, 14 
1763655,Manuel Schlegel,Mon Mar 30 03:49:13 2020,"Update package.json.",   1, 3, 4 
94dc104,Manuel Schlegel,Mon Mar 30 03:46:36 2020,"Add User Model.",   2, 20, 1 
5c42598,Manuel Schlegel,Mon Mar 30 01:10:43 2020,"Add user dummy response.",   1, 19, 1 
b509f8b,Manuel Schlegel,Mon Mar 30 01:07:29 2020,"Merge branch 'master' of github.com:manuelschlegel/code-vs-covid-19", 
8937d12,Manuel Schlegel,Mon Mar 30 01:07:15 2020,"Added get User Function.",   2, 22 
a4def17,Manuel Schlegel,Mon Mar 30 00:50:36 2020,"Added new method: getAll.",   2, 24 
6cc6ccd,Manuel Schlegel,Mon Mar 30 00:31:07 2020,"Update report path.",   1, 1, 1 
372a98b,Manuel Schlegel,Mon Mar 30 00:28:46 2020,"Merge branch 'master' of github.com:manuelschlegel/code-vs-covid-19", 
64c20b9,Manuel Schlegel,Mon Mar 30 00:28:33 2020,"Add report type.",   5, 49, 45 
2737b92,Manuel Schlegel,Sun Mar 29 22:41:36 2020,"Removed unnecessary functions, setup serverless.com monitoring.",   3, 9, 29 
9282fa6,Martin Bohnenblust,Sun Mar 29 20:17:05 2020,"User ID implemented",   8, 18, 35 
805e21b,baueli,Sun Mar 29 09:46:08 2020,"Merge branch 'master' of github.com:manuelschlegel/code-vs-covid-19", 
1c616c5,baueli,Sun Mar 29 09:45:45 2020,"bluetooth sniffer completed",   4, 213, 107 
cf340eb,baueli,Sun Mar 29 06:46:54 2020,"new app for core bluetooth functionality",   59, 12434 
bb04e0e,baueli,Sun Mar 29 03:59:23 2020,"new p2pkit app",   2737, 103044, 22 
f303d54,baueli,Sun Mar 29 00:53:34 2020,"added expo-cli",   1, 14889 
6273eaf,baueli,Sun Mar 29 00:48:23 2020,"Merge branch 'master' of github.com:manuelschlegel/code-vs-covid-19", 
2f2ef61,baueli,Sun Mar 29 00:47:52 2020,"update ringscore",   1, 8, 4 
feb1b2e,baueli,Sat Mar 28 23:16:42 2020,"add client",   31, 10039 
d6c68c8,Manuel Schlegel,Sat Mar 28 07:37:35 2020,"Welcome to Serverless ⚡",   3, 151 