commit id,author,date,comment,changed files,lines added,lines deleted

8bbea40,dependabot-preview[bot],Thu Sep 17 04:35:45 2020,"Bump 
types/jest from 26.0.13 to 26.0.14",   2, 5, 5 
6dca1c3,dependabot-preview[bot],Thu Sep 17 04:36:06 2020,"Bump puppeteer-core and chrome-aws-lambda",   2, 116, 133 
e542f50,dependabot-preview[bot],Sat Sep 12 01:55:24 2020,"[Security] Bump node-fetch from 2.6.0 to 2.6.1",   1, 3, 3 
f13e62b,dependabot-preview[bot],Thu Sep 10 04:18:36 2020,"Bump 
now/node from 1.8.1 to 1.8.2",   2, 5, 5 
0ec6ddd,dependabot[bot],Sat Sep 5 07:32:10 2020,"Bump bl from 4.0.1 to 4.0.3",   1, 26, 6 
1b50082,dependabot-preview[bot],Sat Sep 5 07:28:11 2020,"[Security] Bump yargs-parser from 18.1.1 to 18.1.3",   1, 3, 3 
aed1a10,dependabot-preview[bot],Fri Sep 4 06:03:42 2020,"Bump 
babel/core from 7.11.5 to 7.11.6",   2, 13, 13 
fa2abc2,dependabot-preview[bot],Thu Sep 3 04:39:29 2020,"Bump 
types/jest from 26.0.12 to 26.0.13",   2, 5, 5 
41d25bb,dependabot-preview[bot],Wed Sep 2 02:07:21 2020,"Bump 
babel/core from 7.11.4 to 7.11.5",   2, 28, 28 
0cdbdb8,dependabot-preview[bot],Wed Sep 2 02:05:18 2020,"Bump 
types/jest from 26.0.10 to 26.0.12",   2, 5, 5 
5b7b0b6,dependabot-preview[bot],Wed Sep 2 01:59:34 2020,"Bump 
babel/preset-env from 7.11.0 to 7.11.5",   2, 10, 10 
8c186f5,dependabot-preview[bot],Sat Aug 29 03:25:50 2020,"Bump 
now/node from 1.8.0 to 1.8.1",   2, 5, 5 
96e9a32,dependabot-preview[bot],Tue Aug 25 23:58:19 2020,"Bump 
now/node from 1.7.4 to 1.8.0",   2, 5, 5 
e6556d4,dependabot-preview[bot],Tue Aug 25 23:58:19 2020,"Bump jest from 26.4.1 to 26.4.2",   2, 116, 116 
08f769d,dependabot-preview[bot],Fri Aug 21 08:32:45 2020,"Bump typescript from 3.9.7 to 4.0.2",   2, 5, 5 
2c77b87,dependabot-preview[bot],Fri Aug 21 08:26:50 2020,"Bump jest from 26.4.0 to 26.4.1",   2, 109, 102 
0969c57,dependabot-preview[bot],Fri Aug 21 08:25:22 2020,"Bump 
babel/core from 7.11.1 to 7.11.4",   2, 15, 15 
01f19a3,dependabot-preview[bot],Tue Aug 18 08:16:26 2020,"Bump 
types/jest from 26.0.9 to 26.0.10",   2, 5, 5 
d9e8a04,dependabot-preview[bot],Thu Aug 13 08:15:50 2020,"Bump jest from 26.3.0 to 26.4.0",   2, 131, 131 
caf14c0,dependabot-preview[bot],Tue Aug 11 08:21:54 2020,"Bump babel-jest from 26.2.2 to 26.3.0",   2, 1, 121 
e95ae23,dependabot-preview[bot],Tue Aug 11 08:17:04 2020,"Bump jest from 26.2.2 to 26.3.0",   2, 428, 293 
fdbde9a,dependabot-preview[bot],Fri Aug 7 08:19:02 2020,"Bump 
types/jest from 26.0.8 to 26.0.9",   2, 5, 5 
4868d25,dependabot-preview[bot],Fri Aug 7 08:18:37 2020,"Bump csv-parse from 4.11.1 to 4.12.0",   2, 5, 5 
2d43b21,dependabot-preview[bot],Wed Aug 5 08:18:42 2020,"Bump 
babel/core from 7.11.0 to 7.11.1",   2, 10, 10 
efa750b,dependabot-preview[bot],Sat Aug 1 08:26:59 2020,"Bump babel-jest from 26.2.1 to 26.2.2",   2, 1, 57 
7de644d,dependabot-preview[bot],Sat Aug 1 08:19:14 2020,"Bump 
types/jest from 26.0.7 to 26.0.8",   2, 5, 5 
3162ff3,dependabot-preview[bot],Sat Aug 1 08:15:34 2020,"Bump jest from 26.2.1 to 26.2.2",   2, 142, 86 
c7ca741,dependabot-preview[bot],Fri Jul 31 08:29:48 2020,"Bump jest from 26.1.0 to 26.2.1",   2, 288, 319 
dab171d,dependabot-preview[bot],Fri Jul 31 08:20:18 2020,"Bump 
babel/preset-env from 7.10.4 to 7.11.0",   2, 67, 31 
dcd93ff,dependabot-preview[bot],Fri Jul 31 08:17:35 2020,"Bump babel-jest from 26.1.0 to 26.2.1",   2, 79, 28 
4fc78a0,dependabot-preview[bot],Fri Jul 31 08:16:26 2020,"Bump 
babel/core from 7.10.5 to 7.11.0",   2, 44, 37 
409d2c7,dependabot-preview[bot],Thu Jul 30 08:18:03 2020,"Bump 
now/node from 1.7.3 to 1.7.4",   2, 5, 5 
b0a1668,dependabot-preview[bot],Sat Jul 25 08:20:03 2020,"Bump 
types/jest from 26.0.6 to 26.0.7",   2, 5, 5 
9459f13,dependabot-preview[bot],Sat Jul 25 08:16:12 2020,"Bump 
types/qs from 6.9.3 to 6.9.4",   2, 5, 5 
71a873b,dependabot-preview[bot],Fri Jul 24 08:15:33 2020,"Bump 
types/jest from 26.0.5 to 26.0.6",   2, 5, 5 
eacf5d2,dependabot-preview[bot],Wed Jul 22 08:19:23 2020,"Bump 
now/node from 1.7.2 to 1.7.3",   2, 5, 5 
2129d60,dependabot-preview[bot],Tue Jul 21 08:18:10 2020,"Bump 
types/jest from 26.0.4 to 26.0.5",   2, 5, 5 
33d7e73,dependabot-preview[bot],Fri Jul 17 08:17:52 2020,"Bump typescript from 3.9.6 to 3.9.7",   2, 5, 5 
16331fc,dependabot-preview[bot],Thu Jul 16 08:14:12 2020,"Bump csv-parse from 4.10.1 to 4.11.1",   2, 5, 5 
9b23089,dependabot-preview[bot],Wed Jul 15 08:16:45 2020,"Bump 
babel/core from 7.10.4 to 7.10.5",   2, 43, 44 
dc20181,Odi,Sun Jul 12 20:50:38 2020,"Merge pull request #231 from sozonome/patch-1", 
daf25aa,Odi,Sun Jul 12 20:47:58 2020,"Merge pull request #249 from balbaal/master", 
fc668d7,dependabot-preview[bot],Sat Jul 11 08:16:50 2020,"Bump 
now/node from 1.7.1 to 1.7.2",   2, 5, 5 
56481bb,Odi,Tue Jul 7 18:59:37 2020,"Merge pull request #246 from ZuTechV2/patch-1", 
d19294f,dependabot-preview[bot],Tue Jul 7 08:16:48 2020,"Bump 
types/jest from 26.0.3 to 26.0.4",   2, 5, 5 
cd76670,Odi,Sun Jul 5 17:50:47 2020,"Merge pull request #239 from spiritbro1/patch-1", 
210278a,Odi,Sun Jul 5 17:50:26 2020,"Merge pull request #171 from kant/patch-1", 
6afe304,dependabot-preview[bot],Thu Jul 2 08:16:57 2020,"Bump typescript from 3.9.5 to 3.9.6",   2, 5, 5 
327ccc4,dependabot-preview[bot],Wed Jul 1 08:23:56 2020,"Bump 
babel/core from 7.10.3 to 7.10.4",   2, 27, 155 
b9255d1,dependabot-preview[bot],Wed Jul 1 08:20:28 2020,"Bump 
babel/preset-typescript from 7.10.1 to 7.10.4",   2, 20, 48 
643be43,dependabot-preview[bot],Wed Jul 1 08:15:38 2020,"Bump 
babel/preset-env from 7.10.3 to 7.10.4",   2, 534, 435 
975d34b,dependabot-preview[bot],Thu Jun 25 08:16:26 2020,"Bump 
types/jest from 26.0.0 to 26.0.3",   2, 5, 5 
d6e70a7,dependabot-preview[bot],Wed Jun 24 08:20:15 2020,"Bump jest from 26.0.1 to 26.1.0",   2, 286, 322 
4084e0d,dependabot-preview[bot],Wed Jun 24 08:16:45 2020,"Bump babel-jest from 26.0.1 to 26.1.0",   2, 79, 32 
b6760d7,dependabot-preview[bot],Sat Jun 20 08:20:59 2020,"Bump 
babel/preset-env from 7.10.2 to 7.10.3",   2, 109, 91 
3d895ec,dependabot-preview[bot],Sat Jun 20 08:16:54 2020,"Bump 
babel/core from 7.10.2 to 7.10.3",   2, 71, 55 
6cc1778,dependabot-preview[bot],Wed Jun 17 08:17:29 2020,"Bump 
now/node from 1.7.0 to 1.7.1",   2, 5, 5 
581b9cc,dependabot-preview[bot],Sat Jun 13 08:17:28 2020,"Bump 
now/node from 1.6.1 to 1.7.0",   2, 51, 5 
95b308d,dependabot-preview[bot],Wed Jun 10 08:17:40 2020,"Bump 
types/jest from 25.2.3 to 26.0.0",   2, 5, 5 
4bea18e,dependabot-preview[bot],Fri Jun 5 08:15:19 2020,"Bump typescript from 3.9.3 to 3.9.5",   2, 5, 5 
39ec5e5,dependabot-preview[bot],Tue Jun 2 08:18:28 2020,"Bump 
babel/core from 7.10.1 to 7.10.2",   2, 17, 17 
dbdc3cd,dependabot-preview[bot],Tue Jun 2 08:14:44 2020,"Bump 
babel/preset-env from 7.10.1 to 7.10.2",   2, 15, 15 
85bffe9,dependabot-preview[bot],Thu May 28 08:26:57 2020,"Bump 
babel/preset-typescript from 7.9.0 to 7.10.1",   2, 22, 81 
950ce41,dependabot-preview[bot],Thu May 28 08:22:41 2020,"Bump 
babel/preset-env from 7.10.0 to 7.10.1",   2, 400, 389 
bb802cb,dependabot-preview[bot],Thu May 28 08:19:04 2020,"Bump 
babel/core from 7.10.0 to 7.10.1",   2, 142, 80 
0f9278e,dependabot-preview[bot],Wed May 27 08:19:38 2020,"Bump 
babel/core from 7.9.6 to 7.10.0",   2, 41, 41 
4a07695,dependabot-preview[bot],Wed May 27 08:16:04 2020,"Bump 
babel/preset-env from 7.9.6 to 7.10.0",   2, 92, 65 
652d2be,dependabot-preview[bot],Fri May 22 08:14:08 2020,"Bump csv-parse from 4.9.1 to 4.10.1",   2, 5, 5 
9f639d7,dependabot-preview[bot],Thu May 21 08:15:40 2020,"Bump typescript from 3.9.2 to 3.9.3",   2, 5, 5 
5252dae,dependabot-preview[bot],Wed May 20 08:15:39 2020,"Bump 
types/qs from 6.9.2 to 6.9.3",   2, 5, 5 
53e4c03,dependabot-preview[bot],Tue May 19 08:13:48 2020,"Bump 
types/jest from 25.2.2 to 25.2.3",   2, 5, 5 
715a40f,dependabot-preview[bot],Thu May 14 08:14:49 2020,"Bump 
types/jest from 25.2.1 to 25.2.2",   2, 5, 5 
32cde32,dependabot-preview[bot],Wed May 13 08:18:07 2020,"Bump csv-parse from 4.8.9 to 4.9.1",   2, 5, 5 
dbf348f,dependabot-preview[bot],Wed May 13 08:17:39 2020,"Bump typescript from 3.8.3 to 3.9.2",   2, 5, 5 
8ce2f1b,dependabot-preview[bot],Tue May 12 08:15:02 2020,"Bump 
now/node from 1.6.0 to 1.6.1",   2, 5, 5 
9cf0daf,dependabot-preview[bot],Sat May 9 08:14:20 2020,"Bump 
now/node from 1.5.1 to 1.6.0",   2, 5, 5 
cba26b6,dependabot-preview[bot],Wed May 6 08:24:09 2020,"Bump babel-jest from 26.0.0 to 26.0.1",   2, 1, 77 
e973434,dependabot-preview[bot],Wed May 6 08:20:05 2020,"Bump jest from 26.0.0 to 26.0.1",   2, 338, 262 
8c91d60,dependabot-preview[bot],Wed May 6 08:16:28 2020,"Bump 
types/qs from 6.9.1 to 6.9.2",   2, 5, 5 
d20d037,dependabot-preview[bot],Tue May 5 08:18:53 2020,"Bump jest from 25.5.3 to 26.0.0",   2, 500, 706 
fcc9b5a,dependabot-preview[bot],Tue May 5 08:14:23 2020,"Bump babel-jest from 25.5.1 to 26.0.0",   2, 122, 1 
6f863c8,dependabot-preview[bot],Tue May 5 08:14:10 2020,"Bump qs from 6.9.3 to 6.9.4",   2, 5, 5 
c2151ff,dependabot-preview[bot],Fri May 1 08:16:28 2020,"Bump jest from 25.5.2 to 25.5.3",   2, 113, 20 
e8c8427,dependabot-preview[bot],Thu Apr 30 08:19:07 2020,"Bump jest from 25.5.0 to 25.5.2",   2, 93, 112 
d2ca319,dependabot-preview[bot],Thu Apr 30 08:20:41 2020,"Bump 
babel/core from 7.9.0 to 7.9.6",   2, 34, 48 
534f264,dependabot-preview[bot],Thu Apr 30 08:16:56 2020,"Bump 
babel/preset-env from 7.9.5 to 7.9.6",   2, 104, 94 
84ecdd7,dependabot-preview[bot],Thu Apr 30 08:15:39 2020,"Bump babel-jest from 25.5.0 to 25.5.1",   2, 38, 11 
0d25ced,dependabot-preview[bot],Wed Apr 29 08:19:35 2020,"Bump jest from 25.4.0 to 25.5.0",   2, 295, 313 
073ecd1,dependabot-preview[bot],Wed Apr 29 08:15:07 2020,"Bump babel-jest from 25.4.0 to 25.5.0",   2, 83, 35 
5123983,Odi,Thu Apr 23 20:49:15 2020,"Merge pull request #165 from dynamicbalaji/patch-1", 
45a9b58,dependabot-preview[bot],Tue Apr 21 08:18:08 2020,"Bump babel-jest from 25.3.0 to 25.4.0",   2, 2, 99 
ec857a3,dependabot-preview[bot],Tue Apr 21 08:14:22 2020,"Bump csv-parse from 4.8.8 to 4.8.9",   2, 5, 5 
2150283,dependabot-preview[bot],Tue Apr 21 08:13:59 2020,"Bump jest from 25.3.0 to 25.4.0",   2, 485, 263 
7cfb9b8,Yahya Fadhlulloh Al-Fatih,Thu Apr 16 05:23:27 2020,"Merge pull request #156 from AbdullahChauhan/add-new-app", 
1c523f5,Muhammad Mustadi,Wed Apr 15 18:45:56 2020,"fix: dedupe US data (duped with byCounty)",   1, 1, 1 
dfc6013,Yahya Fadhlulloh Al-Fatih,Wed Apr 15 11:59:31 2020,"Merge pull request #153 from ihsaninh/add-site", 
29dd71a,dependabot-preview[bot],Wed Apr 15 08:21:55 2020,"Bump jest from 25.2.7 to 25.3.0",   2, 271, 280 
529af9a,dependabot-preview[bot],Wed Apr 15 08:18:12 2020,"Bump babel-jest from 25.2.6 to 25.3.0",   2, 95, 37 
c0e0b4a,dependabot-preview[bot],Wed Apr 15 08:14:27 2020,"Bump 
now/node from 1.5.0 to 1.5.1",   2, 5, 5 
51d417e,Yahya Fadhlulloh Al-Fatih,Tue Apr 14 16:48:27 2020,"Merge pull request #151 from melvinalmonte/patch-1", 
45e58bc,k1m0ch1,Tue Apr 14 15:07:46 2020," add more showcase",   1, 12 
70be481,Yahya Fadhlulloh Al-Fatih,Tue Apr 14 03:33:43 2020,"Merge pull request #148 from flborrelli/master", 
c731406,Yahya Fadhlulloh Al-Fatih,Tue Apr 14 03:30:53 2020,"Merge pull request #150 from markanthonyuy/master", 
f00483f,Yahya Fadhlulloh Al-Fatih,Tue Apr 14 03:29:22 2020,"Merge pull request #140 from Mastersam07/master", 
e45ad62,Yahya Fadhlulloh Al-Fatih,Tue Apr 14 03:23:06 2020,"Merge pull request #126 from bilafish/add-site-to-showcase", 
a31b5c7,Yahya Fadhlulloh Al-Fatih,Tue Apr 14 03:20:38 2020,"Merge pull request #123 from dabigjoe6/master", 
cc6bd2e,Yahya Fadhlulloh Al-Fatih,Tue Apr 14 03:17:51 2020,"Merge pull request #122 from oniharnantyo/feat/add-project-to-readme", 
391a337,Yahya Fadhlulloh Al-Fatih,Tue Apr 14 03:14:19 2020,"Merge pull request #115 from mzaini30/patch-2", 
b8ad3f5,Yahya Fadhlulloh Al-Fatih,Tue Apr 14 03:10:33 2020,"Merge pull request #113 from mzaini30/patch-1", 
0edd646,Yahya Fadhlulloh Al-Fatih,Tue Apr 14 03:02:01 2020,"Merge pull request #112 from NicolaLisci/master", 
df2085e,Yahya Fadhlulloh Al-Fatih,Tue Apr 14 02:59:41 2020,"Merge pull request #108 from nnnkit/master", 
8b38e33,Yahya Fadhlulloh Al-Fatih,Tue Apr 14 02:50:05 2020,"Merge pull request #56 from krishnatre-siddhartha/patch-1", 
a59b381,Yahya Fadhlulloh Al-Fatih,Tue Apr 14 02:46:56 2020,"Merge pull request #106 from johanneshaberlah/patch-1", 
def3f2a,Yahya Fadhlulloh Al-Fatih,Tue Apr 14 02:42:18 2020,"Merge pull request #105 from iamazik/patch-1", 
e75cb44,Yahya Fadhlulloh Al-Fatih,Tue Apr 14 02:14:23 2020,"Merge pull request #100 from OMIsie11/patch-1", 
9faca11,Yahya Fadhlulloh Al-Fatih,Tue Apr 14 02:13:48 2020,"Merge pull request #94 from NoumanHere/patch-1", 
881aab1,Yahya Fadhlulloh Al-Fatih,Tue Apr 14 02:10:05 2020,"Merge pull request #92 from micahmones/master", 
6eb2c62,Yahya Fadhlulloh Al-Fatih,Tue Apr 14 02:05:17 2020,"Merge pull request #88 from SandipNirmal/master", 
eaa82a0,Yahya Fadhlulloh Al-Fatih,Tue Apr 14 02:01:03 2020,"Merge pull request #87 from vitorboccio/master", 
297018b,Yahya Fadhlulloh Al-Fatih,Tue Apr 14 01:48:42 2020,"Merge pull request #73 from Dhaiwat10/dhaiwat-gatsby-app", 
76451ef,Yahya Fadhlulloh Al-Fatih,Tue Apr 14 01:45:17 2020,"Merge pull request #67 from princerafid01/adding-vue-app", 
5580e50,Yahya Fadhlulloh Al-Fatih,Tue Apr 14 01:43:29 2020,"Merge pull request #66 from mithhu/master", 
5aef7ab,Yahya Fadhlulloh Al-Fatih,Tue Apr 14 01:41:49 2020,"Merge pull request #62 from Hamaar/patch-1", 
a23599a,Yahya Fadhlulloh Al-Fatih,Tue Apr 14 01:39:38 2020,"Merge pull request #61 from juanitourquiza/patch-1", 
61133fa,Yahya Fadhlulloh Al-Fatih,Tue Apr 14 01:35:16 2020,"Merge pull request #59 from satyawikananda/patch-1", 
5e18c6e,Yahya Fadhlulloh Al-Fatih,Tue Apr 14 01:31:08 2020,"Merge pull request #58 from akashrajum7/patch-1", 
a8062bb,Yahya Fadhlulloh Al-Fatih,Mon Apr 13 23:35:41 2020,"Merge pull request #52 from souryvath/master", 
4a970f1,Yahya Fadhlulloh Al-Fatih,Mon Apr 13 21:15:56 2020,"Merge pull request #51 from pvogenthaler/master", 
b4cc63c,dependabot-preview[bot],Wed Apr 8 08:15:07 2020,"Bump 
babel/preset-env from 7.9.0 to 7.9.5",   2, 46, 46 
5b3a657,dependabot-preview[bot],Sat Apr 4 09:44:00 2020,"Bump jest from 25.2.6 to 25.2.7",   2, 80, 80 
76c26af,dependabot-preview[bot],Sat Apr 4 09:40:29 2020,"Bump 
types/jest from 25.1.5 to 25.2.1",   2, 10, 40 
61d68bc,dependabot-preview[bot],Fri Apr 3 08:21:02 2020,"Bump 
types/jest from 25.1.4 to 25.1.5",   2, 10, 10 
2d18727,dependabot-preview[bot],Fri Apr 3 08:17:17 2020,"Bump jest from 25.2.4 to 25.2.6",   2, 290, 339 
8dcc50a,dependabot-preview[bot],Fri Apr 3 08:13:42 2020,"Bump babel-jest from 25.2.4 to 25.2.6",   2, 76, 29 
bd17784,Muhammad Mustadi,Tue Mar 31 14:31:41 2020,"add typescript devdep",   1, 2, 1 
d610a1d,Muhammad Mustadi,Tue Mar 31 14:30:45 2020,"merge", 
6fcdc21,Muhammad Mustadi,Tue Mar 31 14:29:40 2020,"add raw requests",   14, 275, 1 
29f6f69,Muhammad Mustadi,Thu Mar 26 21:35:19 2020,"add infer active",   4, 13, 12 
05e843d,Muhammad Mustadi,Thu Mar 26 16:00:03 2020,"Merge branch 'master' of github.com:mathdroid/covid19", 
a37d2f3,Muhammad Mustadi,Thu Mar 26 15:59:47 2020,"change death/recovered query",   3, 18, 8 
954ee2a,Muhammad Mustadi,Wed Mar 25 00:31:53 2020,"fix delta confirmed outside china",   1, 4, 4 
82e1bdb,Muhammad Mustadi,Wed Mar 25 00:28:44 2020,"fix deltaconfirmeddetail",   1, 3, 2 
abf2aad,Muhammad Mustadi,Tue Mar 24 21:49:41 2020,"fix death and recovered",   4, 11, 8 
ac165d5,Muhammad Mustadi,Tue Mar 24 18:24:04 2020,"change default endpoint to use county instead of provinceState",   1, 3, 2 
968c70f,Muhammad Mustadi,Tue Mar 24 18:07:41 2020,"fix country details",   4, 17, 8 
15c00c6,Muhammad Mustadi,Tue Mar 24 15:45:31 2020,"generalize fetchfeatures",   4, 70, 54 
19511aa,Muhammad Mustadi,Tue Mar 24 12:52:25 2020,"only recurse on arrays",   1, 46, 12 
184debe,Muhammad Mustadi,Tue Mar 24 12:32:50 2020,"fix non-array data",   1, 1, 1 
6d8b97b,Muhammad Mustadi,Tue Mar 24 12:32:00 2020,"fixxx",   2, 5, 2 
bfa6369,Muhammad Mustadi,Tue Mar 24 12:26:22 2020,"recursively fetch again on 1000 results",   3, 20, 10 
e14231b,Muhammad Mustadi,Tue Mar 24 12:09:04 2020,"query redeathscovered",   4, 35, 68 
50caa40,Muhammad Mustadi,Tue Mar 24 12:01:59 2020,"wrap countries",   1, 5, 8 
545a77b,Muhammad Mustadi,Tue Mar 24 11:53:05 2020,"Merge branch 'master' of github.com:mathdroid/covid19", 
35ee037,Muhammad Mustadi,Tue Mar 24 11:49:27 2020,"only list available country",   3, 37, 8 
f499223,Muhammad Mustadi,Tue Mar 24 11:30:39 2020,"add grouping based on level",   10, 75, 36 
abcfa1c,Muhammad Mustadi,Tue Mar 24 04:49:28 2020,"fix fix og",   1, 10, 12 
e9730d5,Muhammad Mustadi,Tue Mar 24 04:40:46 2020,"fix fix og",   3, 123, 121 
c0ef52d,Muhammad Mustadi,Tue Mar 24 04:38:15 2020,"fix og",   2, 22, 2 
d4eb14c,Muhammad Mustadi,Tue Mar 24 04:11:35 2020,"backward compatibility",   1, 64, 32 
5d92953,Muhammad Mustadi,Tue Mar 24 03:48:42 2020,"add china/not separation",   1, 60, 6 
9c156ed,Muhammad Mustadi,Tue Mar 24 03:35:28 2020,"fix daily endpoint",   5, 66, 3 
95e6e5d,Muhammad Mustadi,Mon Mar 23 22:10:48 2020,"change endpoint.cases",   1, 1, 1 
b069efe,Muhammad Mustadi,Mon Mar 23 21:13:29 2020,"Merge branch 'master' of github.com:mathdroid/covid19", 
8b7fdf1,Muhammad Mustadi,Mon Mar 23 21:13:23 2020,"add byCountry query to confirmed",   1, 48, 9 
0681376,Muhammad Mustadi,Fri Mar 20 21:37:07 2020,"change cache to 60s",   1, 1, 1 
7425c86,Odi,Fri Mar 20 03:22:06 2020,"Merge pull request #40 from miftahafina/patch-1", 
7e137e5,Odi,Fri Mar 20 03:21:18 2020,"Merge pull request #31 from iamazik/patch-1", 
7e07110,Odi,Fri Mar 20 03:20:16 2020,"Merge pull request #29 from hoaaah/master", 
14596f3,Odi,Fri Mar 20 03:19:20 2020,"Merge pull request #28 from kasramp/master", 
7d2902d,Odi,Fri Mar 20 03:18:26 2020,"Merge pull request #27 from IYCI/patch-1", 
dd33904,Odi,Fri Mar 20 03:17:38 2020,"Merge pull request #26 from Ghazif-Adeem/patch-1", 
3d873b2,Odi,Fri Mar 20 03:16:55 2020,"Merge pull request #38 from anthlubic/master", 
eefec1f,Odi,Tue Mar 17 22:47:25 2020,"Update README.md",   1, 3 
6a0dbf3,Odi,Tue Mar 17 17:19:15 2020,"Merge pull request #24 from freakyfelt/patch-1", 
0c445da,Odi,Mon Mar 16 15:19:36 2020,"Update README.md",   1, 2 
fc6ee37,Odi,Mon Mar 16 14:47:11 2020,"Merge pull request #21 from alancampora/corona-virus-react", 
a82f9de,Odi,Mon Mar 16 14:46:06 2020,"Merge pull request #18 from alankilalank/master", 
f623f3b,Odi,Mon Mar 16 14:43:31 2020,"Update README.md",   1, 2 
1e70012,Muhammad Mustadi,Mon Mar 16 13:54:46 2020,"add cf headers",   1, 14, 1 
ccd4308,Muhammad Mustadi,Sun Mar 15 14:52:27 2020,"fix: global OG",   1, 1, 1 
3627bda,Muhammad Mustadi,Sun Mar 15 14:39:15 2020,"feat: add og for [country]",   1, 2, 2 
f3fc8b6,Muhammad Mustadi,Sun Mar 15 14:38:18 2020,"Merge branch 'master' of github.com:mathdroid/covid-19-api", 
7a8b70b,Muhammad Mustadi,Sun Mar 15 14:37:41 2020,"feat: add og for [country]",   2, 107, 39 
43b334d,Muhammad Mustadi,Sat Mar 14 19:12:38 2020,"fix: more verbose error message",   1, 3, 1 
9c257b9,Muhammad Mustadi,Sat Mar 14 19:09:13 2020,"fix: error in list /[countries]/[status] should be array",   3, 3, 9 
eeef0e6,Muhammad Mustadi,Sat Mar 14 19:03:49 2020,"fix og",   1, 3, 2 
11728c8,Muhammad Mustadi,Sat Mar 14 16:20:01 2020,"fix update template",   1, 1, 1 
b0cadfb,Muhammad Mustadi,Sat Mar 14 16:16:52 2020,"update template",   2, 11, 4 
9b236be,Muhammad Mustadi,Sat Mar 14 15:17:37 2020,"fix some coutry codes",   1, 4 
d3f2842,Muhammad Mustadi,Sat Mar 14 08:02:34 2020,"add cumulative scraper",   3, 78, 1 
adcb6a1,Muhammad Mustadi,Sat Mar 14 02:25:18 2020,"fix fix fix",   3, 4, 7 
01c2a32,Muhammad Mustadi,Fri Mar 13 23:48:13 2020,"fix fix",   2, 17, 12 
febba06,Muhammad Mustadi,Fri Mar 13 23:27:20 2020,"fix customize height",   2, 2, 2 
2388c63,Muhammad Mustadi,Fri Mar 13 23:24:01 2020,"fix customize height",   1, 5, 5 
6af6292,Muhammad Mustadi,Fri Mar 13 23:20:57 2020,"Merge branch 'master' of github.com:mathdroid/covid-19-api", 
c6502e6,Muhammad Mustadi,Fri Mar 13 23:20:01 2020,"customize width/height",   3, 30, 11 
310ccec,Muhammad Mustadi,Fri Mar 13 21:22:06 2020,"fix service server url",   1, 2, 2 
b561f6c,Muhammad Mustadi,Thu Mar 12 19:15:21 2020,"add retry",   3, 32, 1 
b046571,Odi,Thu Mar 12 09:26:57 2020,"Update README.md",   1, 32 
7ff91c0,Muhammad Mustadi,Thu Mar 12 06:23:06 2020,"add more data to og",   3, 45, 18 
a4986a8,Muhammad Mustadi,Thu Mar 12 04:45:32 2020,"add sparkline to og",   4, 75, 25 
43f292e,Muhammad Mustadi,Wed Mar 11 23:05:53 2020,"add example",   1, 9, 2 
40f8efb,Muhammad Mustadi,Wed Mar 11 23:03:34 2020,"add daily time series",   5, 61, 5 
158712f,Muhammad Mustadi,Wed Mar 11 22:30:30 2020,"handle undefined country as global",   2, 10, 3 
a85da70,Muhammad Mustadi,Wed Mar 11 22:24:14 2020,"fix: daily",   4, 17, 21 
4a32f27,Muhammad Mustadi,Wed Mar 11 10:11:39 2020,"fix og",   1, 6, 6 
1a99afc,Muhammad Mustadi,Wed Mar 11 10:10:02 2020,"add countries",   1, 66, 66 
46cb2fa,Muhammad Mustadi,Wed Mar 11 10:03:09 2020,"add countries",   1, 76, 76 
94b545a,Muhammad Mustadi,Wed Mar 11 10:01:18 2020,"add countries",   19, 839, 283 
e454b34,Odi,Wed Mar 11 06:39:17 2020,"Merge pull request #4 from ndom91/mathdroid", 
278a475,Muhammad Mustadi,Wed Mar 4 18:27:03 2020,"update template padding",   1, 1, 1 
a562c1b,Muhammad Mustadi,Wed Mar 4 18:24:44 2020,"add title and lastUpdate",   5, 55, 29 
40660bc,Muhammad Mustadi,Wed Mar 4 17:54:26 2020,"add last update",   3, 30, 6 
e38e6f1,Muhammad Mustadi,Wed Mar 4 17:31:43 2020,"refactor",   1, 2, 2 
5623bda,Muhammad Mustadi,Wed Mar 4 17:29:14 2020,"refactor",   14, 74, 44 
0af3ccc,Muhammad Mustadi,Wed Mar 4 17:14:39 2020,"refactor",   13, 9, 9 
e4b87f0,Muhammad Mustadi,Wed Mar 4 17:11:56 2020,"refactor",   1, 2, 2 
4c77e31,Muhammad Mustadi,Wed Mar 4 17:11:30 2020,"refactor",   16, 98, 92 
3261519,Muhammad Mustadi,Wed Mar 4 11:48:09 2020,"add zeit headers config",   1, 18 
da863ea,Muhammad Mustadi,Tue Mar 3 23:56:13 2020,"init",   18, 904 