commit id,author,date,comment,changed files,lines added,lines deleted

c80ef90,Mauricio Aniche,Wed Apr 1 05:31:56 2020,"low FP, but false discovery rate is still a bit high.. that's the number i'd like to improve",   1, 566, 23 
f9934a7,Mauricio Aniche,Wed Apr 1 04:38:45 2020,"using balanced accuracy seems to give a model with less FP",   1, 85, 37 
085ed7b,Mauricio Aniche,Wed Apr 1 02:07:06 2020,"less features, RF",   2, 387, 418 
3da4717,Mauricio Aniche,Tue Mar 31 19:06:22 2020,"more libraries to reproduce friend's notebook; small on my notebook",   2, 555, 23 
eccb621,Mauricio Aniche,Tue Mar 31 18:50:14 2020,"rf and gridsearch",   3, 11708 
c29bf50,Mauricio Aniche,Tue Mar 31 00:41:45 2020,"adding LR as part of the models we try",   1, 147, 2 
b2835de,Mauricio Aniche,Tue Mar 31 00:37:00 2020,"-9999 in the original notebook as intended",   1, 1143, 1114 
bb4d139,Mauricio Aniche,Tue Mar 31 00:33:14 2020,"trying LGBM classifier",   2, 1179, 1103 
41b9838,Mauricio Aniche,Mon Mar 30 20:29:29 2020,"TODOs",   1, 18 
de8bdcb,Mauricio Aniche,Mon Mar 30 20:27:50 2020,"fix titles",   1, 57, 41 
50001d6,Mauricio Aniche,Mon Mar 30 20:21:52 2020,"fix bug; dataset with -9999 and with median is becoming really messy",   1, 2, 2 
696afe2,Mauricio Aniche,Mon Mar 30 20:19:52 2020,"more on feature reduction",   1, 198, 3 
131e2b2,Mauricio Aniche,Mon Mar 30 20:12:55 2020,"feature reduction",   1, 429, 6 
88c456f,Mauricio Aniche,Mon Mar 30 19:42:22 2020,"more experiments related to Experiment 3",   1, 321, 10 
917e0ec,Mauricio Aniche,Mon Mar 30 19:28:01 2020,"printing classification report",   1, 1514, 1097 
9f578b1,Mauricio Aniche,Mon Mar 30 19:17:11 2020,"trying with scaling",   1, 1360, 10 
ccd7cfd,Mauricio Aniche,Mon Mar 30 19:05:41 2020,"cleaning up previous one; fix a bug as I was not passing the correct classifier",   1, 37, 50 
63313f9,Mauricio Aniche,Mon Mar 30 19:02:34 2020,"trying more classifiers",   1, 130 
e621597,Mauricio Aniche,Mon Mar 30 18:51:01 2020,"trying to replace NaN by mean/median",   1, 133 
af068af,Mauricio Aniche,Mon Mar 30 18:37:21 2020,"some overall cleanup, fix random seed in some places",   1, 63, 142 
1536dbc,Mauricio Aniche,Mon Mar 30 18:14:33 2020,"making it easier to be understood by people",   1, 358, 221 
1d3b1bf,Mauricio Aniche,Mon Mar 30 17:44:03 2020,"some long runs during the night",   1, 267, 147 
f63f77e,Mauricio Aniche,Mon Mar 30 05:41:25 2020,"drop some useless dumies",   1, 125, 1 
d26b5f0,Mauricio Aniche,Mon Mar 30 05:28:16 2020,"remove long texts that difficult the notebook to be read by others",   1, 5, 7263 
6f392a3,Mauricio Aniche,Mon Mar 30 05:26:30 2020,"gridsearch; results not so good",   1, 6117, 29 
562dcaf,Mauricio Aniche,Mon Mar 30 02:36:43 2020,"plotting feature importance",   1, 22, 159 
b915163,Mauricio Aniche,Mon Mar 30 02:26:57 2020,"first version of the notebook; intense data cleaning",   4, 2520 