commit id,author,date,comment,changed files,lines added,lines deleted

1e85c22,Matthias Broecheler,Tue Apr 7 15:13:37 2020,"Minor renaming in docs",   1, 2, 2 
42f047f,Matthias Broecheler,Tue Apr 7 15:12:03 2020,"Updated and added documentation",   5, 71, 16 
bd5cb28,Matthias Broecheler,Tue Apr 7 14:29:45 2020,"Added additional documentation and updated the notebook",   7, 82, 8 
406614b,Matthias Broecheler,Tue Apr 7 13:02:16 2020,"Renamed sub-projects for more clarity",   34, 0, 0 
868def8,Matthias Broecheler,Tue Apr 7 10:45:35 2020,"Added functionality to upload contacts and claim device. Slight modification to schema",   8, 259, 13 
33463a1,Matthias Broecheler,Mon Apr 6 07:23:51 2020,"Updated docs",   3, 39, 1 
aa7fd23,Matthias Broecheler,Mon Apr 6 07:21:20 2020,"Merge branch 'master' of github.com:mbroecheler/covid19-contact-tracing", 
47c51fd,Matthias Broecheler,Mon Apr 6 07:19:36 2020,"Restructured content",   1, 16, 36 
195b252,Matthias Broecheler,Sat Apr 4 10:33:22 2020,"Updated README and notebook",   3, 67, 1 
5e4f66e,Matthias Broecheler,Sat Apr 4 08:22:52 2020,"Creating executable jar for simulator",   4, 49, 24 
8321c5d,Matthias Broecheler,Sat Apr 4 06:59:21 2020,"Initial prototype implementation",   36, 1352, 168 
c8b65a8,Matthias Broecheler,Wed Apr 1 08:02:39 2020,"Initial repo setup and simulator PoC implementation",   15, 835 
4eb1526,Matthias Broecheler,Wed Apr 1 02:25:03 2020,"Initial commit",   3, 225 