commit id,author,date,comment,changed files,lines added,lines deleted

7e1c1f6,ImgBotApp,Tue Jun 2 21:12:51 2020,"[ImgBot] Optimize images",   2, 0, 0 
d8130fd,Mehul Jain,Sun Mar 29 21:53:39 2020,"Update README.md",   1, 1, 1 
3317e1c,Mehul Jain,Sun Mar 29 21:51:54 2020,"Update README.md",   1, 13 
1b35e94,Mehul Jain,Sun Mar 29 21:46:59 2020,"Update README.md",   1, 63, 1 
cb8ddd7,Mehul Jain,Sun Mar 29 20:52:56 2020,"Add files via upload",   1, 0, 0 
36b8f95,Mehul Jain,Sun Mar 29 20:10:52 2020,"Create README.md",   1, 1 
5488ae5,Mehul Jain,Sun Mar 29 20:00:00 2020,"Add existing file",   89, 4426 
f66833c,Mehul Jain,Sun Mar 29 19:54:28 2020,"Initial commit",   1, 674 