commit id,author,date,comment,changed files,lines added,lines deleted

cf2e9f7,Nora,Sat Apr 18 06:11:50 2020,"Added the New York Times as a data source",   4, 13, 9 
06abbe3,Nora,Mon Mar 30 12:31:15 2020,"oops",   1, 2 
4b79b6e,Nora,Mon Mar 23 16:16:10 2020,"Update README",   1, 19, 11 
7d039ff,Nora,Mon Mar 23 16:07:38 2020,"Updated to use v2 of the API",   7, 156, 126 
ff0a9f3,Nora,Mon Mar 16 16:37:43 2020,"Update return type of history field.",   2, 3, 3 
5d61fe6,Nora,Mon Mar 16 16:27:56 2020,"wow im bad",   1, 1, 1 
b760e20,Nora,Mon Mar 9 08:20:38 2020,"whoops",   1, 32 
9684c97,Nora,Mon Mar 9 08:08:35 2020,"Code",   7, 467 
24426a9,Nora,Mon Mar 9 08:08:22 2020,"Project",   9, 348, 1 
7555444,Nora,Mon Mar 9 06:44:37 2020,"Initial commit",   1, 1 