commit id,author,date,comment,changed files,lines added,lines deleted

6023ea5,Mhd Hejazi,Thu Aug 27 05:28:08 2020,"Merge pull request #131 from racpsjcsp/patch-1", 
006c82d,Mhd Hejazi,Sat Aug 8 03:32:35 2020,"Update app version to 1.7.2.",   1, 4, 4 
05e6945,Mhd Hejazi,Sat Jul 25 01:43:32 2020,"Update README.md",   1, 1 
40fbf40,Mhd Hejazi,Sat Jul 25 01:42:11 2020,"Added Kurdish translation by Rawaz Mahmud.",   2, 43 
98b1c19,Mhd Hejazi,Sat Jul 25 01:24:29 2020,"Always show day and month.",   1, 1, 7 
b1b2059,Mhd Hejazi,Sun Jul 12 19:37:20 2020,"Merge pull request #126 from FranicevicNikola/master", 
41aab08,Mhd Hejazi,Wed Jul 8 04:38:28 2020,"Fix issue with JHU data source.",   2, 5, 2 
871ddc1,Mhd Hejazi,Fri Jun 26 06:06:43 2020,"Fix an issue where some annotations were placed in a wrong location.",   1, 1, 1 
263c2f4,Mhd Hejazi,Fri Jun 26 06:04:47 2020,"Don't show negative values for deltas.",   1, 6, 6 
03162e2,Mhd Hejazi,Tue May 26 18:38:18 2020,"Fix #118",   1, 1, 1 
6be8d57,Mhd Hejazi,Fri May 22 07:24:17 2020,"Update credits.",   1, 2 
b9ba517,Mhd Hejazi,Fri May 22 06:02:22 2020,"Update app version to 1.7.1.",   2, 8, 8 
f5d11e5,Mhd Hejazi,Fri May 22 05:55:23 2020,"Update Portuguese and Spanish translations (by 
marinehero).",   4, 32, 2 
3fd9408,Mhd Hejazi,Mon May 18 20:10:10 2020,"Merge pull request #116 from marquicodes/greek-localization", 
dc32ca3,Mhd Hejazi,Fri May 15 23:10:22 2020,"Fix issues caused by missing data for Germany, Italy, and Spain.",   3, 23, 8 
b232831,Mhd Hejazi,Mon May 11 22:07:45 2020,"Update README.md",   1, 1 
db49f85,Mhd Hejazi,Mon May 11 22:06:07 2020,"Add Albanian translation (by 
lor1x).",   2, 45 
d88af83,Mhd Hejazi,Mon May 11 22:04:54 2020,"Updated translations from POEditor.",   4, 35 
8607199,Mhd Hejazi,Thu May 7 19:14:29 2020,"Make the animations faster. #114",   5, 5, 5 
7b7396c,Mhd Hejazi,Tue May 5 19:48:05 2020,"Force Xcode to generate debug symbols for the macOS app.",   1, 2 
cd6df58,Mhd Hejazi,Tue May 5 19:13:58 2020,"Fix for #110.",   1, 1, 1 
314e838,Mhd Hejazi,Tue May 5 05:03:01 2020,"Merge pull request #113 from ValeriySoglaev/Ukraine_localization", 
e521cf5,Mhd Hejazi,Mon May 4 20:46:39 2020,"Merge pull request #111 from Lala1969/patch-2", 
73be81e,Mhd Hejazi,Sat May 2 06:09:09 2020,"Merge branch 'master' of github.com:mhdhejazi/CoronaTracker", 
a2134a0,Mhd Hejazi,Sat May 2 06:09:01 2020,"Send Accept-Language header to fix #109.",   1, 1 
dbb10a6,Mhd Hejazi,Thu Apr 30 02:28:32 2020,"Merge branch 'master' of github.com:mhdhejazi/CoronaTracker", 
27b300a,Mhd Hejazi,Thu Apr 30 02:28:23 2020,"Fix the missing credits.",   2, 2, 2 
eb8d070,Mhd Hejazi,Thu Apr 30 02:27:46 2020,"Update the app version to 1.7.",   1, 4, 4 
da98f9f,Mhd Hejazi,Wed Apr 29 21:55:51 2020,"Update README.md",   1, 1 
bbb436b,Mhd Hejazi,Wed Apr 29 21:41:49 2020,"Add menu items for release notes and reporting an issue. Implement the help menu action.",   5, 64, 4 
b0f2839,Mhd Hejazi,Wed Apr 29 02:40:47 2020,"Add credits button.",   6, 140, 11 
2619a7a,Patrick,Wed Apr 29 01:44:36 2020,"Added BMSGPK as data source (#107)",   1, 11, 13 
f03ffa4,Mhd Hejazi,Tue Apr 28 06:06:29 2020,"Don't show share action for non shareable cells.",   1, 4 
892c831,Mhd Hejazi,Tue Apr 28 05:13:11 2020,"Add BMSGPK to the data sources.",   2, 37, 18 
c483751,Mhd Hejazi,Tue Apr 28 04:46:56 2020,"Code cleanup.",   4, 5, 6 
efe4f7a,Patrick,Tue Apr 28 04:01:41 2020,"Addes subregions for Austria (#105)",   3, 135, 1 
183be5d,Mhd Hejazi,Sun Apr 26 17:49:12 2020,"Fix an issue with calculating the daily change.",   1, 1, 2 
2d120a0,Mhd Hejazi,Sun Apr 26 17:42:47 2020,"Update Bing data source.",   1, 9, 2 
dfea1f4,Mhd Hejazi,Sat Apr 25 18:38:33 2020,"Fix SwiftLint warnings.",   2, 2, 1 
42b6d44,Mhd Hejazi,Fri Apr 24 10:21:02 2020,"Merge pull request #103 from jsf030/patch-4", 
ae2d863,Mhd Hejazi,Wed Apr 22 04:03:51 2020,"Add an option to see the active cases for the most affected regions chart.",   2, 2, 2 
cd205bf,Mhd Hejazi,Tue Apr 21 19:23:23 2020,"Show the correct values when using the log scale.",   3, 41, 33 
feb1f6b,Mhd Hejazi,Tue Apr 21 18:57:33 2020,"Add a log scale option to the Daily New Cases chart.",   1, 41, 3 
dca9598,Mhd Hejazi,Tue Apr 21 18:27:12 2020,"Make the code more Swifty.",   6, 18, 18 
533ba70,Mhd Hejazi,Tue Apr 21 06:42:52 2020,"Update data source info.",   2, 66, 15 
8ca1c29,Mhd Hejazi,Tue Apr 21 06:19:26 2020,"Add a new data source from Bing for province-level data.",   8, 218, 28 
3c146d2,Mhd Hejazi,Tue Apr 21 02:29:10 2020,"Give annotations different priorities to reduce the number of overlapping annotations.",   4, 26, 27 
43643cb,Mhd Hejazi,Tue Apr 21 01:35:13 2020,"Change the style of province annotations.",   4, 27, 21 
3191b1a,Mhd Hejazi,Mon Apr 20 21:15:01 2020,"Improve the province annotations in the dark mode.",   2, 14, 2 
eb649fb,Mhd Hejazi,Mon Apr 20 20:44:44 2020,"Always keep country annotations, and give a new style to province annotations.",   2, 9, 4 
8c4655e,Mhd Hejazi,Mon Apr 20 20:43:45 2020,"Fix a possible bug.",   1, 1, 1 
8322563,Mhd Hejazi,Mon Apr 20 20:43:31 2020,"Refactor data service classes and add a base data service for the shared logic. Keep the time series data and the location of Germany for JHU. Set the country location to the center point between the two most affected provinces.",   7, 305, 233 
ca3fef5,Mhd Hejazi,Mon Apr 20 20:12:41 2020,"Merge pull request #100 from stuffmc/feature/german-regions", 
6e54c54,Mhd Hejazi,Mon Apr 20 06:03:39 2020,"Update credits to mention new translators.",   1, 8, 1 
43b90cf,Mhd Hejazi,Mon Apr 20 05:52:46 2020,"Merge pull request #98 from nikotidar/master", 
475c56e,Mhd Hejazi,Mon Apr 20 05:50:08 2020,"Merge branch 'master' of github.com:mhdhejazi/CoronaTracker", 
3d8b805,Mhd Hejazi,Mon Apr 20 05:50:01 2020,"Add Danish translation file from #94.",   2, 42 
e2c90b2,Mhd Hejazi,Mon Apr 20 05:39:18 2020,"Add translation files to the project.",   2, 4, 1 
365567d,League2EB,Mon Apr 20 05:35:38 2020,"Update Chinese(Traditional) _ Taiwan Localizable.strings  (#95)",   1, 39 
37377ae,Mhd Hejazi,Mon Apr 20 05:30:02 2020,"Add translation files to the project.",   5, 16, 10 
6adea61,Mhd Hejazi,Mon Apr 20 05:15:08 2020,"Merge branch 'master' of github.com:mhdhejazi/CoronaTracker", 
049604a,Mhd Hejazi,Sat Apr 11 20:27:21 2020,"Make the code more Swifty.",   6, 23, 22 
c9e3c06,Mhd Hejazi,Fri Apr 10 22:29:49 2020,"Show provinces instead of countries in charts when possible.",   5, 42, 14 
2951874,Mhd Hejazi,Fri Apr 10 21:20:07 2020,"Use debugPrint with errors.",   5, 12, 14 
cd9d3dc,Mhd Hejazi,Fri Apr 10 21:05:26 2020,"Use 'shared' instead of 'instance' for singletons.",   18, 45, 45 
be089b7,Mhd Hejazi,Fri Apr 10 20:59:55 2020,"Some refactoring.",   17, 78, 58 
f76ff6a,Mhd Hejazi,Fri Apr 10 20:49:56 2020,"Add a context menu to the chart screen.",   4, 113, 37 
1b60d03,Mhd Hejazi,Fri Apr 10 19:26:32 2020,"Fix an issue that prevents the popover from being shown on iPad.",   1, 5, 1 
2c1ffa9,Mhd Hejazi,Fri Apr 10 14:51:51 2020,"Merge pull request #83 from LeeGwangYong/localization/kor", 
b37f708,Mhd Hejazi,Fri Apr 10 06:36:47 2020,"Add extra space at bottom on devices with zero safe area.",   1, 3, 3 
ccaa1d1,Mhd Hejazi,Fri Apr 10 06:06:09 2020,"Fix for #82.",   6, 11, 25 
2e9a714,Mhd Hejazi,Fri Apr 10 05:09:51 2020,"Add main menu for macOS.",   8, 124, 8 
6c55e7f,Mhd Hejazi,Fri Apr 10 03:20:11 2020,"Move toolbar code to a separate class.",   3, 124, 103 
9b3f8a8,Mhd Hejazi,Fri Apr 10 03:01:17 2020,"Add custom rule for indentation style.",   7, 32, 25 
bc14358,Mhd Hejazi,Fri Apr 10 02:27:05 2020,"Fix SwiftLint warnings.",   5, 6, 6 
8265e2d,Mhd Hejazi,Fri Apr 10 02:23:17 2020,"Add a toolbar to the window on macOS.",   10, 203, 87 
dd2c42d,Mhd Hejazi,Thu Apr 9 17:09:11 2020,"Merge pull request #81 from reich452/feature/private_IB", 
5185112,MhdHejazi,Thu Apr 9 08:14:44 2020,"Use SHA1 instead of MD5.",   3, 7, 7 
963c7fb,Mhd Hejazi,Thu Apr 9 06:51:39 2020,"Create .editorconfig",   1, 10 
521a3d7,Mhd Hejazi,Thu Apr 9 06:32:25 2020,"Add a badge for gitter.",   1, 1 
d462919,MhdHejazi,Thu Apr 9 06:15:59 2020,"Don't save data files and compare hashes instead.",   3, 44, 26 
5db31d4,MhdHejazi,Thu Apr 9 05:30:11 2020,"Use SwiftLint.",   41, 365, 289 
278a4dc,MhdHejazi,Thu Apr 9 04:10:40 2020,"Merge branch 'master' of github.com:mhdhejazi/CoronaTracker", 
2d237c7,MhdHejazi,Thu Apr 9 04:10:28 2020,"Move classes to separate files.",   29, 870, 683 
4bedf66,MhdHejazi,Thu Apr 9 03:22:31 2020,"Update README.md",   1, 19, 10 
6df0319,MhdHejazi,Thu Apr 9 00:08:36 2020,"Unify file headers and add translator names.",   52, 82, 192 
a72e5ac,MhdHejazi,Wed Apr 8 22:57:51 2020,"Add author info.",   10, 401, 121 
64dbb2e,MhdHejazi,Wed Apr 8 20:11:26 2020,"Add a separator to the header and fixed the storyboard warnings.",   4, 67, 21 
2401eec,MhdHejazi,Wed Apr 8 19:15:20 2020,"Improve the stats view.",   6, 57, 54 
fc52881,MhdHejazi,Wed Apr 8 18:08:54 2020,"Allow dismissing chart screen with a swipe.",   1, 34, 2 
08baebf,MhdHejazi,Wed Apr 8 08:33:12 2020,"Add logarithmic scale to history and trendline charts.",   6, 118, 23 
41a8706,MhdHejazi,Wed Apr 8 06:14:46 2020,"Add logarithmic scale option for Top Affected chart.",   7, 72, 19 
d8d4d86,MhdHejazi,Wed Apr 8 01:53:53 2020,"Fix issues with ChartController.",   3, 11, 2 
034dcee,MhdHejazi,Wed Apr 8 01:44:36 2020,"Add deaths since 10th death option.",   4, 17, 7 
3a868ae,MhdHejazi,Wed Apr 8 01:29:00 2020,"Fix an issue with Region.euqals function.",   1, 1, 1 
f05646b,MhdHejazi,Tue Apr 7 23:10:11 2020,"Add Romanian translation (translated by 
rhcpfan).",   2, 32 
ec1acff,MhdHejazi,Tue Apr 7 23:05:15 2020,"Added Dutch translation file to the project.",   1, 3 
0b0091c,Mhd Hejazi,Tue Apr 7 22:59:28 2020,"Merge pull request #78 from hdatteln/master", 
6e69999,Mhd Hejazi,Tue Apr 7 22:58:06 2020,"Merge pull request #79 from dev-sora/patch-3", 
38d7303,MhdHejazi,Tue Apr 7 08:04:56 2020,"Change layers icon.",   4, 164, 10 
6131e64,MhdHejazi,Tue Apr 7 05:43:58 2020,"Add the ability to show charts in full screen.",   11, 309, 3 
74bc283,MhdHejazi,Mon Apr 6 23:13:12 2020,"Add option for snapping edges to safe area.",   1, 14, 7 
b76a3f2,MhdHejazi,Mon Apr 6 22:22:11 2020,"Add ShareManager.",   8, 49, 17 
955d181,MhdHejazi,Mon Apr 6 22:04:38 2020,"Move shareableText property from the cell to the chart.",   7, 18, 5 
9edd54d,MhdHejazi,Mon Apr 6 21:42:32 2020,"Fix the clipped dates issue.",   1, 4, 1 
9e19b66,MhdHejazi,Mon Apr 6 21:01:06 2020,"Add Chart.fontScale and Chart.interactive.",   6, 78, 42 
fb774cd,MhdHejazi,Mon Apr 6 20:51:25 2020,"Add round corners to markers.",   2, 63, 19 
87f6cb0,Mhd Hejazi,Sun Apr 5 00:28:44 2020,"Merge pull request #76 from jsf030/patch-2", 
1f48bf3,Mhd Hejazi,Sat Apr 4 22:43:19 2020,"Merge pull request #75 from Ale111/patch-4", 
6a59f79,Yon Montoto,Sat Apr 4 22:40:50 2020,"Update value for change (#71)",   1, 4, 4 
d8f991c,Paul de Laage,Sat Apr 4 19:48:40 2020,"Add localized « Copy » string and update French localization (#73)",   4, 11, 1 
1165e73,MhdHejazi,Fri Apr 3 19:13:22 2020,"Fix for #69",   1, 10, 18 
f54659a,MhdHejazi,Fri Apr 3 06:48:41 2020,"Update the version to 1.6.",   1, 4, 4 
1d76ad5,MhdHejazi,Fri Apr 3 06:27:16 2020,"Changed the position of the update button.",   1, 10, 8 
840cd04,MhdHejazi,Fri Apr 3 06:04:40 2020,"Unify colors between charts.",   1, 10, 1 
df0035f,MhdHejazi,Fri Apr 3 05:29:30 2020,"Handle the case of null locations from the data source.",   3, 6, 4 
41afd1c,MhdHejazi,Fri Apr 3 01:40:32 2020,"Fix for cityZoomLevel om macOS.",   1, 3, 3 
926a630,MhdHejazi,Thu Apr 2 22:57:33 2020,"Revert "Simplify code by using Swift 5.2 new features."",   6, 15, 11 
7ef0731,Mhd Hejazi,Thu Apr 2 22:47:21 2020,"Merge pull request #64 from dev-sora/patch-2", 
978ac71,MhdHejazi,Wed Apr 1 21:49:31 2020,"Change the background of the charts when the context menu is shown.",   1, 10 
49a1a16,MhdHejazi,Wed Apr 1 21:14:02 2020,"Fix the sudden fade effect when updating the map.",   2, 24, 12 
1e3acd3,MhdHejazi,Wed Apr 1 20:59:10 2020,"Don't hide region screen when selecting a country.",   2, 8 
2f5cbf0,MhdHejazi,Wed Apr 1 17:09:39 2020,"Add app icon for macOS.",   8, 120, 60 
b2f4dac,MhdHejazi,Wed Apr 1 03:32:31 2020,"Add helper methods.",   2, 17, 7 
cf4e226,MhdHejazi,Tue Mar 31 22:54:17 2020,"Add context menu for macOS including a copy item.",   3, 61, 7 
e573bc6,jakif,Tue Mar 31 21:12:46 2020,"Hotfixed "%d Days" in DE (#63)",   1, 1, 1 
4cdb09f,jakif,Tue Mar 31 19:52:00 2020,"Update Localizable.strings (#62)",   1, 7 
97d3a8c,Ale,Tue Mar 31 19:14:15 2020,"Updated Italian Localization (#61)",   1, 6 
93b8a54,MhdHejazi,Tue Mar 31 07:15:05 2020,"Remove test code.",   1, 1, 12 
e613b9d,Piotr Ożóg,Tue Mar 31 07:04:27 2020,"add new translation keys for Polish language (#57)",   1, 6 
589644c,MhdHejazi,Tue Mar 31 04:39:13 2020,"Merge branch 'master' of github.com:MhdHejazi/Corona", 
d154ab0,MhdHejazi,Tue Mar 31 04:38:13 2020,"Add mode button & share action for charts.",   14, 210, 94 
ab57f44,MhdHejazi,Tue Mar 31 00:10:39 2020,"Add menu separator item.",   5, 120, 33 
e1fed08,MhdHejazi,Mon Mar 30 06:47:38 2020,"Refactor chart views.",   10, 254, 415 
3c61a8b,MhdHejazi,Mon Mar 30 00:34:42 2020,"Add trendline chart.",   13, 429, 63 
cc2f070,MhdHejazi,Sun Mar 29 20:23:43 2020,"Add Japanese language.",   2, 34 
30e4a7d,MhdHejazi,Sun Mar 29 20:13:38 2020,"Add Spanish and Chinese (Simplified) translation files to the project.",   3, 6 
a76dbf0,MhdHejazi,Sun Mar 29 20:06:41 2020,"Merge branch 'master' of github.com-mhd:MhdHejazi/Corona", 
4c3b177,MhdHejazi,Sat Mar 28 07:32:03 2020,"Show the region screen by default on macOS.",   1, 7 
18f4682,MhdHejazi,Sat Mar 28 07:31:51 2020,"Simplify code by using Swift 5.2 new features.",   6, 11, 15 
6c26411,Robin Dumont-Chaponet,Sat Mar 28 03:17:32 2020,"Ignore diactritics in search (#49)",   1, 2, 2 
5717a70,MhdHejazi,Fri Mar 27 20:51:39 2020,"Update version to 1.5.",   1, 4, 4 
257ed1e,Loïc Gardiol,Fri Mar 27 20:22:44 2020,"Fixes in French localization (#48)",   1, 2, 2 
34c69fa,MhdHejazi,Fri Mar 27 20:08:46 2020,"Clear cache on app update.",   2, 19, 2 
3471abf,MhdHejazi,Fri Mar 27 19:39:25 2020,"Add description to all models.",   7, 39, 7 
c25ddbf,MhdHejazi,Fri Mar 27 19:23:08 2020,"Add recovered cases for US.",   2, 80, 23 
6f3d808,MhdHejazi,Fri Mar 27 08:24:42 2020,"Fixes for the last changes in time series files.",   1, 31, 10 
9a253e2,MhdHejazi,Fri Mar 27 06:42:03 2020,"Reverse: Only download time series when needed.",   1, 4, 4 
07ce63b,Mhd Hejazi,Fri Mar 27 05:23:57 2020,"Create FUNDING.yml",   1, 12 
9668a9d,MhdHejazi,Fri Mar 27 02:19:59 2020,"Hide keyboard on scroll.",   1, 15, 1 
ac1ac74,MhdHejazi,Thu Mar 26 23:24:16 2020,"Workaround for hiding the iPhone frame that appears on app start.",   1, 8 
b265b38,MhdHejazi,Thu Mar 26 23:15:03 2020,"Add context menu for share action.",   3, 35, 6 
9888309,MhdHejazi,Thu Mar 26 21:50:10 2020,"Only download time series when needed.",   3, 44, 28 
397ff29,MhdHejazi,Thu Mar 26 18:36:16 2020,"Don't reselect an annotation unless it's visible.",   1, 20, 12 
5ec976e,MhdHejazi,Thu Mar 26 18:16:31 2020,"Animate replacing the map annotations.",   1, 8, 6 
b0438ab,MhdHejazi,Thu Mar 26 17:15:36 2020,"Remove the explicit target dependency on Widget to fix #46.",   1, 20 
759e1e8,Patrick,Thu Mar 26 16:15:55 2020,"Embed and sign dynamic frameworks (#45)",   1, 32, 2 
554476f,MhdHejazi,Thu Mar 26 08:34:26 2020,"Fix for #37.",   2, 18, 18 
11fb766,MhdHejazi,Thu Mar 26 07:38:02 2020,"Fixes for the last changes in time series file format.",   2, 15, 26 
da786cd,MhdHejazi,Thu Mar 26 07:37:03 2020,"Color decreasing daily cases with blue.",   2, 25, 6 
710d196,Clément Knoderer,Thu Mar 26 03:52:28 2020,"Update Localizable.strings (#42)",   1, 2 
22bbab0,Swedish Power Tech AB,Thu Mar 26 03:38:19 2020,"Added 2 new string translations to Swedish! (#41)",   1, 2 
dd39446,Ale,Thu Mar 26 03:18:29 2020,"New translations update (#40)",   1, 4, 2 
d53ddff,Sebastian Binder,Wed Mar 25 22:14:13 2020,"Update Localizable.strings (#38)",   1, 1 
3d8863f,MhdHejazi,Wed Mar 25 21:53:44 2020,"Localize the data source row.",   4, 17, 1 
ade16f9,MhdHejazi,Wed Mar 25 21:36:43 2020,"Handle the case of regions without a time series.",   5, 24, 8 
76844e3,MhdHejazi,Wed Mar 25 21:06:01 2020,"Unify names and terms.",   11, 56, 56 
028da73,MhdHejazi,Wed Mar 25 20:11:10 2020,"Move region cell classes to a separate file.",   3, 261, 248 
35954b6,MhdHejazi,Wed Mar 25 20:07:39 2020,"Refactored region classes.",   5, 57, 57 
238b275,MhdHejazi,Wed Mar 25 19:46:32 2020,"Use dynamic cells for region info controller.",   6, 496, 460 
bbd519d,MhdHejazi,Wed Mar 25 03:01:32 2020,"Add the French translation to the project.",   1, 3 
514635e,Mikhail Akopov,Wed Mar 25 02:58:19 2020,"Add Russian localization (#36)",   2, 33 
4cc14cf,Clément Knoderer,Wed Mar 25 02:51:48 2020,"French localization (#34)",   1, 30 
0fcc0cf,MhdHejazi,Wed Mar 25 02:32:43 2020,"Add true cases screen.",   7, 586 
cf19f90,Mhd Hejazi,Tue Mar 24 18:42:05 2020,"Merge pull request #35 from sebastianbinder/patch-2", 
16874a4,MhdHejazi,Tue Mar 24 18:40:36 2020,"Delocalize storyboards.",   5, 13, 37 
baca7e5,Mhd Hejazi,Tue Mar 24 18:01:57 2020,"Merge pull request #33 from Ale111/patch-1", 
282d8ed,MhdHejazi,Tue Mar 24 16:37:54 2020,"Show charts for the active date range only.",   4, 9, 2 
52c0e5b,MhdHejazi,Tue Mar 24 06:41:42 2020,"Use half pie chart for the current status.",   6, 23, 22 
dd98ff0,MhdHejazi,Tue Mar 24 06:37:49 2020,"Add a chart for daily increase in confirmed cases.",   8, 155, 11 
9d090e3,MhdHejazi,Tue Mar 24 01:57:54 2020,"Use one translation for Portuguese.",   3, 3, 35 
33bd5f0,MhdHejazi,Mon Mar 23 22:35:32 2020,"Normalize country names from the data source.",   36, 386, 3 
2aa89b5,MhdHejazi,Mon Mar 23 18:16:11 2020,"Translate country names.",   8, 39, 8 
7ddd502,MhdHejazi,Mon Mar 23 16:37:42 2020,"Add Italian translation file.",   2, 32 
fa4e384,Mhd Hejazi,Mon Mar 23 12:56:07 2020,"Merge pull request #30 from friederbluemle/update-project", 
c8cac6a,Mhd Hejazi,Mon Mar 23 12:54:32 2020,"Merge pull request #29 from ppamorim/feature/portuguese", 
6b28cb2,MhdHejazi,Mon Mar 23 07:39:26 2020,"Use SwiftGen to generate Swift code for resources.",   6, 154, 14 
6f504ba,Mhd Hejazi,Mon Mar 23 07:05:08 2020,"Merge pull request #28 from FluffyDev2019/patch-1", 
852ef53,Mhd Hejazi,Mon Mar 23 07:04:05 2020,"Merge pull request #27 from sebastianbinder/patch-1", 
0ec56c5,MhdHejazi,Mon Mar 23 05:35:32 2020,"Add German & Swedish localization.",   3, 66 
4e528d2,MhdHejazi,Mon Mar 23 05:33:35 2020,"I18n.",   17, 216, 46 
79ea65d,MhdHejazi,Mon Mar 23 03:48:34 2020,"Update libraries.",   1, 1, 1 
f43ced3,MhdHejazi,Mon Mar 23 02:25:05 2020,"Fix issues with annotations.",   3, 3, 7 
ec079e1,MhdHejazi,Mon Mar 23 01:34:12 2020,"Fix the baseline issue with annotation view.",   1, 1 
cdef103,MhdHejazi,Mon Mar 23 00:34:27 2020,"Fix the baseline issue with annotation view.",   1, 47, 32 
e52b17d,MhdHejazi,Sun Mar 22 23:51:00 2020,"Add countries to the search screen.",   5, 42, 21 
ab732b4,Mhd Hejazi,Sun Mar 22 20:17:47 2020,"Update README.md",   1, 11, 8 
bf5fda7,MhdHejazi,Sun Mar 22 08:59:19 2020,"Remove the annotation border.",   1, 2, 2 
266f379,MhdHejazi,Sun Mar 22 07:54:05 2020,"Improve current state chart.",   1, 7, 2 
30e950a,MhdHejazi,Sun Mar 22 07:51:01 2020,"Show active cases in annotation view.",   2, 37, 12 
78db4b0,MhdHejazi,Sun Mar 22 01:04:43 2020,"Simplify the new code and unify the indentation style.",   6, 119, 129 
c8827cf,Mhd Hejazi,Sat Mar 21 22:38:16 2020,"Merge pull request #19 from pbeo/feature/favorite", 
cec18ea,MhdHejazi,Sat Mar 21 22:14:51 2020,"Add annotation mode button.",   10, 147, 29 
5fcabe4,MhdHejazi,Fri Mar 20 23:19:34 2020,"Allow sharing with full swipe.",   1, 1 
fafb22c,MhdHejazi,Fri Mar 20 21:49:05 2020,"Prepare for new release.",   6, 17, 12 
d2929ee,MhdHejazi,Fri Mar 20 20:56:53 2020,"Add share functionality.",   18, 3518, 71 
382a9bc,MhdHejazi,Thu Mar 19 23:47:18 2020,"Add menu for extra actions.",   10, 430, 10 
022192a,Mhd Hejazi,Thu Mar 19 02:37:24 2020,"Merge pull request #21 from Hassan-Davis/BugFix/Map-Annotation-Popup-intermittently-contains-stale-data", 
f585c69,MhdHejazi,Wed Mar 18 09:33:40 2020,"Fix for chart marker view.",   2, 3, 1 
988f3a5,MhdHejazi,Wed Mar 18 09:10:52 2020,"Fix an issue with top affected countries chart.",   1, 4, 4 
423596d,MhdHejazi,Wed Mar 18 06:45:03 2020,"Improve the bottom sheet on macOS.",   1, 4 
651550d,MhdHejazi,Wed Mar 18 06:36:51 2020,"Clear caches directory when loading data fails.",   1, 1 
82ee95e,MhdHejazi,Wed Mar 18 06:31:00 2020,"Show change row again.",   4, 51, 63 
21b4e2f,MhdHejazi,Wed Mar 18 05:50:56 2020,"Rename ReportAnnotation to RegionAnnotation.",   4, 33, 33 
ce2eaf8,MhdHejazi,Wed Mar 18 05:28:12 2020,"Refactor the data structure #16.",   20, 342, 340 
513bb3e,MhdHejazi,Tue Mar 17 23:03:53 2020,"Hide the changes labels.",   2, 19, 19 
a3ab146,MhdHejazi,Tue Mar 17 22:50:42 2020,"Show changes of confirmed, recovered, and deaths.",   7, 87, 24 
758a980,MhdHejazi,Tue Mar 17 19:34:41 2020,"Fix a compile error.",   1, 2 
4b8dcce,MhdHejazi,Tue Mar 17 19:30:09 2020,"Show percents in the widget.",   1, 38, 5 
f0bee3b,MhdHejazi,Tue Mar 17 19:15:06 2020,"Show the daily growth in confirmed cases.",   8, 71, 3 
8571157,MhdHejazi,Tue Mar 17 06:29:06 2020,"Use the term "Active" instead of "Existing".",   2, 3, 3 
f4d224b,MhdHejazi,Tue Mar 17 05:10:11 2020,"Add update time to the widget.",   3, 35, 19 
e1a7404,Mhd Hejazi,Tue Mar 17 00:22:37 2020,"Update README.md",   1, 1 
0501f27,MhdHejazi,Tue Mar 17 00:16:46 2020,"Remove the annoying alert and show a button when update is available.",   3, 72, 33 
cbdda99,MhdHejazi,Mon Mar 16 23:29:39 2020,"Fix warnings about iOS 11 specific storyboard features.",   4, 16, 13 
bbb9156,MhdHejazi,Mon Mar 16 23:16:36 2020,"Remove the swift package and share the classes between targets directly.",   28, 329, 325 
e67e049,MhdHejazi,Mon Mar 16 22:55:16 2020,"Replace PKHUD library with native code.",   5, 107, 81 
1ae47c4,MhdHejazi,Mon Mar 16 22:26:40 2020,"Disable widget on macOS.",   1, 3, 2 
60ad911,Mhd Hejazi,Mon Mar 16 20:15:19 2020,"Merge pull request #12 from whitone/homebrew-cask", 
7cf7487,MhdHejazi,Mon Mar 16 19:00:48 2020,"Converted spaces in the new code to tabs.",   1, 8, 11 
79e64e1,Mhd Hejazi,Mon Mar 16 18:53:59 2020,"Merge pull request #11 from kebbbnnn/master", 
11e0f0d,MhdHejazi,Mon Mar 16 18:47:40 2020,"Some refactoring.",   11, 58, 62 
841be65,Mhd Hejazi,Mon Mar 16 18:32:33 2020,"Update README.md",   1, 7, 7 
616e3fb,MhdHejazi,Mon Mar 16 18:03:54 2020,"Improved the performance by only loading reports. Some refactoring to make the code consistent with other parts of the app.",   3, 135, 123 
229db04,MhdHejazi,Mon Mar 16 06:58:16 2020,"Refactoring.",   47, 266, 976 
35a6fc0,Mhd Hejazi,Mon Mar 16 05:47:14 2020,"Merge pull request #10 from pbeo/feature/today_extension", 
9106adb,MhdHejazi,Sun Mar 15 16:34:08 2020,"Update version.",   1, 4, 4 
7143ab5,MhdHejazi,Sun Mar 15 16:16:26 2020,"Fix for clipped text in search screen.",   1, 1, 1 
b0aade1,MhdHejazi,Sun Mar 15 16:06:22 2020,"Fix issue #8.",   3, 101, 3 
a7d4442,MhdHejazi,Sun Mar 15 15:41:07 2020,"Fix issue #9.",   1, 2, 2 
e13ee18,MhdHejazi,Sun Mar 15 08:25:12 2020,"Update version.",   1, 4, 4 
34a1194,MhdHejazi,Sun Mar 15 08:23:29 2020,"Case insensitive search.",   1, 2, 2 
3c25aec,MhdHejazi,Sun Mar 15 08:11:46 2020,"Added the ability to search for country/city.",   7, 346, 10 
20a63c7,MhdHejazi,Fri Mar 13 22:20:36 2020,"Updated app version.",   1, 4, 4 
3dcf092,MhdHejazi,Fri Mar 13 22:16:20 2020,"Check for app updates.",   3, 64, 4 
42ac915,MhdHejazi,Fri Mar 13 17:31:57 2020,"Ignore local and remote cache.",   1, 4, 2 
af42325,Mhd Hejazi,Fri Mar 13 05:24:20 2020,"Update README.md",   1, 3, 2 
3c1fdf6,MhdHejazi,Fri Mar 13 05:19:24 2020,"Change the app icon.",   17, 1, 138 
8d244ae,Mhd Hejazi,Fri Mar 13 05:16:33 2020,"Merge pull request #2 from connor/patch-1", 
bf53814,Mhd Hejazi,Fri Mar 13 03:42:58 2020,"Update README.md",   1, 2 
da4a3f7,Mhd Hejazi,Thu Mar 12 21:36:12 2020,"Update README.md",   1, 11, 2 
3f8ea30,MhdHejazi,Thu Mar 12 20:02:08 2020,"Disable pan gesture recognizers inside charts that were intercepting touches.",   4, 3, 9 
eb15a03,MhdHejazi,Thu Mar 12 19:13:05 2020,"Use the link of mobile website.",   2, 12, 7 
a65a14e,MhdHejazi,Thu Mar 12 17:45:03 2020,"Merge branch 'master' of github.com-mhd:MhdHejazi/Corona", 
6e6ae11,MhdHejazi,Wed Mar 11 23:58:19 2020,"Use relative dates for last update.",   2, 9, 1 
dbdd696,Mhd Hejazi,Wed Mar 11 22:47:56 2020,"Update README.md",   1, 1, 1 
c09d77d,MhdHejazi,Wed Mar 11 22:45:02 2020,"Put the last update time in the header and auto update data.",   5, 46, 4 
87d3bc6,Mhd Hejazi,Wed Mar 11 21:13:22 2020,"Update README.md",   1, 3 
2bcabe1,MhdHejazi,Wed Mar 11 20:46:06 2020,"Show relative time for last update.",   3, 37, 5 
6758a55,MhdHejazi,Wed Mar 11 20:25:39 2020,"Some fixes.",   5, 13, 10 
767d5e2,MhdHejazi,Wed Mar 11 18:29:42 2020,"Organized classes.",   6, 47, 26 
1739423,MhdHejazi,Wed Mar 11 17:31:16 2020,"Fixed an issue where region info isn't updated.",   3, 15, 11 
c6fabda,MhdHejazi,Wed Mar 11 09:17:24 2020,"Compare regions based on location too.",   1, 13, 3 
b4b543b,MhdHejazi,Wed Mar 11 06:37:21 2020,"Update README.md",   1, 17, 2 
fded780,MhdHejazi,Wed Mar 11 04:54:10 2020,"Update data when app enters foreground again.",   3, 10, 6 
bec3653,MhdHejazi,Wed Mar 11 04:44:21 2020,"Added another data source that is updated frequently.",   6, 293, 108 
5b58951,MhdHejazi,Wed Mar 11 02:50:28 2020,"Extract data service classes from DataManager.",   5, 316, 208 
869d8bf,MhdHejazi,Wed Mar 11 02:20:24 2020,"Refactoring models.",   6, 80, 107 
88bff15,MhdHejazi,Tue Mar 10 18:02:47 2020,"Improved fonts & colors.",   3, 4, 4 
b22bd8a,Mhd Hejazi,Tue Mar 10 02:26:40 2020,"Update README.md",   1, 1 
7e40856,MhdHejazi,Tue Mar 10 02:13:53 2020,"Code formatting.",   8, 44, 43 
ab0326c,MhdHejazi,Mon Mar 9 23:11:04 2020,"Updated app version.",   1, 4, 4 
2bbd4fa,Mhd Hejazi,Mon Mar 9 22:55:09 2020,"Update README.md",   1, 2, 2 
95b8c89,MhdHejazi,Mon Mar 9 22:52:07 2020,"Added support for macOS.",   5, 20, 4 
df172ef,MhdHejazi,Mon Mar 9 22:29:05 2020,"Reduce non required UI updates.",   4, 21, 17 
fb912e0,MhdHejazi,Mon Mar 9 21:08:53 2020,"Improved animations.",   3, 23, 6 
3c839e4,MhdHejazi,Mon Mar 9 20:49:20 2020,"Added switch icon.",   3, 138, 6 
10a119e,MhdHejazi,Mon Mar 9 20:34:13 2020,"Improved stats UI.",   1, 31, 23 
c5e80bc,MhdHejazi,Mon Mar 9 19:57:27 2020,"Switch between numbers & percents.",   2, 56, 5 
a9d3e75,MhdHejazi,Mon Mar 9 19:17:08 2020,"Added option to show logarithmic chart.",   7, 127, 35 
b6b7517,Mhd Hejazi,Mon Mar 9 16:08:14 2020,"Update README.md",   1, 1, 1 
b09b0a7,MhdHejazi,Mon Mar 9 16:01:55 2020,"Changed the active build config to Release.",   2, 87, 1 
9e18c83,MhdHejazi,Mon Mar 9 15:48:52 2020,"Support iOS 10.",   4, 73, 27 
96f2aad,MhdHejazi,Mon Mar 9 15:47:08 2020,"Use CSV library instead of CodableCSV.",   6, 53, 41 
e58404a,MhdHejazi,Mon Mar 9 05:13:34 2020,"Added effect view behind title.",   2, 27, 11 
a7d015e,MhdHejazi,Mon Mar 9 04:06:27 2020,"Merge branch 'master' of github.com-mhd:MhdHejazi/Corona", 
fbeed57,MhdHejazi,Mon Mar 9 04:06:08 2020,"Fixes an issue with the bottom panel (SCENEE/FloatingPanel#330).",   2, 14, 14 
6335d56,MhdHejazi,Sun Mar 8 22:20:08 2020,"Changed the insets of the bottom sheet.",   1, 2, 2 
e220753,MhdHejazi,Sun Mar 8 20:12:16 2020,"Some refactoring.",   5, 50, 59 
751612c,MhdHejazi,Sun Mar 8 20:02:22 2020,"Fixed issue with duplicate annotations.",   1, 13, 12 
5c69aef,Mhd Hejazi,Sun Mar 8 09:49:41 2020,"Create LICENSE",   1, 674 
99a2343,Mhd Hejazi,Sun Mar 8 09:42:18 2020,"Update README.md",   1, 3, 1 
593f188,Mhd Hejazi,Sun Mar 8 09:31:29 2020,"Create README.md",   1, 12 
b7cf5f7,MhdHejazi,Sun Mar 8 08:30:26 2020,"Refactoring & code maintenance.",   26, 621, 874 
ced64e1,MhdHejazi,Sat Mar 7 05:47:18 2020,"Hide the marker view after a second.",   1, 8 
326aff7,MhdHejazi,Sat Mar 7 04:49:58 2020,"Added chart for top countries.",   7, 643, 32 
b9790e3,MhdHejazi,Fri Mar 6 23:59:58 2020,"Updated version.",   2, 6, 2 
516547f,MhdHejazi,Fri Mar 6 23:57:06 2020,"Updated data source name.",   1, 10, 10 
e03006b,MhdHejazi,Fri Mar 6 23:53:38 2020,"Hide empty rows.",   1, 1 
831cf6a,MhdHejazi,Fri Mar 6 23:41:51 2020,"Fixed an issue in landscape mode.",   1, 8 
336af69,MhdHejazi,Fri Mar 6 23:35:08 2020,"Disable shadow to improve performance.",   1, 4, 4 
5335efb,MhdHejazi,Fri Mar 6 23:34:45 2020,"Don't block main thread.",   2, 23, 18 
989d771,MhdHejazi,Fri Mar 6 23:11:21 2020,"Changed data source.",   1, 57, 44 
7082749,MhdHejazi,Fri Mar 6 09:24:24 2020,"Added Crashlytics.",   9, 340, 3 
583a4b4,MhdHejazi,Fri Mar 6 09:01:54 2020,"Changed app name & version.",   1, 10, 10 
6dda489,MhdHejazi,Fri Mar 6 08:53:57 2020,"Added app icon.",   18, 42, 33 
6a7c6b3,MhdHejazi,Fri Mar 6 06:33:53 2020,"Download data.",   7, 318, 96 
f226a04,MhdHejazi,Fri Mar 6 04:02:08 2020,"Support landscape mode.",   3, 22, 6 
0c466ee,MhdHejazi,Fri Mar 6 03:00:43 2020,"Added last update date.",   3, 38, 9 
7321f4f,MhdHejazi,Fri Mar 6 02:30:22 2020,"Added data source info.",   3, 44, 1 
d7a09e8,MhdHejazi,Fri Mar 6 01:50:09 2020,"Added fixed title.",   3, 39, 11 
0b82ed5,MhdHejazi,Fri Mar 6 01:02:17 2020,"Format numeric & date values.",   9, 159, 58 
f537c73,MhdHejazi,Thu Mar 5 23:35:38 2020,"Use keys for decoding.",   2, 29, 14 
5f34b8e,MhdHejazi,Thu Mar 5 22:23:47 2020,"Added worldwide report and time series.",   6, 87, 14 
58aec53,MhdHejazi,Thu Mar 5 19:34:43 2020,"Support light & dark themes.",   6, 168, 95 
2559094,MhdHejazi,Thu Mar 5 08:33:57 2020,"Use OverlayContainer for the bottom sheet.",   6, 237, 4 
bd9ac97,MhdHejazi,Thu Mar 5 04:32:19 2020,"First working app.",   20, 1520, 39 
6cb3682,MhdHejazi,Mon Mar 2 19:14:36 2020,"Initial Commit",   12, 697 