commit id,author,date,comment,changed files,lines added,lines deleted

6cf9259,Michael Martins,Fri Jun 19 04:55:02 2020,"Merge pull request #14 from michaelmartins09/fix", 
5b17553,Michael Martins,Fri Jun 19 04:34:15 2020,"Merge pull request #13 from michaelmartins09/update-readme", 
910f424,Michael Martins,Fri Jun 19 04:32:26 2020,"Merge pull request #12 from michaelmartins09/doc-readme", 
59299be,Michael Martins,Fri Jun 19 04:24:10 2020,"Merge pull request #11 from michaelmartins09/doc-img", 
a591760,Michael Martins,Fri Jun 19 03:17:45 2020,"Merge pull request #10 from michaelmartins09/fix-code", 
eb99941,Michael Martins,Tue Jun 9 07:56:29 2020,"Merge pull request #9 from michaelmartins09/pub-app", 
d100284,michaelmartins09,Tue Jun 9 06:35:59 2020,"feat: images to publish app", 
efae637,michaelmartins09,Tue Jun 9 05:58:18 2020,"fix: podfile",   1, 87 
e675277,Michael Martins,Wed May 27 14:05:00 2020,"Merge pull request #4 from michaelmartins09/data-firebase", 
c83049c,Michael Martins,Thu May 14 12:45:19 2020,"Merge pull request #3 from michaelmartins09/layout", 
0ac3325,Michael Martins,Mon May 11 17:43:04 2020,"Merge pull request #2 from michaelmartins09/layout", 
7a731e3,Michael Martins,Mon May 11 16:39:09 2020,"Merge pull request #1 from michaelmartins09/cards", 
e9eac60,Michael Martins,Mon May 11 16:02:26 2020,"added: header clipper path and cards to info covid numbers",   4, 114, 2 
e1b4d0a,Michael Martins,Mon May 11 15:19:46 2020,"added: config initial root app",   4, 32, 105 
624503a,Michael Martins,Sun May 10 06:33:15 2020,"added: assets and prototype",   26, 8387, 12 
24a3061,Michael Martins,Sat May 9 10:30:48 2020,"added flutter project",   62, 1678 