commit id,author,date,comment,changed files,lines added,lines deleted

1f3f8f6,chizhang,Thu Sep 17 20:20:34 2020,"update new data",   1, 16455, 11834 
b1a3064,chizhang,Wed Sep 16 20:19:54 2020,"update new data",   1, 16294, 11753 
2e7851b,chizhang,Tue Sep 15 20:22:42 2020,"update new data",   1, 15056, 10475 
6ec027d,chizhang,Mon Sep 14 20:21:04 2020,"update new data",   1, 15620, 11033 
62f79ff,chizhang,Sun Sep 13 20:21:57 2020,"update new data",   1, 16400, 11779 
b403ce0,chizhang,Sat Sep 12 20:19:48 2020,"update new data",   1, 14538, 11629 
464c1db,chizhang,Fri Sep 11 20:21:01 2020,"update new data",   1, 18424, 11971 
5528e4f,chizhang,Thu Sep 10 20:18:20 2020,"update new data",   1, 15173, 10540 
6d0bfcc,chizhang,Wed Sep 9 20:21:02 2020,"update new data",   1, 15525, 10911 
63b7e67,chizhang,Tue Sep 8 20:15:51 2020,"update new data",   1, 16461, 11814 
59b9a17,chizhang,Mon Sep 7 20:15:58 2020,"update new data",   1, 16440, 11864 
978ec55,chizhang,Sun Sep 6 20:16:11 2020,"update new data",   1, 16724, 12052 
4df942f,chizhang,Sat Sep 5 20:16:27 2020,"update new data",   1, 16287, 11685 
a4392db,chizhang,Fri Sep 4 20:15:50 2020,"update new data",   1, 16467, 11798 
fd4563a,chizhang,Thu Sep 3 20:12:25 2020,"update new data",   1, 16272, 11629 
87ff2b8,chizhang,Wed Sep 2 20:12:27 2020,"update new data",   1, 16193, 11552 
550eba5,chizhang,Tue Sep 1 20:13:31 2020,"update new data",   1, 16351, 11843 
187c3d6,chizhang,Mon Aug 31 20:13:07 2020,"update new data",   1, 16052, 11417 
197f9ac,chizhang,Sun Aug 30 20:12:47 2020,"update new data",   1, 17062, 12440 
866a266,chizhang,Sat Aug 29 20:12:39 2020,"update new data",   1, 15975, 11323 
2281d05,chizhang,Fri Aug 28 20:12:55 2020,"update new data",   1, 17111, 12339 
087433a,chizhang,Thu Aug 27 20:12:32 2020,"update new data",   1, 15662, 11084 
12587c3,chizhang,Wed Aug 26 20:12:52 2020,"update new data",   1, 15819, 11209 
ec42fc3,chizhang,Tue Aug 25 20:11:56 2020,"update new data",   1, 15529, 10886 
500d128,chizhang,Mon Aug 24 20:11:53 2020,"update new data",   1, 15542, 10918 
bdfcc31,chizhang,Sun Aug 23 20:12:06 2020,"update new data",   1, 15916, 11278 
527a5bb,chizhang,Sat Aug 22 20:11:44 2020,"update new data",   1, 16275, 11633 
57517ee,chizhang,Fri Aug 21 20:11:41 2020,"update new data",   1, 16195, 11467 
f0a8e86,chizhang,Thu Aug 20 20:11:47 2020,"update new data",   1, 15912, 11277 
0ed82b9,chizhang,Wed Aug 19 20:11:50 2020,"update new data",   1, 15966, 11346 
9778726,chizhang,Tue Aug 18 20:11:27 2020,"update new data",   1, 16220, 11536 
9b61010,chizhang,Mon Aug 17 20:10:41 2020,"update new data",   1, 16597, 11876 
c07de55,chizhang,Sun Aug 16 20:12:09 2020,"update new data",   1, 16361, 11709 
e31b5af,chizhang,Sat Aug 15 20:11:22 2020,"update new data",   1, 17046, 12340 
b60141e,chizhang,Fri Aug 14 20:11:05 2020,"update new data",   1, 17186, 12468 
d1a1a55,chizhang,Thu Aug 13 20:10:42 2020,"update new data",   1, 16457, 11711 
4e209fc,chizhang,Wed Aug 12 20:11:11 2020,"update new data",   1, 16019, 11313 
c973d54,chizhang,Tue Aug 11 20:11:44 2020,"update new data",   1, 15823, 11111 
57a5acc,chizhang,Mon Aug 10 20:11:55 2020,"update new data",   1, 15632, 10904 
a696cb5,chizhang,Sun Aug 9 20:11:53 2020,"update new data",   1, 16011, 11260 
d105e7f,chizhang,Sat Aug 8 20:10:13 2020,"update new data",   1, 16427, 11713 
abe58dd,chizhang,Fri Aug 7 20:10:08 2020,"update new data",   1, 16422, 11698 
d76b7cb,chizhang,Thu Aug 6 20:11:24 2020,"update new data",   1, 16552, 11813 
9b21821,chizhang,Wed Aug 5 20:11:09 2020,"update new data",   1, 15778, 10920 
694f709,chizhang,Tue Aug 4 20:13:08 2020,"update new data",   1, 15632, 10838 
4d49461,chizhang,Mon Aug 3 20:11:47 2020,"update new data",   1, 15977, 11111 
14c978a,chizhang,Sun Aug 2 20:11:06 2020,"update new data",   1, 16330, 11533 
84a17f6,chizhang,Sat Aug 1 20:11:08 2020,"update new data",   1, 16824, 11982 
2de4f93,chizhang,Fri Jul 31 20:11:01 2020,"update new data",   1, 18820, 13786 
e237bd3,chizhang,Thu Jul 30 20:10:39 2020,"update new data",   1, 15884, 10992 
256e318,chizhang,Wed Jul 29 20:10:53 2020,"update new data",   1, 15776, 10901 
5b4ba17,chizhang,Tue Jul 28 20:10:41 2020,"update new data",   1, 15513, 10527 
a1975c1,chizhang,Mon Jul 27 20:10:33 2020,"update new data",   1, 15250, 10381 
a5af114,chizhang,Sun Jul 26 20:10:44 2020,"update new data",   1, 21406, 16717 
c347236,chizhang,Sat Jul 25 20:10:37 2020,"update new data",   1, 22133, 17089 
0d99165,chizhang,Fri Jul 24 20:12:23 2020,"update new data",   1, 15671, 10757 
d96aa29,chizhang,Thu Jul 23 20:12:02 2020,"update new data",   1, 16159, 11337 
431cc86,chizhang,Wed Jul 22 20:15:20 2020,"update new data",   1, 16865, 11950 
377e991,chizhang,Tue Jul 21 20:14:53 2020,"update new data",   1, 14854, 9965 
c1d7f07,chizhang,Mon Jul 20 20:15:43 2020,"update new data",   1, 15459, 10594 
0d1a31c,chizhang,Sun Jul 19 20:09:31 2020,"update new data",   1, 15253, 10340 
c42730a,chizhang,Sat Jul 18 20:15:54 2020,"update new data",   1, 18440, 13635 
29a07dd,chizhang,Fri Jul 17 20:09:56 2020,"update new data",   1, 16267, 11332 
ef1d4c2,chizhang,Thu Jul 16 20:13:23 2020,"update new data",   1, 15985, 11085 
b2090b3,chizhang,Wed Jul 15 20:10:02 2020,"update new data",   1, 15400, 10741 
ef92766,chizhang,Wed Jul 15 01:41:14 2020,"update new data",   1, 15208, 10171 
28e9a08,chizhang,Mon Jul 13 20:10:12 2020,"update new data",   1, 15386, 10578 
98bd6f8,chizhang,Sun Jul 12 20:09:32 2020,"update new data",   1, 15147, 10353 
94ca338,chizhang,Sat Jul 11 20:09:26 2020,"update new data",   1, 15613, 10655 
b710dcd,chizhang,Fri Jul 10 20:09:11 2020,"update new data",   1, 16369, 11513 
97cf356,chizhang,Thu Jul 9 20:08:02 2020,"update new data",   1, 17346, 12469 
ef0d65b,chizhang,Wed Jul 8 20:08:10 2020,"update new data",   1, 15464, 10693 
ab00946,chizhang,Tue Jul 7 20:08:19 2020,"update new data",   1, 14862, 10295 
d4dbe6f,chizhang,Mon Jul 6 20:08:04 2020,"update new data",   1, 13923, 9950 
6c9f1d8,chizhang,Sun Jul 5 20:08:05 2020,"update new data",   1, 15683, 10828 
b0c0428,chizhang,Sat Jul 4 20:07:59 2020,"update new data",   1, 22452, 18687 
7abe5cc,chizhang,Fri Jul 3 20:07:31 2020,"update new data",   1, 36066, 31278 
514014c,chizhang,Thu Jul 2 20:07:48 2020,"update new data",   1, 14794, 11240 
ae137aa,chizhang,Wed Jul 1 20:07:51 2020,"update new data",   1, 17060, 10897 
1303b36,chizhang,Tue Jun 30 20:07:42 2020,"update new data",   1, 15043, 10176 
33328bb,chizhang,Mon Jun 29 20:07:39 2020,"update new data",   1, 14920, 10048 
03f007f,chizhang,Sun Jun 28 20:07:31 2020,"update new data",   1, 16510, 11661 
59f8b04,chizhang,Sat Jun 27 20:07:23 2020,"update new data",   1, 16595, 11738 
220489d,chizhang,Fri Jun 26 20:07:13 2020,"update new data",   1, 15493, 10593 
e8145fa,chizhang,Thu Jun 25 20:07:00 2020,"update new data",   1, 15556, 10674 
8f36a8b,chizhang,Wed Jun 24 20:06:46 2020,"update new data",   1, 16030, 11152 
6e79564,chizhang,Tue Jun 23 20:07:15 2020,"update new data",   1, 15417, 10538 
a94c1aa,chizhang,Mon Jun 22 20:06:54 2020,"update new data",   1, 14794, 9913 
eccbc10,chizhang,Sun Jun 21 20:06:39 2020,"update new data",   1, 14868, 10061 
9905a41,chizhang,Sat Jun 20 20:06:21 2020,"update new data",   1, 14652, 9758 
7542e86,chizhang,Fri Jun 19 20:06:17 2020,"update new data",   1, 15780, 10930 
d7491fd,chizhang,Thu Jun 18 20:06:14 2020,"update new data",   1, 15029, 10203 
6a83d2d,chizhang,Wed Jun 17 20:06:02 2020,"update new data",   1, 14266, 9628 
3116b27,chizhang,Tue Jun 16 20:05:54 2020,"update new data",   1, 13565, 9154 
f280b1a,chizhang,Tue Jun 16 08:49:58 2020,"update new data",   1, 21064, 10832 
e0fa17f,chizhang,Sat Jun 13 20:04:32 2020,"update new data",   1, 15324, 10697 
342f347,chizhang,Fri Jun 12 20:04:33 2020,"update new data",   1, 14339, 9426 
cf34f34,chizhang,Thu Jun 11 20:05:07 2020,"update new data",   1, 14473, 9451 
7c27f07,chizhang,Wed Jun 10 20:04:24 2020,"update new data",   1, 13817, 8944 
cf5ebf4,chizhang,Tue Jun 9 20:04:17 2020,"update new data",   1, 13830, 9048 
1487a83,chizhang,Mon Jun 8 20:04:09 2020,"update new data",   1, 13542, 8951 
ed811d7,chizhang,Sun Jun 7 20:04:43 2020,"update new data",   1, 13751, 8852 
3818020,chizhang,Sat Jun 6 20:04:08 2020,"update new data",   1, 13893, 8966 
728e173,chizhang,Fri Jun 5 20:04:34 2020,"update new data",   1, 13119, 8771 
580581f,chizhang,Fri Jun 5 03:36:51 2020,"catch up",   1, 19507, 9725 
11016d3,chizhang,Wed Jun 3 20:04:17 2020,"update new data",   1, 19781, 10152 
f536a5b,chizhang,Mon Jun 1 20:03:51 2020,"update new data",   1, 12945, 8311 
31b9412,chizhang,Sun May 31 20:04:00 2020,"update new data",   1, 14195, 8389 
9a8a0b6,chizhang,Sat May 30 20:03:37 2020,"update new data",   1, 12194, 7813 
84e34c8,chizhang,Fri May 29 20:03:37 2020,"update new data",   1, 12318, 7957 
9ed0d4f,chizhang,Thu May 28 20:03:30 2020,"update new data",   1, 12506, 8111 
2836fc9,chizhang,Wed May 27 20:03:18 2020,"update new data",   1, 12486, 8187 
a91191b,chizhang,Tue May 26 20:03:21 2020,"update new data",   1, 11850, 7629 
6eca8f7,chizhang,Mon May 25 20:03:13 2020,"update new data",   1, 11645, 7566 
bc85708,chizhang,Sun May 24 20:03:13 2020,"update new data",   1, 12018, 7624 
ae8a4c9,chizhang,Sat May 23 20:03:07 2020,"update new data",   1, 12471, 8329 
712becb,chizhang,Fri May 22 20:03:05 2020,"update new data",   1, 11754, 7465 
7631e33,chizhang,Thu May 21 20:02:56 2020,"update new data",   1, 11667, 7498 
0591c2c,chizhang,Wed May 20 20:02:54 2020,"update new data",   1, 12066, 7766 
867b0ad,chizhang,Tue May 19 20:02:50 2020,"update new data",   1, 11066, 6679 
6544f24,chizhang,Mon May 18 20:02:59 2020,"update new data",   1, 11424, 7072 
038d992,chizhang,Sun May 17 20:02:41 2020,"update new data",   1, 10818, 6526 
5c8e77a,chizhang,Sat May 16 20:02:34 2020,"update new data",   1, 10634, 6342 
ff2c5cf,chizhang,Fri May 15 20:02:44 2020,"update new data",   1, 10885, 6592 
eb84539,chizhang,Thu May 14 20:02:28 2020,"update new data",   1, 10262, 6503 
8a301b3,chizhang,Thu May 14 02:18:58 2020,"update new data",   1, 12040, 7217 
7e8ad34,chizhang,Tue May 12 20:01:51 2020,"update new data",   1, 166951, 142018 
9f66346,chizhang,Mon May 11 20:01:39 2020,"update new data",   1, 33804, 29746 
146151c,chizhang,Sun May 10 20:01:45 2020,"update new data",   1, 33455, 28788 
1d78757,chizhang,Sat May 9 20:01:36 2020,"update new data",   1, 31460, 27128 
e9eabf9,chizhang,Fri May 8 20:01:20 2020,"update new data",   1, 30423, 26839 
9100265,chizhang,Fri May 8 02:37:59 2020,"update new data",   1, 125522 
554f8c9,chizhang,Thu May 7 20:00:09 2020,"update new data",   1, 120471 
433b8b0,chizhang,Wed May 6 20:01:17 2020,"update new data",   1, 29332, 25184 
a362a22,chizhang,Tue May 5 20:00:55 2020,"update new data",   1, 27771, 23892 
3a3c7fb,chizhang,Mon May 4 20:00:54 2020,"update new data",   1, 27886, 23795 
e1c95f7,chizhang,Sun May 3 20:00:53 2020,"update new data",   1, 27535, 23024 
6c34123,chizhang,Sat May 2 20:00:49 2020,"update new data",   1, 25728, 21599 
df33cbd,chizhang,Fri May 1 20:00:46 2020,"update new data",   1, 24413, 20579 
831b378,chizhang,Thu Apr 30 20:00:40 2020,"update new data",   1, 22794, 19617 
e3f02a9,chizhang,Wed Apr 29 20:00:38 2020,"update new data",   1, 24507, 21234 
aa75bd8,Chaitanya Donthini,Wed Apr 29 02:36:16 2020,"Update README.md",   1, 2, 1 
45d950a,Chaitanya Donthini,Wed Apr 29 02:35:09 2020,"Update README.md",   1, 2, 2 
53bb5ac,chizhang,Tue Apr 28 20:00:37 2020,"update new data",   1, 19985, 17033 
7ff504c,chizhang,Mon Apr 27 20:00:41 2020,"update new data",   1, 20162, 17047 
e70d59c,chizhang,Sun Apr 26 20:00:37 2020,"update new data",   1, 19206, 15917 
4493b94,chizhang,Sat Apr 25 20:00:35 2020,"update new data",   1, 19716, 16192 
937e669,chizhang,Fri Apr 24 20:02:45 2020,"update new data",   1, 17315, 17051 
1798822,chizhang,Fri Apr 24 12:34:26 2020,"update new data",   1, 76285 
b4aeb32,chizhang,Fri Apr 24 09:38:39 2020,"update update time",   1, 1, 1 
e575eaf,chizhang,Fri Apr 24 06:00:41 2020,"update new data",   1, 72093 
c417cf1,chizhang,Thu Apr 23 06:00:58 2020,"update new data",   1, 18256, 15653 
cc974e0,Chiqun Zhang,Wed Apr 22 06:55:06 2020,"add readme back",   1, 27 
b33f81b,chizhang,Wed Apr 22 06:00:38 2020,"update new data",   2, 16324, 13107 
b4a463c,chizhang,Tue Apr 21 06:00:34 2020,"update new data",   1, 15012, 13756 
8b3f0b6,Chaitanya Donthini,Tue Apr 21 01:52:28 2020,"Update README.md",   1, 2 
aa1ca9e,Chaitanya Donthini,Mon Apr 20 16:03:12 2020,"Rename LICENSE to LICENSE.txt",   1, 0, 0 
6909f0d,Chaitanya Donthini,Mon Apr 20 14:00:55 2020,"Update README.md",   1, 1, 1 
3487517,Chaitanya Donthini,Mon Apr 20 14:00:19 2020,"Update README.md",   1, 1, 1 
f0f8cad,Chaitanya Donthini,Mon Apr 20 13:59:03 2020,"Update README.md",   1, 6, 4 
fda9afc,Chaitanya Donthini,Mon Apr 20 13:52:59 2020,"Update Readme.md",   1, 1, 1 
a211a72,chizhang,Mon Apr 20 06:00:36 2020,"update new data",   1, 14487, 12285 
79d6a5e,Chaitanya Donthini,Sun Apr 19 10:25:36 2020,"Create Readme.md",   1, 27 
526c685,Chaitanya Donthini,Sun Apr 19 09:28:09 2020,"Update README.md",   1, 20, 1 
e9a1493,chizhang,Sun Apr 19 06:00:31 2020,"update new data",   1, 17064, 15107 
f9c4cff,chizhang,Sat Apr 18 10:55:12 2020,"update new data",   1, 12186, 12186 
55237e8,chizhang,Sat Apr 18 10:52:48 2020,"update new data",   1, 60831 
53a063f,chizhang,Sat Apr 18 10:49:30 2020,"cleanup workspace",   2, 116189 
dede565,chizhang,Sat Apr 18 10:43:50 2020,"add new data",   1, 60831 
b529669,Chaitanya Donthini,Sat Apr 18 06:12:17 2020,"Update README.md",   1, 1, 13 
4f566f0,Chaitanya Donthini,Sat Apr 18 06:11:43 2020,"Delete CODE_OF_CONDUCT.md",   1, 9 
fdcebce,Chiqun Zhang,Sat Apr 18 05:20:04 2020,"Merge pull request #1 from microsoft/license", 
9ff7bff,Microsoft Open Source,Fri Apr 10 12:53:28 2020,"Initial SECURITY.md commit",   1, 41 
7eef5fa,Microsoft Open Source,Fri Apr 10 12:53:27 2020,"Initial README.md commit",   1, 14 
e8dc093,Microsoft Open Source,Fri Apr 10 12:53:26 2020,"Initial LICENSE commit",   1, 21 
67d29f7,Microsoft Open Source,Fri Apr 10 12:53:25 2020,"Initial CODE_OF_CONDUCT.md commit",   1, 9 
b18729d,microsoft-github-operations[bot],Fri Apr 10 12:53:22 2020,"Initial commit",   1, 350 