commit id,author,date,comment,changed files,lines added,lines deleted

0b9308e,みかげ,Sat May 23 07:23:51 2020,"Delete .DS_Store",   1, 0, 0 
ee667c9,みかげ,Sat May 23 07:23:14 2020,"Japanese localization complete",   4, 117, 109 
f27fe1c,みかげ,Thu May 21 07:03:12 2020,"Merge branch 'master' of https://github.com/mikage-961pro/exposure-notifications-iOS", 
e778a30,みかげ,Thu May 21 07:02:54 2020,"bug fix",   2, 6, 6 
0b9af84,みかげ,Thu May 21 06:50:18 2020,"Delete .DS_Store",   1, 0, 0 
75140e9,みかげ,Thu May 21 06:49:50 2020,"Regular release",   10, 403, 5 
1a0663d,みかげ,Tue May 19 18:22:56 2020,"GM seed [ Release To Manufacturing ]",   39, 1485, 649 
9fcb9d0,みかげ,Wed May 13 23:15:02 2020,"Update README.md",   1, 2 
c331830,みかげ,Wed May 13 23:01:41 2020,"Delete .gitattributes",   1, 2 
393f3b6,みかげ,Wed May 13 23:00:15 2020,"Update README.md",   1, 4, 1 
f7335cf,みかげ,Wed May 13 14:33:47 2020,"Create FUNDING.yml",   1, 3 
48b4470,みかげ,Wed May 13 14:32:26 2020,"sample build",   50, 5800 
5f1519e,みかげ,Wed May 13 14:31:26 2020,"Initial commit",   1, 2 