commit id,author,date,comment,changed files,lines added,lines deleted

ef9dbb8,Pierre-Luc St-Charles,Mon May 4 11:04:21 2020,"Remove unused param (fixed in Martin's sim PR)",   1, 1, 1 
e796b9f,Martin Weiss,Mon May 4 10:52:43 2020,"improvements to clustering with no day passed in",   2, 13, 3 
bfafada,Pierre-Luc St-Charles,Mon May 4 08:14:50 2020,"Hotfix ctt egg dir overlap",   1, 2, 2 
b7f1de3,Pierre-Luc St-Charles,Mon May 4 08:12:00 2020,"Add missing reqs",   2, 4, 2 
801a5ca,Pierre-Luc St-Charles,Mon May 4 08:07:59 2020,"Merge pull request #17 from mila-iqia/requirements", 
46ab82f,Pierre-Luc St-Charles,Mon May 4 07:57:56 2020,"Merge pull request #18 from mila-iqia/move-clustering-stuff-out", 
21cbb93,Pierre-Luc St-Charles,Mon May 4 07:57:01 2020,"Remove fixed versions in setup.py",   1, 6, 6 
bf2a351,Pierre-Luc St-Charles,Mon May 4 07:45:56 2020,"Move clustering stuff back to sim (used via dep)",   7, 2, 337 
f9683b2,Martin Weiss,Sun May 3 10:11:24 2020,"add requirements",   1, 4 
5451ff7,Martin Weiss,Sun May 3 10:00:04 2020,"inference-server pull", 
84c7df5,Pierre-Luc St-Charles,Sun May 3 09:21:35 2020,"Fixup reverted module prefix changes",   1, 18, 15 
a28ad9d,Pierre-Luc St-Charles,Sun May 3 09:01:20 2020,"Update clustering to latest version (stable pre-refact)",   5, 116, 190 
8cf2e28,Pierre-Luc St-Charles,Sun May 3 08:54:56 2020,"Merge pull request #16 from mila-iqia/mweiss17-patch-1", 
62a4882,Pierre-Luc St-Charles,Sun May 3 08:53:28 2020,"Fixup frozen package bridge with simulator",   7, 18, 18 
31e9bd9,Pierre-Luc St-Charles,Sun May 3 07:57:58 2020,"Update proj structure w/ standalone server stuff",   37, 255, 2858 
08bdca0,Nasim Rahaman,Sun May 3 05:22:31 2020,"Merge pull request #41 from nasimrahaman/cleanup", 
c848d18,nrahaman,Sun May 3 04:53:01 2020,"Merge remote-tracking branch 'mnqu/dev-metric-Apr28'", 
7de1052,nrahaman,Sun May 3 04:47:39 2020,"Merge branch 'prateek_changes'", 
1cc8b08,Nasim Rahaman,Sun May 3 04:38:30 2020,"Merge pull request #26 from nasimrahaman/dev", 
dc52a66,nrahaman,Sun May 3 04:19:49 2020,"- port infer over from mila/inference-server",   1, 53 
e7aa4e2,nrahaman,Sun May 3 04:15:46 2020,"- integrate transforms in trainer",   2, 17, 3 
4341756,nrahaman,Sat May 2 21:55:08 2020,"- some infra for transforms (trainer integration still WIP)",   2, 46, 1 
885f902,nrahaman,Sat May 2 20:58:38 2020,"- add warning to README.md",   1, 6 
46d9c49,Nasim Rahaman,Sat May 2 20:55:01 2020,"Merge pull request #38 from nasimrahaman/v0.1rc-sweep", 
e86f19f,Martin Weiss,Sat May 2 10:42:54 2020,"cleaning code and adding comments",   3, 22, 25 
7250666,Martin Weiss,Sat May 2 07:27:51 2020,"bugfix of clusters",   2, 11, 2 
20d4671,Martin Weiss,Fri May 1 13:14:56 2020,"it works",   3, 11, 13 
f1b6a72,Martin Weiss,Fri May 1 11:28:27 2020,"martins changes",   1, 4, 10 
58a070f,Prateek Gupta,Fri May 1 09:49:35 2020,"make it work",   3, 13, 5 
cdae73d,Pierre-Luc St-Charles,Fri May 1 07:23:08 2020,"Add missing server test file",   1, 76 
d899c23,Pierre-Luc St-Charles,Fri May 1 07:21:42 2020,"Manual-merge v0.1rc code (nasim's)",   12, 627, 398 
f2e78f7,Nasim Rahaman,Fri May 1 06:42:05 2020,"Merge pull request #13 from mila-iqia/readme_data", 
eb326f3,Martin Weiss,Fri May 1 06:38:39 2020,"Merge pull request #11 from mila-iqia/lift-data-table", 
7c7b25e,Nasim Rahaman,Fri May 1 06:36:52 2020,"Merge pull request #12 from mila-iqia/readme_data", 
5271fca,Pierre-Luc St-Charles,Thu Apr 30 23:48:57 2020,"Merge pull request #9 from mila-iqia/v0.1rc", 
bbb4124,Pierre-Luc St-Charles,Thu Apr 30 11:04:28 2020,"Cleanup unnecessary changes",   2, 6, 6 
b654bdc,Martin Weiss,Thu Apr 30 10:52:12 2020,"it works now",   3, 75, 125 
ea413a9,Martin Weiss,Thu Apr 30 06:51:27 2020,"merge",   3, 7, 7 
f253175,Pierre-Luc St-Charles,Thu Apr 30 06:49:08 2020,"Merge remote-tracking branch 'nasim/cluster_fix' into inference-server", 
429cbf4,Pierre-Luc St-Charles,Thu Apr 30 06:46:26 2020,"Rename collect logs variable",   1, 2, 2 
5ef6ba4,Pierre-Luc St-Charles,Thu Apr 30 05:21:56 2020,"Add missing args forward to proc_human",   1, 4, 4 
571cafa,Pierre-Luc St-Charles,Thu Apr 30 05:14:27 2020,"Fixup batch vs non-batch inference logic",   1, 25, 25 
001605f,Pierre-Luc St-Charles,Wed Apr 29 11:46:33 2020,"Update default server workers/threads to non-terrible vals",   1, 2, 2 
83f409a,Pierre-Luc St-Charles,Wed Apr 29 11:23:18 2020,"Disable forgotten print in clustering",   1, 1, 1 
ef5f513,Pierre-Luc St-Charles,Wed Apr 29 11:07:09 2020,"Add verbose print for server worker uptime",   1, 11, 3 
e7e56de,Pierre-Luc St-Charles,Wed Apr 29 10:12:54 2020,"Rename server to broker",   3, 11, 11 
7d7254a,Pierre-Luc St-Charles,Wed Apr 29 10:45:08 2020,"Merge pull request #10 from mila-iqia/cluster_fix", 
5345630,Pierre-Luc St-Charles,Wed Apr 29 07:26:40 2020,"Merge remote-tracking branch 'nasim/remote-multi-human-inference' into remote-multi-human-inference", 
c1bcc8f,Pierre-Luc St-Charles,Wed Apr 29 07:15:45 2020,"Fixup data processing w/o multithreading",   1, 3, 3 
5cdbe89,Martin Weiss,Wed Apr 29 05:47:42 2020,"slash away all the clustering logic",   2, 45, 152 
a1315d5,Martin Weiss,Wed Apr 29 05:40:36 2020,"Merge branch 'remote-multi-human-inference' of https://github.com/mila-iqia/covid_p2p_risk_prediction into messaging", 
82ea925,Martin Weiss,Wed Apr 29 05:07:40 2020,"merged", 
fbf6b79,teganmaharaj,Wed Apr 29 04:49:39 2020,"Clarify multinomial",   1, 8, 6 
80c7791,Martin Weiss,Wed Apr 29 03:40:28 2020,"updated message types in alignment with server",   3, 12, 16 
7346298,teganmaharaj,Wed Apr 29 01:19:56 2020,"Merge pull request #6 from mila-iqia/newdraft", 
e1cef4a,Martin Weiss,Tue Apr 28 07:15:02 2020,"Merge pull request #2 from mila-iqia/Readme-update", 
0af8d9c,teganmaharaj,Tue Apr 28 06:45:09 2020,"Merge pull request #1 from mila-iqia/Readme-update", 
c650e1f,teganmaharaj,Tue Apr 28 04:59:53 2020,"Update README.md for release",   1, 72, 6 
8316ccb,nrahaman,Tue Apr 28 04:48:07 2020,"- propagate human and day index from loader",   2, 14, 2 
c3052e5,Nasim Rahaman,Tue Apr 28 00:32:36 2020,"Merge pull request #23 from plstcharles/server_bootstrap", 
7e3e6cb,nrahaman,Mon Apr 27 22:32:35 2020,"- update baseconfig",   1, 1, 9 
b9f2a1d,nrahaman,Mon Apr 27 22:30:40 2020,"- implemented step-wise scheduler by wrapping around optim - removed scheduler.py and added opts.py",   3, 71, 102 
64dbb96,nrahaman,Mon Apr 27 06:38:30 2020,"- very basic readme that needs updating",   1, 22, 2 
e7d9fa7,nrahaman,Mon Apr 27 04:26:10 2020,"- implemented learned time embeddings",   3, 29, 1 
bc15130,nrahaman,Mon Apr 27 03:28:42 2020,"- remove exp directory",   2, 56 
950dd60,nrahaman,Mon Apr 27 03:24:27 2020,"- option to not use encounter partner ids",   2, 57, 23 
b8d7189,nrahaman,Mon Apr 27 00:22:39 2020,"Merge remote-tracking branch 'origin/inference-engine'", 
6fb86fe,nrahaman,Sun Apr 26 21:10:43 2020,"- support for concatenating multiple datasets",   2, 19, 3 
d43a2b6,nrahaman,Sun Apr 26 19:52:08 2020,"- implemented proper masking in losses",   2, 31, 14 
c155954,nrahaman,Sun Apr 26 09:17:38 2020,"- fix MSE metric (i.e. consider valid masks)",   1, 10, 2 
d4bb1c5,nrahaman,Sun Apr 26 08:36:30 2020,"- implemented masking in history",   4, 45, 20 
8c16c88,nrahaman,Sun Apr 26 06:32:10 2020,"- reintroduce float age (optional)",   1, 24, 6 
1310d32,nrahaman,Sun Apr 26 03:08:21 2020,"- fix device bug in thermo encoder",   1, 3, 3 
c0d5a80,nrahaman,Sun Apr 26 03:00:53 2020,"- update config file to use thermo duration embedding",   1, 3 
2d97155,nrahaman,Sun Apr 26 02:56:23 2020,"- improved encoding of number of encounters",   2, 49, 3 
c99df77,nrahaman,Sun Apr 26 00:02:38 2020,"- loader for preprocessing - added inference engine",   2, 85, 2 
77f8f09,nrahaman,Sat Apr 25 23:59:47 2020,"- option to force a checkpoint in trainer",   1, 3, 1 
bda81ec,nrahaman,Sat Apr 25 18:03:35 2020,"- represent age as an 8 bit binary vector (+ special case for 0)",   4, 16, 14 
8309acf,nrahaman,Sat Apr 25 04:22:29 2020,"- updated config",   1, 1 
ff424b2,nrahaman,Sat Apr 25 01:17:27 2020,"- implemented duration",   1, 35, 3 
5966183,nrahaman,Sat Apr 25 01:11:57 2020,"- loader normalizes age",   1, 9, 1 
35970a0,nrahaman,Fri Apr 24 23:35:50 2020,"- fix bug where the model wouldn't checkpoint",   1, 13 
3ecdce7,nrahaman,Fri Apr 24 21:35:43 2020,"- implemented masking in contagion loss",   1, 5 
b1b4846,nrahaman,Fri Apr 24 21:19:11 2020,"Merge branch 'new-model'", 
0c7c938,nrahaman,Fri Apr 24 20:27:03 2020,"- wandb use can now be controlled from the config - log lr to wandb - updated config - blacked code",   3, 83, 23 
b08675a,nrahaman,Fri Apr 24 18:55:52 2020,"- integrate health profile in transformer",   1, 14, 2 
b3fcc8b,nrahaman,Fri Apr 24 18:46:31 2020,"- normalize age between (0, 1), and -1 if it's not available",   1, 13, 3 
0684ca5,nrahaman,Fri Apr 24 06:54:37 2020,"- added util function for thermometer encoding",   1, 13, 1 
8a19dd4,nrahaman,Fri Apr 24 06:28:57 2020,"- added a mechanism to extract finer grained fields by name from the data-loader",   2, 56, 4 
cd09238,nrahaman,Fri Apr 24 01:53:02 2020,"- Added a new module for `HealthProfileEmbedding` and integrate in the main model [WIP] - Mechanism to dispatch finer grained fields",   4, 67, 18 
161ed99,Nasim Rahaman,Fri Apr 24 19:10:08 2020,"Merge pull request #12 from nasimrahaman/dependabot/pip/tensorflow-1.15.2", 
ebb5ddf,Nasim Rahaman,Fri Apr 24 19:07:44 2020,"Merge pull request #14 from mnqu/dev-metric", 
55a0b3f,Nasim Rahaman,Fri Apr 24 01:59:58 2020,"Merge pull request #9 from nasimrahaman/dev", 
9021f8d,nrahaman,Thu Apr 23 22:53:16 2020,"- consolidated `preexisting_conditions`, `age` and `sex` in a `health_profile` variable.",   2, 19, 12 
4e7eebb,nrahaman,Thu Apr 23 22:32:23 2020,"- fixed bug in test.",   1, 2, 1 
3758318,nrahaman,Thu Apr 23 22:29:56 2020,"- removed addict dependency in models.py",   3, 21, 20 
4572d3d,nrahaman,Thu Apr 23 21:22:27 2020,"- support for new data-format (as well as the older one)",   2, 62, 9 
710f111,nrahaman,Thu Apr 23 05:11:28 2020,"- set model to train / eval",   1, 2 
8ef9479,nrahaman,Thu Apr 23 00:54:42 2020,"- support for single exposure contagion",   2, 57, 3 
05718d4,nrahaman,Wed Apr 22 21:13:32 2020,"- implemented checkpointing at best validation loss",   1, 23 
2765f14,nrahaman,Wed Apr 22 20:22:45 2020,"- made paths relative",   1, 2, 2 
008da6e,nrahaman,Wed Apr 22 19:49:17 2020,"- implemented basic wandb support",   2, 28, 2 
091bee3,nrahaman,Wed Apr 22 05:07:09 2020,"- added validation set in config - fixed bug in loader.py",   2, 5, 2 
93a4db9,nrahaman,Wed Apr 22 04:45:25 2020,"- removed tests inside files (they live under tests now)",   2, 1, 40 
f9d4cf9,Nasim Rahaman,Wed Apr 22 04:41:16 2020,"Merge pull request #1 from nasimrahaman/dev", 
1425f97,nrahaman,Wed Apr 22 02:00:52 2020,"- fixed bug in loader - include validation loop",   2, 17, 10 
5b695b6,nrahaman,Wed Apr 22 01:29:53 2020,"- update dataloader to support the new data format",   3, 46, 32 
77bbcd6,nrahaman,Tue Apr 21 00:38:04 2020,"- special code-path in model to bypass self attention altogether (as a baseline) - better handling of weighted losses - better pbars",   5, 89, 22 
ded8ec1,nrahaman,Mon Apr 20 21:24:11 2020,"- added training script (WIP) - handled a special case in the dataset (when set is empty) - added a base config - fixed bugs in losses.py",   5, 168, 4 
b3de53c,nrahaman,Mon Apr 20 17:55:45 2020,"- added utility function to make data loader",   1, 16, 6 
aa45837,nrahaman,Mon Apr 20 17:47:25 2020,"- changed a default value in models.py",   1, 1, 1 
2fec34f,nrahaman,Mon Apr 20 17:47:01 2020,"- the dataset can now output the relative days (w.r.t today)",   1, 14, 3 
72d3b76,nrahaman,Mon Apr 20 07:32:14 2020,"- option to allow for single / multiple exposures [WIP]",   1, 20, 3 
7e1c724,nrahaman,Mon Apr 20 07:25:46 2020,"- added basic loss functions",   1, 19 
19ad08d,nrahaman,Mon Apr 20 07:24:32 2020,"- made the use of a logit sink optional",   1, 37, 14 
882b517,nrahaman,Mon Apr 20 06:51:22 2020,"- fixed bug - CTT can now return a set of latent variables (one for each time-step)",   1, 22, 11 
9f4d0d5,nrahaman,Mon Apr 20 06:37:28 2020,"- add infectiousness to the loader",   1, 6, 1 
6cd1cf7,nrahaman,Mon Apr 20 06:02:35 2020,"- added loader and model",   4, 719 
068f8a5,Nasim Rahaman,Thu Apr 16 21:56:47 2020,"Initial commit",   1, 2 