commit id,author,date,comment,changed files,lines added,lines deleted

2ad4666,edwardigates,Sun Sep 6 19:51:31 2020,"Remove test files (#105)",   1, 0, 0 
2b55a92,Edward Keselman,Sun Sep 6 19:20:10 2020,"remove databasae file from assets",   1, 0, 0 
bbb284a,Edward Keselman,Sun Sep 6 19:17:31 2020,"Merge branch 'master' of github.com:MohGovIL/rn-contact-tracing into remove-test-files", 
3cd6195,Lior Kaplan,Sun Aug 30 16:31:43 2020,"Remove postinstall script (Fixes: #103)",   1, 1 
b769c29,edwardigates,Wed Aug 19 22:57:10 2020,"Remove self reference comments. (#102)",   10, 15, 15 
4d9f9b8,Edward Keselman,Wed Aug 19 22:48:10 2020,"Remove self reference comments. Add new notification icon to support Pixel devices",   10, 15, 15 
9250ee7,edwardigates,Thu Aug 6 00:59:26 2020,"Debuggable param (#99)",   5, 18, 5 
581a5af,Edward Keselman,Thu Aug 6 00:35:07 2020,"Change default value of debuggable param to false",   2, 3, 3 
8b9ebb4,Edward Keselman,Thu Aug 6 00:28:22 2020,"debuggable param to allow writing to database to for QA",   5, 18, 5 
a9e2a57,dependabot[bot],Mon Aug 3 22:23:15 2020,"Bump lodash from 4.17.15 to 4.17.19",   2, 159, 237 
fa6bd77,edwardigates,Mon Aug 3 22:21:40 2020,"Remove test files i os (#97)",   9, 51, 41 
877b9a4,Edward Keselman,Mon Aug 3 22:06:09 2020,"Set notification icon to be ic_launcher",   2, 25, 24 
c94e0b9,Edward Keselman,Mon Aug 3 20:22:56 2020,"Merge branch 'master' of github.com:MohGovIL/rn-contact-tracing into remove-test-files-iOS", 
f986baa,Edward Keselman,Mon Aug 3 19:30:26 2020,"Merge branch 'master' of github.com:MohGovIL/rn-contact-tracing into remove-test-files", 
74a5908,Edward Keselman,Mon Aug 3 19:02:25 2020,"Merge branch 'remove-test-files-iOS' of github.com:MohGovIL/rn-contact-tracing into remove-test-files", 
8a3f96e,edwardigates,Mon Aug 3 17:59:04 2020,"package name change (#94)",   55, 221, 262 
c3afbf6,Edward Keselman,Mon Aug 3 17:44:46 2020,"Merge branch 'master' of github.com:MohGovIL/rn-contact-tracing into remove-test-files", 
41a3250,Edward Keselman,Mon Aug 3 17:40:25 2020,"package name change. write only contacts to db. remove fastcsv dependency",   55, 221, 262 
207b6b6,Yonatan Rimon MacbookPro,Wed Jul 29 00:57:58 2020,"Credits, packages and bundle ID’s update to MOH readme and podSpects ID's changed to MOH test methods and test DB models store wrapped with if DEBUG fixed bug that prevented turning off the BLE service after starting first time.",   7, 26, 17 
a581392,edwardigates,Tue Jul 21 18:28:46 2020,"Remove test files (#90)",   3, 49, 46 
8babcca,Edward Keselman,Mon Jul 20 23:00:42 2020,"Merge branch 'master' of github.com:MohGovIL/rn-contact-tracing into remove-test-files", 
10edb70,yonirimon,Mon Jul 20 23:00:06 2020,"Ios battery opt (#88)",   6, 362, 219 
017d5d9,Yonatan Rimon MacbookPro,Mon Jul 20 21:54:07 2020,"unused test method removed",   1, 26 
2df0f40,Yonatan Rimon MacbookPro,Mon Jul 20 21:17:46 2020,"debug log to file removed",   1, 2, 37 
0a6a65b,Yonatan Rimon MacbookPro,Mon Jul 20 21:12:04 2020,"Code cleanup",   2, 5, 179 
347affa,Edward Keselman,Mon Jul 20 18:40:24 2020,"Uncomment used method",   2, 32, 31 
7f372a6,Edward Keselman,Mon Jul 20 18:33:00 2020,"Remove raw input data for testing - comment testing methods.",   4, 79, 77 
05d453b,Edward Keselman,Thu Jul 16 17:10:41 2020,"Refactoring",   4, 175, 165 
17b8ad9,Edward Keselman,Thu Jul 16 15:35:51 2020,"Logs removal.",   1, 1, 6 
ea9b92b,Edward Keselman,Thu Jul 16 15:22:00 2020,"Android BluetoothGattServer functionality",   8, 199, 12 
c6d7d67,Yonatan Rimon MacbookPro,Wed Jul 15 00:15:49 2020,"last_connected_timestamp added to device DB_model connection to device intervals functionality",   5, 39, 22 
76b5d1f,Yonatan Rimon MacbookPro,Tue Jul 14 23:30:07 2020,"advertise disabled GATT connection and writeValue functionality fix new logs",   2, 366, 366 
5ccd49b,Yonatan Rimon MacbookPro,Mon Jul 13 23:41:17 2020,"KeepAlive logs to documents reconnection on BG",   1, 8, 3 
3c0f21d,Yonatan Rimon MacbookPro,Mon Jul 13 16:57:30 2020,"Advertising disabled PeripheralManager removed keepAlive manipulation implemented in scan/location section write log to device documents",   2, 224, 162 
e15239b,Yonatan Rimon MacbookPro,Mon Jul 13 01:20:31 2020,"location manager addded for app keepAlive BGAppRefresh and BGProccess add for app keepAlive",   3, 317, 1 
20aaacf,Yonatan Rimon MacbookPro,Sun Jul 12 21:31:11 2020,"Advertise turned on adv/scan loop minuplation moved to didStartAdv. peripheral writeValue functionality peripheralManager didReceiveWriteRequests functionality",   1, 319, 214 
8b62b8b,Yonatan Rimon MacbookPro,Fri Jul 10 00:52:15 2020,"IOS advertise disabled BLE GATT data write functionality",   1, 210, 157 
4110aec,Yonatan Rimon MacbookPro,Mon Jul 6 01:55:27 2020,"locationManager added to appDelegate for keeping app alive BLE logs to file added",   4, 129, 7 
8bb793e,Yonatan Rimon MacbookPro,Sun Jul 5 22:07:21 2020,"Merge branch 'master' into BLE_connection_poc", 
096e3ea,yonirimon,Tue Jun 30 00:58:19 2020,"Ios backround refresh epochs fix (#84)",   5, 100, 8 
2781582,Yonatan Rimon MacbookPro,Tue Jun 30 00:48:13 2020,"background debug logs removed",   1, 2, 34 
f3bfdf9,Yonatan Rimon MacbookPro,Tue Jun 30 00:19:05 2020,"Merge branch 'master' into IOS_backround_refresh_epochsFix", 
475b953,hagaiRotshild,Mon Jun 29 21:34:25 2020,"Package name change (#83)", 
f9d4ccf,hagaiRotshild,Mon Jun 29 20:23:15 2020,"Package name change (#83)",   4, 76, 3 
622045c,Yonatan Rimon MacbookPro,Sun Jun 28 21:11:42 2020,"Wrongs Epochs ID IOS 12 bug fix",   1, 2, 2 
0184fbe,Edward Keselman,Sun Jun 28 21:06:59 2020,"New activity to prop user with battery optimization option.",   4, 77, 4 
709b7fe,Yonatan Rimon MacbookPro,Fri Jun 26 00:18:00 2020,"Merge branch 'master' into IOS_background_refresh", 
b8c206a,hagai rothschild,Thu Jun 25 21:48:47 2020,"test commit",   1, 8, 8 
13bc373,Yonatan Rimon MacbookPro,Thu Jun 25 21:48:14 2020,"Test commit new url",   1, 1, 1 
1061e86,hagai rothschild,Thu Jun 25 21:46:39 2020,"test new git",   1, 1, 1 
b6bb9c2,Edward Keselman,Thu Jun 25 21:31:27 2020,"testing new git",   1, 1, 1 
83b6cac,edwardigates,Thu Jun 25 16:35:28 2020,"Package name change (#79)",   4, 26, 4 
8750980,Yonatan Rimon MacbookPro,Thu Jun 25 01:11:15 2020,"Merge branch 'Android-Crypto' into IOS_background_refresh", 
6a0e64e,Edward Keselman,Thu Jun 25 01:01:55 2020,"Api function to ask user to ask the user to disable battery optimization",   1, 7 
4b79e77,Edward Keselman,Thu Jun 25 00:10:07 2020,"Add IGNORE_BATRERY_OPTIMIZATION permission to library manifest.",   1, 1, 1 
990fa52,Edward Keselman,Wed Jun 24 18:19:57 2020,"fix bug with opening share options - set package name to be of the host application",   1, 1, 1 
f99771b,Edward Keselman,Wed Jun 24 17:06:06 2020,"refactoring",   3, 10, 10 
686da28,Edward Keselman,Wed Jun 24 00:55:35 2020,"Pass value for battery optimization through the configs.",   3, 17, 2 
e497500,Yonatan Rimon MacbookPro,Tue Jun 23 23:37:21 2020,"IOS scan cycle change ephemeral geoHash fix",   2, 18, 2 
f0b6eb8,edwardigates,Tue Jun 23 19:27:11 2020,"set authorities name of the provider to be host application package name. (#77)",   1, 1, 1 
724b451,Edward Keselman,Tue Jun 23 19:15:17 2020,"set authorities name of the provider to be host application package name.",   1, 1, 1 
8ed7cc0,Edward Keselman,Tue Jun 23 19:08:29 2020,"get package name from host app",   1, 1, 1 
6555941,Edward Keselman,Tue Jun 23 19:07:17 2020,"Merge branch 'master' of github.com:wix-incubator/rn-contact-tracing into Bugs_Fix", 
302f30e,Yonatan Rimon MacbookPro,Tue Jun 23 01:35:45 2020,"IOS : Added support to write files to Documents Added log to file at service start and at discover peripheral",   2, 64 
744f3bd,yonirimon,Mon Jun 22 17:29:10 2020,"Android crypto (#75)",   9, 7, 133 
e4ede36,Yonatan Rimon MacbookPro,Mon Jun 22 17:02:36 2020,"IOS service duration/interval set hardcoded to 7/3",   1, 5, 3 
2236778,Edward Keselman,Mon Jun 22 01:13:42 2020,"Pass the minimum battery level for service to work as a config param",   4, 19, 4 
237756b,Edward Keselman,Fri Jun 19 01:27:46 2020,"Listen to battery level changes - stop service when battery reaches 5%. Fix hard coded package-name.",   2, 44, 4 
a10fa6f,yonirimon,Thu Jun 18 00:10:36 2020,"Merge branch 'master' into Android-Crypto", 
45e0f44,Yonatan Rimon MacbookPro,Thu Jun 18 00:03:15 2020,"IOS Code Cleanup",   8, 2, 130 
ea03c21,yonirimon,Wed Jun 17 21:19:08 2020,"Android crypto (#73)",   3, 53, 8 
c22db15,Yonatan Rimon MacbookPro,Wed Jun 17 21:03:38 2020,"Home IOS exportCSV buttons added ExportContactsCSV added to ble api + functionality",   3, 53, 8 
4996cc5,yonirimon,Tue Jun 16 22:14:14 2020,"Android crypto (#72)",   4, 33, 33 
62aba2b,yonirimon,Tue Jun 16 22:02:58 2020,"Merge branch 'master' into Android-Crypto", 
03f2a8f,Yonatan Rimon MacbookPro,Tue Jun 16 21:43:52 2020,"Match crash fix hexToBytes fix SpecialBleManager tests JSON files removal",   4, 33, 33 
f0a9ea2,hagaiRotshild,Tue Jun 16 18:32:09 2020,"Android crypto (#71)",   2, 39, 103 
7939b89,hagai,Tue Jun 16 18:22:04 2020,"Merge branch 'master' of https://github.com/wix-incubator/rn-contact-tracing into Android-Crypto", 
b35a6ca,Yonatan Rimon MacbookPro,Tue Jun 16 17:45:41 2020,"Code cleanup logs fix",   1, 3, 137 
1bc19bb,edwardigates,Sun Jun 14 15:36:52 2020,"Bug fix - set service is running false when stopping. (#69)",   2, 6 
9a30f5b,Edward Keselman,Fri Jun 12 01:34:42 2020,"Bug fix - set service is running false when stopping.",   2, 6 
3d1c6a4,Yonatan Rimon MacbookPro,Fri Jun 12 00:44:46 2020,"IOS permission for peripheral added to info.plist keep first central created alive through whole lifeCycle backgound scan/advertise improvements",   2, 117, 47 
4038ca8,edwardigates,Fri Jun 12 00:40:20 2020,"Android crypto (#68)",   2, 7, 2 
5b119f6,Edward Keselman,Fri Jun 12 00:29:12 2020,"Merge branch 'master' of github.com:wix-incubator/rn-contact-tracing into Android-Crypto", 
87d2696,Edward Keselman,Thu Jun 11 23:45:18 2020,"stop service only if it's runnig",   2, 7, 2 
97a7852,Yonatan Rimon MacbookPro,Thu Jun 11 02:13:49 2020,"keepAlive timer interval implementation peripheral connection fixes send crypto publicKey through connected peripheral updateValue get crypto publickKey from sent data to connected peripheral and add to DB",   2, 16, 27 
cf31370,hagaiRotshild,Wed Jun 10 03:05:24 2020,"Android crypto (#67)",   6, 50, 24 
5b69b95,Yonatan Rimon MacbookPro,Wed Jun 10 02:29:18 2020,"keepAlive Characteristic added and initialized reconnect all stored peripherals peripheral delegate added GATT connection for keepAlive Characteristic send string from keepAlive in background receive string data when in background store contacts when received through GATT connection updateValue",   1, 113, 18 
26d36a9,Edward Keselman,Tue Jun 9 23:40:32 2020,"Crash fix - trying to delete contact history on main thread. Bug fix - removing hard coded value for BLE Service start.",   3, 14, 8 
d318a6d,Edward Keselman,Tue Jun 9 20:32:23 2020,"Start BLE service only if sharedPref flag set to true.",   5, 41, 21 
ec06986,hagaiRotshild,Mon Jun 8 22:38:16 2020,"Android crypto (#66)",   1, 2, 16 
ddea8f3,hagai,Mon Jun 8 20:00:28 2020,"clean up",   1, 2, 16 
3686472,Edward Keselman,Mon Jun 8 00:31:10 2020,"comment out sensor registration/unregistration.",   1, 2, 2 
6720951,Edward Keselman,Mon Jun 8 00:18:14 2020,"Merge branch 'master' of github.com:wix-incubator/rn-contact-tracing into Android-Crypto", 
a557bb2,hagai,Sun Jun 7 16:52:51 2020,"code clean up battery consumption reduced",   6, 70, 179 
7573779,oferDavidyan,Wed Jun 3 03:00:20 2020,"protect multiple service start from hosting app (#63)",   6, 8713, 112 
e03176b,oferDavidyan,Wed Jun 3 02:05:51 2020,"Merge branch 'master' into Android-Crypto", 
d99a15a,Edward Keselman,Wed Jun 3 01:36:26 2020,"change check if service running to static variable",   1, 72, 66 
03fccc0,Yonatan Rimon MacbookPro,Wed Jun 3 00:53:39 2020,"added GATT connection establishment advertise/scan intervals fix cryptoClients sends device name as public key *** only for tests send data through connection",   4, 201, 69 
82645a8,Edward Keselman,Tue Jun 2 23:23:20 2020,"start foreground service only if it's not running.",   1, 12, 2 
18c0003,Yonatan Rimon MacbookPro,Tue Jun 2 18:52:11 2020,"BLE scan/advertise separated intervals and duration from config",   1, 47, 44 
1cee614,Yonatan Rimon MacbookPro,Sun May 31 23:43:23 2020,"Merge branch 'Android-Crypto' of github.com:wix-incubator/rn-contact-tracing into Android-Crypto", 
3c88f2d,Yonatan Rimon MacbookPro,Sun May 31 23:43:07 2020,"is_match byteArray != 16 crash fix",   5, 8584, 2 
4cc5f9d,hagaiRotshild,Sun May 31 20:37:25 2020,"Android crypto (#62)",   23, 547, 89 
5ea258b,Yonatan Rimon MacbookPro,Sun May 31 20:13:20 2020,"new test json files added bad JSON format crash fix bad JSON format - wrong types handler stringToBytes returns empty array and not nil for wrong lenfth",   7, 282, 8 
b6e923a,Edward Keselman,Thu May 28 00:45:25 2020,"Merge branch 'Android-Crypto' of github.com:wix-incubator/rn-contact-tracing into Android-Crypto", 
d01f3cc,Edward Keselman,Thu May 28 00:45:10 2020,"Added protection against crashes when bluetooh is off or BleScanner/Adviertiser is null. Added new logic to matching algorithm. Fix crash when infected data is empty.",   5, 98, 34 
a73916a,hagai rothschild,Tue May 26 21:03:04 2020,"version",   2, 23, 23 
fbb3b65,yonirimon,Tue May 26 20:22:01 2020,"Android crypto (#60)",   15, 34, 23 
18e9799,hagai rothschild,Tue May 26 20:13:48 2020,"version",   1, 2, 2 
cb39a2c,Yonatan Rimon MacbookPro,Tue May 26 20:05:19 2020,"iOS - infectedDB key change from "infected" to "days"",   7, 7, 7 
41baf28,Yonatan Rimon MacbookPro,Tue May 26 20:01:53 2020,"Merge branch 'master' into iOS-Crypto", 
b85f8ba,Edward Keselman,Tue May 26 19:37:54 2020,"Added battery level to Advertise and Scan data in DB.",   5, 21, 7 
c400e46,Edward Keselman,Tue May 26 19:29:02 2020,"Added battery percentage to advertise and scan data",   5, 18, 10 
da69264,Yonatan Rimon MacbookPro,Tue May 26 19:13:51 2020,"infectedDB object structure key changed from "infected" to "days"",   7, 7, 7 
86e57d4,hagai rothschild,Tue May 26 19:06:39 2020,"change json attribute name",   3, 9, 6 
04d1316,hagai rothschild,Tue May 26 18:53:56 2020,"Merge branch 'master' of github.com:wix-incubator/rn-contact-tracing into Android-Crypto", 
369c9d8,edwardigates,Tue May 26 17:41:33 2020,"Android crypto (#59)",   11, 306, 52 
71f91bd,Edward Keselman,Tue May 26 17:33:15 2020,"try catch block on location manager.",   1, 25, 18 
b5e0007,Edward Keselman,Tue May 26 16:45:25 2020,"Save scan and advertise data to DB",   11, 279, 34 
a2b6691,Edward Keselman,Tue May 26 16:25:22 2020,"Merge branch 'master' of github.com:wix-incubator/rn-contact-tracing into Android-Crypto", 
2912af0,Edward Keselman,Tue May 26 16:21:34 2020,"fix crash when location is null",   1, 4, 2 
15110c5,edwardigates,Mon May 25 23:45:18 2020,"Android crypto (#58)",   32, 593, 136 
c36d78a,Edward Keselman,Mon May 25 23:19:20 2020,"Fix issue with pulling lat lon values from json.",   1, 6, 2 
165fd0c,Edward Keselman,Mon May 25 23:11:55 2020,"Merge branch 'master' of github.com:wix-incubator/rn-contact-tracing into Android-Crypto", 
355405a,Edward Keselman,Mon May 25 23:07:46 2020,"Merge branch 'iOS-Crypto' of github.com:wix-incubator/rn-contact-tracing into Android-Crypto", 
078b58d,Edward Keselman,Mon May 25 19:03:54 2020,"Sort matches list by timestamp from earlier to latest.",   1, 8 
36241da,Yonatan Rimon MacbookPro,Mon May 25 16:59:59 2020,"match epoch tests files added findMatch empty matches crash fix",   11, 94, 50 
b66d8ab,Yonatan Rimon MacbookPro,Mon May 25 00:48:59 2020,"lat lon added to contactDB getLastKnownLocatiopn for add contact when receibing scan input MatchInfection fix: return value is now an array of all found match response obbjects BLE background refresh adjustments",   12, 173, 55 
5752274,Edward Keselman,Mon May 25 00:48:27 2020,"Matching algorithm refactoring. Bugs fix.",   4, 146, 40 
9534fd8,Ofer Davidyan,Fri May 22 12:13:02 2020,"added config fixed iOS reception of BLE in background",   6, 58, 23 
b90ed9d,Ofer Davidyan,Fri May 22 10:16:42 2020,"temporal stash",   4, 74, 61 
1f73c20,Edward Keselman,Fri May 22 02:08:18 2020,"Added lat lon values to Contact Added Epoch key to Match Added match check logic to find crypto matches",   8, 189, 63 
37469fa,Yonatan Rimon MacbookPro,Fri May 22 01:48:37 2020,"Match with time diff fixes",   1, 25, 12 
900c257,Yonatan Rimon MacbookPro,Fri May 22 01:32:08 2020,"Match with time diff integration",   3, 56, 18 
5c28bf4,hagaiRotshild,Thu May 21 22:59:45 2020,"Android crypto (#54)",   7, 185, 39 
db06abd,Edward Keselman,Thu May 21 22:46:53 2020,"Add check to see if user supports BLE.",   1, 12, 5 
c0e5232,Edward Keselman,Thu May 21 22:46:17 2020,"require hardware BLE set to false Add check to see if device supports BLE",   1, 1, 1 
5ff378c,hagai rothschild,Thu May 21 22:24:14 2020,"require false",   1, 1, 1 
1a989b0,hagai,Thu May 21 22:22:29 2020,"c",   2, 4, 9 
ef0e2bc,hagai,Thu May 21 22:04:04 2020,"optimization test",   3, 59, 21 
1c38157,Edward Keselman,Thu May 21 21:41:29 2020,"Merge branch 'master' of github.com:wix-incubator/rn-contact-tracing into Android-Crypto", 
2e7b523,Edward Keselman,Thu May 21 21:02:40 2020,"Added export all contacts. Added export scans by specific key. Removed csvwritter.",   5, 172, 33 
3c181ec,yonirimon,Thu May 21 18:41:57 2020,"Ios crypto (#53)",   7, 69, 2 
86b24e8,Yonatan Rimon MacbookPro,Thu May 21 18:27:49 2020,"Merge branch 'master' of github.com:wix-incubator/rn-contact-tracing into iOS-Crypto", 
d4e570e,Yonatan Rimon MacbookPro,Thu May 21 17:58:38 2020,"notification icons added homeIOS setConfig notification asset name integration Config notification icon integration",   7, 69, 2 
157fb58,edwardigates,Thu May 21 06:02:07 2020,"Android crypto (#51)",   6, 72, 6 
18f421c,oferDavidyan,Thu May 21 05:55:16 2020,"Merge branch 'master' into Android-Crypto", 
e33356d,Edward Keselman,Thu May 21 05:52:15 2020,"Notification Icon for foreground service. The icon is given through the BLESpecialModiule in setConfig.",   6, 72, 6 
90b1060,hagaiRotshild,Thu May 21 00:19:30 2020,"Android crypto (#50)",   5, 56, 45 
70ec82e,hagai rothschild,Thu May 21 00:03:31 2020,"Merge branch 'iOS-Crypto' of github.com:wix-incubator/rn-contact-tracing into Android-Crypto", 
be379f6,hagai rothschild,Thu May 21 00:03:12 2020,"delete all db",   1, 2 
5d9927b,Yonatan Rimon MacbookPro,Wed May 20 22:48:06 2020,"Merge branch 'iOS-Crypto' of github.com:wix-incubator/rn-contact-tracing into iOS-Crypto", 
e4200cc,Yonatan Rimon MacbookPro,Wed May 20 22:47:53 2020,"Merge branch 'Android-Crypto' of github.com:wix-incubator/rn-contact-tracing into iOS-Crypto", 
85851c2,hagai rothschild,Wed May 20 22:44:57 2020,"crash fix",   2, 25, 19 
303a80a,Yonatan Rimon MacbookPro,Wed May 20 22:28:54 2020,"Fixed issue of timeStamp in millis causing match memory leak removed blocking of ephemerals < 16 to enter the DB",   2, 29, 26 
08d23fe,yonirimon,Wed May 20 01:06:36 2020,"Ios crypto (#48)",   15, 346, 215 
221b617,Yonatan Rimon MacbookPro,Wed May 20 00:42:05 2020,"pod.lock",   1, 1, 1 
794bf59,Yonatan Rimon MacbookPro,Wed May 20 00:38:07 2020,"Merge branch 'Android-Crypto' of github.com:wix-incubator/rn-contact-tracing into iOS-Crypto", 
d9da83c,Yonatan Rimon MacbookPro,Wed May 20 00:37:14 2020,"Merge branch 'master' of github.com:wix-incubator/rn-contact-tracing into iOS-Crypto", 
750de71,hagai,Wed May 20 00:09:54 2020,"bug",   1, 2, 3 
a3ff6fc,Yonatan Rimon MacbookPro,Tue May 19 23:59:53 2020,"BleManager - scanning time changed to linear without intervals",   1, 27, 15 
de3e519,hagai rothschild,Tue May 19 23:34:38 2020,"fix csv columns crash export data",   7, 32, 26 
fa5441d,Yonatan Rimon MacbookPro,Tue May 19 23:30:28 2020,"Home IOS - match and fetch api fixes like android SpecialBLE:  - deleteDB fix  - API alignment with Android ble API SpecialBleMAnager:  - add contact with 16 bit length only  - findMatchForInfections gets JSON string or takes from loacl json file + callback added  - writeContactsToDB gets JSON string or takes from loacl json file fetchInfectionDataByConsent implementation + callback User generate_ephemeral_id update_key_database - future_time fixed to now. DBContactManager:  - deleteContactHistory fix  - delete all contacts added",   9, 190, 107 
4c95480,hagai rothschild,Tue May 19 21:54:49 2020,"fix crash",   8, 22, 34 
778abf2,Edward Keselman,Tue May 19 21:35:01 2020,"Collect Advertise and Scan data + export the data to CSV. Fix crash that happens on LG G3 -  optional.",   12, 270, 7 
87383d7,hagai,Tue May 19 20:35:00 2020,"crash fix",   2, 10, 8 
9f2d70c,hagai,Tue May 19 17:11:54 2020,"Merge branch 'master' of https://github.com/wix-incubator/rn-contact-tracing into Android-Crypto", 
b4e83ee,Ofer Davidyan,Tue May 19 08:52:01 2020,"Merge branch 'master' into Ble-Background-testing", 
a500499,Ofer Davidyan,Tue May 19 08:33:47 2020,"environment settings",   3, 1180, 2368 
337cab9,Ofer Davidyan,Tue May 19 08:30:50 2020,"removal of CsvWriter (since no support for api level < 26) write CSV inline",   1, 99, 54 
68fc6f0,Edward Keselman,Tue May 19 03:43:47 2020,"Export csv fix",   4, 59, 3 
8b15544,Yonatan Rimon MacbookPro,Tue May 19 02:11:36 2020,"DB bundle crash fix",   2, 6, 6 
075c7bc,Yonatan Rimon MacbookPro,Tue May 19 01:44:20 2020,"test db contacts fileName fix",   1, 1, 1 
bb4fb5a,hagaiRotshild,Tue May 19 00:14:15 2020,"Android crypto (#47)",   1, 8 
bfb10b7,Edward Keselman,Mon May 18 23:57:13 2020,"Add another level of arrays to fetch JSON.",   1, 8 
b0f4039,Yonatan Rimon MacbookPro,Mon May 18 22:16:41 2020,"Home iOS set config integration bleManager get config on start bleManager writeContactsToDB fix",   2, 81, 56 
3266141,hagaiRotshild,Mon May 18 22:01:01 2020,"Android crypto (#46)",   5, 20, 31 
42783d2,Edward Keselman,Mon May 18 21:47:28 2020,"Merge branch 'Android-Crypto' of github.com:wix-incubator/rn-contact-tracing into Android-Crypto", 
4e296a4,Edward Keselman,Mon May 18 21:47:12 2020,"Bug fix - handle scan results",   1, 3, 3 
9db4af3,Edward Keselman,Mon May 18 20:57:28 2020,"Bug fix crash when creating the next day epoch keys.",   4, 7, 6 
4aae66c,Yonatan Rimon MacbookPro,Mon May 18 19:40:21 2020,"PodFile ver changed to 10 Home.ios fix scan interval and duration integration",   4, 37, 21 
d3669f9,Edward Keselman,Mon May 18 17:43:07 2020,"Fix bug in parsing infecting db when not all days have values.",   2, 11, 23 
2bd7cb0,Yonatan Rimon MacbookPro,Mon May 18 01:33:26 2020,"Home iOS set config fix (like Hamagen) startBLEService signature fix (align with android) writeContactsToDB signature fix (align with android) Config time fix from sec to millis",   5, 51, 45 
e97eeed,hagaiRotshild,Sun May 17 22:15:29 2020,"Android crypto (#45)",   7, 261, 218 
b996b3d,hagai,Sun May 17 21:53:48 2020,"Merge branch 'master' of https://github.com/wix-incubator/rn-contact-tracing into Android-Crypto", 
a5cdcad,Edward Keselman,Sun May 17 21:48:17 2020,"Added load database functionality. Fix slow loading issue.",   2, 13, 3 
e621a03,Edward Keselman,Sun May 17 21:23:51 2020,"Merge branch 'Android-Crypto' of github.com:wix-incubator/rn-contact-tracing into Android-Crypto", 
bf784e6,Edward Keselman,Sun May 17 21:23:44 2020,"Function signature change.",   2, 7, 6 
b6ede53,hagai,Sun May 17 21:10:19 2020,"add react method to load db from raw",   1, 7, 1 
2b43cdd,hagai,Sun May 17 20:49:59 2020,"test clean up init db with test db on start up insert conflict strategy REPLACE",   6, 233, 217 
9950d14,yonirimon,Sun May 17 19:15:04 2020,"IOS Crypto integration (#43)",   27, 1571, 76 
3359c56,Ofer Davidyan,Fri May 15 12:19:10 2020,"fix deallocation of encrypted data upon function return",   1, 2, 2 
6b16a3d,Ofer Davidyan,Fri May 15 12:05:33 2020,"merge from master", 
e985209,Yonatan Rimon MacbookPro,Fri May 15 07:37:09 2020,"Home ios match + fetch contacts added Add contact to DB get Contacts from DB CryptoManager: saveUserToDisk, findMatch Contact migrated to DB object add contacts to DB from JSON DBContactManager",   18, 476, 174 
32060f3,hagaiRotshild,Fri May 15 04:54:41 2020,"Android crypto (#42)",   30, 2080, 33 
6e79116,hagai rothschild,Fri May 15 04:46:27 2020,"fail merge",   1, 23, 6 
b910441,Ofer Davidyan,Fri May 15 04:41:38 2020,"merge",   1, 7, 23 
a29fbd4,hagai rothschild,Fri May 15 03:43:35 2020,"parse match results for app",   4, 58, 6 
204b7bc,hagai rothschild,Fri May 15 02:46:23 2020,"Toast",   1, 7 
68b27a8,hagai rothschild,Fri May 15 02:38:58 2020,"changes for testing",   2, 22, 28 
714dd49,hagai rothschild,Fri May 15 02:23:44 2020,"crypto test",   10, 196, 22 
c5ae8cf,hagai rothschild,Thu May 14 19:33:19 2020,"master merge", 
1415ee0,Yonatan Rimon MacbookPro,Thu May 14 17:55:55 2020,"CryptoManager getEphemeral fixes, String extension for ascii to bytesArray decoding, code cleanup BleManager advertise flow adjustment",   2, 44, 47 
96c2091,Ofer Davidyan,Thu May 14 09:00:53 2020,"- time serializtion - epoch ket serializtin - crypto user and data modlel unification -",   6, 409, 54 
3c7bb48,Yonatan Rimon MacbookPro,Thu May 14 08:08:27 2020,"bleManager gets ephemeral string for advertise CryptoManager getStringEphemeral",   3, 35, 5 
0843160,Yonatan Rimon MacbookPro,Thu May 14 05:43:02 2020,"bleManager advertise interval from config All Crypto classes added Contact model added + class Crypto manager",   18, 1101, 21 
a4e033c,hagai rothschild,Thu May 14 05:20:28 2020,"fix key advertse",   2, 9, 4 
fd2e707,Ofer Davidyan,Thu May 14 04:47:40 2020,"remove test leftover",   1, 5 
657f959,Ofer Davidyan,Thu May 14 04:26:08 2020,"Merge branch 'Android-Crypto' of github.com:wix-incubator/rn-contact-tracing into Android-Crypto", 
2fae7c5,Ofer Davidyan,Thu May 14 04:25:25 2020,"crypto logics",   5, 17, 6 
f7815bd,Ofer Davidyan,Thu May 14 03:09:49 2020,"- user initialization correction - prep to serialize/deserialize - init of cryptomanager",   3, 19, 6 
47cd0e2,hagai rothschild,Thu May 14 02:11:05 2020,"Merge branch 'Android-Crypto' of github.com:wix-incubator/rn-contact-tracing into Android-Crypto", 
9bb6591,hagai rothschild,Thu May 14 02:10:52 2020,"contact name changes",   3, 33, 32 
3a55728,hagai rothschild,Thu May 14 02:01:23 2020,"contact",   1, 7, 7 
87eced2,Ofer Davidyan,Thu May 14 01:34:29 2020,"wire crypto framework to ble tracing logic",   5, 119, 22 
c21b69a,hagai,Wed May 13 23:17:00 2020,"bug fixes",   8, 173, 72 
7975b1f,Yonatan Rimon MacbookPro,Wed May 13 19:12:47 2020,"BytesUtils",   1, 6, 4 
ba2523d,yonirimon,Wed May 13 19:04:31 2020,"merge from master (#39)",   17, 444, 102 
5469154,yonirimon,Wed May 13 18:54:38 2020,"Home ios Clean UI for new API (#38)",   4, 115, 54 
a4067c3,Yonatan Rimon MacbookPro,Wed May 13 18:44:25 2020,"Home ios Clean UI for new API Home ios - fetch + match stubs SpecialBle API for react with stubs StartBLE signature fix",   4, 115, 54 
d08b7ff,Yonatan Rimon MacbookPro,Wed May 13 17:47:16 2020,"CryptoManager empty class added",   1, 13 
f104f38,Yonatan Rimon MacbookPro,Wed May 13 17:32:56 2020,"BytesUtils fixes",   2, 33, 11 
632fd11,oferDavidyan,Tue May 12 23:52:43 2020,"Ble background testing (#37)",   14, 335, 54 
0b41a07,Ofer Davidyan,Tue May 12 23:44:33 2020,"skip fastlanbe",   1, 15, 15 
f476582,hagai,Tue May 12 23:38:01 2020,"Merge branch 'Ble-Background-testing' of https://github.com/wix-incubator/rn-contact-tracing into Android-Crypto", 
a98b3ce,Ofer Davidyan,Tue May 12 23:29:24 2020,"setup MOH appID + signing ids",   1, 6, 6 
b66015c,Ofer Davidyan,Tue May 12 23:26:36 2020,"Merge branch 'Ble-Background-testing' of github.com:wix-incubator/rn-contact-tracing into Ble-Background-testing", 
66b8fe2,Ofer Davidyan,Tue May 12 23:25:20 2020,"turn off fastlane for the meanwhile, this will be resolved once we move to MOH owned repository",   1, 21, 21 
4ff8709,Ofer Davidyan,Tue May 12 22:33:03 2020,"api for hamagen",   2, 70, 10 
2314cea,hagai,Tue May 12 20:46:00 2020,"crypto initial code",   17, 1140 
2a7ebe5,hagai,Mon May 11 22:03:01 2020,"test",   1, 1 
72a629e,hagai rothschild,Mon May 11 21:57:47 2020,"add api methods",   2, 44 
d84ab9e,hagai rothschild,Mon May 11 21:31:27 2020,"order scans by timestamp desc",   1, 1, 1 
3b6a8da,hagai rothschild,Sun May 10 16:49:36 2020,"utilities class",   1, 8 
d85f1f5,Yonatan Rimon MacbookPro,Sun May 10 16:45:52 2020,"BytesUtils added to ios lib",   1, 3, 3 
76df570,Yonatan Rimon MacbookPro,Fri May 8 01:10:54 2020,"BytesUtils",   1, 5, 3 
d9badaa,Yonatan Rimon MacbookPro,Fri May 8 00:48:10 2020,"BytesUtils in rn-tracking",   2, 3, 9 
f488864,Yonatan Rimon MacbookPro,Fri May 8 00:36:15 2020,"Merge branch 'iOS-Crypto' of github.com:wix-incubator/rn-contact-tracing into iOS-Crypto", 
60c6bc9,Yonatan Rimon MacbookPro,Fri May 8 00:35:59 2020,"DevTeam changed BytesUtils added",   3, 51, 6 
b878c12,hagai rothschild,Thu May 7 01:43:18 2020,"clean up",   7, 77, 177 
895a763,Hagai Rothschild,Wed May 6 19:18:51 2020,"testing ble wake lock alarm manager",   8, 321 
d8a1ac1,yonirimon,Tue May 5 19:51:33 2020,"Yoni ios ui merge 2 android (#36)",   19, 371, 199 
7240e25,Yonatan Rimon MacbookPro,Tue May 5 19:39:42 2020,"Logs for unKnown device added",   1, 12, 2 
8b2d8e5,Yonatan Rimon MacbookPro,Tue May 5 00:40:49 2020,"Home iOS ui fixes: alerts removed, Config section hidden, cleanAllScans added Results UI fix: minutes and seconds are 2 digits Scans UI fix: minutes and seconds are 2 digits SpecialBle scans method fix SpecialBleManager : start/stop services full flow fix, start/stop tasks full flow fix, scans added to DB by central DB Scans methods added DB Scans functionality fix Scan model fixes",   13, 237, 157 
a33d233,Yonatan Rimon MacbookPro,Mon May 4 15:39:57 2020,"Merge branch 'master' into yoni-ios-ui-merge-2-android", 
847ba63,Yonatan Rimon MacbookPro,Mon May 4 01:56:50 2020,"automatic signing StartBleServices start / stop services flow fix nil publicKey advertise bug fix timeStamps properties fix (int64) addDevice / updateDevice functionality DBManager fetchDeviceByKey fix DBManager updateDevice implementation DB models fixes",   16, 136, 71 
8aaf4fa,Eitan Schwartz,Sat May 2 18:34:45 2020,"Doze mode (#34)",   11, 257, 66 
40217c2,Lev Vidrak,Sat May 2 18:17:50 2020,"changed a bit the UI Added event to fetch permissions after setting battery optimisation",   8, 143, 94 
18b232d,Yonatan Rimon MacbookPro,Fri May 1 02:12:20 2020,"Home ios missing devices fix Results crash fix SpecialBle CBPeripheralDelegate conformation added SpecialBleManager publicKey- fix",   4, 20, 11 
5533531,amitmilstein,Thu Apr 30 23:40:21 2020," Add try/catch protection against RuntimeException when emitting events to JS. (#35)",   1, 5, 1 
9057322,amit.milstein,Thu Apr 30 21:26:36 2020," Add try/catch protection against RuntimeException when emitting events to JS.",   1, 5, 1 
ab75606,Eitan Schwartz,Thu Apr 30 17:52:36 2020,"* Cleared BroadcastReceiver //TODOs * Improved UI for Battery Optimization / Doze Mode",   3, 23, 11 
e0737ae,amit.milstein,Thu Apr 30 17:21:36 2020,"Add battery un-optimization logic",   5, 131, 1 
124727a,Yonatan Rimon MacbookPro,Wed Apr 29 00:08:10 2020,"Home screen ui fixes - durations/intervals Config fixes GetConfig fix * if empty or null value will get, the default value will be assigned",   2, 18, 10 
7a31bb8,Lev Vidrak,Tue Apr 28 23:54:44 2020,"Update ci.yml",   1, 2, 9 
a3e6d2f,Lev Vidrak,Tue Apr 28 23:54:37 2020,"Update Fastfile",   1, 2 
af5d7f4,Lev Vidrak,Tue Apr 28 22:55:12 2020,"Update Fastfile",   1, 1, 2 
831deb3,Lev Vidrak,Tue Apr 28 22:54:33 2020,"Update ci.yml",   1, 9 
f4ccb9d,Yonatan Rimon MacbookPro,Tue Apr 28 22:51:08 2020,"Merge branch 'master' into yoni-ios-ui-merge-2-android", 
d0adbda,Lev Vidrak,Tue Apr 28 22:33:24 2020,"Update Fastfile",   1, 2 
0773638,Lev Vidrak,Tue Apr 28 22:32:41 2020,"Update ci.yml",   1, 1, 3 
eb772df,oferDavidyan,Tue Apr 28 20:02:08 2020,"ios ui android merge (#32)",   15, 481, 236 
fb0b03a,Lev Vidrak,Tue Apr 28 19:36:50 2020,"Merge branch 'yoni-ios-ui-merge-2-android' of github.com:wix-incubator/rn-contact-tracing into yoni-ios-ui-merge-2-android", 
0d803c0,Lev Vidrak,Tue Apr 28 19:35:39 2020,"fixed a bit the UI",   2, 63, 213 
5a7089d,Lev Vidrak,Tue Apr 28 16:48:33 2020,"revert ios signing configuration to be manual",   1, 9, 9 
0152521,Eitan Schwartz,Tue Apr 28 16:00:26 2020,"Sensors master merge (#33)",   10, 403, 38 
99a97bb,Lev Vidrak,Tue Apr 28 15:52:04 2020,"Added Crashlytic for the example project & changed package name in android (#29)", 
6a9cb78,amit.milstein,Tue Apr 28 14:16:47 2020,"Add TX to CSV output",   1, 2, 1 
43d6c4a,Yonatan Rimon MacbookPro,Tue Apr 28 03:30:59 2020,"IOS home screen ui fixes Data model fixes Results screeen data fixes advertisementData data conversion for dict",   10, 44, 41 
e770b23,Yonatan Rimon MacbookPro,Mon Apr 27 23:47:27 2020,"Merge branch 'master' into yoni-ios-ui-merge-2-android", 
cc76d1c,Lev Vidrak,Mon Apr 27 23:44:37 2020,"sending iphone token (#31)",   2, 7, 2 
3e06933,Yonatan Rimon MacbookPro,Mon Apr 27 23:26:53 2020,"Home android restored to original UI fixes (safeAreaView)",   2, 61, 97 
3b7e43c,Eitan Schwartz,Mon Apr 27 22:49:56 2020,"Merge branch 'master' into sensors_master_merge", 
8d4dfe3,amit.milstein,Mon Apr 27 22:29:42 2020,"Add Proximity, Acceleration and RotationVector sensors to Scans. Add csv support for new sensors.",   10, 402, 38 
e8b4353,Yonatan Rimon - MBP,Mon Apr 27 21:35:53 2020,"ios ui android merge specialBle start scan adjustment",   7, 631, 201 
3e909b0,Lev Vidrak,Mon Apr 27 17:55:05 2020,"typo",   1, 1, 1 
d52d67b,Tzufit Lifshitz,Mon Apr 27 17:27:09 2020,"get public key from 'CBAdvertisementDataLocalNameKey'",   1, 2 
4eaf600,Lev Vidrak,Mon Apr 27 15:22:17 2020,"added license",   1, 21 
25a3924,Lev Vidrak,Mon Apr 27 09:32:30 2020,"Readme Update (#30)",   13, 317, 41 
4f9583a,Lev Vidrak,Mon Apr 27 09:31:52 2020,"Update README.md",   1, 2 
10e5ee2,Lev Vidrak,Mon Apr 27 09:24:15 2020,"added gif to readme",   1, 0, 0 
216ae1c,Lev Vidrak,Mon Apr 27 09:20:54 2020,"sending iphone token",   2, 5, 2 
2c4d1ba,Lev Vidrak,Mon Apr 27 07:41:42 2020,"Update Fastfile",   1, 1, 1 
6e41bd2,Lev Vidrak,Mon Apr 27 07:38:43 2020,"Update ci.yml",   1, 1 
d504901,Lev Vidrak,Mon Apr 27 07:28:25 2020,"Update README.md",   1, 3, 3 
e7a1ea7,Lev Vidrak,Mon Apr 27 07:19:29 2020,"Update README.md",   1, 4, 4 
4392e39,Lev Vidrak,Mon Apr 27 07:15:32 2020,"Update README.md",   1, 19, 16 
147ef21,Lev Vidrak,Mon Apr 27 06:40:26 2020,"Update README.md",   1, 16, 3 
15587da,tzufitltaboola,Mon Apr 27 05:43:32 2020,"send and get advertising data with publicKey (#28)",   5, 39, 25 
852b667,Lev Vidrak,Mon Apr 27 04:40:26 2020,"Added Crashlytic for the example project & changed package name in android",   11, 277, 19 
162e2ad,Tzufit Lifshitz,Sun Apr 26 22:43:51 2020,"send and get advertising data with publicKey",   5, 39, 25 
799a89c,amirsarid,Sun Apr 26 21:40:12 2020,"Added a minimal app to show the exported API",   1, 50 
0d0a2ad,amirsarid,Sun Apr 26 21:39:03 2020,"Multiple bugs fixed, now returning identical results to the tested python implementation",   1, 23, 12 
e181042,tzufitltaboola,Sun Apr 26 16:49:42 2020,"Fix attributes names in db (#23)",   4, 11, 11 
ed1032d,Tzufit Lifshitz,Fri Apr 24 19:18:28 2020,"more name changes",   1, 3, 3 
9b5537a,Tzufit Lifshitz,Fri Apr 24 19:12:56 2020,"Fix attributes names in db",   3, 8, 8 
c3d7c60,amirsarid,Sun Apr 26 07:34:58 2020,"keep days as integers when importing",   1, 2, 2 
07ba51c,amirsarid,Sun Apr 26 07:32:07 2020,"Bugfix: wrong hmac calculation",   1, 2, 4 
9be0d9d,amirsarid,Sun Apr 26 07:17:56 2020,"Generate day keys for 14 days ahead",   1, 30, 10 
b593ddc,amirsarid,Sun Apr 26 07:02:56 2020,"Bugfix: generateEpochKeys uses wrong day to create epoch keys",   1, 2, 3 
6e23b65,Lev Vidrak,Sun Apr 26 06:39:17 2020,"bug - TX is always 127",   1, 2, 4 
fc36671,Lev Vidrak,Sun Apr 26 06:14:52 2020,"open MainActivity when clicking on the notification",   1, 8, 1 
1987ad1,Lev Vidrak,Sun Apr 26 05:00:26 2020,"changed icons and app name",   21, 1, 1 
b0c96ba,Lev Vidrak,Sun Apr 26 04:18:05 2020,"Merge branch 'master' of github.com:wix-incubator/rn-contact-tracing", 
9a5f946,Lev Vidrak,Sun Apr 26 02:56:51 2020,"few fixes",   3, 106, 13 
bca5b2e,Lev Vidrak,Sun Apr 26 02:27:46 2020,"Update and rename publish_to_npm.yml to npm_publish.yml",   1, 6, 1 
b3927a8,Lev Vidrak,Sun Apr 26 01:50:54 2020,"added icons without alpha - stupid apple",   19, 9, 9 
034e36c,Lev Vidrak,Sun Apr 26 01:30:22 2020,"added icons",   10, 29, 5 
5f18906,Lev Vidrak,Sun Apr 26 01:06:31 2020,"upload to testflight",   1, 1 
506f1da,Lev Vidrak,Sun Apr 26 00:45:49 2020,"upload to testflight",   1, 2, 2 
ad4428e,Lev Vidrak,Sun Apr 26 00:30:38 2020,"upload to testflight",   1, 1, 1 
107058e,Lev Vidrak,Sun Apr 26 00:26:18 2020,"upload to testflight",   1, 2, 2 
38c01da,Lev Vidrak,Sat Apr 25 23:59:53 2020,"upload to testflight",   1, 2 
f7acdcd,Lev Vidrak,Sat Apr 25 23:32:53 2020,"upload to testflight",   1, 4, 1 
5e08b17,Lev Vidrak,Sat Apr 25 23:01:57 2020,"upload ipa",   2, 7, 1 
d532e6c,Lev Vidrak,Sat Apr 25 22:53:10 2020,"Update ios_build.yml",   1, 1 
992f6bc,Lev Vidrak,Sat Apr 25 22:37:19 2020,"Update Fastfile",   1, 1, 1 
2fb4dbb,Lev Vidrak,Sat Apr 25 22:17:09 2020,"Update ios_build.yml",   1, 5 
54116a0,Lev Vidrak,Sat Apr 25 22:09:57 2020,"Update Fastfile",   1, 1, 1 
fd8adf7,Lev Vidrak,Sat Apr 25 21:56:34 2020,"Update ios_build.yml",   1, 2, 1 
65caaa9,Lev Vidrak,Sat Apr 25 21:45:03 2020,"trying to fix fastlane #2",   4, 7, 4 
d52b5a9,Lev Vidrak,Sat Apr 25 20:07:27 2020,"Update Matchfile",   1, 1, 1 
da0e4fb,Lev Vidrak,Sat Apr 25 18:47:54 2020,"trying to fix fastlane",   2, 47, 9 
27f254a,Lev Vidrak,Sat Apr 25 17:41:26 2020,"Update ios_build.yml",   1, 1, 1 
44b9170,Lev Vidrak,Sat Apr 25 17:33:19 2020,"Delete Gemfile.lock",   1, 179 
c35732d,Lev Vidrak,Sat Apr 25 17:33:09 2020,"Delete Gemfile",   1, 3 
e789c1f,Lev Vidrak,Sat Apr 25 17:32:49 2020,"Update ios_build.yml",   1, 1, 1 
9d4bed7,Lev Vidrak,Sat Apr 25 17:18:24 2020,"Update ios_build.yml",   1, 1, 1 
828686d,Lev Vidrak,Sat Apr 25 17:13:19 2020,"Update ios_build.yml",   1, 1, 4 
3f472e1,Lev Vidrak,Sat Apr 25 17:11:19 2020,"Update ios_build.yml",   1, 2, 2 
35996fe,Lev Vidrak,Sat Apr 25 17:00:45 2020,"Update ios_build.yml",   1, 2 
4d70a8f,Lev Vidrak,Sat Apr 25 16:53:34 2020,"Update ios_build.yml",   1, 3, 1 
a936a64,Lev Vidrak,Sat Apr 25 16:40:53 2020,"Merge branch 'release' of github.com:wix-incubator/rn-contact-tracing into release", 
6ecf633,Lev Vidrak,Sat Apr 25 16:40:07 2020,"added GEM files",   2, 182 
e551ae1,Lev Vidrak,Sat Apr 25 16:25:42 2020,"Added Fastlane support and ios githubaction script",   11, 185, 131 
7cdb63a,amirsarid,Sat Apr 25 11:34:50 2020,"Some of the names accidentally got mangled",   1, 14, 14 
a6ce26a,amirsarid,Sat Apr 25 11:23:30 2020,"Use cross-platform encoding and cryptography",   1, 92, 36 
3b878b1,Lev Vidrak,Sat Apr 25 02:59:22 2020,"Merge branch 'fastlane' of github.com:wix-incubator/rn-contact-tracing into fastlane", 
2503284,Lev Vidrak,Sat Apr 25 02:58:03 2020,"added Metchfile",   1, 13 
f4d61f7,amirsarid,Sat Apr 25 00:08:52 2020,"Added HamagenCrypto.js to generate cryptographic keys in react context",   1, 256 
1e5582d,Lev Vidrak,Sat Apr 25 00:00:53 2020,"revert to the LiveData events",   5, 69, 29 
85f85bc,Lev Vidrak,Fri Apr 24 21:39:00 2020,"temporary fix of getAllDevices",   2, 1, 2 
18c3545,amitmilstein,Fri Apr 24 21:02:46 2020,"Service longevity (#19)",   15, 13495, 154 
717a91b,Lev Vidrak,Fri Apr 24 20:38:16 2020,"merged master", 
84fbe12,Lev Vidrak,Fri Apr 24 20:28:48 2020,"Merge branch 'master' into service_longevity", 
ef18045,Lev Vidrak,Fri Apr 24 20:27:00 2020,"Delete package-lock.json",   1, 13172 
1780245,Lev Vidrak,Fri Apr 24 20:23:07 2020,"Changed listener to be based on LiveData",   2, 32, 12 
8a7cbd2,Lev Vidrak,Fri Apr 24 19:06:08 2020,"Removed passing serviceUUID & token as parameters Added notification Title & Content to be part of the config",   8, 56, 46 
126f2c6,Lev Vidrak,Fri Apr 24 18:59:56 2020,"removed Flipper",   1, 1 
84d9680,tzufitltaboola,Fri Apr 24 16:37:10 2020,"Db ios (#8)",   50, 1631, 1862 
e95645c,Lev Vidrak,Fri Apr 24 04:07:10 2020,"Update package.json",   1, 1, 1 
fe76ead,Ran Greenberg,Fri Apr 24 03:56:11 2020,"pod lock",   1, 3, 3 
7c6c0f9,Ran Greenberg,Fri Apr 24 03:55:36 2020,"fix results",   2, 11, 10 
a45405b,Ran Greenberg,Fri Apr 24 03:02:28 2020,"get devices",   2, 3, 2 
1818dfc,Ran Greenberg,Fri Apr 24 02:33:14 2020,"add config",   8, 139, 35 
bf51444,Tzufit Lifshitz,Thu Apr 23 23:47:22 2020,"change objects to array",   4, 31, 30 
05469a1,Tzufit Lifshitz,Thu Apr 23 23:23:47 2020,"change to NSArray",   5, 11, 9 
cff5cdc,Tzufit Lifshitz,Thu Apr 23 22:53:30 2020,"change all coreData objects to confirm to CoreDataCodable",   7, 63, 31 
73868ee,Tzufit Lifshitz,Thu Apr 23 22:41:55 2020,"Add CoreDataCodable",   4, 101, 14 
c0227d1,Ran Greenberg,Thu Apr 23 19:59:01 2020,"add demo device",   2, 30 
4039edb,Tzufit Lifshitz,Wed Apr 22 23:31:22 2020,"remove managedObjectModel",   1, 36 
aacf724,Tzufit Lifshitz,Wed Apr 22 23:22:56 2020,"remove add device test",   2, 1, 10 
0c142b5,Tzufit Lifshitz,Wed Apr 22 23:21:41 2020,"Add savePublicKeys",   2, 11, 2 
0d4238f,Tzufit Lifshitz,Wed Apr 22 21:10:38 2020,"Add model to pod project",   5, 94, 36 
81ec8f2,Ran Greenberg,Wed Apr 22 17:45:50 2020,"prepare for RN integration",   3, 142, 160 
21ba18c,Ran Greenberg,Tue Apr 21 23:26:15 2020,"add pod script",   2, 25, 12 
30cfacd,Tzufit Lifshitz,Tue Apr 21 23:52:42 2020,"Add device function and scan",   8, 129, 32 
f2411a2,Tzufit Lifshitz,Tue Apr 21 02:34:00 2020,"Start adding more core data functions",   9, 160, 23 
ebebb95,Tzufit Lifshitz,Mon Apr 20 22:50:55 2020,"Add coreData classes",   5, 94 
bfff179,Tzufit Lifshitz,Mon Apr 20 22:18:31 2020,"save multiple entities",   2, 15, 13 
bd11576,Tzufit Lifshitz,Mon Apr 20 22:01:49 2020,"change to device array",   4, 4, 9 
7bc4598,Tzufit Lifshitz,Mon Apr 20 21:24:31 2020,"Add to SpecialBle objc class the DBClient swift functions",   3, 18, 25 
3a6684c,Tzufit Lifshitz,Mon Apr 20 18:35:50 2020,"Add DBClientBridge",   2, 6, 7 
44e700e,Tzufit Lifshitz,Sun Apr 19 22:22:24 2020,"start db in ios",   28, 833, 1656 
aa4db99,amit.milstein,Thu Apr 23 23:59:43 2020,"Added toWriteableMap instead of sending the actual object",   2, 11, 4 
e5e5f6f,amit.milstein,Thu Apr 23 23:48:54 2020,"Removed ReactApplicationContext in BLEManager/BLEAdvertisingManager/BLEScannerManager Added interface between EventToJSDispatcher -> BLEManager -> BLEAdvertisingManager & BLEScannerManager Fixed service start for versions >= Android O",   10, 148, 117 
b383f07,Lev Vidrak,Thu Apr 23 18:03:58 2020,"added description for manual linking on Android",   1, 48 
f1549da,Lev Vidrak,Thu Apr 23 04:10:14 2020,"typo",   1, 1, 2 
29311b0,Lev Vidrak,Thu Apr 23 04:08:58 2020,"v 0.0.3",   1, 3, 3 
d0bcf52,Lev Vidrak,Thu Apr 23 03:29:29 2020,"Rename PublishToNPM.yml to publish_to_npm.yml",   1, 0, 0 
ca6b3b1,Lev Vidrak,Thu Apr 23 03:23:33 2020,"Create PublishToNPM.yml",   1, 18 
0bc376d,Eitan Schwartz,Wed Apr 22 18:32:23 2020,"Merge branch 'master' into service_longevity", 
2bb477c,Lev Vidrak,Wed Apr 22 15:51:16 2020,"Update README.md",   1, 2, 2 
2bb22f5,Lev Vidrak,Wed Apr 22 15:49:34 2020,"Update README.md",   1, 28, 31 
4debe8e,JacobBarr1986,Wed Apr 22 00:35:05 2020,"Dynamic public key (#16)",   4, 7855, 22 
622bd67,Lev Vidrak,Wed Apr 22 00:34:30 2020,"rename publicKey to token",   3, 24, 21 
2800947,Eitan Schwartz,Tue Apr 21 23:29:59 2020,"BLEManager pulls UUID & Token (Public/Test Key) directly from Config. No need for Service/Receiver to know of it.",   5, 29, 23 
5b06214,Jacob Barr,Tue Apr 21 22:26:56 2020,"added dynamic public key (testKey) to the config.",   4, 7837, 7 
443d2af,Eitan Schwartz,Tue Apr 21 21:15:03 2020,"* We'd need to add publicKey to Config",   1, 5, 1 
dd81cad,Eitan Schwartz,Tue Apr 21 20:05:50 2020,"* New BroadcastReceiver created * Service start focused in a static function",   5, 649, 9 
3c70958,Jacob Barr,Tue Apr 21 17:50:33 2020,"Merge branch 'master' into dynamic_public_key", 
3f7c203,Lev Vidrak,Tue Apr 21 15:39:26 2020,"type fix",   1, 1, 1 
ad42aba,Lev Vidrak,Tue Apr 21 15:24:26 2020,"fix few bugs in scans",   12, 98, 110 
58b50bb,Lev Vidrak,Tue Apr 21 15:16:17 2020,"Update README.md",   1, 3, 3 
26dfaab,Lev Vidrak,Tue Apr 21 15:15:36 2020,"Update README.md",   1, 3, 3 
3ca73dd,Lev Vidrak,Tue Apr 21 15:09:04 2020,"Update README.md (#15)",   1, 220, 41 
eed17c8,Lev Vidrak,Tue Apr 21 15:07:54 2020,"Update README.md",   1, 1, 1 
77bacae,Lev Vidrak,Tue Apr 21 15:07:12 2020,"Update README.md",   1, 15, 13 
b531479,Lev Vidrak,Tue Apr 21 08:16:53 2020,"Update README.md",   1, 3, 3 
55991b6,Lev Vidrak,Tue Apr 21 08:15:36 2020,"Update README.md",   1, 2, 2 
aca77ae,Lev Vidrak,Tue Apr 21 08:14:01 2020,"Update README.md",   1, 100, 24 
2c4f79b,Lev Vidrak,Tue Apr 21 07:50:30 2020,"Update README.md",   1, 125, 24 
f7cba19,amitmilstein,Tue Apr 21 01:07:31 2020,"Scans and timestamp (#13)",   16, 563, 44 
8f09823,Jacob Barr,Mon Apr 20 23:27:49 2020,"Added dynamic public key.",   1, 10, 10 
2ddd463,amit.milstein,Mon Apr 20 21:08:19 2020,"Removed unnecessary Asynctask",   1, 8, 20 
f41a3d0,amit.milstein,Mon Apr 20 18:51:20 2020,"Add csv exports to Devices and Scans.",   7, 131, 2 
bb8ec54,Lev Vidrak,Mon Apr 20 06:19:22 2020,"Update README.md",   1, 1 
7dd3d42,Lev Vidrak,Mon Apr 20 01:47:49 2020,"Update ci.yml",   1, 16 
516aa77,Lev Vidrak,Mon Apr 20 01:40:01 2020,"Update package.json",   1, 1, 1 
5fed608,Lev Vidrak,Mon Apr 20 01:36:57 2020,"Create ci.yml",   1, 23 
d968434,amit.milstein,Sun Apr 19 23:54:00 2020,"Add first/last seen timestamps to Device. Add Scans table + UI tab. Refactor BLEScannerManager updateNewDevice() - new device creation depends on old device existence.",   12, 445, 43 
344e20a,Ran Greenberg,Sun Apr 19 19:29:53 2020,"comment out problematic compile code",   1, 3, 3 
33e2e67,Lev Vidrak,Sun Apr 19 06:24:26 2020,"small fix",   1, 2, 2 
9555f53,Lev Vidrak,Sun Apr 19 05:32:25 2020,"Added option to configure the example app from JS",   14, 974, 234 
16806d0,Lev Vidrak,Fri Apr 17 23:45:30 2020,"added ui-lib style",   2, 41, 9 
e566ce9,amit.milstein,Thu Apr 16 19:07:58 2020,"Add CSV export",   9, 102, 15 
ae5e22d,Ran Greenberg,Thu Apr 16 02:37:35 2020,"update podfile lock",   1, 1, 1 
f040b5e,Ran Greenberg,Thu Apr 16 02:37:22 2020,"add bluetrace files",   26, 1915, 2 
c309baa,Ran Greenberg,Thu Apr 16 02:37:01 2020,"proj file",   1, 14 
29252b4,Ran Greenberg,Thu Apr 16 02:36:45 2020,"upgrade lib iOS min version to 10",   1, 1, 1 
6ffd101,Ran Greenberg,Thu Apr 16 02:36:23 2020,"add swift config files",   2, 22 
454b69e,Ran Greenberg,Wed Apr 15 02:36:52 2020,"send correct device address and name and rssi",   1, 12, 5 
5526526,Ran Greenberg,Wed Apr 15 02:36:26 2020,"make it readable :)",   1, 1, 1 
9e38eaf,Ran Greenberg,Wed Apr 15 02:36:14 2020,"remove unused package.json (example proj)",   1, 31 
09fd9f7,Lev Vidrak,Tue Apr 14 22:57:38 2020,"Merge branch 'master' of github.com:wix-incubator/rn-contact-tracing", 
c402bf8,Lev Vidrak,Tue Apr 14 22:57:14 2020,"removed dependancy on react-native-permission",   5, 46, 82 
6789f74,Ran Greenberg,Tue Apr 14 21:07:53 2020,"Project restructure (#6)",   56, 13003, 7302 
75ce5a4,Ran Greenberg,Tue Apr 14 20:25:40 2020,"make it be visible on simulator",   1, 5, 3 
90df4dd,Ran Greenberg,Tue Apr 14 20:25:06 2020,"fix permissions usage",   3, 7, 2 
e3fc0c8,Ran Greenberg,Tue Apr 14 20:03:14 2020,"project restructure",   54, 12993, 7299 
2457c66,Lev Vidrak,Tue Apr 14 18:45:45 2020,"example project- added request for location permission for Android",   3, 43, 4 
9a7a91e,Lev Vidrak,Tue Apr 14 16:35:11 2020,"Update README.md",   1, 1, 1 
db86258,Lev Vidrak,Tue Apr 14 16:34:40 2020,"Update README.md",   1, 1 
5abb973,Lev Vidrak,Tue Apr 14 16:16:25 2020,"Update README.md",   1, 1 
c5cac9b,codeagainstcovid,Tue Apr 14 16:13:55 2020,"remove device name and data (#1)",   4, 8, 40 
b2c1cae,Ran Greenberg,Mon Apr 13 20:33:06 2020,"add stopScan and stopAdvertise API on iOS",   3, 31, 1 
76d0c9c,Lev Vidrak,Mon Apr 13 17:26:48 2020,"Update README.md",   1, 1, 1 
62a8221,Lev Vidrak,Mon Apr 13 17:22:45 2020,"Update README.md",   1, 12, 12 
f3b7c2b,Lev Vidrak,Mon Apr 13 16:00:49 2020,"Update README.md",   1, 2, 4 
5dd83a4,Lev Vidrak,Mon Apr 13 15:58:18 2020,"updated readme",   1, 16, 1 
4ef3433,Lev Vidrak,Mon Apr 13 07:08:29 2020,"Update README.md",   1, 1, 1 
3952741,Lev Vidrak,Mon Apr 13 07:01:23 2020,"Update README.md",   1, 2, 1 
67a818d,Lev Vidrak,Mon Apr 13 06:58:07 2020,"Update README.md",   1, 7, 5 
a4c53a1,Lev Vidrak,Mon Apr 13 06:48:08 2020,"Update README.md",   1, 7, 6 
e007d21,Alon AGC,Mon Apr 13 06:46:21 2020,"remove device name and data send data over service data instead of manufacture data now can send 17 bytes",   4, 8, 40 
c918bc6,Lev Vidrak,Mon Apr 13 06:37:05 2020,"Update README.md",   1, 20, 20 
cd50b16,Alon AGC,Mon Apr 13 06:05:58 2020,"test commit and push",   1, 1, 1 
23d170c,Lev Vidrak,Mon Apr 13 04:39:29 2020,"updated readme",   1, 20, 8 
e7e19ab,Lev Vidrak,Mon Apr 13 04:19:00 2020,"removed unneeded files",   1, 10, 2 
ef363e4,Lev Vidrak,Mon Apr 13 04:14:58 2020,"removed unneeded files",   15, 75, 289 
ee61c8e,Ran Greenberg,Sun Apr 12 18:50:36 2020,"0.0.3",   1, 1, 1 
505585d,Ran Greenberg,Sun Apr 12 18:50:19 2020,"0.0.2",   1, 1, 1 
c386288,Ran Greenberg,Sun Apr 12 18:41:25 2020,"update podspec",   1, 1, 1 
e06bd75,Ran Greenberg,Sun Apr 12 18:40:34 2020,"update podspec",   1, 4, 4 
eebc4f1,Ran Greenberg,Sun Apr 12 18:37:34 2020,"initial lib commit",   104, 10587, 8965 
fec0674,Ran Greenberg,Sun Apr 12 18:16:18 2020,"initial commit",   61, 10215 
624b13d,github-sheriff,Sun Apr 12 18:05:33 2020,"added license",   1, 21 