commit id,author,date,comment,changed files,lines added,lines deleted

fdd0cb7,Andrew Abi-Mansour,Fri Jul 24 13:06:48 2020,"added tags",   1, 3 
502a689,Andrew Abi-Mansour,Fri Jul 24 13:06:10 2020,"added 'tags' keyword",   1, 1 
4e38bce,Andrew Abi-Mansour,Wed Apr 29 00:50:45 2020,"added missing deps versions & links to files",   1, 16, 16 
0aa7e0f,Andrew Abi-Mansour,Sat Apr 25 06:28:22 2020,"fixed typos and added missing simulations keyword",   1, 6, 2 
8bc4bf7,Andrew Abi-Mansour,Sat Apr 25 06:23:23 2020,"replaced simulation with analysis in references & publication",   1, 2, 2 
c13ea8e,Andrew Abi-Mansour,Sat Apr 25 06:16:52 2020,"made `compute_files` and `input_files` required",   1, 2, 2 
f00cd27,Andrew-AbiMansour,Sat Apr 25 06:10:01 2020,"added README.md and demo YAML file",   2, 82 
7f834ba,Levi Naden,Fri Jul 24 05:33:43 2020,"Merge pull request #151 from MolSSI/chang_dois", 
1b90918,Samuel Ellis,Fri Jul 24 05:28:43 2020,"Removed blank references field.",   5, 10 
191270d,Samuel Ellis,Fri Jul 24 05:26:07 2020,"Adding simulations related to chang lab dois.",   5, 128 
8b66509,Samuel Ellis,Fri Jul 24 05:25:50 2020,"Adding structures related to chang dois.",   2, 22 
3d15e2e,Samuel Ellis,Fri Jul 24 05:25:35 2020,"Adding models related to chang dois.",   5, 50 
6bf7ef7,sjayellis,Wed Jul 22 00:32:29 2020,"Merge pull request #150 from MolSSI/chang_dois", 
7209382,Samuel Ellis,Tue Jul 21 23:46:46 2020,"Adding Chang group trajectory dois.",   5, 90 
3cc244c,sjayellis,Thu Jul 16 05:16:58 2020,"Merge pull request #149 from MolSSI/doi_anchor", 
da1c220,sjayellis,Thu Jul 16 01:41:51 2020,"Merge pull request #148 from MolSSI/doi_anchor", 
7557af6,Andrew-AbiMansour,Fri Jul 10 03:51:23 2020,"added data entry for Voth MS virion data",   1, 13 
6348693,Andrew-AbiMansour,Fri Jul 10 03:51:10 2020,"added data entry for Voth CG virion data",   1, 13 
fef4d64,Andrew-AbiMansour,Fri Jul 10 03:50:51 2020,"improved format/style",   1, 5, 5 
adeb568,Andrew-AbiMansour,Fri Jul 10 03:50:25 2020,"replaced sample2 with Isayev2 data",   2, 21, 17 
6cfe717,Andrew-AbiMansour,Fri Jul 10 03:50:13 2020,"replaced sample1 with Isayev data",   2, 20, 17 
6811fec,Andrew-AbiMansour,Tue Jun 9 05:53:07 2020,"added data entry page for DOIs",   1, 29 
176d0ad,Andrew-AbiMansour,Tue Jun 9 05:52:44 2020,"added html page for DOIs",   1, 19 
4e27bf6,Andrew-AbiMansour,Tue Jun 9 05:52:15 2020,"added data dir for DOIs",   3, 56 
2195e41,Andrew-AbiMansour,Tue Jun 9 05:51:59 2020,"added MD page for DIOs",   1, 5 
61d039e,Andrew-AbiMansour,Tue Jun 9 05:51:42 2020,"added DOIModel class",   1, 13 
bd1b548,Andrew-AbiMansour,Tue Jun 9 05:51:23 2020,"added DOIs to menu",   1, 6, 1 
bce97f7,sjayellis,Fri Jul 10 00:53:45 2020,"Merge pull request #147 from pkoukos/bonvinlab_screen", 
215625d,sjayellis,Sat Jun 27 01:13:00 2020,"Merge pull request #146 from MolSSI/updt_cont_instr", 
0a4ada7,Levi Naden,Sat Jun 20 20:38:29 2020,"Merge pull request #141 from lcasalino/patch-11", 
651f533,Levi Naden,Sat Jun 20 20:38:17 2020,"Merge pull request #142 from lcasalino/patch-12", 
89f2d8b,Levi Naden,Sat Jun 20 20:38:04 2020,"Merge pull request #143 from lcasalino/patch-13", 
aa0c6e8,Levi Naden,Sat Jun 20 20:37:45 2020,"Merge pull request #144 from lcasalino/patch-14", 
6efc26c,Levi Naden,Sat Jun 20 20:37:25 2020,"Merge pull request #145 from lcasalino/patch-15", 
6d741e0,Levi Naden,Thu Jun 18 00:29:11 2020,"Merge pull request #140 from lcasalino/patch-10", 
9548948,Levi Naden,Thu Jun 18 00:28:56 2020,"Merge pull request #139 from lcasalino/patch-8", 
398f566,Levi Naden,Thu Jun 18 00:28:23 2020,"Merge pull request #138 from lcasalino/patch-7", 
815d4ef,Levi Naden,Thu Jun 18 00:27:57 2020,"Merge pull request #137 from lcasalino/patch-6", 
d4b86a8,Levi Naden,Thu Jun 18 00:27:25 2020,"Merge pull request #136 from lcasalino/patch-5", 
0e536bf,Levi Naden,Fri May 29 04:58:36 2020,"Merge pull request #134 from apayne97/add_NCATS_link", 
e298ae6,Levi Naden,Wed May 27 04:16:34 2020,"Merge pull request #133 from MolSSI/ani-fda-cas", 
d11cbe0,Samuel Ellis,Sat May 23 00:54:20 2020,"Adding icon partials to references of each page type.",   9, 19, 19 
15921e1,Samuel Ellis,Sat May 23 00:53:53 2020,"Adding icon for each page to menu bar.",   1, 6, 6 
1bcb7e5,Samuel Ellis,Sat May 23 00:53:29 2020,"Adding a partial to hold an icon for each page of the website.",   7, 7 
14c0336,Andrew-AbiMansour,Thu May 21 14:10:53 2020,"fixed typo with method class in md_type_map",   1, 1, 3 
9455a44,Andrew-AbiMansour,Thu May 21 13:55:32 2020,"added image for 6M17",   1, 0, 0 
3c229b9,Andrew-AbiMansour,Thu May 21 13:55:22 2020,"added image for 1AJF",   1, 0, 0 
3accb29,Andrew-AbiMansour,Thu May 21 13:55:07 2020,"added image for 1R4L",   1, 0, 0 
1935d6e,Andrew-AbiMansour,Thu May 21 13:54:59 2020,"added image for 1R42",   1, 0, 0 
6d46eb8,Andrew-AbiMansour,Thu May 21 13:31:02 2020,"added 6vw1-6vxx-desres model",   1, 16 
ce663b1,Andrew-AbiMansour,Thu May 21 13:30:47 2020,"added desres-6vw1-10918441 model",   1, 15 
082266f,Andrew-AbiMansour,Thu May 21 13:30:33 2020,"added DESRES-ANTON-10906555 dataset",   2, 98 
e315c36,Andrew-AbiMansour,Thu May 21 13:30:20 2020,"added DESRES-ANTON-10918441 dataset",   2, 94 
c9796ec,Andrew-AbiMansour,Fri May 15 09:12:11 2020,"fixed formating and typos for schema validation",   3, 6, 7 
45ac38d,Andrew-AbiMansour,Fri May 15 09:11:04 2020,"created sim dataset for DESRES-ANTON-11021571",   2, 80 
bed2436,Andrew-AbiMansour,Thu May 14 05:20:05 2020,"added sim datasets for DESRES-ANTON-11021566",   2, 82 
0b7a40f,Andrew-AbiMansour,Thu May 14 05:18:37 2020,"added model 6vxx-desres-11021566",   1, 14 
89a054c,Andrew-AbiMansour,Thu May 14 05:18:16 2020,"improved title",   2, 2, 2 
27cbf1a,Andrew-AbiMansour,Thu May 14 04:52:13 2020,"improved description",   2, 4, 4 
5fd5874,Andrew-AbiMansour,Thu May 14 04:47:22 2020,"fixed PDB ID and improved description",   2, 14, 15 
16f268b,Andrew-AbiMansour,Wed May 13 05:10:08 2020,"added missing creator field",   1, 2, 1 
0440f1f,Andrew-AbiMansour,Wed May 13 05:07:06 2020,"replaced SARS-CoV-1 with SARS-CoV",   2, 2, 2 
cd8d733,Andrew-AbiMansour,Wed May 13 05:01:35 2020,"created entry for desres-6m17 model",   1, 16 
1506825,Andrew-AbiMansour,Wed May 13 05:01:26 2020,"created entry for desres-2ajf model",   1, 15 
b3a0d60,Andrew-AbiMansour,Wed May 13 05:01:11 2020,"added BoAT1 to proteins",   2, 4, 2 
fc382a9,Andrew-AbiMansour,Wed May 13 04:33:41 2020,"added sim entries for DESRES-ANTON-10875755",   2, 98 
1b46ee5,Andrew-AbiMansour,Wed May 13 04:33:27 2020,"added sim entries for DESRES-ANTON-10905033",   2, 98 
3b9c830,Andrew-AbiMansour,Wed May 13 04:33:09 2020,"added new structure for 2AJF",   1, 16 
a991342,Andrew-AbiMansour,Wed May 13 04:32:50 2020,"added missing resolution",   1, 3, 2 
e3637aa,Andrew-AbiMansour,Tue May 12 15:25:11 2020,"added sim data for DESRES-ANTON-10875753",   1, 44 
0663ff3,Andrew-AbiMansour,Tue May 12 15:24:42 2020,"created desres-6vw1.yml",   1, 15 
7d49ec0,Andrew-AbiMansour,Tue May 12 15:24:31 2020,"created desres-1r4l.yml",   1, 14 
5aafe4d,Andrew-AbiMansour,Tue May 12 15:24:16 2020,"improved name",   1, 1, 1 
face61b,Andrew-AbiMansour,Tue May 12 15:23:56 2020,"fixed file ext",   2, 3, 45 
d68fe4c,Andrew Abi-Mansour,Mon May 11 08:36:45 2020,"made temperature & models optional in SimulationsModel",   1, 2, 2 
60f1b17,Andrew Abi-Mansour,Fri May 8 04:03:22 2020,"created  1R4L.yml",   1, 11 
932394e,Andrew Abi-Mansour,Fri May 8 03:59:59 2020,"created DESRES-ANTON-10875754.yml",   1, 44 
a798af8,Andrew Abi-Mansour,Fri May 8 03:57:20 2020,"added DESRES-ANTON-10875754-no-water.yml",   1, 44 
8618ddd,Andrew Abi-Mansour,Fri May 8 03:56:32 2020,"fixed title",   1, 1, 1 
b600d59,Andrew Abi-Mansour,Fri May 8 03:49:18 2020,"added weighted ensemble MD to md_type_map",   1, 1, 1 
ec803a9,Andrew Abi-Mansour,Fri May 8 03:44:05 2020,"added me-we to ValidSimulations",   1, 1, 1 
047471a,Andrew Abi-Mansour,Fri May 8 03:42:46 2020,"added md weighted-ensemble (me-we) to type",   1, 1, 1 
6698c7c,Andrew Abi-Mansour,Thu May 7 12:16:03 2020,"fixed model name",   1, 1, 1 
a103ade,Andrew Abi-Mansour,Thu May 7 12:15:40 2020,"fixed model name",   1, 1, 1 
23919bf,Andrew Abi-Mansour,Thu May 7 12:14:25 2020,"Added desres-1r42.yml",   1, 14 
252aecf,Andrew Abi-Mansour,Thu May 7 12:11:09 2020,"added 1R42.yml",   1, 11 
8ed23ed,Andrew Abi-Mansour,Thu May 7 12:00:22 2020,"fixed incorrect urls",   1, 6, 6 
d0145ad,Andrew Abi-Mansour,Thu May 7 11:58:18 2020,"created desres-anton-10875753",   1, 44 
b9ceefc,Andrew-AbiMansour,Thu May 7 04:47:09 2020,"added 6vw1 structure",   1, 15 
9c0cbd5,Andrew-AbiMansour,Thu May 7 04:46:43 2020,"added 6vw1 img",   1, 0, 0 
52aed17,Andrew-AbiMansour,Thu May 7 04:46:19 2020,"added desres simulation data",   9, 404 
a961b6c,Andrew-AbiMansour,Thu May 7 04:45:32 2020,"added 6vyb-desres model",   1, 15 
276cbf3,Andrew-AbiMansour,Thu May 7 04:45:23 2020,"added 6vxx-desres model",   1, 15 
9676d4b,Andrew-AbiMansour,Thu May 7 04:45:12 2020,"added 6m71-desres model",   1, 17 
9c6af2a,Levi Naden,Thu May 21 07:05:42 2020,"Merge pull request #131 from MolSSI/safeguard-alt-names", 
37b1cc3,Levi Naden,Thu May 21 06:14:23 2020,"Merge pull request #130 from MolSSI/contributor_update", 
18176fc,Levi Naden,Thu May 21 06:08:39 2020,"Merge pull request #129 from MolSSI/contributor_update", 
94af92d,Levi Naden,Thu May 21 05:12:00 2020,"Merge pull request #124 from KurtzmanLab/master", 
5a72d23,Levi Naden,Wed May 20 23:57:23 2020,"Merge pull request #127 from djhuggins/master", 
4199a06,Levi Naden,Wed May 20 05:24:41 2020,"Merge pull request #126 from dmmorozo/master", 
c2c9c56,Levi Naden,Wed May 20 00:46:14 2020,"Merge pull request #125 from djhuggins/master", 
7481df8,Levi Naden,Fri May 15 06:18:51 2020,"Merge pull request #123 from MolSSI/swissmodels", 
c77ea67,Levi Naden,Thu May 14 22:39:44 2020,"Merge pull request #122 from MolSSI/quickcontribfix", 
e6fe317,Levi Naden,Thu May 14 01:03:22 2020,"Merge pull request #121 from MolSSI/analytics", 
aa40d73,Levi Naden,Wed May 13 06:56:34 2020,"Merge pull request #120 from MolSSI/gav-viron", 
8a01a70,Levi Naden,Sat May 9 01:27:42 2020,"Merge pull request #118 from MolSSI/tools", 
0ea0c0f,Levi Naden,Wed May 6 22:14:59 2020,"Merge pull request #117 from MolSSI/small_biology_update", 
e8fa763,Levi Naden,Wed May 6 09:26:19 2020,"Merge pull request #111 from Binikarki/Virology_lecture_link_BK", 
1719605,Levi Naden,Wed May 6 05:59:29 2020,"Merge pull request #115 from MolSSI/biology_term", 
7a2f267,Levi Naden,Wed May 6 05:20:36 2020,"Merge pull request #113 from MolSSI/feig_new_data", 
053c731,Levi Naden,Wed May 6 05:20:09 2020,"Merge pull request #114 from Binikarki/BK_7BV2_structure", 
c717d16,Levi Naden,Wed May 6 03:54:08 2020,"Merge pull request #99 from Binikarki/7BV1_structure_work_BK", 
2a9fcca,sjayellis,Tue May 5 05:56:26 2020,"Merge pull request #110 from MolSSI/compact_entry", 
acaf4d2,Levi Naden,Fri May 1 23:51:03 2020,"Merge pull request #108 from MolSSI/rework_headers", 
758ec01,Levi Naden,Fri May 1 07:12:09 2020,"Merge pull request #107 from MolSSI/therapeutics_appearance", 
6fa00fa,Levi Naden,Fri May 1 07:11:45 2020,"Merge pull request #109 from MolSSI/target_appearance", 
a336683,Levi Naden,Fri May 1 03:39:05 2020,"Merge pull request #106 from MolSSI/helicas", 
aa43dfa,Levi Naden,Fri May 1 00:21:24 2020,"Merge pull request #105 from MolSSI/models_appearance", 
5248cec,Levi Naden,Fri May 1 00:19:01 2020,"Merge pull request #104 from MolSSI/structures_appearance", 
74887e9,Levi Naden,Thu Apr 30 23:40:48 2020,"Merge pull request #103 from MolSSI/protein_appearance", 
504af44,Levi Naden,Thu Apr 30 23:12:08 2020,"Merge pull request #102 from MolSSI/remove_accordions", 
af78633,Levi Naden,Thu Apr 30 01:50:20 2020,"Merge pull request #97 from MolSSI/endorsements", 
7df8622,sjayellis,Thu Apr 30 01:19:22 2020,"Merge pull request #101 from MolSSI/rikenbdr_data", 
fe9f5b8,sjayellis,Tue Apr 28 23:14:28 2020,"Merge pull request #92 from zhanglabs/master", 
a0544b5,Levi Naden,Mon Apr 27 22:10:14 2020,"Merge pull request #95 from MolSSI/minor_fixes", 
6870aae,sjayellis,Mon Apr 27 00:13:29 2020,"Adding ORF7a, E protein, N protein to validator.",   1, 3 
aaa87e2,Levi Naden,Sat Apr 25 05:24:30 2020,"Merge pull request #90 from MolSSI/contributor-header", 
efea6b9,Levi Naden,Sat Apr 25 04:58:54 2020,"Merge pull request #89 from MolSSI/menu_update", 
11cad12,Levi Naden,Sat Apr 25 04:36:58 2020,"Merge pull request #86 from Binikarki/6ZLE_Work_BK", 
200c877,Levi Naden,Sat Apr 25 01:11:44 2020,"Merge pull request #82 from MolSSI/zhang-i-tasser", 
e2ab41f,Levi Naden,Fri Apr 24 03:35:25 2020,"Merge pull request #49 from dmmorozo/master", 
1f591af,Levi Naden,Fri Apr 24 03:34:21 2020,"Merge pull request #85 from Binikarki/BK_nsp13helicase_target", 
d8d64ac,Levi Naden,Fri Apr 24 00:39:18 2020,"Merge pull request #88 from MolSSI/pre-and-pub", 
e341fa2,Levi Naden,Thu Apr 23 05:46:24 2020,"Merge pull request #70 from MolSSI/nored", 
9cf58cb,Andrew Abi-Mansour,Thu Apr 23 04:39:25 2020,"Merge pull request #84 from Andrew-AbiMansour/master", 
625f825,sjayellis,Thu Apr 23 03:56:55 2020,"Merge pull request #83 from MolSSI/feig_coauthor_contributor", 
27ee81d,Levi Naden,Thu Apr 23 03:47:07 2020,"Merge pull request #81 from MolSSI/feiglab_update", 
3355275,Levi Naden,Thu Apr 23 02:27:59 2020,"Fix the models marker call Used correct KBD tag style on protein->models",   2, 2, 2 
3fd2c60,Levi Naden,Thu Apr 23 01:57:45 2020,"Merge pull request #80 from MolSSI/cord19_sweetlead_links", 
6276377,Samuel Ellis,Thu Apr 23 01:53:22 2020,"Updating publication_doi to preprint to follow schema.",   26, 52, 52 
8250354,Levi Naden,Wed Apr 22 06:16:56 2020,"Merge pull request #78 from Andrew-AbiMansour/master", 
b05c7cd,Levi Naden,Wed Apr 22 05:49:41 2020,"Merge pull request #79 from amjjbonvin/patch-1", 
77a3ce6,Binisha Karki,Tue Apr 21 07:05:03 2020,"Added nsp13 target yml",   1, 15 
7b2130c,Levi Naden,Sat Apr 18 01:57:05 2020,"Merge pull request #67 from MolSSI/morenames", 
ce651c4,Levi Naden,Sat Apr 18 01:41:40 2020,"Merge pull request #66 from stain/patch-1", 
642110f,Levi Naden,Sat Apr 18 00:12:49 2020,"Merge pull request #65 from MolSSI/footerlogo", 
d16d338,Levi Naden,Fri Apr 17 07:57:43 2020,"Merge pull request #64 from MolSSI/fixdotsasimages", 
3d2f1bf,Levi Naden,Fri Apr 17 06:50:30 2020,"Merge pull request #62 from Andrew-AbiMansour/master", 
fb36c8c,Levi Naden,Fri Apr 17 06:37:28 2020,"Merge pull request #55 from MolSSI/feiglabmodels", 
df22bb9,Levi Naden,Fri Apr 17 06:30:56 2020,"Merge pull request #63 from MolSSI/contributorupdate", 
8d52448,Levi Naden,Fri Apr 17 05:44:47 2020,"Merge pull request #61 from MolSSI/laundry_list", 
7925944,Levi Naden,Fri Apr 17 00:39:55 2020,"Finish the auto-population for proteins and subunits.",   10, 51, 51 
29f4e21,Levi Naden,Fri Apr 17 00:21:13 2020,"start adding auto population",   15, 144, 73 
e2fea43,Levi Naden,Thu Apr 16 09:40:29 2020,"Merge pull request #59 from MolSSI/quickfix", 
29fca62,Levi Naden,Thu Apr 16 07:54:48 2020,"Merge pull request #48 from choderalab/JG_yml_work", 
8832d9b,Levi Naden,Thu Apr 16 07:14:44 2020,"Merge pull request #53 from Andrew-AbiMansour/master", 
01cf246,Levi Naden,Thu Apr 16 01:31:24 2020,"Merge pull request #54 from MolSSI/BioexcelFunding", 
c1b844e,sjayellis,Wed Apr 15 05:01:32 2020,"Merge pull request #51 from MolSSI/updatingcontributors", 
65b4ccc,sjayellis,Wed Apr 15 03:22:13 2020,"Merge pull request #50 from MolSSI/contributingchange", 
f9e853b,Levi Naden,Tue Apr 14 06:13:51 2020,"Merge pull request #47 from MolSSI/peerreview", 
56ce2bd,Levi Naden,Mon Apr 13 11:31:05 2020,"Merge pull request #41 from MolSSI/simulations", 
c07c92e,Levi Naden,Mon Apr 13 05:12:28 2020,"Merge pull request #39 from MolSSI/datavalidation", 
c7f0bfe,Levi Naden,Mon Apr 13 03:54:44 2020,"Merge pull request #40 from MolSSI/mergapalooza", 
46c1394,sjayellis,Sun Apr 12 23:49:25 2020,"Updated organism types in structure yaml schema.",   1, 1, 1 
680c4a6,sjayellis,Sun Apr 12 23:27:38 2020,"Removed note in Structures readme that was inconsistent with the yaml schema.",   1, 1 
4c2ac5e,Levi Naden,Sun Apr 12 22:52:22 2020,"Merge pull request #37 from Andrew-AbiMansour/master", 
0b2ce70,Levi Naden,Sun Apr 12 22:05:29 2020,"Merge pull request #38 from choderalab/models", 
6a46471,Levi Naden,Sun Apr 12 12:25:43 2020,"Merge pull request #36 from choderalab/master", 
fe15240,Levi Naden,Sun Apr 12 09:20:35 2020,"Merge pull request #35 from MolSSI/ultimatecrosslink", 
cd93055,Levi Naden,Sun Apr 12 03:59:01 2020,"Merge pull request #34 from MolSSI/restructure", 
2d5bd0a,Levi Naden,Sat Apr 11 23:57:37 2020,"Merge pull request #33 from choderalab/structures-models", 
bf33d69,Levi Naden,Sat Apr 11 06:37:52 2020,"Merge pull request #29 from choderalab/renderings", 
beda63e,Levi Naden,Sat Apr 11 06:36:44 2020,"Merge pull request #31 from choderalab/choderamaster", 
81f9197,Levi Naden,Sat Apr 11 05:48:34 2020,"Merge pull request #30 from MolSSI/thera", 
01d4dc5,Levi Naden,Sat Apr 11 01:42:57 2020,"Merge pull request #25 from choderalab/targets", 
4561308,Levi Naden,Fri Apr 10 10:38:08 2020,"Merge pull request #24 from choderalab/master", 
5218f0f,Levi Naden,Fri Apr 10 08:39:02 2020,"Merge pull request #20 from MolSSI/homepageedits", 
89941e8,Levi Naden,Fri Apr 10 07:17:22 2020,"Merge pull request #21 from MolSSI/redo-structures", 
1044df3,Levi Naden,Fri Apr 10 05:39:43 2020,"Merge pull request #19 from MolSSI/tags", 
625f7da,Hannah Bruce Macdonald,Fri Apr 10 03:18:50 2020,"Rebasing Choderalab fork", 
91fe7a2,Hannah Bruce Macdonald,Fri Apr 10 03:05:04 2020,"fix syntax",   1, 2, 2 
b0f3b6d,Binisha Karki,Fri Apr 10 02:59:31 2020,"Added hydroxychloroquine to Molecules directory",   1, 17 
5918e07,Levi Naden,Fri Apr 10 02:24:37 2020,"cleanup for pr",   8, 8, 8 
721b5e3,Binisha Karki,Fri Apr 10 02:12:16 2020,"adding chloroquinine",   1, 18 
bf76df6,Levi Naden,Fri Apr 10 01:58:36 2020,"Make sure the spike is on here.",   1, 1, 1 
2bcb1bc,Levi Naden,Fri Apr 10 01:56:58 2020,"Targets -> Proteins",   71, 190, 1937 
c56fd73,Levi Naden,Fri Apr 10 00:22:11 2020,"Rebuild the targets again for review",   30, 110, 48 
13919b2,Levi Naden,Thu Apr 9 08:28:46 2020,"Add a netlify config for sanity in previews",   1, 30 
3021411,Levi Naden,Thu Apr 9 08:12:14 2020,"Keep building structures, get some initial data implemented",   10, 84, 100 
f806d89,apayne97,Thu Apr 9 08:07:05 2020,"Merge pull request #8 from choderalab/AMP_yml_work", 
59f40fc,apayne97,Thu Apr 9 08:06:18 2020,"Merge pull request #7 from choderalab/BK_YML_work", 
d07b8ae,apayne97,Thu Apr 9 06:05:21 2020,"Create README.md",   1, 15 
2461a27,apayne97,Thu Apr 9 05:57:35 2020,"Merge pull request #3 from MolSSI/master", 
6fa5ea0,apayne97,Thu Apr 9 05:56:08 2020,"Delete TEMPLATE.yml",   1, 7 
e4cec29,Binisha Karki,Thu Apr 9 05:53:17 2020,"Update README.md",   1, 1 
e754421,Erica Goldberger,Thu Apr 9 05:11:58 2020,"Update README.md to include yaml Template",   1, 13, 2 
bf98e3a,Levi Naden,Thu Apr 9 05:05:44 2020,"Start building structures, trash the old system",   65, 119, 546 
2c01768,Levi Naden,Thu Apr 9 03:27:38 2020,"Finalize the initial targets space",   2, 21, 10 
adf7843,Levi Naden,Thu Apr 9 02:43:42 2020,"Finish taxonomifying the targets pages",   32, 260, 48 
67df212,Levi Naden,Thu Apr 9 01:26:29 2020,"Make a simplified list",   1, 12 
f8a60c8,Levi Naden,Thu Apr 9 01:25:53 2020,"Make the targets taxonomy based.",   10, 181, 1 
0642423,Levi Naden,Thu Apr 9 01:25:09 2020,"Ignore the README files in Hugo",   1, 5, 2 
cb0b9d5,Levi Naden,Wed Apr 8 07:00:10 2020,"Add the Targets page. Still need to add headers",   45, 185, 10 
f9853fa,apayne97,Thu Apr 9 05:06:08 2020,"Merge pull request #2 from choderalab/AMP_yml_work", 
15be451,Levi Naden,Thu Apr 9 05:05:28 2020,"Merge pull request #8 from choderalab/AMP_yml_work", 
d743743,apayne97,Thu Apr 9 04:07:38 2020,"Merge pull request #1 from apayne97/patch-1", 
0ef9a86,sjayellis,Thu Apr 9 02:47:37 2020,"Updated readme link to new web domain.",   1, 1, 1 
d5e8e38,Levi Naden,Thu Apr 9 02:41:42 2020,"Merge pull request #5 from MolSSI/aboutupdate", 
fa1aa92,Samuel Ellis,Thu Apr 9 01:39:44 2020,"Edit to show the about page.",   1, 1, 1 
4716c47,Samuel Ellis,Thu Apr 9 01:33:54 2020,"Merge branch 'aboutupdate' of https://github.com/MolSSI/covid into aboutupdate", 
25e9d17,Samuel Ellis,Thu Apr 9 01:20:00 2020,"Breaking up the about page.",   4, 92, 67 
fe2e965,Levi Naden,Thu Apr 9 01:29:27 2020,"Merge pull request #6 from MolSSI/ignorereadme", 
5c42704,Andrew Abi-Mansour,Thu Apr 9 00:59:09 2020,"Update footer.html",   1, 1, 1 
2bb61f0,Andrew Abi-Mansour,Thu Apr 9 00:53:46 2020,"Update footer.html",   1, 1, 2 
b429ace,Andrew Abi-Mansour,Thu Apr 9 00:44:24 2020,"Update footer.html",   1, 1 
ecab2c7,Levi Naden,Wed Apr 8 10:00:10 2020,"Merge pull request #4 from MolSSI/yamltofolder", 
933b5ff,Levi Naden,Wed Apr 8 09:59:14 2020,"Convert data yaml to data dirs",   10, 15, 3 
0f09815,Levi Naden,Wed Apr 8 01:23:21 2020,"Add a divider to the molecules file for starters",   1, 3 
9fe5159,Levi Naden,Wed Apr 8 01:22:33 2020,"Add blank YAML files.",   8, 14 
ae5f23b,Levi Naden,Wed Apr 8 00:59:46 2020,"Shift everything to the new structure to start building hugo and taking care of some pointers for people to commit to.",   96, 1, 1 
c1bacbe,Levi Naden,Wed Apr 8 00:52:21 2020,"Old Site Last Commit",   1, 4 
a969326,Levi Naden,Wed Apr 8 00:40:17 2020,"Merge branch 'rebuild'", 
a2f4aeb,Samuel Ellis,Mon Apr 6 04:58:32 2020,"Minor typo fix.",   1, 1, 1 
65c0f0f,Samuel Ellis,Mon Apr 6 04:53:17 2020,"Updated information into _data/protease.yml",   1, 15, 17 
cb9a260,Samuel Ellis,Mon Apr 6 04:34:47 2020,"Added links to files for each data type.",   4, 7, 15 
0f628a0,Samuel Ellis,Mon Apr 6 04:04:37 2020,"First draft of submission for dataset provided by Riken BDR.",   6, 78 
cef7301,Levi Naden,Sat Apr 4 02:23:14 2020,"Update the README and index with NSF funding sources.",   2, 8, 3 
0bd87ca,Andrew Abi-Mansour,Fri Apr 3 05:07:44 2020,"Update data-review.md",   1, 12, 3 
e36fbac,Andrew Abi-Mansour,Fri Apr 3 05:00:49 2020,"Update data-review.md",   1, 4, 4 
ef309dd,Andrew Abi-Mansour,Fri Apr 3 04:49:32 2020,"added Recommendation column in Procedure + fixed typos",   1, 19, 28 
1f2c048,Andrew Abi-Mansour,Fri Apr 3 03:29:09 2020,"fixed typo",   1, 1, 1 
6ae84aa,Andrew Abi-Mansour,Fri Apr 3 03:24:59 2020,"extended procedural list",   1, 9, 3 
ce04f29,Andrew Abi-Mansour,Fri Apr 3 03:00:12 2020,"Update data-review.md",   1, 18, 6 
9df494b,Andrew Abi-Mansour,Fri Apr 3 02:43:44 2020,"Update data-review.md",   1, 16, 6 
cf57831,Andrew-AbiMansour,Fri Apr 3 01:16:58 2020,"updated config file for issues template",   1, 1, 1 
28c53c2,Andrew-AbiMansour,Fri Apr 3 01:14:55 2020,"added issue template files",   3, 65 
3adb504,Levi Naden,Fri Apr 3 01:02:21 2020,"Fix spelling typo",   1, 1, 1 
d30e9fe,Levi Naden,Fri Apr 3 01:01:28 2020,"Merge pull request #1 from robertodr/patch-1", 
5f31643,Levi Naden,Thu Apr 2 23:53:42 2020,"Update branding to include BioExcel, including index, readme, and ico",   14, 81, 49 
6a3930e,Levi Naden,Thu Apr 2 21:56:43 2020,"Merge branch 'master' of github.com:molssi/covmme", 
7596f38,Levi Naden,Thu Apr 2 21:56:37 2020,"Small updates",   2, 5, 2 
5c832b8,Samuel Ellis,Thu Apr 2 00:41:27 2020,"Updated contribution instructions in README.md to reflect changes to index.md.",   1, 13, 8 
c235228,Samuel Ellis,Thu Apr 2 00:41:01 2020,"Updated the Contributing Information and added more detailed contribution instructions to index.md.",   1, 19, 18 
8f1ba5d,Levi Naden,Wed Apr 1 06:38:03 2020,"Made a whole lot of changes to the repository, including adding instructions for trajectory submission",   11, 1390, 69 
4bf55f9,Levi Naden,Wed Apr 1 01:37:31 2020,"Start making the skeleton tree for the targets.",   10, 225, 1 
f6da5df,Levi Naden,Tue Mar 31 23:07:58 2020,"Update the config.yml for the site",   1, 4, 1 
3a8632d,Levi Naden,Tue Mar 31 03:10:44 2020,"Set theme jekyll-theme-cayman",   1, 1 
233a934,Levi Naden,Sun Mar 29 09:17:20 2020,"Reframe the project a bit as a prototype for a future broader project (potentially)",   1, 5 
d6cd325,Levi Naden,Sun Mar 29 07:48:00 2020,"Add the initial readme information.",   16, 436, 2 
f223aa5,Levi Naden,Sun Mar 29 04:44:08 2020,"Initial commit",   1, 2 