commit id,author,date,comment,changed files,lines added,lines deleted

0179cef,Wes Hinsley,Thu Sep 3 02:52:33 2020,"Merge pull request #451 from mrc-ide/matt-gretton-dann/how-to-unit-tests", 
23904d8,Matthew Gretton-Dann,Thu Sep 3 01:05:13 2020,"Correct typo following review comments.",   1, 1, 1 
64ffbb8,Wes Hinsley,Wed Sep 2 22:42:15 2020,"Merge pull request #440 from zebmason/split_tests", 
ceddd0e,Wes Hinsley,Wed Sep 2 04:01:17 2020,"Merge master", 
40ccc4c,Wes Hinsley,Wed Sep 2 02:42:57 2020,"Unit tests for person infstat",   4, 262, 30 
620f653,Wes Hinsley,Wed Sep 2 01:35:26 2020,"Add null test...",   2, 8 
728d199,Wes Hinsley,Wed Sep 2 01:20:06 2020,"Revert "Attempt simple test"",   9, 3, 36 
dd12740,Wes Hinsley,Wed Sep 2 01:20:06 2020,"Revert "Fix cmakelists"",   1, 2, 4 
d4e18c1,Wes Hinsley,Wed Sep 2 01:20:05 2020,"Revert "Fix cmakelists?"",   1, 1 
1b40323,Wes Hinsley,Wed Sep 2 01:20:05 2020,"Revert "Keep trying..."",   4, 31, 9 
3eca8cb,Wes Hinsley,Tue Sep 1 23:19:57 2020,"Keep trying...",   4, 9, 31 
05b2421,Wes Hinsley,Tue Sep 1 23:05:16 2020,"Fix cmakelists?",   1, 1 
155c950,Matthew Gretton-Dann,Mon Aug 31 04:13:48 2020,"Add documentation for writing UnitTests",   1, 89 
000a44a,Matthew Gretton-Dann,Mon Aug 31 04:13:37 2020,"Update add_unit_tests",   2, 24, 9 
ec807e2,Wes Hinsley,Fri Aug 21 06:48:35 2020,"Merge pull request #450 from mrc-ide/wes/warning_cleanup", 
6e4a891,Wes Hinsley,Fri Aug 21 03:24:15 2020,"Fix cmakelists",   1, 4, 2 
36a0cee,Wes Hinsley,Fri Aug 21 03:20:13 2020,"Attempt simple test",   9, 36, 3 
f62b5e3,Wes Hinsley,Fri Aug 21 00:21:18 2020,"Fix minor warnings",   16, 102, 80 
8720585,Matthew Gretton-Dann,Mon Aug 10 20:18:41 2020,"Merge pull request #449 from mrc-ide/wes/fix_path_run_samples_py", 
06fcb0b,Wes Hinsley,Fri Aug 7 06:07:41 2020,"Fix incorrect path",   1, 1, 1 
87ac237,Wes Hinsley,Fri Aug 7 05:29:13 2020,"Merge pull request #448 from zebmason/cache", 
c8843be,Wes Hinsley,Tue Aug 4 05:18:31 2020,"Merge branch 'master' into wes/enum_rollup", 
94c9422,Wes Hinsley,Tue Aug 4 04:11:26 2020,"Yet more tiny cleanup",   1, 4 
5941bbc,Wes Hinsley,Tue Aug 4 04:06:14 2020,"Bit more commenting",   2, 8 
e138707,Wes Hinsley,Tue Aug 4 03:45:47 2020,"Bit more doc cleanup",   1, 13, 13 
3cad715,Wes Hinsley,Tue Aug 4 03:41:43 2020,"Clean up and some doc",   4, 196, 97 
683d451,Wes Hinsley,Mon Aug 3 23:16:27 2020,"Fix cmake again?",   1, 1, 1 
b6086df,Wes Hinsley,Mon Aug 3 23:12:09 2020,"Fix cmake/include person.h",   2, 2, 2 
b3c7ca2,Wes Hinsley,Mon Aug 3 23:02:22 2020,"Setters and getters for inf to be private",   11, 249, 114 
87127e7,Matthew Gretton-Dann,Mon Aug 3 20:29:31 2020,"Merge pull request #443 from mrc-ide/wes/header_guards", 
1b6133d,Wes Hinsley,Mon Aug 3 02:38:50 2020,"Remove redundant Dead / Recovered infstat",   2, 2, 6 
0d50fac,Wes Hinsley,Mon Aug 3 01:14:56 2020,"Mis-translation in recording quarantines",   3, 10, 1 
1a80512,Wes Hinsley,Mon Aug 3 00:20:43 2020,"Update cmakelists and fix two enum switch warnings",   2, 7, 1 
a0d3b9d,Wes Hinsley,Mon Aug 3 00:06:29 2020,"Fix infstat related ABS and < >",   6, 91, 23 
335ec6d,Wes Hinsley,Sun Aug 2 20:47:16 2020,"Use enums... (fix abs more carefully below)",   9, 137, 183 
7e71f37,Wes Hinsley,Sun Aug 2 19:19:15 2020,"Merge branch 'master' into wes/header_guards", 
6158551,Wes Hinsley,Sun Aug 2 18:58:09 2020,"Merge pull request #442 from zebmason/namespace", 
37a420e,Wes Hinsley,Sat Aug 1 19:56:04 2020,"Use guards...",   12, 46, 16 
3c856d2,Wes Hinsley,Sat Aug 1 19:21:14 2020,"Merge pull request #441 from zebmason/include", 
d152f4c,Wes Hinsley,Tue Jul 28 19:14:06 2020,"Merge pull request #435 from mstevens-uk/InfectSweep", 
b1b8e1c,Wes Hinsley,Fri Jul 24 22:14:31 2020,"Merge pull request #436 from zebmason/diagonal_matrix", 
d81a2e6,Wes Hinsley,Mon Jul 20 22:10:43 2020,"Merge pull request #360 from owainkenwayucl/master", 
013b633,Wes Hinsley,Fri Jul 10 00:52:55 2020,"Merge pull request #437 from zebmason/delete_example", 
52b7174,Matthew Gretton-Dann,Thu Jul 9 18:44:09 2020,"Merge pull request #408 from zebmason/geometry_tests", 
9930ddc,Wes Hinsley,Thu Jul 9 01:55:26 2020,"Merge pull request #432 from zdroid/colnames", 
da4b085,Wes Hinsley,Wed Jul 8 23:16:04 2020,"Merge pull request #434 from mrc-ide/MoreCalibChanges-merge-take3", 
3260cd3,NeilFerguson,Wed Jul 8 21:53:31 2020,"Slight reparam of serology likelihood",   1, 2, 2 
eb036bc,Matthew Gretton-Dann,Wed Jul 8 20:44:00 2020,"Merge pull request #430 from mrc-ide/MoreCalibChanges", 
37171d5,Matthew Gretton-Dann,Wed Jul 8 19:32:18 2020,"Merge remote-tracking branch 'origin/MoreCalibChanges-merge-take3' into MoreCalibChanges", 
7f709f8,NeilFerguson,Wed Jul 8 03:12:23 2020,"Fixed a few issues with the new CLI code which broke the likelihood code",   5, 20, 11 
96e873c,NeilFerguson,Tue Jul 7 23:52:07 2020,"Minor changes to bring this branch up to date with mine",   2, 35, 21 
474d085,NeilFerguson,Tue Jul 7 22:58:50 2020,"Minor other changes",   2, 42, 27 
e211c14,Matthew Gretton-Dann,Sun Jul 5 02:20:13 2020,"Remove fprintfs",   7, 274, 250 
3022a90,Matthew Gretton-Dann,Sun Jul 5 02:19:55 2020,"Update Messages interface",   2, 30, 25 
2cc40fb,Matthew Gretton-Dann,Wed Jul 1 22:51:12 2020,"Fix memory usage issues",   2, 54, 6 
9250039,Matthew Gretton-Dann,Wed Jul 1 22:50:35 2020,"Silence xcalloc warnings",   1, 1, 1 
351cfae,Wes Hinsley,Wed Jul 1 19:56:07 2020,"bdd4fea7 - merge conflicts (And fix SaveDistribs(...) header - func not called", 
6fd589d,Wes Hinsley,Wed Jul 1 19:50:57 2020,"Merge commit '0d18bfdf' into MoreCalibChanges-merge-take3", 
d87c1fa,Wes Hinsley,Wed Jul 1 19:21:02 2020,"bcb429b2 merge conflict", 
212d883,Wes Hinsley,Wed Jul 1 19:18:01 2020,"Merge commit '1ad5124d' into MoreCalibChanges-merge-take3", 
8fc4c9e,Wes Hinsley,Wed Jul 1 18:46:11 2020,"15f636f8 merge conflicts", 
d6671a0,Wes Hinsley,Wed Jul 1 06:37:36 2020,"5041918a merge conflicts/rewrite", 
c87e1dd,Wes Hinsley,Wed Jul 1 04:05:11 2020,"Merge commit '56f30525' into MoreCalibChanges-merge-take3", 
31f1413,Wes Hinsley,Wed Jul 1 04:04:30 2020,"Merge commit 'd8950ade' into MoreCalibChanges-merge-take3", 
45e9ed4,Wes Hinsley,Wed Jul 1 04:04:17 2020,"c35fe66f Merge conflicts", 
3d96bb0,Wes Hinsley,Wed Jul 1 03:59:32 2020,"Merge commit 'f6d40d60' into MoreCalibChanges-merge-take3", 
c9dbe68,Wes Hinsley,Wed Jul 1 03:58:45 2020,"Merge commit 'bebb1326' into MoreCalibChanges-merge-take3", 
dc0c461,Wes Hinsley,Wed Jul 1 03:21:14 2020,"69d3bcba - Merge conflicts / fix vcxproj", 
5d0a922,Wes Hinsley,Wed Jul 1 02:49:27 2020,"ca5145f9 Merge conflicts", 
ffd507f,Wes Hinsley,Wed Jul 1 02:41:02 2020,"23c807e6 Merge conflicts", 
f20c95a,Wes Hinsley,Wed Jul 1 02:32:06 2020,"Merge commit '542d1cce' into MoreCalibChanges-merge-take3", 
c228b35,Wes Hinsley,Wed Jul 1 02:31:45 2020,"Merge commit '4ef64101' into MoreCalibChanges-merge-take3", 
6ef82a5,Wes Hinsley,Wed Jul 1 02:22:00 2020,"Merge commit '1cc2e03b' into MoreCalibChanges-merge-take3", 
f8b015d,Wes Hinsley,Wed Jul 1 02:21:45 2020,"Merge commit '20bc2c18' into MoreCalibChanges-merge-take3", 
77063c7,Wes Hinsley,Wed Jul 1 01:48:55 2020,"Merge commit 'afd6d590' into MoreCalibChanges-merge-take3", 
f765b41,Wes Hinsley,Wed Jul 1 01:21:01 2020,"Merge commit '94af67f0' into MoreCalibChanges-merge-take3", 
cae5331,Wes Hinsley,Wed Jul 1 01:20:31 2020,"863389f1 Merge conflicts", 
259d54a,Wes Hinsley,Wed Jul 1 00:44:49 2020,"Merge commit 'fa11c42b' into MoreCalibChanges-merge-take3", 
99565ae,Wes Hinsley,Wed Jul 1 00:01:03 2020,"effd3493 - Update Checksums",   4, 128, 161 
814aa74,Wes Hinsley,Tue Jun 30 23:23:58 2020,"effd3493 merge commits - tests expected to fail", 
1dffac5,Wes Hinsley,Tue Jun 30 23:04:03 2020,"Merge commit '4079071a' into MoreCalibChanges-merge-take3", 
505ec40,Wes Hinsley,Tue Jun 30 23:02:14 2020,"Merge commit '53448dac' into MoreCalibChanges-merge-take3", 
0fa4060,Wes Hinsley,Tue Jun 30 22:30:34 2020,"Merge commit 'c9e23a27' into MoreCalibChanges-merge-take3", 
df32049,Wes Hinsley,Tue Jun 30 22:28:54 2020,"Merge commit 'a2cd1c48' into MoreCalibChanges-merge-take3", 
4fc94a5,Wes Hinsley,Tue Jun 30 21:53:36 2020,"9214f0ec - merge conflicts", 
f908c77,Wes Hinsley,Tue Jun 30 21:47:54 2020,"Merge commit 'ead120a2' into MoreCalibChanges-merge-take3", 
6359921,Wes Hinsley,Tue Jun 30 21:13:08 2020,"aeef9e50 merge conflicts", 
76e2cc0,Wes Hinsley,Tue Jun 30 20:27:17 2020,"5cea86f8 - Resolve conflicts", 
3f4b1c5,Wes Hinsley,Tue Jun 30 20:09:38 2020,"13bfc93f - merge conflicts (comments only)", 
f67b43d,Wes Hinsley,Tue Jun 30 19:58:46 2020,"Merge commit 'c0a48667' into MoreCalibChanges-merge-take3", 
f20ef54,Wes Hinsley,Tue Jun 30 19:58:02 2020,"Merge commit '8a17435e' into MoreCalibChanges-merge-take3", 
96124ea,Wes Hinsley,Tue Jun 30 19:56:03 2020,"Merge commit '722e5c9b' into MoreCalibChanges-merge-take3", 
9d1a23d,Wes Hinsley,Tue Jun 30 19:29:07 2020,"Merge commit '6b5e06c4' into MoreCalibChanges-merge-take3", 
a806199,Wes Hinsley,Tue Jun 30 19:21:26 2020,"78bd7fcc - Update checksums",   2, 12, 12 
350ed34,Wes Hinsley,Tue Jun 30 18:29:08 2020,"Use regression test checksums from this branch (tests expected to fail because of added columns...)", 
9832a61,Wes Hinsley,Tue Jun 30 17:47:42 2020,"Fix include conflict", 
6e2e2b0,Wes Hinsley,Tue Jun 30 16:58:30 2020,"Merge commit '208c67bd' into MoreCalibChanges-merge-take3", 
e386781,Wes Hinsley,Tue Jun 30 16:52:33 2020,"Fix conflict include", 
ca465e5,Wes Hinsley,Tue Jun 30 06:56:18 2020,"Merge commit '0d750b2b' into MoreCalibChanges-merge-take3", 
b69c0c4,Wes Hinsley,Tue Jun 30 06:55:31 2020,"Merge commit '2b42dbd3' into MoreCalibChanges-merge-take3", 
e2bc72b,Wes Hinsley,Tue Jun 30 06:51:36 2020,"Merge commit 'f7a2a0d7' into MoreCalibChanges-merge-take3", 
3cf2589,Wes Hinsley,Tue Jun 30 06:23:35 2020,"Fix conflicts", 
9238d5d,Wes Hinsley,Tue Jun 30 04:10:39 2020,"Merge commit '0ba349ba' into MoreCalibChanges-merge-take3", 
2754a40,Wes Hinsley,Tue Jun 30 03:01:27 2020,"Merge commit '120cdfee' into MoreCalibChanges-merge-take3", 
454b737,Wes Hinsley,Tue Jun 30 02:47:31 2020,"Merge commit 'c2ee5934' into MoreCalibChanges-merge-take3", 
4586a9d,Matthew Gretton-Dann,Tue Jun 30 02:21:11 2020,"Update expected test results",   2, 128, 161 
6692f7c,NeilFerguson,Tue Jun 30 01:54:38 2020,"Bug fix (restores normal operation outside of MCMC mode)",   1, 1, 1 
97e0e06,NeilFerguson,Mon Jun 29 23:05:52 2020,"Removed unused vars",   1, 1, 2 
41e014e,NeilFerguson,Mon Jun 29 23:04:27 2020,"Tidied up CalcLikelihood and added ability to fit to cumulative sums (e.g. of deaths)",   1, 16, 40 
31a6d21,NeilFerguson,Mon Jun 29 22:35:56 2020,"Updated likelihood function",   2, 42, 5 
6c19e5d,Wes Hinsley,Mon Jun 29 04:07:21 2020,"Additional changes to implement care homes",   5, 25, 14 
b416ad2,Wes Hinsley,Mon Jun 29 03:57:20 2020,"Initial Implementation of care home transmission completed (Wes - unsaved change)",   1, 7, 5 
3f43121,Wes Hinsley,Mon Jun 29 03:49:00 2020,"Initial Implementation of care home transmission completed",   5, 75, 21 
b5af780,Wes Hinsley,Sun Jun 28 22:14:19 2020,"(Wes - two transliteration mistakes in last commit)",   2, 4, 4 
817f8cd,Wes Hinsley,Sun Jun 28 22:10:09 2020,"Changes to allow modeling of care homes as places",   5, 37, 13 
ddd4b1d,Wes Hinsley,Sun Jun 28 22:00:34 2020,"Added new type of calibration (seeding only). Generalised command line parameters (0-9, can appear anywhere in param files)",   2, 91, 44 
a33c318,Wes Hinsley,Sun Jun 28 21:10:36 2020,"Addition of a parameter to switch off superspreading in households",   4, 18, 6 
b95c79a,Wes Hinsley,Sun Jun 28 20:55:53 2020,"Small changes to calibration algorithm which substantially speed convergence",   1, 3, 3 
f02f17a,NeilFerguson,Sun Jun 28 03:20:21 2020,"More changes to likelihood function, plus switched MCMC mode to not resetting random number seed for each new parameter set",   3, 59, 33 
bdd4fea,Wes Hinsley,Sat Jun 27 18:49:44 2020,"Merge pull request #414 from zdroid/covidsim_switch", 
0d18bfd,Matthew Gretton-Dann,Fri Jun 26 01:11:10 2020,"Merge pull request #428 from ozmorph/clang_error_fixes", 
c32ad8d,Matthew Gretton-Dann,Fri Jun 26 00:21:02 2020,"Move progress messages to use Messages::out()",   2, 25, 12 
9404c0c,Matthew Gretton-Dann,Thu Jun 25 23:44:13 2020,"Make warning messages use Message::out()",   2, 5, 5 
71116e3,Matthew Gretton-Dann,Thu Jun 25 22:58:16 2020,"Remove Error.h and Error.cpp",   12, 2, 41 
209d85a,Matthew Gretton-Dann,Thu Jun 25 22:55:23 2020,"Move uses of ERR_CRITICAL* to Messages::out(Error)",   9, 290, 234 
f762ddc,Matthew Gretton-Dann,Thu Jun 25 22:54:28 2020,"Add Messages infrastructure",   4, 197, 3 
bcb429b,Wes Hinsley,Thu Jun 25 17:50:43 2020,"Merge pull request #388 from ozmorph/assign_people_to_places_optimization", 
54c3f51,Wes Hinsley,Thu Jun 25 06:21:49 2020,"A couple of colspans on long lines",   1, 2, 2 
4effda6,Wes Hinsley,Thu Jun 25 06:20:10 2020,"Relocate some unused params",   1, 85, 82 
5ede082,Wes Hinsley,Thu Jun 25 06:16:42 2020,"Fix",   1, 272, 198 
1b12226,Wes Hinsley,Thu Jun 25 06:15:43 2020,"Apply to all",   1, 580, 105 
bd0130e,Wes Hinsley,Thu Jun 25 05:40:54 2020,"Better title and spacing?",   1, 6, 4 
54aeb80,Wes Hinsley,Thu Jun 25 05:39:24 2020,"Better colspans",   1, 6, 6 
39ac048,Wes Hinsley,Thu Jun 25 05:38:18 2020,"Try more cols",   1, 18, 26 
2309984,Wes Hinsley,Thu Jun 25 05:34:25 2020,"Third with more experiments",   1, 15, 3 
4386c10,Wes Hinsley,Thu Jun 25 05:30:21 2020,"Better - try a couple",   1, 20, 12 
2a75400,Wes Hinsley,Thu Jun 25 05:27:29 2020,"That didn't work. Try something else",   1, 6, 6 
cbc28a5,Wes Hinsley,Thu Jun 25 05:25:55 2020,"Try something...",   1, 9, 8 
6517440,Wes Hinsley,Thu Jun 25 05:20:26 2020,"Initial mess",   1, 167 
1ad5124,Matthew Gretton-Dann,Thu Jun 25 04:50:37 2020,"Merge pull request #404 from mstevens-uk/UpdateStateTRefactor", 
15f636f,Matthew Gretton-Dann,Thu Jun 25 02:39:23 2020,"Merge pull request #307 from zebmason/Kernel", 
0c2eec2,Matthew Gretton-Dann,Thu Jun 25 02:04:31 2020,"Update run_sample.py to understand USA Sates",   1, 21, 6 
5041918,Matthew Gretton-Dann,Thu Jun 25 01:23:38 2020,"Merge pull request #228 from ozmorph/robust_parameter_handling", 
56f3052,dlaydon,Thu Jun 25 01:03:22 2020,"Merge pull request #427 from mrc-ide/dlaydon/RelInfSymptomaticToR", 
57ae4eb,Daniel Laydon,Wed Jun 24 21:19:48 2020,"tidy",   1, 1 
43279db,Daniel Laydon,Wed Jun 24 21:18:29 2020,"moved to preparams and changed default Propsymptomatic by Age",   1, 8, 3 
d8950ad,dlaydon,Wed Jun 24 21:03:30 2020,"Merge pull request #425 from mrc-ide/wes/fix_vs_build", 
35f4f17,Daniel Laydon,Wed Jun 24 21:02:16 2020,"added RelInfSymptoToParamList",   1, 2, 1 
65f4d40,Wes Hinsley,Wed Jun 24 20:18:38 2020,"Move USA admin files to top-level admin folder",   55, 0, 0 
c35fe66,Wes Hinsley,Wed Jun 24 20:03:51 2020,"Merge pull request #422 from zdroid/xfree", 
75add0b,Wes Hinsley,Wed Jun 24 19:47:36 2020,"Add memory.h/cpp to .vcxproj and fix an include",   2, 4, 2 
f6d40d6,Wes Hinsley,Wed Jun 24 19:02:05 2020,"Merge pull request #419 from zdroid/double", 
bebb132,Wes Hinsley,Wed Jun 24 19:00:00 2020,"Merge pull request #420 from zdroid/trigx", 
69d3bcb,Matthew Gretton-Dann,Tue Jun 23 03:19:55 2020,"Merge pull request #406 from mrc-ide/matt-gretton-dann/xmemory", 
ca5145f,Matthew Gretton-Dann,Tue Jun 23 02:33:07 2020,"Merge pull request #400 from zdroid/covidsim_for", 
23c807e,Matthew Gretton-Dann,Tue Jun 23 02:31:27 2020,"Merge pull request #392 from zdroid/severity", 
542d1cc,dlaydon,Mon Jun 22 23:14:07 2020,"Merge pull request #413 from mrc-ide/matt-gretton-dann/wes-codeowner", 
97b82c8,Matthew Gretton-Dann,Mon Jun 22 19:23:42 2020,"Add 
weshinsley to code owners for src/*",   1, 1, 1 
4ef6410,Matthew Gretton-Dann,Mon Jun 22 19:15:33 2020,"Merge pull request #407 from zebmason/always_test", 
25cd66a,Matthew Gretton-Dann,Sat Jun 20 23:39:50 2020,"Fix issue with initialisation of inv journey dists",   1, 5, 3 
1cc2e03,Matthew Gretton-Dann,Sat Jun 20 23:30:06 2020,"Merge pull request #396 from mstevens-uk/UpdateCellsRefactor", 
88d1e3e,Matthew Gretton-Dann,Sat Jun 20 22:53:28 2020,"Add warnings when allocating 0 bytes",   1, 4 
20bc2c1,Wes Hinsley,Sat Jun 20 22:03:17 2020,"Merge pull request #399 from zdroid/bitmapauto", 
85ab8cc,Matthew Gretton-Dann,Sat Jun 20 05:18:19 2020,"Replace calls to xmalloc with xcalloc.",   3, 63, 63 
b3c5fb0,Matthew Gretton-Dann,Sat Jun 20 04:37:34 2020,"Make use of Memory::x*alloc functions.",   3, 104, 105 
d3d3343,Matthew Gretton-Dann,Sat Jun 20 04:32:22 2020,"Add x*alloc() functions",   3, 127, 2 
afd6d59,dlaydon,Sat Jun 20 03:19:33 2020,"Merge pull request #375 from mrc-ide/wes/host_closure_threading", 
cedd103,NeilFerguson,Sat Jun 20 03:02:42 2020,"Now remembered to save log likelihood to file",   1, 16, 5 
c4c70b8,NeilFerguson,Sat Jun 20 02:50:19 2020,"Lots more changes to allow log likelihood function for model fit to data to be computed after model run",   6, 336, 184 
3a96c80,Matthew Gretton-Dann,Sat Jun 20 01:52:11 2020,"Update following some comments from ICL.",   1, 77, 5 
94af67f,Matthew Gretton-Dann,Sat Jun 20 01:28:02 2020,"Merge pull request #324 from zebmason/googletest2", 
863389f,Wes Hinsley,Fri Jun 19 23:35:55 2020,"Merge pull request #316 from mstevens-uk/ICDF", 
2861b61,Matthew Gretton-Dann,Fri Jun 19 19:07:54 2020,"Add coding style document",   1, 94 
fa11c42,Matthew Gretton-Dann,Fri Jun 19 01:29:52 2020,"Merge pull request #395 from zdroid/bitmapif", 
5648898,Matthew Gretton-Dann,Thu Jun 18 23:57:15 2020,"Tidy up some comments",   6, 33, 93 
e69bc90,Matthew Gretton-Dann,Thu Jun 18 23:44:45 2020,"Fix includes so build works",   4, 11, 2 
0637a6e,Matthew Gretton-Dann,Thu Jun 18 23:42:33 2020,"Apply clang-format to everything in src/",   38, 8602, 4925 
10622f8,Matthew Gretton-Dann,Thu Jun 18 20:20:38 2020,"Add CI workflow that clang-formats sources",   1, 14 
6ad0a96,Matthew Gretton-Dann,Thu Jun 18 23:41:46 2020,"Update editorconfig to reflect clang-format better",   1, 2, 1 
ae811b1,Matthew Gretton-Dann,Thu Jun 18 19:40:04 2020,"Add clang-format file.",   1, 12 
effd349,Matthew Gretton-Dann,Thu Jun 18 20:25:30 2020,"Merge pull request #366 from mrc-ide/matt-gretton-dann/further-parallelise-testing", 
4079071,Wes Hinsley,Thu Jun 18 18:04:34 2020,"Merge pull request #394 from zdroid/bitmap", 
53448da,Wes Hinsley,Thu Jun 18 18:01:25 2020,"Merge pull request #393 from zdroid/infstat", 
6c2fe3d,Matthew Gretton-Dann,Thu Jun 18 03:08:53 2020,"Merge remote-tracking branch 'origin/master' into matt-gretton-dann/further-parallelise-testing", 
c9e23a2,Wes Hinsley,Thu Jun 18 00:40:34 2020,"Merge pull request #390 from CloneDeath/cleanup-update-bitmap-output-math", 
8f6a2d4,NeilFerguson,Wed Jun 17 22:41:36 2020,"A lot of changes to allow the model to run as a daemon type process and be instructed to generate new runs with new params without rerunning the whole setup",   8, 892, 769 
a2cd1c4,dlaydon,Wed Jun 17 03:26:55 2020,"Merge pull request #387 from mstevens-uk/Update", 
9214f0e,dlaydon,Wed Jun 17 03:22:05 2020,"Merge pull request #367 from zdroid/ranf_err", 
ead120a,Wes Hinsley,Wed Jun 17 01:43:10 2020,"Merge pull request #368 from zdroid/enum_struct", 
aeef9e5,Wes Hinsley,Wed Jun 17 01:35:27 2020,"Merge pull request #345 from CloneDeath/create-vector-math-structs", 
5cea86f,dlaydon,Tue Jun 16 22:44:35 2020,"Merge pull request #389 from mrc-ide/dlaydon/TidyICDFsReadParams", 
13bfc93,Wes Hinsley,Tue Jun 16 21:52:19 2020,"Merge pull request #340 from derekwinton/patch-3", 
c0a4866,Wes Hinsley,Tue Jun 16 21:46:07 2020,"Merge pull request #297 from CloneDeath/move-infstat-document-comments", 
3b95cd0,Daniel Laydon,Tue Jun 16 20:32:33 2020,"tidied reading of ICDFs",   1, 35, 75 
8a17435,Wes Hinsley,Tue Jun 16 18:03:38 2020,"Merge pull request #250 from phelps-sg/patch-2", 
722e5c9,Wes Hinsley,Tue Jun 16 18:00:51 2020,"Merge pull request #239 from phelps-sg/master", 
6b5e06c,Wes Hinsley,Tue Jun 16 17:49:39 2020,"Merge pull request #319 from StevenWhitehouse/rng", 
78bd7fc,dlaydon,Tue Jun 16 08:48:26 2020,"Merge pull request #383 from mrc-ide/dlaydon/AddQuarantinedNotSick", 
94a63ab,dlaydon,Tue Jun 16 08:36:26 2020,"Merge branch 'master' into Tidying", 
7bbf48e,Wes Hinsley,Tue Jun 16 05:45:23 2020,"Update checksums",   2, 12, 12 
fd1d397,Wes Hinsley,Tue Jun 16 04:10:41 2020,"Merge pull request #384 from zdroid/cmath", 
208c67b,Wes Hinsley,Tue Jun 16 00:18:01 2020,"Merge pull request #386 from StevenWhitehouse/align", 
5ff0177,dlaydon,Mon Jun 15 22:26:50 2020,"Merge pull request #385 from mrc-ide/dlaydon/OffTriggersInParamFiles", 
ad93cfa,NeilFerguson,Mon Jun 15 21:21:39 2020,"Additional changes to implement care homes",   5, 25, 14 
a8e4753,Daniel Laydon,Mon Jun 15 21:16:11 2020,"added off triggers for Place Closure and Social distancing to R param files",   1, 4, 2 
2a0857d,NeilFerguson,Sun Jun 14 22:53:27 2020,"Initial implementation of care home transmission completed.",   5, 60, 30 
6d7ab31,Wes Hinsley,Sun Jun 14 06:24:15 2020,"Merge branch 'zdroid-machinedefines'", 
a1f54c2,Wes Hinsley,Sat Jun 13 23:14:58 2020,"Merge branch 'zdroid-stdio'", 
4822fdb,NeilFerguson,Sat Jun 13 21:25:19 2020,"Changes to allow modeling of care homes as places",   5, 30, 13 
f384e19,Wes Hinsley,Sat Jun 13 20:18:42 2020,"Merge branch 'zdroid-cstdint'", 
0d750b2,Wes Hinsley,Sat Jun 13 19:55:11 2020,"Merge pull request #301 from zdroid/cstdlib", 
37ec317,NeilFerguson,Sat Jun 13 03:37:43 2020,"Added new type of calibration (seeding only). Generalised command line parameters (0-9, can appear anywhere in param files).",   2, 73, 102 
a1e2e2b,Daniel Laydon,Sat Jun 13 02:37:26 2020,"added Quar not infected and quar not symptomatic to output",   1, 3, 5 
b6bdf23,Daniel Laydon,Sat Jun 13 02:14:45 2020,"added quarantine not sick",   3, 43, 19 
2b42dbd,dlaydon,Fri Jun 12 22:46:02 2020,"Merge pull request #334 from derekwinton/patch-1", 
f7a2a0d,dlaydon,Fri Jun 12 22:43:49 2020,"Merge pull request #377 from mrc-ide/wes/do_case_shadow_j", 
4187928,dlaydon,Fri Jun 12 22:42:41 2020,"Merge pull request #382 from mrc-ide/dlaydon/commentcalib2", 
e8b175a,Daniel Laydon,Fri Jun 12 20:48:16 2020,"amended docs and MakeParamFiles.R to use new variable names",   3, 50, 19 
37c22ab,Daniel Laydon,Fri Jun 12 19:53:19 2020,"comment calibration params in PARAMS",   1, 23, 9 
0ba349b,Wes Hinsley,Fri Jun 12 18:33:54 2020,"Merge pull request #331 from zebmason/update_cmake", 
120cdfe,Wes Hinsley,Fri Jun 12 10:40:46 2020,"Merge pull request #373 from zdroid/periodic_xy", 
862b47d,Daniel Laydon,Fri Jun 12 05:02:16 2020,"comment calibration params in PARAMS",   1, 20, 1 
0225d72,Daniel Laydon,Fri Jun 12 04:24:57 2020,"comment calibration of RecordSample",   1, 14, 17 
2ec018b,Daniel Laydon,Fri Jun 12 04:14:38 2020,"renamed local variables s and thr in RecordSample to RatioPredictedObserved and DesiredAccuracy respectively",   1, 12, 20 
e742e25,Daniel Laydon,Fri Jun 12 04:02:04 2020,"PreIntervTime -> Epidemic_StartDate_CalTime",   2, 6, 6 
2fbbc90,Daniel Laydon,Fri Jun 12 03:12:55 2020,"rename PreControlClusterIdTime to DateTriggerReached_SimTime",   2, 8, 8 
1d3389c,Daniel Laydon,Fri Jun 12 03:08:29 2020,"rename PreControlClusterIDDuration to WindowToEvaluateTriggerAlert",   2, 4, 4 
3e2f921,Daniel Laydon,Fri Jun 12 03:02:31 2020,"rename PreIntervIdCalTime to Interventions_StartDate_CalTime",   2, 8, 8 
4ad8200,Daniel Laydon,Fri Jun 12 03:01:15 2020,"rename PreControlClusterIDCalTime to DateTriggerReached_CalTime",   2, 8, 8 
5a3a3fd,Daniel Laydon,Fri Jun 12 02:59:54 2020,"rename PreControlClusterIDUseDeaths to TriggerAlertOnDeaths",   2, 4, 4 
ce7fc6e,Daniel Laydon,Fri Jun 12 02:59:05 2020,"rename PreControlClusterIdCaseThreshold2 to CaseOrDeathThresholdBeforeAler_Fixed",   2, 4, 4 
6f1480f,Daniel Laydon,Fri Jun 12 02:57:50 2020,"rename PreControlClusterIdHolOffset to HolidaysStartDay_SimTime",   3, 9, 9 
59a9e00,Daniel Laydon,Fri Jun 12 02:56:27 2020,"rename PreControlClusterIdCaseThreshold to CaseOrDeathThresholdBeforeAlert",   3, 39, 39 
ce865f9,Daniel Laydon,Fri Jun 12 02:41:57 2020,"removed unused variable nu from RecordSample",   1, 1, 3 
f63c3fe,Daniel Laydon,Fri Jun 12 02:36:16 2020,"renamed trigDC to trigDetectedCases",   3, 12, 12 
0400d5f,Daniel Laydon,Fri Jun 12 02:31:12 2020,"renamed trigAlertc as trigAlertCases",   1, 7, 7 
fe7c899,NeilFerguson,Thu Jun 11 22:05:45 2020,"Addition of a parameter to switch off superspreading in households",   4, 18, 6 
66176a1,Wes Hinsley,Thu Jun 11 21:44:12 2020,"Revert parallelisation of UpdateHouseClosure() - no benefit",   1, 8, 21 
ae253fc,Wes Hinsley,Thu Jun 11 05:15:41 2020,"Clean up some editing spaces",   3, 2, 6 
4903052,Wes Hinsley,Wed Jun 10 23:10:47 2020,"Add shared vars to pragma",   1, 1, 1 
2c947dc,Wes Hinsley,Wed Jun 10 23:05:25 2020,"Parallelise UpdateHostClosure and attempt calling only once",   3, 25, 25 
24a78ce,Wes Hinsley,Wed Jun 10 22:23:23 2020,"Fix an untidy indentation mentioned in issue #378",   1, 2, 2 
2d61f8a,Wes Hinsley,Wed Jun 10 02:29:57 2020,"Better comments on review",   3, 5, 5 
fbcdc15,NeilFerguson,Tue Jun 9 23:32:49 2020,"Small changes to calibration algorithm which substantially speed convergence",   1, 3, 3 
7da0856,Wes Hinsley,Tue Jun 9 20:03:21 2020,"Refactor some variable shadowing",   1, 13, 8 
c72c40e,Wes Hinsley,Mon Jun 8 20:20:01 2020,"Add bounds error check on host_closure_queue set",   1, 5 
92fa33a,Wes Hinsley,Mon Jun 8 18:34:38 2020,"Merge pull request #288 from zebmason/badges", 
6405dd3,Wes Hinsley,Mon Jun 8 02:55:36 2020,"Buffer changes to host.absent_start|stop_time, and commit single-threaded",   6, 52, 3 
b2c6690,Wes Hinsley,Sun Jun 7 04:27:00 2020,"Merge pull request #365 from insidedctm/setup-model-cleanup", 
dfc97f5,Wes Hinsley,Sun Jun 7 01:07:19 2020,"Merge pull request #369 from zdroid/patch-1", 
1221aac,Matthew Gretton-Dann,Sat Jun 6 02:59:24 2020,"Update build instructions",   1, 137, 59 
04ad3f7,dlaydon,Fri Jun 5 22:04:05 2020,"Merge pull request #364 from mrc-ide/dlaydon/AgeAdunitDummy", 
828d412,Matthew Gretton-Dann,Fri Jun 5 20:27:14 2020,"Improve documentation of testing",   2, 33, 1 
85e68c1,Matthew Gretton-Dann,Fri Jun 5 20:26:50 2020,"Remove legacy regression testing scripts",   2, 205 
6cbd793,Matthew Gretton-Dann,Fri Jun 5 20:25:42 2020,"Add `test-accept` target",   1, 34, 45 
fc85ed5,Matthew Gretton-Dann,Wed Jun 3 02:16:47 2020,"Make CI loop use multi-cores for testing",   4, 5, 5 
55968ec,Matthew Gretton-Dann,Thu Jun 4 01:17:27 2020,"Treat checksum file as text",   1, 6, 8 
09a4c5a,Matthew Gretton-Dann,Thu Jun 4 01:17:08 2020,"Check multiple locations for CovidSim executable",   1, 22, 4 
f09f60e,Matthew Gretton-Dann,Wed Jun 3 02:14:16 2020,"Raise level of parallelism to test invocations",   11, 267, 222 
52eff2d,Matthew Gretton-Dann,Fri Jun 5 20:21:21 2020,"Update expected results.",   2, 12 
7140f8f,Matthew Gretton-Dann,Fri Jun 5 20:20:32 2020,"Merge pull request #363 from mrc-ide/ParamRead", 
2760d8b,Wes Hinsley,Fri Jun 5 04:50:44 2020,"Merge pull request #320 from mrc-ide/igfoo/cumV", 
7f55f82,Wes Hinsley,Fri Jun 5 04:49:09 2020,"Merge pull request #348 from zdroid/bitmap_finalise", 
cdbba6e,Daniel Laydon,Fri Jun 5 02:44:31 2020,"added non-summary output and more guards against access violations if not outputting by both age and admin unit",   2, 48, 15 
1540fe5,Daniel Laydon,Fri Jun 5 01:26:19 2020,"very minor cleaning",   2, 9, 34 
6608f13d,Matthew Gretton-Dann,Thu Jun 4 19:11:46 2020,"Update tests for new output file.",   2, 12 
9ecd03a,Matthew Gretton-Dann,Thu Jun 4 04:16:29 2020,"Handle non-double fields in results",   2, 27, 8 
8c28720,Daniel Laydon,Thu Jun 4 02:31:03 2020,"not working, need Matt's eyes",   4, 94, 11 
68fd5b6,Matthew Gretton-Dann,Thu Jun 4 00:16:14 2020,"Merge remote-tracking branch 'origin/master' into ParamRead", 
a025d1d,Wes Hinsley,Wed Jun 3 23:35:00 2020,"Merge pull request #354 from vitchor/patch-2", 
876e6a9,Wes Hinsley,Wed Jun 3 23:32:57 2020,"Merge pull request #313 from zdroid/patch-1", 
870ae30,Matthew Gretton-Dann,Wed Jun 3 21:20:33 2020,"Merge pull request #361 from mrc-ide/matt-gretton-dann/20200603-update-tests", 
e3ec58f,NeilFerguson,Wed Jun 3 20:15:34 2020,"Switched to case insensitive matching of parameter names, for increased robustness. Note clunky #define strncasecmp _strnicmp for windows compilation. Linux compile needs to be checked.",   1, 6, 1 
8ca3149,Daniel Laydon,Wed Jun 3 19:51:11 2020,"merged new regression tests", 
a573aaa,NeilFerguson,Wed Jun 3 19:41:28 2020,"Created GetInputParameter2all function which checks all 3 param files - currently only used for household generation params",   1, 40, 25 
8c22c41,Matthew Gretton-Dann,Wed Jun 3 19:06:59 2020,"Update expected results",   1, 137, 123 
ca9cb16,Daniel Laydon,Wed Jun 3 09:23:17 2020,"Added 	PreParamList[[OutputAdUnitAge]] = 0  to MakeParamFiles.R",   1, 1 
54f2a33,Daniel Laydon,Wed Jun 3 09:20:42 2020,"output infection inc prev, and cumulative inc by age and admin unit",   1, 40 
d697a93,Daniel Laydon,Wed Jun 3 08:17:27 2020,"tracking infections by age and admin unit, not outputted",   4, 84, 15 
92d4147,NeilFerguson,Wed Jun 3 06:11:34 2020,"Changes to calibration to reduce risk of failing to get within 5% of desired value.",   1, 32, 36 
e85201c,Matthew Gretton-Dann,Wed Jun 3 02:34:00 2020,"Update expected results",   1, 11, 10 
83b11f3,Matthew Gretton-Dann,Wed Jun 3 00:44:14 2020,"Merge remote-tracking branch 'origin/master' into Tidying", 
33c6683,Matthew Gretton-Dann,Wed Jun 3 00:40:58 2020,"Merge pull request #359 from mrc-ide/revert-322-dlaydon/CommentCalib", 
27d9c9a,Matthew Gretton-Dann,Wed Jun 3 00:16:44 2020,"Revert "Dlaydon/comment calib"",   8, 311, 371 
b126ae6,NeilFerguson,Tue Jun 2 22:37:17 2020,"More tidying",   2, 33, 86 
de814b2,Matthew Gretton-Dann,Tue Jun 2 22:07:29 2020,"Merge pull request #322 from mrc-ide/dlaydon/CommentCalib", 
fee5feb,Matthew Gretton-Dann,Tue Jun 2 20:29:45 2020,"Merge remote-tracking branch 'origin/master' into dlaydon/CommentCalib", 
8ab30de,dlaydon,Tue Jun 2 05:59:34 2020,"Merge pull request #355 from mrc-ide/matt-gretton-dann/2020601-update-results", 
f142869,Matthew Gretton-Dann,Mon Jun 1 21:04:02 2020,"Update expected results.",   2, 12, 12 
886fa4b,Matthew Gretton-Dann,Tue Jun 2 04:02:00 2020,"Make TG in severity.xls output to 17 D.P.",   1, 1, 1 
b74d9b4,NeilFerguson,Tue Jun 2 03:48:37 2020,"Minor tidying",   2, 17, 16 
b74c484,NeilFerguson,Mon Jun 1 20:25:13 2020,"Update README.md",   1, 1, 1 
aee3204,NeilFerguson,Mon Jun 1 20:24:29 2020,"Update README.md",   1, 1, 1 
98635fa,NeilFerguson,Mon Jun 1 20:07:41 2020,"Update README.md",   1, 2, 2 
15d8fbe,Wes Hinsley,Mon Jun 1 18:34:46 2020,"Merge pull request #351 from vitchor/patch-1", 
736e4e4,NeilFerguson,Mon Jun 1 18:29:25 2020,"Merge branch 'master' of https://github.com/mrc-ide/covid-sim", 
e8c1762,NeilFerguson,Mon Jun 1 18:29:06 2020,"Add files to allow Report 9 tables to be reproduced.",   42, 346415 
ce0b14b,NeilFerguson,Mon Jun 1 02:45:48 2020,"Also added Rt, TG and SI to .severity file in SaveResults",   1, 3, 3 
e26af90,NeilFerguson,Mon Jun 1 01:27:14 2020,"Bug fixes to SI/TG code",   2, 2, 1 
5b80972,NeilFerguson,Mon Jun 1 00:55:54 2020,"Added code to output mean serial interval and generation time for each time step. Removed old incH output variable. Simplified initialisation of TSMean and TSVar arrays.",   6, 61, 90 
e923f3b,Wes Hinsley,Sun May 31 04:37:44 2020,"Merge pull request #350 from mrc-ide/wes/fix_vs_proj_clang", 
60f27c2,Wes Hinsley,Sun May 31 01:34:41 2020,"Only apply to clang on windows",   1, 3, 1 
4f0dd99,Wes Hinsley,Sun May 31 01:03:21 2020,"Lib import for clang",   1, 9 
4aa3bbb,Wes R Hinsley,Sun May 31 01:02:06 2020,"Fix project file defaults, and add Clang lib as #pragma",   1, 4, 4 
4ec8d4e,Daniel Laydon,Sat May 30 07:55:57 2020,"removed duplicate NumDCT and changed t to t_double in DO_OR_DONT_AMEND_START_TIME macro calls",   2, 19, 20 
f1b3e7b,dlaydon,Sat May 30 07:39:17 2020,"Merge branch 'master' into dlaydon/CommentCalib", 
0b282a7,Ian Lynagh,Fri May 29 03:08:21 2020,"Add some braces to make the scope of a pragma clearer",   1, 3, 1 
5671be3,Wes Hinsley,Fri May 29 03:02:41 2020,"Merge pull request #317 from mrc-ide/igfoo/nEvents", 
5f8c029,Wes Hinsley,Fri May 29 03:02:03 2020,"Merge pull request #321 from mrc-ide/igfoo/cumVG", 
b125307,NeilFerguson,Thu May 28 01:22:17 2020,"Merge branch 'master' of https://github.com/mrc-ide/covid-sim", 
e307e12,NeilFerguson,Thu May 28 01:21:30 2020,"Changing one (important) character which didn't make it into the merge which switches off household clustering of enhanced social distancing by default",   1, 1, 1 
a511f26,Ian Lynagh,Wed May 27 23:12:52 2020,"Accept changes to expected test outputs",   2, 147, 149 
85d31f1,NeilFerguson,Wed May 27 20:35:07 2020,"Corrected issue with age-specific shielding (code was defaulting to whole household shielding for any household with anyone >70)",   1, 1, 1 
a2db056,NeilFerguson,Wed May 27 18:58:58 2020,"Changed MAX_DIST_AIRPORT_TO_HOTEL back to #define in constants.h to avoid openmp default clashes between clang and gcc",   2, 3, 3 
162ef45,NeilFerguson,Wed May 27 16:59:23 2020,"Correcting access alignment issues for doubles revealed by clang diagnostic run and edge case FP accuracy issues with gamma and exponential random number generation",   8, 69, 88 
9702d8c,NeilFerguson,Tue May 26 03:01:24 2020,"Fixed bug in output of R_v in .avNe.severity file",   2, 4, 2 
367a268,NeilFerguson,Tue May 26 01:26:20 2020,"Minor fix to CMakeLists.txt to get OpenMP to work with clang/llvm under Visual Studio, plus removal of a handful of unused variables identified by the clang compiler",   5, 23, 8 
41234ea,Daniel Laydon,Sat May 23 21:26:10 2020,"added calibration parameters to MakeParamFiles.R pre-param function",   1, 44, 15 
dfc6402,NeilFerguson,Sat May 23 21:14:04 2020,"Changed 2nd arg of SetICDF to double (was previously incorrectly int)",   1, 2, 2 
f9284f2,NeilFerguson,Sat May 23 21:10:37 2020,"Merge branch 'master' of https://github.com/mrc-ide/covid-sim", 
2b5636f,NeilFerguson,Sat May 23 21:10:33 2020,"cmake json added",   1, 28 
1c3fe04,Daniel Laydon,Sat May 23 09:55:59 2020,"amended docs to use new varialbe names",   2, 6, 6 
4e711d3,Daniel Laydon,Sat May 23 09:42:38 2020,"more comments",   1, 10, 10 
46445f9,Daniel Laydon,Sat May 23 08:10:54 2020,"renamed calibration parameters in Cpp code (not param files)",   4, 59, 58 
653a4ea,Daniel Laydon,Sat May 23 07:23:03 2020,"renamed PreInterTime to FirstDayOfEpidemicInCalTime",   2, 7, 6 
166a3ce,Daniel Laydon,Sat May 23 07:08:43 2020,"added more calibration comments, changed some ints to bools",   2, 25, 13 
0300a2f,Matthew Gretton-Dann,Sat May 23 04:45:54 2020,"Replace all uses of long with int32_t",   6, 114, 108 
e17bba5,Daniel Laydon,Fri May 22 21:02:10 2020,"removed unused local variable in RunModel, changed some variable names",   1, 21, 22 
dab6ea8,Daniel Laydon,Fri May 22 09:41:42 2020,"more tidying of RecordSample / calibration code",   2, 47, 48 
1797656,Daniel Laydon,Fri May 22 07:13:04 2020,"tidied RecordSample",   2, 216, 196 
126fca6,Ian Lynagh,Fri May 22 04:53:29 2020,"Put the other read of cumV in a critical section too",   1, 10, 2 
f431153,Ian Lynagh,Fri May 22 04:43:25 2020,"Safely update State.cumV",   1, 8, 4 
a725d79,Ian Lynagh,Fri May 22 04:41:33 2020,"Reorder conditionals in DoVacc",   1, 2, 3 
5037420,Ian Lynagh,Fri May 22 04:24:41 2020,"Make DoVacc return void",   2, 4, 5 
9cb2f1c,dlaydon,Fri May 22 04:21:31 2020,"Merge pull request #310 from CloneDeath/move-microcell-math-into-functions", 
9c0875c,NeilFerguson,Fri May 22 01:56:50 2020,"Update README.md",   1, 3, 1 
378efb0,NeilFerguson,Fri May 22 01:53:49 2020,"Update inputs-and-outputs.md",   1, 5, 2 
23ff3c8,dlaydon,Thu May 21 22:43:10 2020,"Merge pull request #306 from mrc-ide/MultRealisations", 
171a08c,dlaydon,Thu May 21 19:23:53 2020,"Merge pull request #311 from galactic-src/tidy-setup-population-microcells", 
587468a,dlaydon,Thu May 21 19:18:15 2020,"Merge pull request #312 from zebmason/domain_size", 
4393485,Matthew Gretton-Dann,Thu May 21 18:50:12 2020,"Remove CMakeSettings.json",   1, 28 
57fb4c7,Matthew Gretton-Dann,Thu May 21 18:49:50 2020,"Update expected test results",   2, 149, 149 
53275c9,Matthew Gretton-Dann,Thu May 21 18:49:32 2020,"Fix build issue in src/Sweep.cpp",   1, 4, 4 
d9a0601,dlaydon,Thu May 21 08:44:22 2020,"Merge branch 'master' into MultRealisations", 
616d75a,dlaydon,Thu May 21 08:22:36 2020,"Merge pull request #308 from mrc-ide/dlaydon/AddParamFileRScript", 
3089592,Matthew Gretton-Dann,Thu May 21 06:10:49 2020,"Merge pull request #299 from mrc-ide/matt-gretton-dann/fix-doxygen-build", 
ef54946,dlaydon,Thu May 21 04:59:51 2020,"Merge branch 'master' into dlaydon/AddParamFileRScript", 
2fa7323,NeilFerguson,Thu May 21 03:58:29 2020,"Fixed minor Setup model bug (lines 495/497)",   1, 2, 2 
923c837,dlaydon,Thu May 21 02:50:57 2020,"Merge pull request #302 from mstevens-uk/ICDF", 
9c3541e,Matthew Gretton-Dann,Thu May 21 02:14:02 2020,"Add docs on using cmake in Visual Studio",   1, 88 
b264794,NeilFerguson,Thu May 21 02:12:27 2020,"Improvements to consistency of partial place closure and its interaction with school holidays",   2, 30, 11 
a9dcda7,Matthew Gretton-Dann,Thu May 21 01:29:34 2020,"Add a default CMakeSettings.json",   1, 28 
b170a15,Ian Lynagh,Wed May 20 21:56:58 2020,"Merge pull request #298 from mrc-ide/matt-gretton-dann/CODEOWNERS-igfoo", 
5fce98c,Matthew Gretton-Dann,Wed May 20 18:31:38 2020,"Enable testing doxygen flows on all pushes.",   1, 2, 4 
1485f11,Matthew Gretton-Dann,Wed May 20 18:25:25 2020,"Fix Doxygen CI command",   2, 4, 1 
cea1a79,dlaydon,Wed May 20 18:47:01 2020,"Merge pull request #293 from galactic-src/remove-old-conflict-markers", 
e70bd93,Matthew Gretton-Dann,Wed May 20 18:20:27 2020,"Add 
igfoo to CODEOWNERS for src",   1, 1, 1 
c0dde5b,matt-gretton-dann,Wed May 20 03:00:22 2020,"deploy: b2b97ee85709643efe2ec08f0c823fcdd2d61e3b",   286, 32954, 34074 
97760cb,Matthew Gretton-Dann,Wed May 20 02:43:38 2020,"Merge pull request #238 from zebmason/doxygen", 
b2b97ee,Matthew Gretton-Dann,Wed May 20 02:43:00 2020,"Merge pull request #252 from zebmason/delete_dead_code2", 
88d611b,matt-gretton-dann,Wed May 20 02:42:12 2020,"deploy: c0256a76b2daf6c40b1e6f5ea1a47f61e01f4bae",   22, 127, 144 
c0256a7,Matthew Gretton-Dann,Wed May 20 02:41:38 2020,"Merge pull request #261 from zdroid/header", 
7e8cc95,matt-gretton-dann,Wed May 20 02:40:45 2020,"deploy: 8d5a36cc6f12832324b80009217aa905a3e6b61b",   4, 2562, 2561 
0b15185,matt-gretton-dann,Wed May 20 02:40:17 2020,"deploy: b7e340fbecc102bbdfcf144f4fc95a075cacb2aa",   7, 15, 15 
8d5a36c,Matthew Gretton-Dann,Wed May 20 02:40:09 2020,"Merge pull request #270 from galactic-src/initkernel-and-densityfile-improvements", 
b7e340f,Matthew Gretton-Dann,Wed May 20 02:39:36 2020,"Merge pull request #285 from insidedctm/constants", 
8ca0aa0,NeilFerguson,Wed May 20 02:01:52 2020,"Improvements to calibration accuracy and speed, correction to give correct outputs if calendar time triggers not given.",   1, 15, 13 
460fa59,Matthew Gretton-Dann,Wed May 20 00:55:34 2020,"Update docs",   1, 80, 24 
5a457ad,Matthew Gretton-Dann,Wed May 20 00:55:27 2020,"Some tidy-ups",   1, 15, 17 
fe04e8c,Matthew Gretton-Dann,Tue May 19 21:34:20 2020,"Update JSON format to be more flexible",   2, 294, 130 
a2a328b,Matthew Gretton-Dann,Tue May 19 21:33:43 2020,"Add --keep option to run_local.py",   1, 8, 1 
e9a0abb,Matthew Gretton-Dann,Tue May 19 21:33:21 2020,"Fix copy and paste error",   1, 1, 1 
73ab0b4,NeilFerguson,Tue May 19 20:57:50 2020,"Enabled multiple realisations with calibration and output of averages over realisations (including variances for .severity file).",   6, 120, 52 
2877d46,Jean Helie,Tue May 19 18:41:40 2020,"add individual state level admin files",   55, 7840 
219e6ca,Matthew Gretton-Dann,Tue May 19 18:07:31 2020,"Merge pull request #278 from mrc-ide/calibration-run-script", 
aa319cc,Matthew Gretton-Dann,Tue May 19 17:39:29 2020,"Merge tag 'v0.13.0' into matt-gretton-dann/full_run_sample.py", 
ba396db,dlaydon,Tue May 19 09:41:00 2020,"deploy: 9b971ea4b0273a97ccfc1b384837a2098f63a73b",   111, 2580, 2875 
9b971ea,dlaydon,Tue May 19 09:40:25 2020,"Merge pull request #280 from zdroid/const", 
33721c5,dlaydon,Tue May 19 09:39:09 2020,"Merge pull request #279 from zdroid/patch-1", 
a538db0,dlaydon,Tue May 19 09:37:35 2020,"deploy: dbdfc4cbf9e66316b6a41a2a8fa8b8a8e8036133",   131, 4461, 4583 
dbdfc4c,dlaydon,Tue May 19 09:37:01 2020,"Merge pull request #281 from zdroid/inline", 
a612a3e,dlaydon,Tue May 19 09:35:59 2020,"Merge pull request #282 from kant/patch-1", 
ee32eea,dlaydon,Tue May 19 09:35:38 2020,"deploy: fd64e069074a53e563a947dffc52e15da3a2a620",   52, 6213, 7539 
fd64e06,dlaydon,Tue May 19 09:34:59 2020,"Merge pull request #284 from CloneDeath/use-sweep-header", 
36e43cd,Jean Helie,Tue May 19 05:29:10 2020,"modify config JSON format",   2, 49, 34 
0cebb82,Matthew Gretton-Dann,Tue May 19 05:16:45 2020,"Merge pull request #277 from mrc-ide/matt-gretton-dann/multi-threaded-tests", 
95a0c4d,matt-gretton-dann,Tue May 19 03:18:33 2020,"deploy: 96917d49bd67f9221fcabf39e468d63ce75e53dd",   3, 5, 5 
96917d4,Matthew Gretton-Dann,Tue May 19 03:18:00 2020,"Merge pull request #262 from zdroid/whitespace", 
e5372b5,matt-gretton-dann,Tue May 19 03:17:42 2020,"deploy: 04fc9de50c028e2ce405ecfea62efada1eeaa3eb",   106, 1641, 1763 
04fc9de,Matthew Gretton-Dann,Tue May 19 03:17:05 2020,"Merge pull request #263 from zdroid/placetype", 
ffd35f7,matt-gretton-dann,Tue May 19 03:15:04 2020,"deploy: 31cca8dda44fe450de90677319d9d85ee4706d68",   1, 2, 2 
31cca8d,Matthew Gretton-Dann,Tue May 19 03:14:28 2020,"Merge pull request #268 from zebmason/inequality", 
4cded29,matt-gretton-dann,Tue May 19 03:12:17 2020,"deploy: fdde5cb236d1f3e16eb67847c8946463345c97a2",   196, 4767, 4814 
fdde5cb,Matthew Gretton-Dann,Tue May 19 03:11:42 2020,"Merge pull request #273 from zdroid/infstat", 
31814ff,Matthew Gretton-Dann,Tue May 19 02:48:26 2020,"Update expected results",   2, 155, 74 
5a9a16b,matt-gretton-dann,Tue May 19 02:07:49 2020,"deploy: d33fc68001fe4966321b607d30796e2f050f3df0",   13, 202, 228 
d33fc68,Matthew Gretton-Dann,Tue May 19 02:07:14 2020,"Merge pull request #255 from CloneDeath/cleanup-init-kernel", 
c9b1906,Matthew Gretton-Dann,Tue May 19 01:37:53 2020,"Run tests single- and multi-threaded",   1, 97, 90 
d1da5f4,matt-gretton-dann,Tue May 19 00:14:50 2020,"deploy: 52efbdb44e7570522da708db741bbc66b961dc86",   14, 7086, 7037 
52efbdb,Matthew Gretton-Dann,Tue May 19 00:14:14 2020,"Merge pull request #264 from CloneDeath/cleanup-parallel-for-loops", 
dd67ba0,Matthew Gretton-Dann,Mon May 18 21:10:27 2020,"Merge pull request #276 from mrc-ide/matt-gretton-dann/update-expected-results", 
30a6f10,Matthew Gretton-Dann,Mon May 18 20:35:56 2020,"Fix run_local.py for Python before 3.7",   1, 14, 5 
f6150ba,Matthew Gretton-Dann,Mon May 18 20:17:24 2020,"Update expected results",   2, 27, 21 
5393b85,dlaydon,Mon May 18 02:36:39 2020,"deploy: 5329ddfe215c215e2871521069535841e1999c1e",   154, 13456, 12259 
5329ddf,dlaydon,Mon May 18 02:36:05 2020,"Merge pull request #272 from mrc-ide/CTnew", 
382215f,NeilFerguson,Sun May 17 23:22:25 2020,"Removed threading from AssignPeopleToPlaces to make network file creation deterministic. Minor changes to DoPlaceClose to improve performance and handling of place closure and school holidays",   3, 116, 127 
50c66b6,matt-gretton-dann,Sat May 16 03:56:57 2020,"deploy: 3a5f23c08fab106dd304cfba94e838e4ce205bb5",   8, 194, 196 
3a5f23c,Matthew Gretton-Dann,Sat May 16 03:56:22 2020,"Merge pull request #259 from zdroid/yy", 
568ee8c,matt-gretton-dann,Sat May 16 03:46:32 2020,"deploy: b17673d5da0cead65ac040014e5746eee03b1d11",   48, 699, 701 
b17673d,Matthew Gretton-Dann,Sat May 16 03:45:52 2020,"Merge pull request #260 from zdroid/constint", 
0c886bc,Matthew Gretton-Dann,Sat May 16 03:27:51 2020,"Merge pull request #254 from zebmason/tests", 
a276823,matt-gretton-dann,Sat May 16 03:20:54 2020,"deploy: 8640ebce37bc546f9cdc519344f187273e25845b",   126, 2459, 3009 
8640ebc,Matthew Gretton-Dann,Sat May 16 03:20:17 2020,"Merge pull request #232 from zdroid/zf", 
74c8159,Matthew Gretton-Dann,Sat May 16 01:54:05 2020,"Add some documentation",   1, 166 
49cf72c,Matthew Gretton-Dann,Sat May 16 01:53:43 2020,"Make network_seed1 and network_seed2 optional",   1, 2, 2 
4e11604,Matthew Gretton-Dann,Sat May 16 00:54:00 2020,"Tidy up code and output",   1, 60, 48 
fac4ad3,Matthew Gretton-Dann,Sat May 16 00:53:48 2020,"Divert stdout/stderr to files",   1, 7, 2 
804903c,Matthew Gretton-Dann,Fri May 15 23:41:25 2020,"Add a local runner",   1, 113 
b8037ee,Matthew Gretton-Dann,Fri May 15 23:41:10 2020,"Tidy code up and fix some bugs",   1, 12, 12 
95cebae,Matthew Gretton-Dann,Fri May 15 21:37:05 2020,"Update run_many.py to do all runs",   1, 105, 22 
390d2b3,Matthew Gretton-Dann,Fri May 15 20:37:29 2020,"Initial test of run_many.py script",   2, 395 
b75e6d6,Ian Lynagh,Thu May 14 21:24:08 2020,"Merge pull request #251 from mrc-ide/matt-gretton-dann/fix-centos-7", 
918968a,matt-gretton-dann,Thu May 14 19:55:08 2020,"deploy: 7e07da283e2cf2b3ed3833caee0bec5a7dc8df94",   5, 779, 783 
7e07da2,Matthew Gretton-Dann,Thu May 14 19:54:31 2020,"Merge pull request #236 from CloneDeath/master", 
2d33e31,matt-gretton-dann,Thu May 14 18:42:35 2020,"deploy: 5f2ebf25a766402268a0c785f482c3a0b9928e4e",   59, 337, 337 
5f2ebf2,Matthew Gretton-Dann,Thu May 14 18:41:58 2020,"Merge pull request #217 from zdroid/binio", 
12f546b,Matthew Gretton-Dann,Thu May 14 05:46:00 2020,"Install Python3 on CentOS 7",   1, 1, 1 
d0ce924,matt-gretton-dann,Thu May 14 03:49:48 2020,"deploy: 78164e85ec25d2c7c00699d7c886e711e372ab28",   119, 2441, 3411 
78164e8,Matthew Gretton-Dann,Thu May 14 03:49:13 2020,"Merge pull request #245 from zebmason/delete_dead_code", 
6582d31,matt-gretton-dann,Thu May 14 03:45:17 2020,"deploy: e5d49dee932551de80490f7df922050ce45ffcf1",   117, 1975, 2153 
abcd588,matt-gretton-dann,Thu May 14 03:44:59 2020,"deploy: 1287e74ed43d65ca51cd14655143e52300dd124b",   117, 2240, 2291 
e5d49de,Matthew Gretton-Dann,Thu May 14 03:44:38 2020,"Merge pull request #235 from zdroid/infstat", 
1287e74,Matthew Gretton-Dann,Thu May 14 03:44:23 2020,"Merge pull request #230 from mrc-ide/igfoo/H", 
8c9de7f,matt-gretton-dann,Thu May 14 03:29:47 2020,"deploy: 988f8eda2de5b9ff81e7a9722feda7a08f295c35",   122, 11540, 11488 
988f8ed,Matthew Gretton-Dann,Thu May 14 03:29:13 2020,"Merge pull request #244 from mrc-ide/matt-gretton-dann/handle-very-large-geographies", 
3b7e324,Matthew Gretton-Dann,Thu May 14 01:46:11 2020,"Merge pull request #237 from zebmason/ides_of_may", 
b3c1722,matt-gretton-dann,Thu May 14 01:23:42 2020,"deploy: 5aef82552a3d35d80bcbb4b40535e7334e00a16e",   133, 2963, 2733 
5aef825,Matthew Gretton-Dann,Thu May 14 01:22:52 2020,"Merge pull request #227 from ozmorph/constants_documentation", 
f511a84,Matthew Gretton-Dann,Thu May 14 01:19:41 2020,"Merge pull request #216 from YsHaNgM/master", 
22d5ecf,Matthew Gretton-Dann,Thu May 14 00:53:01 2020,"Warn on very very large geographies",   1, 6 
72fcc77,Matthew Gretton-Dann,Wed May 13 23:48:17 2020,"Fix calculation of longest distance in geography",   1, 5 
94e4d20,Matthew Gretton-Dann,Wed May 13 23:47:19 2020,"Add [Longitude cut line] parameter",   4, 17, 1 
a026dd6,Matthew Gretton-Dann,Wed May 13 20:02:33 2020,"Merge pull request #241 from mrc-ide/dlaydon/AddNigeriaPopDensity", 
3001082,NeilFerguson,Wed May 13 19:51:55 2020,"No stable - corrected <=NUM_AGE_GROUPS to <NUM_AGE_GROUPS",   1, 3, 3 
af79432,NeilFerguson,Wed May 13 19:37:34 2020,"(Unstable) age varying hospital stays added",   3, 57, 26 
7e6a852,Matthew Gretton-Dann,Wed May 13 19:08:45 2020,"Add support for Nigeria to run_sample.py",   1, 5 
d30319a,Matthew Gretton-Dann,Wed May 13 19:08:15 2020,"Compress Nigeria pop density file.",   2, 1075626 
3aa4a71,Daniel Laydon,Wed May 13 18:45:16 2020,"added wpop Nigeria",   1, 1075626 
bc7f506,matt-gretton-dann,Wed May 13 05:53:29 2020,"deploy: 77c337fba872fb5aae55532b793824a0748f91ea",   123, 7356, 7443 
77c337f,Matthew Gretton-Dann,Wed May 13 05:33:40 2020,"Merge pull request #221 from zdroid/minmax", 
c2a9e62,Matthew Gretton-Dann,Wed May 13 05:32:48 2020,"Merge pull request #207 from zebmason/cpp_standard", 
7bbc4ce,NeilFerguson,Wed May 13 05:15:41 2020,"Merge branch 'CTnew' of https://github.com/mrc-ide/covid-sim into CTnew", 
f365f8f,NeilFerguson,Wed May 13 05:15:23 2020,"Added age stratified severity outputs",   4, 245, 5 
ca31cb0,dlaydon,Tue May 12 07:54:55 2020,"deploy: 66cb677997923bd01ab0dc96fc6be5376a24a4ae",   117, 2544, 2583 
66cb677,dlaydon,Tue May 12 07:54:18 2020,"Merge pull request #218 from mrc-ide/igfoo/kernel", 
d61624e,matt-gretton-dann,Tue May 12 05:17:34 2020,"deploy: 79595e0c26c456777ce3ff62f1fd471a09dea455",   138, 11431, 11645 
79595e0,Matthew Gretton-Dann,Tue May 12 05:17:02 2020,"Merge pull request #215 from zdroid/sharedfuncs", 
085cb1c,Matthew Gretton-Dann,Tue May 12 03:30:14 2020,"Merge pull request #214 from mrc-ide/wes/build_md_fix", 
e0ec40d,Wes Hinsley,Tue May 12 02:31:55 2020,"Remove some leftover chars",   1, 1 
4e9e160,matt-gretton-dann,Tue May 12 01:00:08 2020,"deploy: f760c4871d7f9d9ffafd7d2961119550eb0dc3e5",   171, 7307, 7767 
f760c48,Matthew Gretton-Dann,Tue May 12 00:59:31 2020,"Merge pull request #204 from zdroid/pragma-once", 
828e067,Matthew Gretton-Dann,Mon May 11 21:36:20 2020,"Merge pull request #159 from mrc-ide/matt-gretton-dann/test-infra-improvements", 
fe7640d,Matthew Gretton-Dann,Mon May 11 20:26:31 2020,"Merge remote-tracking branch 'origin/master' into matt-gretton-dann/test-infra-improvements", 
e4a99a8,Matthew Gretton-Dann,Mon May 11 20:22:07 2020,"Merge remote-tracking branch 'origin/master' into matt-gretton-dann/test-infra-improvements", 
d0eae6c,Matthew Gretton-Dann,Mon May 11 20:20:35 2020,"Merge pull request #164 from ozmorph/master", 
5562881,matt-gretton-dann,Mon May 11 19:30:32 2020,"deploy: fd45e642739bc71785ec87db40383a222c291efc",   134, 11283, 10997 
fd45e64,Matthew Gretton-Dann,Mon May 11 19:29:54 2020,"Merge pull request #205 from mrc-ide/matt-gretton-dann/refactor-bmps", 
e9bfdfd,Matthew Gretton-Dann,Sun May 10 20:43:30 2020,"Fix Unix build",   1, 11, 2 
bff956e,Matthew Gretton-Dann,Sun May 10 18:57:54 2020,"Document /BM command line option",   1, 1 
57aca3a,Matthew Gretton-Dann,Sun May 10 18:55:35 2020,"Add /BM bitmap format option",   5, 139, 96 
1caacf1,Matthew Gretton-Dann,Sun May 10 16:52:01 2020,"Restrict scope of m_gdiplusToken",   3, 11, 6 
01010f5,Wes Hinsley,Sun May 10 02:58:30 2020,"Merge pull request #143 from jabley/doc-sweep", 
4f0233a,Daniel Laydon,Sat May 9 06:22:08 2020,"added MakeParamFiles R script, made small changes to inputs/outputs description",   4, 642, 14 
88de37d,weshinsley,Sat May 9 00:13:11 2020,"deploy: c56666279a4de0337bd6847efc1a3c76b78f2e10",   20, 5508, 5509 
c566662,Wes Hinsley,Sat May 9 00:12:35 2020,"Merge pull request #145 from MikeInnes/patch-1", 
40b6f2c,matt-gretton-dann,Fri May 8 23:36:57 2020,"deploy: 475206e8cf3f8a684089095e5536fa3004a1dd63",   4, 2361, 2356 
475206e,Matthew Gretton-Dann,Fri May 8 23:36:21 2020,"Merge pull request #190 from mrc-ide/igfoo/init_newline", 
de9732e,dlaydon,Fri May 8 08:38:16 2020,"Merge pull request #160 from mrc-ide/matt-gretton-dann/add-ci-on-pr", 
385e1d0,dlaydon,Fri May 8 08:33:34 2020,"Merge pull request #182 from mrc-ide/dlaydon/Add_Nigera_PreParamsAndAdminFile", 
8cba3e0,Daniel Laydon,Fri May 8 08:32:26 2020,"added Nigeria preparam and _admin files",   2, 630 
4b2b7d5,matt-gretton-dann,Fri May 8 05:32:45 2020,"deploy: 030c35001755fd33a6eaad038c72ff8541de410f",   39, 1287, 1295 
030c350,Matthew Gretton-Dann,Fri May 8 05:32:07 2020,"Merge pull request #149 from mrc-ide/dlaydon/MoreDocumentationToCode", 
3ab85e5,igfoo,Fri May 8 04:04:29 2020,"deploy: 20ff230e86568184ac1009b07c4224100e3b4051",   12, 3186, 3210 
6813a81,igfoo,Fri May 8 04:04:23 2020,"deploy: 807c4745387525ff1a0b3a6c5eb34b1fee6e4a26",   4, 1843, 1845 
9997c0f,igfoo,Fri May 8 04:04:04 2020,"deploy: 54ed491a6de351f8126b3d11196be5e3f7210ee0",   122, 2430, 2546 
20ff230,Ian Lynagh,Fri May 8 04:03:48 2020,"Merge pull request #155 from mrc-ide/CaseIsolationTimeStart", 
4029e46,igfoo,Fri May 8 04:03:48 2020,"deploy: 19b87e1f844117c328aac858c7eb18989e6f2be2",   1, 1, 1 
807c474,Ian Lynagh,Fri May 8 04:03:39 2020,"Merge pull request #156 from mrc-ide/igfoo/common", 
54ed491,Ian Lynagh,Fri May 8 04:03:28 2020,"Merge pull request #157 from mrc-ide/igfoo/onlyInitialised", 
19b87e1,Ian Lynagh,Fri May 8 04:03:08 2020,"Merge pull request #170 from mrc-ide/igfoo/shuffle_index", 
bae7212,Matthew Gretton-Dann,Fri May 8 03:32:17 2020,"Merge remote-tracking branch 'origin/master' into dlaydon/MoreDocumentationToCode", 
2054f8f,Matthew Gretton-Dann,Tue May 5 18:34:41 2020,"Merge remote-tracking branch 'origin/master' into matt-gretton-dann/test-infra-improvements", 
c72feb0,matt-gretton-dann,Tue May 5 05:23:54 2020,"deploy: 60da1ecff99001758499292b4751e4fdbb92cfd2",   138, 8448, 8394 
60da1ec,Matthew Gretton-Dann,Tue May 5 05:21:22 2020,"Merge pull request #158 from mrc-ide/CTnew", 
eef92e2,Matthew Gretton-Dann,Tue May 5 04:33:48 2020,"Run tests on PRs",   3, 15, 3 
0afd861,Matthew Gretton-Dann,Tue May 5 03:46:18 2020,"Tidy up Python code.",   3, 49, 35 
cf2dae3,Matthew Gretton-Dann,Tue May 5 02:49:32 2020,"Merge remote-tracking branch 'origin/master' into matt-gretton-dann/test-infra-improvements", 
9fff79c,Matthew Gretton-Dann,Tue May 5 02:10:37 2020,"Add Windows regression test support.",   3, 31, 3 
6416d01,NeilFerguson,Tue May 5 01:58:35 2020,"Bugs found - code is stable and seems deterministic again. WIll finish more tests and send pull request.",   4, 105, 81 
96877dd,Ian Lynagh,Tue May 5 01:27:11 2020,"Pull common code out of both branches of a conditional",   1, 2, 4 
7bce775,matt-gretton-dann,Tue May 5 00:47:54 2020,"deploy: c25dab8162b2bd321766ef914cb5369640952e6a",   145, 4245, 4620 
c25dab8,Matthew Gretton-Dann,Tue May 5 00:47:13 2020,"Merge pull request #148 from mrc-ide/igfoo/unused_fields", 
1056815,matt-gretton-dann,Tue May 5 00:47:11 2020,"deploy: 80243d62931fa5606748a378fb5ddd86890d4a4a",   127, 7743, 7825 
80243d6,Matthew Gretton-Dann,Tue May 5 00:46:37 2020,"Merge pull request #147 from mrc-ide/igfoo/unused", 
88d92bc,matt-gretton-dann,Tue May 5 00:33:48 2020,"deploy: 3db8475a6cc7a27e59ad996745745efbcb9575ad",   4, 2517, 2553 
3db8475,Matthew Gretton-Dann,Tue May 5 00:33:09 2020,"Merge pull request #146 from mrc-ide/igfoo/popfile", 
6ed44ac,matt-gretton-dann,Tue May 5 00:31:50 2020,"deploy: 84062b746bd07593c66039ba31e58ebf6549b977",   4, 819, 826 
911b275,matt-gretton-dann,Tue May 5 00:31:19 2020,"deploy: 257eb2a1570fb3a9b4f4388dff71365c6d0fd53c",   4, 2466, 2543 
84062b7,Matthew Gretton-Dann,Tue May 5 00:31:11 2020,"Merge pull request #142 from mrc-ide/igfoo/remove_indonesia", 
257eb2a,Matthew Gretton-Dann,Tue May 5 00:30:44 2020,"Merge pull request #141 from mrc-ide/igfoo/remove_thailand", 
437469f,NeilFerguson,Mon May 4 18:06:42 2020,"Lots of changes to make CT more realistic. Buggy",   7, 133, 187 
7bc0a27,Ian Lynagh,Sun May 3 02:50:22 2020,"Merge pull request #151 from mrc-ide/igfoo/ts2", 
7532bfa,NeilFerguson,Sun May 3 00:44:58 2020,"deploy: e58bdb6f8a5421dee43e1d12bfb87b080d967abe",   131, 8533, 8455 
e58bdb6,NeilFerguson,Sun May 3 00:44:20 2020,"Merge branch 'master' of https://github.com/mrc-ide/covid-sim", 
368adcd,NeilFerguson,Sun May 3 00:44:11 2020,"Changes to DCT to allow for capping of contacts traced per case and to explicitly count immune contacts. Also added incC to severity file.",   4, 65, 46 
dc42a4f,Daniel Laydon,Sun May 3 00:00:13 2020,"merged from master", 
9120826,Daniel Laydon,Sat May 2 23:37:01 2020,"added variable prop attending over time guards and init model model code",   1, 5 
d557de8,Ian Lynagh,Sat May 2 23:23:58 2020,"Merge branch 'master' into dlaydon/MoreDocumentationToCode", 
464c643,NeilFerguson,Sat May 2 17:52:08 2020,"deploy: 5450cc96187554d7677156695c780e4b9ee9bc81",   134, 8465, 8538 
5450cc9,NeilFerguson,Sat May 2 17:51:25 2020,"Added "Proportional attendance after closure by place type" to allow places to be partially open during closure, and tidied reading params of changing interventions over time",   4, 59, 76 
4e511b9,Daniel Laydon,Fri May 1 21:46:39 2020,"fixed merge conflict", 
291aaa2,Daniel Laydon,Fri May 1 21:17:00 2020,"renamed some variables",   5, 15, 15 
bf0b84f,NeilFerguson,Thu Apr 30 19:57:48 2020,"deploy: eba4b9d26bc67b90c434ea5149301fe3b16a762f",   5, 4409, 4408 
575c42f,NeilFerguson,Thu Apr 30 19:57:44 2020,"Minor tidying re death accounting",   2, 2, 3 
eba4b9d,NeilFerguson,Thu Apr 30 08:27:35 2020,"Reverting default household size params to UK values.",   1, 96, 95 
79f3c3e,NeilFerguson,Thu Apr 30 07:02:36 2020,"deploy: 69f29a14565bac6e2ef3a3889da292094eb6d011",   1, 4, 4 
69f29a1,NeilFerguson,Thu Apr 30 07:01:45 2020,"Reinstating PropSocDist to .avNE.severity output file",   1, 4, 4 
5b90f0e,Daniel Laydon,Wed Apr 29 20:54:49 2020,"renamed P.NR & P.NRN",   2, 6, 6 
42c7e5d,Daniel Laydon,Wed Apr 29 20:50:19 2020,"renamed P.N to P.PopSize",   6, 89, 89 
72a1317,Matthew Gretton-Dann,Tue Apr 28 22:55:40 2020,"Merge pull request #140 from mrc-ide/igfoo/test-again", 
35d5ba9,NeilFerguson,Tue Apr 28 20:58:05 2020,"deploy: 51d9854b8b7a210408d47308f1b28f376a63c571",   1, 1, 1 
51d9854,NeilFerguson,Tue Apr 28 20:57:32 2020,"Update CovidSim.cpp",   1, 1, 1 
688db07,NeilFerguson,Tue Apr 28 03:42:01 2020,"Update README.md",   1, 2, 2 
5ec4280,NeilFerguson,Tue Apr 28 03:41:11 2020,"Update README.md",   1, 3, 1 
ca36132,NeilFerguson,Tue Apr 28 03:30:45 2020,"deploy: 7960586f5401ffa34de1c829108e6c3988aa86b0",   120, 3099, 3129 
7960586,NeilFerguson,Tue Apr 28 03:30:11 2020,"Merge pull request #133 from mrc-ide/igfoo/DoKeyWorkerProphOnceOnly", 
066338a,NeilFerguson,Tue Apr 28 03:29:19 2020,"deploy: 6f530c6e2281244dd5226561cbb2f82925cd2362",   1, 8, 8 
e17037a,NeilFerguson,Tue Apr 28 03:29:05 2020,"Merge pull request #138 from mrc-ide/igfoo/typo", 
6f530c6,NeilFerguson,Tue Apr 28 03:28:45 2020,"Merge pull request #132 from mrc-ide/igfoo/shuffle", 
533243b,Matthew Gretton-Dann,Tue Apr 28 03:03:49 2020,"Merge pull request #134 from mrc-ide/matt-gretton-dann/one-binary", 
b09606f,Matthew Gretton-Dann,Tue Apr 28 02:36:22 2020,"Update docs",   2, 66, 8 
3429d48,NeilFerguson,Tue Apr 28 01:52:58 2020,"deploy: 973ad3542a11b0549ccbc3f8c7f83d1afdaecb60",   117, 9268, 9465 
0b69171,Matthew Gretton-Dann,Tue Apr 28 01:52:52 2020,"Merge branch 'matt-gretton-dann/one-binary' of github.com:mrc-ide/covid-sim into matt-gretton-dann/one-binary", 
3fa8b47,Matthew Gretton-Dann,Tue Apr 28 01:51:44 2020,"Merge remote-tracking branch 'origin/master' into matt-gretton-dann/one-binary", 
973ad35,NeilFerguson,Tue Apr 28 01:48:38 2020,"Merge pull request #136 from mrc-ide/igfoo/population", 
15d4f08,NeilFerguson,Tue Apr 28 01:41:38 2020,"Update README.md",   1, 3, 2 
cbfa63e,NeilFerguson,Tue Apr 28 01:40:08 2020,"Update README.md",   1, 2, 1 
9eb90f9,NeilFerguson,Tue Apr 28 01:38:12 2020,"Update README.md",   1, 2, 1 
822b36a,NeilFerguson,Tue Apr 28 01:36:23 2020,"Update build.md",   1, 2, 2 
b00dad2,NeilFerguson,Tue Apr 28 01:33:37 2020,"Update README.md",   1, 3, 3 
c60041a,NeilFerguson,Tue Apr 28 01:28:32 2020,"Update intervention-description.md",   1, 4, 4 
da89a4e,Matthew Gretton-Dann,Tue Apr 28 00:02:03 2020,"Find Python with older cmake versions",   1, 7, 1 
a59f878,Matthew Gretton-Dann,Mon Apr 27 21:27:59 2020,"Further fixes 2",   1, 1, 1 
cded36e,Matthew Gretton-Dann,Mon Apr 27 21:25:42 2020,"Further fixes",   2, 2, 2 
c36f1c6,Matthew Gretton-Dann,Mon Apr 27 21:21:01 2020,"Fix CI loop",   3, 3, 2 
520d003,Matthew Gretton-Dann,Mon Apr 27 21:16:35 2020,"Use new `make test` target for testing",   3, 16, 52 
09d7df2,Matthew Gretton-Dann,Mon Apr 27 21:11:10 2020,"Add Dockerfile support for new build layout",   1, 4, 4 
5402ecf,Matthew Gretton-Dann,Mon Apr 27 20:48:15 2020,"Update .gitignore for changes in test output",   1, 1, 2 
9d9a19d,Matthew Gretton-Dann,Mon Apr 27 20:47:51 2020,"Make --r take a string",   1, 1, 1 
c32b075,Matthew Gretton-Dann,Mon Apr 27 20:47:10 2020,"Add integration tests to CMakeLists.txt",   5, 73, 39 
31b7453,Matthew Gretton-Dann,Mon Apr 27 20:01:10 2020,"Tidy US regression test driver.",   1, 9 
14d83ea,Matthew Gretton-Dann,Mon Apr 27 20:00:20 2020,"Move UK regression test to new framework",   8, 99, 185 
1411319,Matthew Gretton-Dann,Mon Apr 27 18:39:48 2020,"Move US regression test to generic framework",   2, 13, 199 
45566b0,Matthew Gretton-Dann,Mon Apr 27 18:39:28 2020,"Add a generic integration test",   1, 356 
660392e,dlaydon,Mon Apr 27 10:05:06 2020,"Merge pull request #137 from mrc-ide/dlaydon/AmendDocumentation", 
11e7081,Daniel Laydon,Mon Apr 27 09:44:44 2020,"minor",   1, 1, 1 
fbe5bab,Daniel Laydon,Mon Apr 27 09:43:17 2020,"minor",   1, 1, 1 
04808bb,Daniel Laydon,Mon Apr 27 09:36:55 2020,"changes intervention .md",   1, 20, 15 
b1cb666,Daniel Laydon,Mon Apr 27 08:24:49 2020,"added .project to .gitignore",   1, 2 
0c157c3,Matthew Gretton-Dann,Mon Apr 27 03:33:22 2020,"Remove COUNTRY build config, as no longer needed.",   7, 7, 31 
4096dc5,matt-gretton-dann,Mon Apr 27 02:39:47 2020,"deploy: e80500c0b294e998c22afc050b4ec6efe1f8ebab",   1, 3, 3 
e80500c,Matthew Gretton-Dann,Mon Apr 27 02:39:15 2020,"Merge pull request #131 from mrc-ide/igfoo/warnings", 
6299e8a,matt-gretton-dann,Mon Apr 27 02:38:00 2020,"deploy: cb1df67aac3f92b7d9ee38eae559aaad1db0f922",   5, 2702, 2694 
cb1df67,Matthew Gretton-Dann,Mon Apr 27 02:37:28 2020,"Merge pull request #129 from mrc-ide/igfoo/nim", 
a4fd01f,matt-gretton-dann,Mon Apr 27 02:37:24 2020,"deploy: 943fab18b00b613c31b34e44d3a51d4b0c3ec26f",   1, 6, 6 
943fab1,Matthew Gretton-Dann,Mon Apr 27 02:36:49 2020,"Merge pull request #128 from mrc-ide/igfoo/critical", 
12fff35,matt-gretton-dann,Mon Apr 27 02:36:41 2020,"deploy: 8097f5b1da3bdfdb01cc86f32dccad5b2f50ca57",   106, 5885, 5915 
e65868c,matt-gretton-dann,Mon Apr 27 02:36:26 2020,"deploy: e0e29705c2dea2ea62deb93306d80f6703916a90",   62, 8059, 8030 
d24c5a2,matt-gretton-dann,Mon Apr 27 02:36:12 2020,"deploy: 55d51b90d362c31375422f8f6879368060015fd8",   149, 10188, 10025 
8097f5b,Matthew Gretton-Dann,Mon Apr 27 02:36:09 2020,"Merge pull request #127 from mrc-ide/igfoo/SuscReductionFactorPerInfection", 
e0e2970,Matthew Gretton-Dann,Mon Apr 27 02:35:53 2020,"Merge pull request #122 from mrc-ide/matt-gretton-dann/parameterize-kernel-sizes", 
55d51b9,Matthew Gretton-Dann,Mon Apr 27 02:35:36 2020,"Merge pull request #120 from mrc-ide/matt-gretton-dann/generalise-absenteeism-2", 
600e61e,igfoo,Sun Apr 26 23:03:13 2020,"deploy: 5f64145d4316e4c950d3d18167e6b20925a1c6df",   4, 2426, 2425 
5f64145,Ian Lynagh,Sun Apr 26 23:02:27 2020,"Merge pull request #126 from mrc-ide/matt-gretton-dann/fix-kernel-init", 
97f15c6,Ian Lynagh,Sun Apr 26 07:54:02 2020,"Turn COUNTRY_THAILAND into a bool",   1, 125, 114 
cf3cd01,Ian Lynagh,Sun Apr 26 07:54:36 2020,"Remove a couple of redundant ifdefs",   1, 8 
e098d8b,Matthew Gretton-Dann,Sun Apr 26 04:00:37 2020,"Merge remote-tracking branch 'origin/master' into matt-gretton-dann/fix-kernel-init", 
cf2c161,matt-gretton-dann,Sun Apr 26 03:54:40 2020,"deploy: 51959a733cbb856e4019031994deba2b1a7a9e4a",   130, 13792, 13741 
51959a7,Matthew Gretton-Dann,Sun Apr 26 03:54:07 2020,"Merge pull request #121 from mrc-ide/igfoo/seeds", 
a9ba650,matt-gretton-dann,Sun Apr 26 03:14:52 2020,"deploy: 238808403759266ae950d374478e01dc319873a1",   111, 5882, 5820 
2388084,Matthew Gretton-Dann,Sun Apr 26 03:14:18 2020,"Merge pull request #125 from mrc-ide/dlaydon/FixVariablePlaceClosure", 
95c9866,Matthew Gretton-Dann,Sun Apr 26 03:11:17 2020,"Merge pull request #123 from mrc-ide/matt-gretton-dann/readme-disclaimer", 
a81908c,matt-gretton-dann,Sat Apr 25 06:14:16 2020,"deploy: eb1211b37630fbf0d71c6bdd4793e236f71f8e7a",   125, 9686, 9636 
eb1211b,Matthew Gretton-Dann,Sat Apr 25 06:13:45 2020,"Merge pull request #124 from mrc-ide/neil_temp_rebased", 
c1e81e6,Daniel Laydon,Sat Apr 25 05:50:33 2020,"added variable place closure durations to parameter files",   3, 37, 25 
e149ae9,NeilFerguson,Sat Apr 25 03:50:20 2020,"Update inputs-and-outputs.md",   1, 19, 22 
f345e17,Ian Lynagh,Sat Apr 25 03:38:42 2020,"US regr test: Check we get same results when creating or loading the network",   2, 61, 9 
6d64b0c,NeilFerguson,Sat Apr 25 03:29:52 2020,"Update model-overview.md",   1, 5, 5 
def8b95,Matthew Gretton-Dann,Sat Apr 25 03:26:05 2020,"Move Kernel initialisation after place init",   1, 5, 2 
c198ed3,Daniel Laydon,Sat Apr 25 03:24:58 2020,"moved UpdateEfficacies to within if conditional in RecordSample - seems to fix start times of place closure",   1, 19, 14 
60f695f,Matthew Gretton-Dann,Sat Apr 25 02:53:29 2020,"Update with Neil's comments.",   1, 1, 1 
71e3e1c,Matthew Gretton-Dann,Sat Apr 25 02:45:02 2020,"Add important notes to top of Readme.",   1, 8 
2435a19,Daniel Laydon,Sat Apr 25 02:04:00 2020,"variable place closure appears to work",   3, 55, 27 
8dfcf8a,Matthew Gretton-Dann,Fri Apr 24 01:28:36 2020,"Parameterise NKR and NK_HR.",   5, 47, 25 
805ca5d,Matthew Gretton-Dann,Fri Apr 24 01:27:30 2020,"Update admin unit files to specify NKR and NK_HR",   48, 533, 245 
a0ee117,Matthew Gretton-Dann,Fri Apr 24 01:28:02 2020,"Update unit tests to specify NKR and NK_HR",   2, 12 
bc42382,Matthew Gretton-Dann,Thu Apr 23 03:25:42 2020,"Correct sense of conditional",   1, 1, 1 
6e72989,Matthew Gretton-Dann,Thu Apr 23 02:57:54 2020,"Make PLACE_CLOSE_ROUND_HOUSEHOLD a parameter.",   8, 28, 13 
47d0c1f,Matthew Gretton-Dann,Thu Apr 23 01:55:28 2020,"Make ABSENTEEISM_PLACE_CLOSURE a user parameter",   9, 127, 116 
f954aef,Matthew Gretton-Dann,Thu Apr 23 01:18:47 2020,"Make MAX_ABSENT_TIME a user specified param",   7, 82, 59 
8c095a0,dlaydon,Wed Apr 22 23:30:03 2020,"deploy: 40da45935e2e18224c8378e56400d04c07b96ef8",   143, 5296, 5000 
40da459,dlaydon,Wed Apr 22 23:29:30 2020,"Merge pull request #119 from mrc-ide/igfoo/infq-new", 
fa04126,matt-gretton-dann,Wed Apr 22 21:33:47 2020,"deploy: bd87d475563cd54978325bf73ce45e80a7c8de65",   574, 85734 
bd87d47,Matthew Gretton-Dann,Wed Apr 22 20:39:32 2020,"Squash history for public release",   135, 147350 