commit id,author,date,comment,changed files,lines added,lines deleted

28639f2,ImgBotApp,Mon Apr 20 05:19:53 2020,"[ImgBot] Optimize images",   32, 0, 0 
89bb9d3,Muhammet ÖMER,Mon Apr 20 05:18:52 2020,"Merge branch 'master' of https://github.com/mukireus/flutter_covid_19_tracker", 
e6a7e00,Muhammet ÖMER,Mon Apr 20 05:18:49 2020,"added thumbnail.png",   2, 1 
c2a1f5a,Muhammet ÖMER,Mon Apr 20 01:57:41 2020,"fixed gray container bug after build",   1, 7, 8 
0870674,Muhammet ÖMER,Sat Apr 18 23:22:47 2020,"update API v2 and fixed World Screen bug",   4, 75, 69 
b810444,Muhammet ÖMER,Thu Apr 16 07:51:52 2020,"fix semptom page and world page",   11, 86, 66 
5f759d4,Muhammet ÖMER,Thu Apr 9 21:22:35 2020,"fixes #8",   18, 123, 72 
226b669,Muhammet ÖMER,Wed Apr 8 08:52:50 2020,"bug fixed",   7, 135, 129 
96cc857,Muhammet ÖMER,Sun Apr 5 00:58:52 2020,"just added details_screen.dart",   6, 104, 9 
65c5614,Muhammet ÖMER,Fri Apr 3 02:56:55 2020,"Delete dart.yml",   1, 22 
a7eb6bd,Muhammet ÖMER,Fri Apr 3 02:55:48 2020,"Merge pull request #7 from furkankurt/master", 
ae1aa1a,Muhammet ÖMER,Fri Apr 3 00:09:39 2020,"Merge pull request #6 from mukireus/mukireus-patch-1", 
e516c66,Muhammet ÖMER,Thu Apr 2 22:56:13 2020,"Update pubspec.yaml",   1, 1, 1 
7020fae,Muhammet ÖMER,Thu Apr 2 22:54:36 2020,"Update pubspec.yaml",   1, 2, 2 
374f6f0,Muhammet ÖMER,Thu Apr 2 22:43:50 2020,"Merge pull request #5 from mukireus/mukireus-patch-1", 
0ca422f,Muhammet ÖMER,Thu Apr 2 22:07:27 2020,"Merge pull request #4 from mukireus/mukireus-patch-1", 
a24c70c,Muhammet ÖMER,Thu Apr 2 20:42:56 2020,"Update README.md",   1, 8 
82995e0,Muhammet ÖMER,Thu Apr 2 20:15:26 2020,"Update README.md",   1, 1 
e480d87,Muhammet ÖMER,Thu Apr 2 20:00:05 2020,"Merge pull request #3 from mukireus/circleci-project-setup", 
388a01b,Muhammet ÖMER,Thu Apr 2 19:58:30 2020,"update pubspec.yaml for CL/CI",   2, 348, 3 
eb383ed,Muhammet ÖMER,Thu Apr 2 19:35:17 2020,"Merge pull request #2 from mukireus/imgbot", 
71c25c7,Muhammet ÖMER,Thu Apr 2 10:11:13 2020,"added top5 and updated world_screen",   13, 253, 142 
dd5b44a,Muhammet ÖMER,Tue Mar 31 07:25:55 2020,"added addCountryAlertDialog",   2, 120, 23 
7da7a36,Muhammet ÖMER,Mon Mar 30 21:46:38 2020,"added app_icon",   31, 20, 3 
93d1e2a,Muhammet ÖMER,Mon Mar 30 01:46:39 2020,"added world_screen and dialog",   6, 119, 20 
1e30876,Muhammet ÖMER,Mon Mar 30 00:19:05 2020,"fix home_screen null error",   1, 6, 6 
051ca3e,Muhammet ÖMER,Sun Mar 29 23:49:13 2020,"added splash screen",   24, 85, 15 
bac513c,Muhammet ÖMER,Sun Mar 29 04:06:57 2020,"added semptonScreen and fix API datas",   24, 412, 681 
93d9e01,Muhammet ÖMER,Thu Mar 26 22:55:23 2020,"Merge branch 'master' of https://github.com/mukireus/flutter_covid_19_tracker", 
e681b6f,Muhammet ÖMER,Thu Mar 26 22:55:11 2020,"added web support",   12, 96, 2 
d756683,Muhammet ÖMER,Thu Mar 26 22:23:48 2020,"Create ui.gif",   1, 0, 0 
a85a97b,Muhammet ÖMER,Thu Mar 26 22:20:56 2020,"Delete covid_19.gif",   1, 0, 0 
77ac46a,Muhammet ÖMER,Thu Mar 26 22:17:59 2020,"Create covid_19.gif",   1, 0, 0 
33e7828,Muhammet ÖMER,Thu Mar 26 22:17:13 2020,"Delete covid_19.gif",   1, 0, 0 
74ea00c,Muhammet ÖMER,Thu Mar 26 22:16:18 2020,"Merge branch 'master' of https://github.com/mukireus/flutter_covid_19_tracker", 
fa1def7,Muhammet ÖMER,Thu Mar 26 22:08:05 2020,"Update covid_19.gif",   1, 0, 0 
e9c4c32,Muhammet ÖMER,Thu Mar 26 21:45:13 2020,"added ui_design",   2, 1, 6 
e8639ee,Muhammet ÖMER,Thu Mar 26 19:39:20 2020,"Update turkey_details_screen.dart",   1, 13, 35 
c903f17,Muhammet ÖMER,Thu Mar 26 19:34:04 2020,"added TurkeyDetailsScreen",   15, 444, 128 
4fe29a0,Muhammet ÖMER,Thu Mar 26 06:59:29 2020,"added home page and added api",   12, 567, 33 
0aab74c,Muhammet ÖMER,Thu Mar 26 00:21:16 2020,"Merge pull request #1 from mukireus/add-license-1", 
cbe4ca3,Muhammet ÖMER,Wed Mar 25 22:28:08 2020,"git init",   62, 1704 