commit id,author,date,comment,changed files,lines added,lines deleted

79d591c,ericdcontreras,Thu May 21 06:04:04 2020,"Delete SnapLargeFilterLockingLid.STL",   1, 0, 0 
b6d6e6e,ericdcontreras,Thu May 21 06:03:57 2020,"Delete SealTemplate.STL",   1, 0, 0 
d0ea3b2,ericdcontreras,Thu May 21 06:03:49 2020,"Delete SnapLargeFilterRetainer.STL",   1, 0, 0 
b59e1be,ericdcontreras,Thu May 21 06:03:23 2020,"Delete SnapSmallFilterHousing.STL",   1, 0, 0 
016e7d3,ericdcontreras,Thu May 21 06:02:55 2020,"Delete SnapSmallFilterLockingLid.STL",   1, 0, 0 
4df98bd,ericdcontreras,Thu May 21 06:02:48 2020,"Delete SnapSmallFilterRetainer.STL",   1, 0, 0 
1f77205,ericdcontreras,Thu May 21 06:02:40 2020,"Delete SnapLargeFilterHousing.STL",   1, 0, 0 
5eed933,ericdcontreras,Wed May 20 13:04:57 2020,"Add files via upload",   15, 1658134 
2d4659f,ericdcontreras,Wed May 20 09:28:00 2020,"Add files via upload",   2, 0, 0 
e6f9b8a,druffatto,Tue May 19 01:45:40 2020,"Add files via upload",   1, 0, 0 
0c3350c,druffatto,Tue May 19 01:41:40 2020,"Add files via upload",   4, 0, 0 
c583c22,Kalindc,Fri May 15 01:52:58 2020,"Add files via upload",   12, 443450 
f3d67dc,ericdcontreras,Thu May 14 01:29:41 2020,"Add files via upload",   6, 0, 0 
80f25d5,ericdcontreras,Thu May 14 01:21:59 2020,"Add files via upload",   6, 0, 0 
a6278d6,ericdcontreras,Thu May 14 01:17:43 2020,"Add files via upload",   1, 0, 0 
ae0d10b,ericdcontreras,Thu May 14 01:15:45 2020,"Delete SealTemplate.STL",   1, 0, 0 
387d69a,ericdcontreras,Thu May 14 01:15:32 2020,"Delete SnapFIlterLid.STL",   1, 0, 0 
7df7b26,ericdcontreras,Thu May 14 01:15:23 2020,"Delete SnapFilterBody.STL",   1, 0, 0 
1fa1d6b,ericdcontreras,Thu May 14 01:15:14 2020,"Delete SnapFilterInsert.STL",   1, 0, 0 
fc8b969,ericdcontreras,Wed May 13 12:30:03 2020,"Add files via upload",   1, 0, 0 
cc86590,ericdcontreras,Wed May 13 12:28:27 2020,"Add files via upload",   1, 0, 0 
5dd0101,ericdcontreras,Wed May 13 12:28:15 2020,"Delete SnapModels.png",   1, 0, 0 
0081733,ericdcontreras,Wed May 13 12:27:38 2020,"Add files via upload", 
d1c9ee6,ericdcontreras,Wed May 13 12:26:25 2020,"Add files via upload",   2, 0, 0 
a38c481,ericdcontreras,Mon May 11 05:56:21 2020,"Add files via upload",   16, 0, 0 
39df03d,ericdcontreras,Thu May 7 17:51:25 2020,"Add files via upload",   1, 0, 0 
b86c823,druffatto,Thu May 7 02:07:34 2020,"Add files via upload",   1, 0, 0 
390847f,druffatto,Thu May 7 02:03:13 2020,"Delete d1-Mask_Sizing.png",   1, 0, 0 
a999c1a,ericdcontreras,Wed May 6 01:36:53 2020,"Add files via upload",   4, 0, 0 
9cdf83e,ericdcontreras,Tue May 5 16:32:30 2020,"Add files via upload",   3, 0, 0 
1049bd6,ericdcontreras,Tue May 5 16:31:58 2020,"Add files via upload",   3, 0, 0 
3ec7046,ericdcontreras,Tue May 5 11:07:09 2020,"Add files via upload",   1, 0, 0 
0c725b2,ericdcontreras,Tue May 5 11:06:53 2020,"Add files via upload",   1, 0, 0 
21aeb6e,ericdcontreras,Tue May 5 10:22:56 2020,"Add files via upload",   1, 0, 0 
6c38792,ericdcontreras,Tue May 5 09:49:55 2020,"Add files via upload",   1, 0, 0 
ae185ed,ericdcontreras,Tue May 5 09:49:35 2020,"Delete d3-f3.1.png",   1, 0, 0 
6285a9f,ericdcontreras,Tue May 5 09:48:35 2020,"Add files via upload",   2, 0, 0 
f55fd43,Tom Soderstrom,Tue May 5 08:16:22 2020,"Update README.md",   1, 4, 1 
a45fd91,druffatto,Sat May 2 13:31:55 2020,"Add files via upload",   4, 0, 0 
689f1c4,druffatto,Sat May 2 13:00:15 2020,"Add files via upload",   5, 0, 0 
6573d47,druffatto,Sat May 2 12:58:40 2020,"Delete stl_Resp_Peform-Flex_Face_Seal-XL.STL",   1, 0, 0 
ae4f8be,druffatto,Sat May 2 12:58:29 2020,"Delete stl_Resp_Peform-Flex_Face_Seal-S.STL",   1, 0, 0 
7261960,druffatto,Sat May 2 12:58:17 2020,"Delete stl_Resp_Peform-Flex_Face_Seal-M.STL",   1, 0, 0 
4d0f57f,druffatto,Sat May 2 12:58:05 2020,"Delete stl_Resp_Peform-Flex_Face_Seal-L.STL",   1, 0, 0 
a7c0032,Chris Mattmann,Sat May 2 01:48:24 2020,"Remove video folders.",   4, 4 
15e9512,ericdcontreras,Fri May 1 15:31:41 2020,"Add files via upload",   4, 0, 0 
e23889c,druffatto,Wed Apr 29 20:36:06 2020,"Add files via upload",   1, 0, 0 
d674377,druffatto,Wed Apr 29 19:57:24 2020,"Add files via upload",   1, 0, 0 
e9e778e,druffatto,Wed Apr 29 16:56:43 2020,"Add files via upload",   1, 0, 0 
14314a9,ericdcontreras,Wed Apr 29 15:49:48 2020,"Add files via upload",   2, 0, 0 
692a6fb,ericdcontreras,Wed Apr 29 15:04:16 2020,"Add files via upload",   1, 0, 0 
bd75bc2,ericdcontreras,Wed Apr 29 10:15:51 2020,"Add files via upload",   1, 0, 0 
ddcb51b,ericdcontreras,Wed Apr 29 10:14:02 2020,"Add files via upload", 
67dba53,ericdcontreras,Wed Apr 29 10:13:17 2020,"Add files via upload",   1, 0, 0 
9243b2c,ericdcontreras,Wed Apr 29 10:09:33 2020,"Add files via upload",   1, 0, 0 
e5ef7d1,ericdcontreras,Wed Apr 29 09:12:35 2020,"Add files via upload",   1, 0, 0 
36f30aa,ericdcontreras,Wed Apr 29 09:10:42 2020,"Add files via upload",   1, 0, 0 
07f606c,ericdcontreras,Wed Apr 29 08:04:11 2020,"Add files via upload",   1, 0, 0 
06a8aab,ericdcontreras,Wed Apr 29 08:02:41 2020,"Delete d2-f1.PNG",   1, 0, 0 
d1b0ebf,ericdcontreras,Wed Apr 29 08:01:08 2020,"Add files via upload",   1, 0, 0 
662db1a,ericdcontreras,Wed Apr 29 08:00:28 2020,"Delete d2-f1.PNG",   1, 0, 0 
06dd10d,ericdcontreras,Wed Apr 29 07:59:50 2020,"Add files via upload",   1, 0, 0 
1f2eb73,ericdcontreras,Wed Apr 29 07:59:31 2020,"Delete d2-mp-f1.png",   1, 0, 0 
e821610,ericdcontreras,Wed Apr 29 07:59:21 2020,"Delete d2-sp-f1.png",   1, 0, 0 
5af89eb,ericdcontreras,Wed Apr 29 07:57:10 2020,"Add files via upload",   1, 0, 0 
3102fa2,ericdcontreras,Wed Apr 29 07:45:58 2020,"Add files via upload",   2, 0, 0 
b9989e7,ericdcontreras,Wed Apr 29 05:27:11 2020,"Add files via upload",   6, 0, 0 
e55b1b8,Tom Soderstrom,Wed Apr 29 01:37:04 2020,"Update README.md",   1, 1, 1 
3017c71,Tom Soderstrom,Wed Apr 29 01:36:38 2020,"Update README.md",   1, 1, 1 
0f69356,Tom Soderstrom,Wed Apr 29 01:35:53 2020,"Update README.md",   1, 1, 1 
cc81bc4,druffatto,Tue Apr 28 14:28:49 2020,"Add files via upload",   1, 0, 0 
dbf26a2,druffatto,Tue Apr 28 14:28:00 2020,"Delete d1-f3.png",   1, 0, 0 
0ea36d4,druffatto,Tue Apr 28 14:23:19 2020,"Add files via upload",   1, 0, 0 
66ab52a,druffatto,Tue Apr 28 14:22:55 2020,"Delete d1-f3.png",   1, 0, 0 
528f4b0,druffatto,Tue Apr 28 14:21:38 2020,"Add files via upload",   1, 0, 0 
3d0b912,druffatto,Tue Apr 28 14:20:45 2020,"Delete d1-f3.png",   1, 0, 0 
06654ae,Kalindc,Tue Apr 28 13:52:01 2020,"Add files via upload",   7, 0, 0 
96d25f7,Kalindc,Tue Apr 28 12:49:29 2020,"Delete d3-f1.PNG",   1, 0, 0 
4afba84,Kalindc,Tue Apr 28 11:32:32 2020,"Add files via upload",   1, 0, 0 
d0060a2,ericdcontreras,Tue Apr 28 11:13:54 2020,"Add files via upload",   3, 0, 0 
3958f74,ericdcontreras,Tue Apr 28 11:06:24 2020,"Add files via upload",   2, 484 
40791fa,ericdcontreras,Tue Apr 28 11:05:55 2020,"Add files via upload",   2, 484 
77137d6,Chris Mattmann,Tue Apr 28 10:54:41 2020,"Reorganize.",   41, 12 
2a58bdc,Tom Soderstrom,Tue Apr 28 10:30:01 2020,"Update README.md",   1, 1, 1 
0c7b2ae,Tom Soderstrom,Tue Apr 28 08:41:52 2020,"Add files via upload", 
b4208ab,Tom Soderstrom,Tue Apr 28 08:40:20 2020,"Add files via upload", 
6b959aa,Tom Soderstrom,Tue Apr 28 08:38:08 2020,"Add files via upload",   1, 0, 0 
b06618a,Tom Soderstrom,Tue Apr 28 08:35:52 2020,"Add files via upload", 
188a7b9,Tom Soderstrom,Tue Apr 28 08:33:20 2020,"Add files via upload",   1, 0, 0 
fd9dcbd,Tom Soderstrom,Tue Apr 28 08:29:02 2020,"Add files via upload",   1, 0, 0 
4d4223c,Chris Mattmann,Sat Apr 25 08:56:02 2020,"Update README.md",   1, 1, 1 
c6cf3fe,Chris Mattmann,Sat Apr 25 08:55:26 2020,"Update README.md",   1, 1, 1 
f0451a1,Chris Mattmann,Fri Apr 24 15:15:21 2020,"remove placeholder file.",   1, 1 
94837b6,Chris Mattmann,Fri Apr 24 14:58:37 2020,"Update README.md",   1, 9, 9 
60cc8bc,Chris Mattmann,Fri Apr 24 14:57:30 2020,"Update README.md",   1, 11, 425 
d1234fd,Chris Mattmann,Fri Apr 24 14:52:43 2020,"Add overview fig.",   1, 0, 0 
ec53d3d,ericdcontreras,Fri Apr 24 08:01:36 2020,"Add files via upload",   3, 0, 0 
5cb81e1,ericdcontreras,Fri Apr 24 07:57:22 2020,"Add files via upload",   4, 0, 0 
d72b60c,Tom Soderstrom,Fri Apr 24 04:39:06 2020,"Update README.md",   1, 2, 2 
c8fcde0,Tom Soderstrom,Fri Apr 24 04:27:36 2020,"Update README.md",   1, 1, 1 
4934be2,Tom Soderstrom,Fri Apr 24 04:26:30 2020,"Update README.md",   1, 1, 1 
d4fdad9,Chris Mattmann,Fri Apr 24 02:52:37 2020,"Update README.md",   1, 1 
89ecccb,Chris Mattmann,Fri Apr 24 02:51:34 2020,"add NASA JPL logo.",   1, 0, 0 
e724c5e,Chris Mattmann,Fri Apr 24 01:29:10 2020,"Update README.md",   1, 19, 1 
eb21656,Chris Mattmann,Fri Apr 24 01:27:01 2020,"Add design 2 STLs and return to top links.",   4, 0, 0 
642602c,ericdcontreras,Fri Apr 24 01:25:08 2020,"Add files via upload",   3, 0, 0 
df70f37,Chris Mattmann,Fri Apr 24 01:08:44 2020,"Update README.md",   1, 4, 4 
f821ccd,Chris Mattmann,Fri Apr 24 01:03:18 2020,"Update README.md",   1, 6, 1 
c8dc93c,Chris Mattmann,Fri Apr 24 00:48:00 2020,"add icon for download.",   1, 0, 0 
41c42f5,Chris Mattmann,Thu Apr 23 15:00:44 2020,"restore placeholder.",   1, 1 
c3203d6,Chris Mattmann,Thu Apr 23 14:57:41 2020,"take out placeholder files.",   5, 5 
4f836bd,Chris Mattmann,Thu Apr 23 14:56:36 2020,"Rename Design 1 and 2.",   10, 0, 0 
16de140,Kalindc,Thu Apr 23 11:22:32 2020,"Add files via upload",   7, 1136 
8abb768,druffatto,Thu Apr 23 11:13:24 2020,"Add files via upload",   7, 0, 0 
0842e76,druffatto,Thu Apr 23 11:01:11 2020,"Add files via upload",   8, 0, 0 
75dab38,Chris Mattmann,Thu Apr 23 09:02:51 2020,"Update README.md",   1, 9, 9 
17fd0dd,Chris Mattmann,Thu Apr 23 08:34:06 2020,"Renaming the folders.",   3, 0, 0 
b4b5e9f,Chris Mattmann,Thu Apr 23 08:23:12 2020,"Merge branch 'master' of github.com:nasa-jpl/COVID-19-respirators", 
908cf09,Chris Mattmann,Thu Apr 23 08:22:58 2020,"STL placeholder folder.",   5, 5 
7f9195e,Chris Mattmann,Thu Apr 23 07:34:50 2020,"Add figures for design4: filters.",   4, 0, 0 
9cf3d0a,Chris Mattmann,Thu Apr 23 07:32:43 2020,"Update README.md",   1, 3, 4 
737d0d3,Chris Mattmann,Thu Apr 23 07:30:33 2020,"Update README.md",   1, 32 
a9939e0,Chris Mattmann,Thu Apr 23 07:25:31 2020,"Update README.md",   1, 41 
5c5a47f,Chris Mattmann,Thu Apr 23 07:15:03 2020,"Update README.md",   1, 6, 4 
9c3ff2e,Chris Mattmann,Thu Apr 23 07:11:51 2020,"Update README.md",   1, 25, 3 
ea87697,Chris Mattmann,Thu Apr 23 07:06:31 2020,"Update README.md",   1, 31 
6eaa75b,Chris Mattmann,Thu Apr 23 06:57:06 2020,"Update README.md",   1, 26, 1 
8f78ad7,Chris Mattmann,Thu Apr 23 06:53:44 2020,"Update README.md",   1, 7 
3dbc587,Chris Mattmann,Thu Apr 23 06:52:44 2020,"Add figs from design 3",   8, 0, 0 
8f12112,Tom Soderstrom,Thu Apr 23 00:40:59 2020,"Update README.md",   1, 1, 1 
73083f8,Tom Soderstrom,Thu Apr 23 00:39:57 2020,"Update README.md",   1, 6, 2 
08736c1,Chris Mattmann,Wed Apr 22 13:44:35 2020,"Update README.md",   1, 26 
f2deee5,Chris Mattmann,Wed Apr 22 13:41:04 2020,"Update README.md",   1, 23 
debf91f,Chris Mattmann,Wed Apr 22 13:36:13 2020,"Update README.md",   1, 12 
81e963b,Chris Mattmann,Wed Apr 22 13:33:24 2020,"Update README.md",   1, 11 
ec6627c,Chris Mattmann,Wed Apr 22 13:27:28 2020,"Update README.md",   1, 18 
01e6a87,Chris Mattmann,Wed Apr 22 13:25:05 2020,"Update README.md",   1, 6 
0c8b870,Chris Mattmann,Wed Apr 22 13:24:26 2020,"all figures for design 2.",   16, 0, 0 
95a4a1b,Chris Mattmann,Wed Apr 22 13:18:01 2020,"Move to docs folder.",   1, 0, 0 
4815c47,Chris Mattmann,Wed Apr 22 13:17:11 2020,"Update README.md",   1, 6 
4258567,Chris Mattmann,Wed Apr 22 13:16:07 2020,"Merge branch 'master' of github.com:nasa-jpl/COVID-19-respirators", 
5157e60,Chris Mattmann,Wed Apr 22 13:15:58 2020,"rest of design 1  images.",   3, 0, 0 
155e013,Chris Mattmann,Wed Apr 22 13:13:59 2020,"Merge branch 'master' of github.com:nasa-jpl/COVID-19-respirators", 
2c763b6,Chris Mattmann,Wed Apr 22 13:12:48 2020,"Design 1, figure 4.",   1, 0, 0 
c83931f,Chris Mattmann,Wed Apr 22 13:03:49 2020,"Design 1, figure 3.",   1, 0, 0 
1c274b7,Chris Mattmann,Wed Apr 22 13:02:51 2020,"Update README.md",   1, 22, 1 
16bc4de,Chris Mattmann,Wed Apr 22 12:56:56 2020,"Update README.md",   1, 12, 1 
1cd25c5,Chris Mattmann,Wed Apr 22 12:55:27 2020,"Merge branch 'master' of github.com:nasa-jpl/COVID-19-respirators", 
afa7e91,Chris Mattmann,Wed Apr 22 12:55:17 2020,"Design 1, Figure 2.",   1, 0, 0 
8aad907,Chris Mattmann,Wed Apr 22 12:53:14 2020,"Add figure d1-f1.",   1, 0, 0 
e883580,Chris Mattmann,Wed Apr 22 12:49:37 2020,"Update README.md",   1, 16 
2560ed2,David Mittman,Wed Apr 22 01:23:32 2020,"Fixed typo",   1, 1, 1 
22f84cc,Tom Soderstrom,Tue Apr 21 15:08:36 2020,"Update README.md",   1, 4, 1 
0d1bf3f,Tom Soderstrom,Tue Apr 21 14:51:34 2020,"Add files via upload",   1, 0, 0 
2470a7e,tomsoderstrom,Thu Apr 16 07:54:49 2020,"Initial commit",   2, 203 