commit id,author,date,comment,changed files,lines added,lines deleted

6bd8e40,Mathias Quintero,Mon Sep 14 07:09:52 2020,"Updating to latest version",   9, 2489, 1126 
341ca09,Mathias Quintero,Mon Sep 7 01:12:53 2020,"Updating everything",   5, 3703, 3148 
561846f,Mathias Quintero,Tue Apr 21 02:31:27 2020,"Updating to latest version of covidql",   8, 2442, 817 
89cd78c,Mathias Quintero,Sat Apr 4 19:38:40 2020,"Update README.md",   1, 12, 1 
93e8005,Mathias Quintero,Sat Apr 4 09:10:44 2020,"Updating UI and everything",   46, 1240, 330 
ca58a5b,Mathias Quintero,Sat Apr 4 08:15:42 2020,"Add Privacy Policy",   1, 53 
b99bd75,Mathias Quintero,Fri Apr 3 08:30:47 2020,"Update README.md",   1, 9 
a2aacf8,Mathias Quintero,Fri Apr 3 08:27:34 2020,"Add files via upload",   1, 0, 0 
d9f50be,Mathias Quintero,Fri Apr 3 07:59:03 2020,"initial draft",   22, 3502 
97c81e6,Mathias Quintero,Fri Apr 3 07:43:58 2020,"Initial commit",   3, 113 