commit id,author,date,comment,changed files,lines added,lines deleted

c766d0c,Daniel Burnley,Wed Sep 16 01:20:22 2020,"[LDAT-267] Add result selector",   5, 197, 10 
8bd03de,Daniel Burnley,Wed Sep 16 01:20:02 2020,"[LDAT-267] Update lib for reviewer app",   4, 16, 6 
0903343,Daniel Burnley,Wed Sep 16 01:19:18 2020,"[LDAT-267] Give serverless correct SQS permission",   1, 1 
dd17b70,Daniel Burnley,Thu Sep 10 00:46:24 2020,"Merge pull request #97 from nhsx/dependabot/npm_and_yarn/reviewer-app/e2e/bl-4.0.3", 
60ee169,Daniel Burnley,Thu Sep 10 00:45:50 2020,"Merge pull request #99 from nhsx/ldat-257-send-cognito-jwt", 
8fd39b7,barnc,Thu Sep 10 00:12:36 2020,"Merge pull request #100 from nhsx/ldat-266-reviewer-selection", 
495c7c4,barnc,Wed Sep 9 23:54:12 2020,"Merge pull request #98 from nhsx/ldat-252-photo-guide", 
5ec6665,Daniel Burnley,Thu Sep 3 23:04:57 2020,"Merge pull request #96 from nhsx/ldat-256-signup-flow", 
1575b2d,barnc,Thu Sep 3 20:17:41 2020,"Merge pull request #95 from nhsx/ldat-253-cognito-api", 
8f587a4,Daniel Burnley,Tue Aug 25 20:30:19 2020,"Merge pull request #94 from nhsx/ldat-260-cognito-terraform", 
d0db086,Daniel Burnley,Mon Aug 24 20:51:53 2020,"Fix deploy yaml syntax",   1, 3, 3 
10737dc,Daniel Burnley,Mon Aug 24 20:22:04 2020,"Merge pull request #93 from nhsx/ldat-255-cognito-frontend", 
6a2431b,Daniel Burnley,Fri Aug 21 17:52:47 2020,"Merge pull request #91 from nhsx/ldat-229-fetch-image-from-api", 
d4f3585,barnc,Wed Aug 19 23:46:11 2020,"Merge pull request #92 from nhsx/ldat-251-retrieve-image-endpoint", 
3ddece3,barnc,Tue Aug 18 21:48:46 2020,"Merge pull request #90 from nhsx/ldat-250-enqueue-images", 
17e5b73,Daniel Burnley,Mon Aug 17 21:00:25 2020,"Merge pull request #89 from nhsx/ldat-229-fetch-image-from-api", 
1e5db6a,Daniel Burnley,Fri Aug 14 21:00:43 2020,"Merge pull request #82 from nhsx/ldat-35-store-photo-upload-time", 
0da22c9,Daniel Burnley,Thu Aug 13 19:56:05 2020,"Merge pull request #88 from nhsx/ldat-225-reviewer-app-terraform", 
3e996e1,Barnaby Cotter,Tue Aug 11 21:02:19 2020,"fix name find and replace issues",   1, 5, 5 
4f5ce15,Barnaby Cotter,Tue Aug 11 20:56:18 2020,"fix empty file that appeared in merge",   1, 0, 0 
ce1b0b3,Barnaby Cotter,Tue Aug 11 20:49:57 2020,"fix failing tests",   1, 8 
11a07b7,barnc,Tue Aug 11 20:35:47 2020,"Merge pull request #87 from nhsx/reviewer-app", 
3d3bb13,Daniel Burnley,Tue Aug 11 19:25:21 2020,"Merge pull request #86 from nhsx/remove-material-ui", 
f04fec6,Daniel Burnley,Tue Aug 4 19:29:58 2020,"Merge pull request #77 from nhsx/ldat-138-prevent-closing", 
ad6f02a,Daniel Burnley,Tue Aug 4 19:29:44 2020,"Merge pull request #85 from nhsx/ldat-146-tests-fix", 
79d50b2,Daniel Burnley,Mon Aug 3 19:16:04 2020,"Merge pull request #84 from nhsx/dependabot/npm_and_yarn/elliptic-6.5.3", 
1485727,Daniel Burnley,Mon Aug 3 18:38:26 2020,"Merge pull request #83 from nhsx/add-tests-to-test-api", 
597fd88,Daniel Burnley,Thu Jul 23 19:01:37 2020,"Merge pull request #81 from nhsx/ldat-30-tests", 
6a400a3,Daniel Burnley,Wed Jul 22 17:56:12 2020,"Merge pull request #80 from nhsx/dependabot/npm_and_yarn/client/e2e/lodash-4.17.19", 
ff0722b,Daniel Burnley,Wed Jul 22 17:55:59 2020,"Merge pull request #79 from nhsx/dependabot/npm_and_yarn/lib/lodash-4.17.19", 
09f587c,Daniel Burnley,Wed Jul 22 17:55:42 2020,"Merge pull request #78 from nhsx/dependabot/npm_and_yarn/serverless/lodash-4.17.19", 
50f08e2,Daniel Burnley,Mon Jul 20 21:17:34 2020,"Merge pull request #76 from nhsx/ldat-61-cleanup", 
f84627f,Daniel Burnley,Wed Jul 15 19:31:22 2020,"Merge pull request #74 from nhsx/ldat-54-cleanup", 
e5d79e0,barnc,Tue Jul 14 01:53:50 2020,"Merge pull request #75 from nhsx/ldat-44-integrating-model", 
fe3e961,Barnaby Cotter,Tue Jul 14 01:29:20 2020,"move nock to regular dependencies",   1, 1, 1 
d2fba00,barnc,Tue Jul 14 01:05:44 2020,"Merge pull request #73 from nhsx/ldat-30-image-quality", 
87d85e3,barnc,Thu Jul 9 22:58:30 2020,"Merge pull request #72 from nhsx/ldat-54-update-pictures-and-steps", 
f1e21b1,Barnaby Cotter,Wed Jul 8 22:51:25 2020,"aws replacing dashes with Dash",   1, 2, 2 
f59ab6e,Barnaby Cotter,Wed Jul 8 22:39:01 2020,"dont use stage in reference var",   1, 1, 1 
efc17ed,Barnaby Cotter,Wed Jul 8 22:21:58 2020,"workaround for naming mismatch issue",   1, 2, 2 
cdae48e,Barnaby Cotter,Wed Jul 8 22:13:18 2020,"fix var name",   1, 1, 1 
d266ded,Barnaby Cotter,Wed Jul 8 22:01:12 2020,"Merge branch 'master' of github.com:nhsx/antibody-web", 
096c560,Barnaby Cotter,Wed Jul 8 21:59:38 2020,"add stage to state machine",   1, 1, 1 
44ebd14,Daniel Burnley,Tue Jul 7 18:01:46 2020,"Merge pull request #70 from nhsx/pull-request-template", 
1ec5d95,Daniel Burnley,Fri Jul 3 00:43:56 2020,"Merge pull request #68 from nhsx/update-screens", 
200d9d3,barnc,Thu Jul 2 21:56:22 2020,"Merge pull request #65 from nhsx/browser-notifications", 
2eb2d19,Barnaby Cotter,Wed Jul 1 22:08:47 2020,"Initial pass at jwt authentication flow interfacing with ws2",   20, 249, 74 
e0895b6,Daniel Burnley,Wed Jul 1 19:43:25 2020,"Merge pull request #66 from nhsx/additional-route-testing", 
67af6f8,Barnaby Cotter,Tue Jun 30 18:13:50 2020,"Upload task to augmented ai",   2, 36, 75 
62297ad,Barnaby Cotter,Thu Jun 25 22:46:33 2020,"Add state machine for handling our push notification pipeline. Add browser notifications for returning to test",   23, 3637, 701 
ec4ac3d,Daniel Burnley,Mon Jun 22 19:20:30 2020,"Merge pull request #64 from nhsx/test-routes-tests", 
b8d96b3,Daniel Burnley,Thu Jun 18 23:00:39 2020,"Merge pull request #63 from nhsx/test-routes-tests", 
8f7a573,barnc,Thu Jun 18 22:18:48 2020,"Merge pull request #60 from nhsx/logging", 
8cc4d23,Daniel Burnley,Thu Jun 18 19:32:15 2020,"Merge pull request #62 from nhsx/preview-1", 
ddfb745,Barnaby Cotter,Wed Jun 17 17:41:53 2020,"update branch name after ci testing",   1, 1, 1 
3c6f73c,Daniel Burnley,Wed Jun 17 01:02:47 2020,"Merge pull request #61 from nhsx/preview-1", 
1bf92c5,barnc,Tue Jun 16 19:29:22 2020,"Merge pull request #59 from nhsx/flag-image-upload", 
b445d91,Daniel Burnley,Tue Jun 16 19:06:30 2020,"Merge pull request #57 from nhsx/update-api-socs", 
f8724f1,barnc,Tue Jun 16 18:34:47 2020,"Merge pull request #58 from nhsx/ci-test", 
fe5c89a,Barnaby Cotter,Mon Jun 15 21:49:47 2020,"put tmate at end",   1, 3, 3 
3e30446,Barnaby Cotter,Mon Jun 15 21:38:34 2020,"Move serve into public folder, add tmate",   3, 8, 5 
f7f7341,Barnaby Cotter,Mon Jun 15 21:06:35 2020,"Add PUBLIC_URL env var to e2e test step",   1, 2 
94c1471,Barnaby Cotter,Mon Jun 15 20:45:07 2020,"change to headless mode",   1, 1, 1 
22967ad,Barnaby Cotter,Mon Jun 15 20:37:07 2020,"Add missing test step",   1, 6, 6 
b461f51,Barnaby Cotter,Mon Jun 15 20:27:54 2020,"set up e2e folder as mini package so we can reinstall it in e2e test job, instead of dling huge artifacts folder",   4, 4035, 1398 
4f35d53,Barnaby Cotter,Mon Jun 15 19:17:45 2020,"fix path",   1, 2, 2 
983136c,Barnaby Cotter,Mon Jun 15 18:55:27 2020,"fix typo",   1, 1, 1 
369ffad,Barnaby Cotter,Mon Jun 15 18:48:43 2020,"pass tests through and npx jest",   1, 12, 2 
2b6ca2f,Barnaby Cotter,Mon Jun 15 18:19:05 2020,"Run serve as bg task",   1, 1, 1 
cbe58fe,Barnaby Cotter,Sat Jun 13 03:54:44 2020,"forgot to change back to build",   1, 4, 3 
91503fa,Barnaby Cotter,Sat Jun 13 03:48:01 2020,"move to npx",   1, 1, 1 
f2b4848,Barnaby Cotter,Sat Jun 13 03:30:47 2020,"Copy entire client folder as build artifact",   1, 3, 4 
97b1a7d,Barnaby Cotter,Sat Jun 13 03:18:46 2020,"output artifact path",   1, 1, 1 
2b3f682,Barnaby Cotter,Sat Jun 13 03:18:26 2020,"output artifact path",   1, 2, 1 
93ada7e,Barnaby Cotter,Sat Jun 13 02:58:24 2020,"try full path",   1, 1, 1 
7a0fb13,Barnaby Cotter,Sat Jun 13 02:49:58 2020,"share build folder as n artifact between build and e2e test job",   1, 11, 2 
ce1e660,Barnaby Cotter,Sat Jun 13 02:33:26 2020,"drop jest version back down",   1, 1, 1 
6955371,Barnaby Cotter,Sat Jun 13 02:31:29 2020,"Fix workflow dep name",   1, 1, 1 
fd2ee97,barnc,Sat Jun 13 02:30:22 2020,"Merge pull request #56 from nhsx/e2e-tests", 
cf6264b,Daniel Burnley,Thu Jun 11 19:16:53 2020,"Merge pull request #54 from nhsx/serverless-changes", 
2520c01,barnc,Wed Jun 10 22:44:51 2020,"Merge pull request #53 from nhsx/screen-improvements", 
bb0efd9,Daniel Burnley,Wed Jun 10 20:21:38 2020,"Merge pull request #52 from nhsx/client-terraform", 
416df31,barnc,Wed Jun 10 19:54:22 2020,"Merge pull request #50 from nhsx/e2e-screens", 
a2f16c7,barnc,Mon Jun 8 22:42:36 2020,"Merge pull request #49 from nhsx/dependabot/npm_and_yarn/websocket-extensions-0.1.4", 
b9cc505,barnc,Sat Jun 6 01:57:29 2020,"Merge pull request #48 from nhsx/interpret-front-end", 
9f48497,barnc,Fri Jun 5 22:45:05 2020,"Merge pull request #47 from nhsx/fix/nhsuk-react-update", 
394c7f9,barnc,Fri Jun 5 20:28:00 2020,"Merge pull request #42 from nhsx/interpret-endpoint", 
0212be9,barnc,Fri Jun 5 19:54:29 2020,"Merge pull request #45 from mathewsb/footer", 
f4ec68d,barnc,Fri Jun 5 19:54:00 2020,"Merge pull request #46 from mathewsb/timer-fixes", 
91e2987,barnc,Fri Jun 5 18:16:26 2020,"Merge pull request #44 from mathewsb/new-camera", 
1e44b14,Daniel Burnley,Fri Jun 5 03:05:54 2020,"Merge pull request #43 from nhsx/additional-screen", 
d9d8d3b,Daniel Burnley,Thu Jun 4 23:58:45 2020,"Merge pull request #28 from nhsx/survey-objects", 
79637be,Daniel Burnley,Thu Jun 4 23:46:19 2020,"Merge pull request #39 from nhsx/docker-folder", 
cb334f2,Daniel Burnley,Thu Jun 4 23:46:06 2020,"Merge pull request #40 from nhsx/update-existing-screen-content", 
c2e0db4,Steve Knight,Thu Jun 4 22:29:48 2020,"Merge pull request #41 from nhsx/clean-console-errors", 
8a37448,Daniel Burnley,Thu Jun 4 20:35:45 2020,"Merge pull request #38 from nhsx/ecs-load-balance", 
2383ad5,Daniel Burnley,Thu Jun 4 00:51:29 2020,"Merge pull request #35 from nhsx/ecs-terraform", 
974c2dd,Steve Knight,Wed Jun 3 23:49:57 2020,"Merge pull request #37 from nhsx/fix/form-spacing-markup", 
c699931,Barnaby Cotter,Wed Jun 3 23:31:33 2020,"Merge branch 'lambda-authorizer'", 
7be5bb2,Barnaby Cotter,Wed Jun 3 23:26:56 2020,"Fix missing dep",   3, 1186, 24 
c75284a,barnc,Wed Jun 3 22:39:25 2020,"Merge pull request #36 from nhsx/lambda-authorizer", 
cf685c6,Barnaby Cotter,Wed Jun 3 22:33:58 2020,"Ignore webpack folder, fix tests",   7, 5, 475 
cfe5110,Barnaby Cotter,Wed Jun 3 22:26:39 2020,"Move serverless to serverless-webpack and move typescript compilation in there. Fix authorizer deployment onto aws",   5, 7, 6 
f08faeb,Barnaby Cotter,Wed Jun 3 22:22:06 2020,"Move serverless to serverless-webpack and move typescript compilation in there. Fix authorizer deployment onto aws",   22, 2075, 90 
1e62af8,barnc,Tue Jun 2 19:07:49 2020,"Merge pull request #34 from nhsx/lambda-authorizer", 
a1b4757,Barnaby Cotter,Tue Jun 2 18:40:48 2020,"remove jscookie from root",   4, 22, 132 
0321324,Barnaby Cotter,Tue Jun 2 01:37:49 2020,"Fix some type issues",   2, 5, 7 
84bdad5,Barnaby Cotter,Tue Jun 2 01:16:33 2020,"merge master", 
a4b1cb6,Barnaby Cotter,Tue Jun 2 01:10:35 2020,"Get tests up and running with auth rework, add basic test for authorizer",   30, 291, 125 
a4bab6a,Barnaby Cotter,Mon Jun 1 22:01:48 2020,"Add authorization flow for easy integration with JWTs",   9, 411, 7 
c5e6ffa,Barnaby Cotter,Mon Jun 1 20:11:04 2020,"Add eager saving to test record, fix state dependency issues",   9, 38, 15621 
878d90c,Steve Knight,Mon Jun 1 19:27:43 2020,"Merge pull request #32 from nhsx/remove-material-ui2", 
addddde,Barnaby Cotter,Fri May 29 23:55:44 2020,"fix error handling on uploads to throw on statuses 400-5xx",   14, 22799, 14 
eca9689,barnc,Fri May 29 20:44:14 2020,"Merge pull request #31 from mathewsb/reducer-types", 
914aac3,Barnaby Cotter,Fri May 29 17:56:39 2020,"remove region env var",   1, 1 
cd8bebc,barnc,Fri May 29 03:51:48 2020,"Merge pull request #30 from nhsx/data-persistence", 
538e265,Daniel Burnley,Thu May 28 00:42:28 2020,"Merge pull request #27 from nhsx/toggle-upload-button", 
6ba9201,Daniel Burnley,Wed May 27 21:08:33 2020,"Merge pull request #26 from nhsx/serverless-yml-improvements", 
c10de52,barnc,Wed May 27 01:03:58 2020,"Merge pull request #24 from nhsx/upload-confirmation", 
5e085cf,Daniel Burnley,Wed May 27 00:47:36 2020,"Merge pull request #25 from nhsx/add-s3-iam-roles", 
b5b7d11,barnc,Tue May 26 23:06:00 2020,"Merge pull request #23 from nhsx/upload-confirmation", 
a69870f,barnc,Sat May 23 03:12:51 2020,"Merge pull request #22 from nhsx/error-handling", 
4ce66d7,barnc,Fri May 22 21:59:25 2020,"Merge pull request #16 from nhsx/error-handling", 
cf822f1,barnc,Fri May 22 21:49:32 2020,"Merge pull request #20 from nhsx/subfolder-dependencies", 
066369d,Daniel Burnley,Fri May 22 21:19:49 2020,"Merge pull request #21 from nhsx/fix-login-provider", 
0b60c7b,Barnaby Cotter,Fri May 22 20:58:47 2020,"Add missing content to example env",   1, 2 
f888102,Steve Knight,Fri May 22 20:20:51 2020,"Merge pull request #19 from nhsx/next-button-test", 
5be4c65,Daniel Burnley,Fri May 22 19:59:49 2020,"Merge pull request #18 from nhsx/serverless-iam-role", 
e94dba2,Barnaby Cotter,Fri May 22 19:54:11 2020,"unignore example env file",   2, 1 
d2fe113,Daniel Burnley,Fri May 22 18:51:01 2020,"Update API base url",   1, 1, 1 
8846064,Daniel Burnley,Fri May 22 17:48:51 2020,"Merge pull request #17 from nhsx/tweaks/nhsuk-frontend", 
02e9ae1,Daniel Burnley,Fri May 22 02:37:11 2020,"Merge pull request #15 from nhsx/ensure-login-cookie-set", 
d4c29c9,barnc,Fri May 22 02:04:56 2020,"Merge pull request #13 from nhsx/prop-linting", 
abc4541,Daniel Burnley,Fri May 22 01:59:39 2020,"Define environment variables in build step",   1, 3, 2 
24aa810,Steve Knight,Fri May 22 01:45:34 2020,"Merge pull request #14 from nhsx/next-button", 
79fa49c,Barnaby Cotter,Fri May 22 01:40:10 2020,"Merge branch 'master' of github.com:nhsx/antibody-web", 
a2304ad,Barnaby Cotter,Fri May 22 01:40:01 2020,"Set up env vars for api base and api stage, add an example.env file to client",   5, 9, 2 
f81b786,Barnaby Cotter,Thu May 21 22:03:19 2020,"Remove old handler from serverless.yml",   3, 10, 15 
0db1183,barnc,Thu May 21 20:20:55 2020,"Merge pull request #10 from nhsx/feature/s3url-upload", 
6187a62,Daniel Burnley,Thu May 21 01:42:45 2020,"Merge pull request #11 from nhsx/login-stub-page", 
c83b794,Steve Knight,Wed May 20 20:10:32 2020,"Merge pull request #7 from nhsx/feature/i18n", 
12768ff,Daniel Burnley,Wed May 20 19:44:56 2020,"Merge pull request #6 from nhsx/test-run-steps-test-harness", 
6c11254,Steve Knight,Wed May 20 19:43:18 2020,"Merge pull request #9 from nhsx/readme2", 
2582f6e,Steve Knight,Wed May 20 19:01:31 2020,"Merge pull request #8 from nhsx/readmecoc", 
62b02d4,Terence Eden,Wed May 20 18:29:37 2020,"Create CODE_OF_CONDUCT.md",   1, 73 
d6fd158,Steve Knight,Wed May 20 00:16:17 2020,"Merge pull request #5 from nhsx/readme", 
360fa95,Barnaby Cotter,Tue May 19 22:14:13 2020,"Add test.env file",   2, 3 
39e58d9,Barnaby Cotter,Tue May 19 22:07:36 2020,"Hopefully fix env resolution",   4, 12, 3 
3b88f6b,Barnaby Cotter,Tue May 19 21:23:56 2020,"remove some erroneous logging",   1, 1, 4 
4800dc5,Barnaby Cotter,Tue May 19 21:23:07 2020,"Merge branch 'master' of github.com:nhsx/antibody-web", 
ca70737,Barnaby Cotter,Tue May 19 21:23:00 2020,"ignore jest config file in eslint",   1, 2, 1 
13d7323,Barnaby Cotter,Tue May 19 21:22:43 2020,"Get ts working well across both repos, add s3 signed url endpoint + initial tests",   15, 310, 227 
b471295,Barnaby Cotter,Tue May 19 01:26:48 2020,"Merge dan's changes", 
3952d68,Barnaby Cotter,Tue May 19 01:22:38 2020,"add jest linting, remove prettier due to conflicts",   6, 24, 24 
24f8c1a,Barnaby Cotter,Tue May 19 01:01:55 2020,"trying to fix dodgy eslint plugin",   3, 13, 6 
557caa9,Daniel Burnley,Tue May 19 00:54:56 2020,"Add support for a back button",   2, 46, 3 
d13695d,Barnaby Cotter,Tue May 19 00:54:08 2020,"tab size spaces issue",   4, 8, 6 
09a55f5,Barnaby Cotter,Tue May 19 00:35:50 2020,"Beat eslint typescript into shape, fix linting issues on imported codebase",   26, 1009, 87 
98bbc78,Daniel Burnley,Mon May 18 23:57:23 2020,"Merge pull request #3 from nhsx/check-your-test-kit-content", 
7693830,Barnaby Cotter,Mon May 18 23:21:15 2020,"Hook in eslint typescript parser",   10, 228, 537 
fbc2d74,Daniel Burnley,Mon May 18 23:09:56 2020,"Merge pull request #2 from nhsx/nhs-frontend-test-runs", 
1e2b6a2,Barnaby Cotter,Mon May 18 22:32:39 2020,"more flags",   1, 1, 6 
997ef24,Barnaby Cotter,Mon May 18 22:24:11 2020,"tsconfig tweak",   1, 6, 1 
93a954f,Barnaby Cotter,Mon May 18 21:22:29 2020,"Fix ts errors on deploy",   2, 12, 9 
34d3743,Barnaby Cotter,Mon May 18 20:55:00 2020,"Fix linting errors",   4, 6, 8 
0d2ad69,Barnaby Cotter,Mon May 18 18:21:59 2020,"Fix failing tests on upload endpoint",   3, 69, 51 
891aa38,Barnaby Cotter,Sat May 16 02:29:32 2020,"Merge branch 'master' of github.com:nhsx/antibody-web", 
a9df8fd,Barnaby Cotter,Sat May 16 02:28:23 2020,"Add in barebones of audere app, strip out firebase and unnecessary screens + libs. add cors and fix some lambda responses",   73, 58216, 125 
564eb4e,Barnaby Cotter,Fri May 15 19:40:58 2020,"Merge branch 'master' of github.com:nhsx/antibody-web", 
d563a0d,Barnaby Cotter,Fri May 15 19:40:53 2020,"Add openAPI spec, improve endpoint and error handling",   3, 96, 8 
5912f91,Barnaby Cotter,Fri May 15 02:35:10 2020,"Merge branch 'master' of github.com:nhsx/antibody-web", 
ded73c1,Barnaby Cotter,Fri May 15 02:34:56 2020,"Add dynamo db checking, fully mock aws pipeline",   4, 136, 107 
5ffbf9d,Barnaby Cotter,Fri May 15 00:45:35 2020,"Add typescript support to serverless, add testing framework for serverless endpoints. Add npm run test from root to test both client + serverless",   11, 5108, 106 
d20b9c8,Barnaby Cotter,Thu May 14 21:47:44 2020,"Add some eslint config, add missing gitignore bits",   25, 601, 154545 
8c10233,Barnaby Cotter,Thu May 14 21:33:15 2020,"swap for ts cra, shift folder structure, add serverless",   48, 167089, 10851 
a8e42f1,Barnaby Cotter,Thu May 14 21:11:20 2020,"Initialize project using Create React App",   18, 11247 