commit id,author,date,comment,changed files,lines added,lines deleted

7143d07,Sergi Valverde,Sat May 23 02:58:13 2020,"Merge pull request #14 from rmartimarly/master", 
4ddc2a2,Sergi Valverde,Thu May 14 02:35:04 2020,"updated methods",   1, 8 
89b5cc5,dependabot[bot],Mon Apr 20 03:06:41 2020,"Bump bleach from 3.1.1 to 3.1.4 in /models/COVID-ResNet2",   1, 1, 1 
448b4b9,Sergi Valverde,Mon Apr 20 03:06:16 2020,"Merge pull request #11 from rmartimarly/master", 
49af329,Sergi Valverde,Sun Apr 12 17:55:36 2020,"Merge pull request #10 from rmartimarly/master", 
8c8ccf7,Sergi Valverde,Sun Apr 12 03:06:58 2020,"Merge pull request #9 from rmartimarly/patch-1", 
4e3f5c7,Sergi Valverde,Sat Apr 11 04:19:58 2020,"Merge pull request #8 from sergivalverde/master", 
d43901c,Sergi Valverde,Fri Apr 10 07:00:07 2020,"Merge pull request #7 from sergivalverde/master", 
12bc426,Sergi Valverde,Thu Apr 9 02:29:32 2020,"removed test_repo",   5, 1526 
1e9d14c,Sergi Valverde,Thu Apr 9 02:24:55 2020,"Merge pull request #5 from sergivalverde/master", 
f259467,Sergi Valverde,Tue Apr 7 07:44:24 2020,"added COVID-net paper",   1, 1, 3 
9c25b8b,Sergi Valverde,Sat Apr 4 21:23:23 2020,"added BIMVC dataset",   1, 1, 1 
086d366,Sergi Valverde,Sat Apr 4 21:22:50 2020,"added BIMVC dataset",   1, 12, 3 
e6775d2,Sergi Valverde,Sat Apr 4 21:14:24 2020,"updated info",   3, 6, 1 
1afcae6,Sergi Valverde,Wed Apr 1 02:49:16 2020,"upated best practices",   1, 15 
087e383,Sergi Valverde,Wed Apr 1 02:46:28 2020,"added blog post",   1, 2 
4d759d0,Sergi Valverde,Wed Apr 1 02:41:00 2020,"updated methods",   3, 8, 8 
cc7e8cd,Sergi Valverde,Wed Apr 1 02:36:50 2020,"update doc + added models",   3, 19, 3 
42f73ae,Sergi Valverde,Wed Apr 1 02:23:52 2020,"first commit",   2, 88, 1 
4cc1805,Sergi Valverde,Wed Apr 1 01:48:41 2020,"Initial commit",   1, 2 