commit id,author,date,comment,changed files,lines added,lines deleted

3ade59d,Mohit Devda,Tue Jun 23 02:56:54 2020,"Merge pull request #47 from nikhil96widhani/mohit-1", 
51f9b8e,Mohit Devda,Mon Jun 22 04:58:12 2020,"Added support for new API for Canada and US, added new card for stats and added a new country selector",   11, 706, 294 
c2e2b08,Mohit Devda,Mon Jun 15 01:11:56 2020,"Added a new page which can be accessed by localhost/m-test, added new cards, card graphs, countries comparison graph and some modifications.",   11, 981, 29 
bb96a90,Mohit Devda,Sun Jun 7 03:14:36 2020,"Merge pull request #46 from nikhil96widhani/mohit-1", 
fc233e8,Mohit Devda,Sun Jun 7 03:10:50 2020,"Removed Google Chart and fixed index.html issues",   8, 119, 185 
80e8a46,dependabot[bot],Sat Jun 6 19:44:06 2020,"Bump django from 3.0.6 to 3.0.7",   1, 1, 1 
d4931ab,Mohit Devda,Sat Jun 6 01:50:38 2020,"Merge remote-tracking branch 'remotes/origin/master' into mohit-1", 
c8982f0,Mohit Devda,Sat Jun 6 01:46:11 2020,"Merged radial bars and line chart",   3, 71, 38 
8c0cff7,Nikhil Widhani,Fri Jun 5 12:08:09 2020,"Merge pull request #44 from nikhil96widhani/nikhil", 
67f2661,Nikhil Widhani,Fri Jun 5 12:07:13 2020,"Api Migration and KMB Formatting",   10, 125, 228 
a2160fc,Nikhil Widhani,Fri Jun 5 04:39:31 2020,"Merge pull request #43 from nikhil96widhani/mohit-1", 
ba4ad05,Mohit Devda,Fri Jun 5 03:30:25 2020,"Added triple-line-chart and radial-bars, changed the columns in index.html",   9, 253, 175 
a85017c,Mohit Devda,Tue Jun 2 03:09:33 2020,"Merge remote-tracking branch 'remotes/origin/master' into mohit-1", 
141b0d0,Mohit Devda,Tue Jun 2 02:10:21 2020,"Committing settings.py",   1, 36, 36 
87e3d81,Nikhil Widhani,Tue Jun 2 00:47:03 2020,"Merge pull request #42 from nikhil96widhani/nikhil", 
29a7a01,Mohit Devda,Mon Jun 1 05:32:20 2020,"Merge remote-tracking branch 'remotes/origin/master' into mohit-1", 
f0ff569,Mohit Devda,Mon Jun 1 05:22:02 2020,"Added a demo line chart",   4, 169, 18 
b6691f4,Mohit Devda,Sun May 31 06:36:50 2020,"Merge pull request #41 from nikhil96widhani/mohit-1", 
71e9400,Mohit Devda,Sun May 31 06:34:09 2020,"Merge remote-tracking branch 'remotes/origin/master' into mohit-1", 
0fed077,Nikhil Widhani,Sun May 31 03:56:10 2020,"Merge pull request #40 from nikhil96widhani/nikhil", 
50433d4,Nikhil Widhani,Fri May 29 10:26:18 2020,"Merge pull request #32 from nikhil96widhani/nikhil", 
3db09a3,Nikhil Widhani,Fri May 29 09:53:40 2020,"Merge pull request #31 from nikhil96widhani/nikhil", 
919e457,Nikhil Widhani,Fri May 29 09:47:07 2020,"Merge pull request #30 from nikhil96widhani/nikhil", 
c12b6c0,Nikhil Widhani,Fri May 29 09:12:36 2020,"Merge pull request #29 from nikhil96widhani/nikhil", 
1365e3b,Mohit Devda,Fri May 29 05:34:00 2020,"Made changes to news modal",   6, 504, 321 
1610a98,Mohit Devda,Thu May 28 02:53:06 2020,"Added style.css and news-modal",   6, 128, 50 
9e61e25,Nikhil Widhani,Wed May 27 07:49:58 2020,"Merge pull request #26 from nikhil96widhani/nikhil", 
ebd99a8,Nikhil Widhani,Wed May 27 07:37:43 2020,"Merge pull request #25 from nikhil96widhani/nikhil", 
156c71e,Nikhil Widhani,Wed May 27 02:16:38 2020,"Merge pull request #24 from nikhil96widhani/nikhil", 
dd4aa47,Nikhil Widhani,Tue May 26 02:33:19 2020,"Merge pull request #20 from nikhil96widhani/nikhil", 
7479c1d,Mohit Devda,Tue May 26 02:10:57 2020,"Made modifications to loading bar and removed spinner",   4, 5, 67 
2bd7d04,Nikhil Widhani,Mon May 25 12:48:17 2020,"Merge pull request #19 from nikhil96widhani/nikhil", 
30c5e26,Nikhil Widhani,Mon May 25 06:20:48 2020,"Merge pull request #15 from nikhil96widhani/nikhil", 
da61526,Nikhil Widhani,Mon May 25 06:00:37 2020,"Merge pull request #14 from nikhil96widhani/mohit-1", 
c95ef99,Mohit Devda,Mon May 25 01:06:00 2020,"Added 'Pace' loading plugin dependencies",   4, 85, 5 
3a4aaa4,Mohit Devda,Sun May 24 18:24:16 2020,"Merge pull request #12 from nikhil96widhani/master", 
913d3e8,Nikhil Widhani,Sun May 24 13:47:35 2020,"Removed Line chart & UI fixes",   13, 360, 567 
fdea09e,Nikhil Widhani,Sun May 24 10:14:28 2020,"v1.1 AJAX calls to API added except table",   5, 319, 312 
77f4187,Nikhil Widhani,Sun May 24 06:26:15 2020,"Added DJANGO REST FRAMEWORK & Ajax Calls",   30, 844, 203 
201320d,Nikhil Widhani,Thu May 21 02:10:10 2020,"Added covid.nikhilwidhani.com hostname",   1, 1, 1 
829c6d2,Nikhil Widhani,Thu May 21 01:47:52 2020,"added countries.json",   3, 6, 16 
452bcda,Nikhil Widhani,Thu May 21 01:36:29 2020,"fixes to server error get country code & resizing",   4, 41, 28 
9d6972b,Nikhil Widhani,Wed May 20 11:21:21 2020,"added google charts & GeoChart",   5, 391, 401 
37a5af2,Nikhil Widhani,Wed May 20 06:37:28 2020,"added favicon",   4, 50, 50 
b3a7c8c,Nikhil Widhani,Wed May 20 06:32:37 2020,"added favicon",   4, 50, 50 
0428390,Nikhil Widhani,Wed May 20 06:29:03 2020,"added favicon",   3, 2, 2 
0772c7d,Nikhil Widhani,Wed May 20 06:28:16 2020,"added favicon",   3, 3, 3 
405e4cc,Nikhil Widhani,Wed May 20 06:17:48 2020,"added favicon",   4, 51, 51 
fa47b5a,Nikhil Widhani,Wed May 20 06:16:47 2020,"added favicon",   33, 330, 268 
6d6debf,Nikhil Widhani,Wed May 20 04:52:11 2020,"minified js,css & DataTable formatting",   15, 491, 423 
7e4f614,Nikhil Widhani,Tue May 19 12:50:53 2020,"V 1.0 UI changes and Datatable addition",   1, 12, 12 
bf6d970,Nikhil Widhani,Tue May 19 12:49:38 2020,"V 1.0 UI changes and Datatable addition",   9, 178, 42 
4ddc699,Nikhil Widhani,Tue May 19 09:57:24 2020,"New UI pre release",   1, 16 
db50ed3,Nikhil Widhani,Tue May 19 09:45:58 2020,"New UI pre release",   14, 16141, 202 
609e38f,Nikhil Widhani,Tue May 19 05:08:07 2020,"New UI pre release",   2, 111, 111 
779a55a,Nikhil Widhani,Tue May 19 05:00:15 2020,"New UI pre release",   27, 27040, 209 
7d7cb10,Nikhil Widhani,Sat May 16 08:40:18 2020,"Ui minor changes",   10, 41, 16 
9e13156,Nikhil Widhani,Fri May 15 13:18:21 2020,"footer fixed",   2, 27, 10 
198927b,Nikhil Widhani,Fri May 15 13:09:16 2020,"footer fixed",   2, 14, 29 
f7c6430,Nikhil Widhani,Fri May 15 12:56:30 2020,"whitenoice added",   3, 13, 5 
1ad0f86,Nikhil Widhani,Fri May 15 12:43:31 2020,"Added bootstrap and ui changes",   30, 44888, 62 
9b3e609,Nikhil Widhani,Fri May 15 10:34:29 2020,"Added Footer",   2, 3 
a98483d,Nikhil Widhani,Fri May 15 10:26:41 2020,"Initial commit",   2, 2, 7 
d75a6c1,Nikhil Widhani,Fri May 15 10:23:03 2020,"Initial commit",   4, 5, 12 
a1092c0,Nikhil Widhani,Fri May 15 10:06:27 2020,"Initial commit",   2, 1, 1 
a931659,Nikhil Widhani,Fri May 15 10:04:32 2020,"Initial commit",   2, 1 
d03bb44,Nikhil Widhani,Fri May 15 09:51:13 2020,"Initial commit",   1, 2, 1 
9d8c404,Nikhil Widhani,Fri May 15 09:50:40 2020,"Initial commit",   48, 662 