commit id,author,date,comment,changed files,lines added,lines deleted

0ea3e48,NunezKant,Fri Apr 3 14:56:46 2020,"Agrego Bayesian ODE solutions",   1, 1008, 14 
2d8c792,NunezKant,Fri Apr 3 11:08:27 2020,"remover funciones inutiles",   1, 3, 91 
bafb190,NunezKant,Fri Apr 3 11:03:47 2020,"Typos",   1, 58, 53 
50cb35c,NunezKant,Thu Apr 2 19:55:17 2020,"Se agregó estimación de incertidumbre, y ajuste de R0 con observaciones.",   1, 1848, 6 
327e1b4,NunezKant,Sun Mar 29 05:15:58 2020,"Bug en if de intervención",   1, 17, 17 
9cbf72c,NunezKant,Sat Mar 28 09:47:52 2020,"Improved occurracy in differential equations",   1, 81, 75 
adcbb68,NunezKant,Sat Mar 28 09:27:20 2020,"Mejora en resolución de sistema de ecuaciones",   1, 162, 183 
0e8c46d,NunezKant,Sat Mar 28 05:41:56 2020,"Typos",   1, 442, 105 
c357968,NunezKant,Sat Mar 28 05:23:02 2020,"Agregados diferentes escenarios",   1, 888, 420 
6a2566e,NunezKant,Wed Mar 25 09:34:27 2020,"Agregados muertes y casos graves",   1, 341, 37 
2bf2228,NunezKant,Tue Mar 24 19:04:34 2020,"Typos",   1, 12, 9 
7231de8,NunezKant,Tue Mar 24 17:29:38 2020,"Estética, comentarios sobre asintomáticos y no reportados.",   1, 87, 69 
1ad9834,NunezKant,Tue Mar 24 10:59:41 2020,"Update README.md",   1, 12, 1 
e8033a9,NunezKant,Tue Mar 24 10:32:27 2020,"Merge pull request #1 from NunezKant/add-license-1", 
cdd84e0,NunezKant,Tue Mar 24 10:31:32 2020,"Create LICENSE",   1, 21 
bb49314,NunezKant,Tue Mar 24 09:44:37 2020,"Typos",   1, 2, 2 
098897b,NunezKant,Tue Mar 24 09:39:25 2020,"Incluido análisis de asintomáticos y no reportados",   1, 262, 28 
8308141,NunezKant,Tue Mar 24 06:06:28 2020,"Consistencia (Cambio de ZMG a Jalisco), se Ahondó en algunas recomendaciones.",   1, 46, 43 
fa43086,NunezKant,Mon Mar 23 08:23:42 2020,"Creado mediante Colaboratory",   1, 713 
bce3149,NunezKant,Mon Mar 23 08:23:15 2020,"Initial commit",   1, 2 