commit id,author,date,comment,changed files,lines added,lines deleted

29f844e,Bruno Vieira,Tue Jun 2 22:54:20 2020,"Update README.md",   1, 1, 1 
8257703,Bruno Vieira,Tue Jun 2 22:53:59 2020,"Update README.md",   1, 2, 2 
5e1182c,Bruno Vieira,Tue Jun 2 13:19:09 2020,"Update README.md",   1, 4, 1 
50293d7,Bruno Vieira,Wed Apr 29 13:35:15 2020,"Update issue templates",   2, 52 
58a9c12,bruno.cruz,Wed Apr 22 14:32:44 2020,"+ update initial paging",   1, 1, 1 
e0c1e37,bruno.cruz,Wed Apr 22 13:55:34 2020,"Merge branch 'develop'", 
39a5a82,bruno.cruz,Wed Apr 22 13:54:59 2020,"+ update version to 1.2.0",   1, 2, 2 
e05ce40,bruno.cruz,Wed Apr 22 13:54:49 2020,"+ update care's style",   1, 1, 1 
23f76fc,bruno.cruz,Wed Apr 22 13:54:32 2020,"+ update readme",   1, 6, 5 
76634e8,bruno.cruz,Wed Apr 22 13:42:19 2020,"+ update cache policy",   2, 68, 43 
6ba2ed7,bruno.cruz,Wed Apr 22 13:41:27 2020,"+ create new extensions",   3, 24 
369fa7e,bruno.cruz,Wed Apr 22 13:40:46 2020,"+ update news' presentation logic",   2, 12, 10 
42dadf4,bruno.cruz,Wed Apr 22 13:40:19 2020,"+ update country iso recovering from NewsDataSource.kt",   1, 15, 5 
b572483,bruno.cruz,Wed Apr 22 12:26:35 2020,"+ format date and update colors' indicator",   1, 25, 7 
80bea06,bruno.cruz,Wed Apr 22 12:26:10 2020,"+ add drawable for `publish at`",   2, 13 
f03216f,bruno.cruz,Wed Apr 22 12:25:55 2020,"+ update layout margin",   1, 1, 1 
c7dc638,bruno.cruz,Wed Apr 22 12:25:36 2020,"+ update styles",   1, 1 
4ceea46,bruno.cruz,Mon Apr 20 12:40:36 2020,"+ translate strings",   1, 8 
ce45098,bruno.cruz,Mon Apr 20 12:38:11 2020,"+ return country iso as result data from search",   1, 4, 1 
8eaaa36,bruno.cruz,Mon Apr 20 12:37:43 2020,"+ map iso attribute of country info",   1, 10, 3 
830b687,bruno.cruz,Mon Apr 20 12:37:31 2020,"- remove unused constants",   3, 1, 8 
f5caa71,bruno.cruz,Mon Apr 20 12:37:01 2020,"+ update fragment management",   2, 64, 26 
2d630d1,bruno.cruz,Mon Apr 20 12:36:34 2020,"+ store country iso",   3, 43, 19 
7acb989,bruno.cruz,Mon Apr 20 12:35:52 2020,"+ update DI configuration",   4, 24, 10 
98b98aa,bruno.cruz,Mon Apr 20 12:35:09 2020,"+ update news repository's structure",   3, 167, 2 
75e713e,bruno.cruz,Mon Apr 20 12:34:29 2020,"+ update layouts attributes",   3, 4, 6 
4a97d7e,bruno.cruz,Mon Apr 20 12:34:08 2020,"+ add new drawables",   2, 13 
d559bef,bruno.cruz,Mon Apr 20 12:33:54 2020,"+ add new values",   3, 13, 2 
30cee70,bruno.cruz,Mon Apr 20 12:33:20 2020,"+ redirect user to chrome tabs when opening external link + create paging structure for NewsFragment.kt",   2, 59, 31 
0f43700,bruno.cruz,Mon Apr 20 12:32:30 2020,"+ create paging logic for news structure",   4, 118, 47 
774be24,bruno.cruz,Mon Apr 20 12:31:08 2020,"+ add paging library dependency",   2, 18, 10 
862d57c,bruno.cruz,Mon Apr 20 01:12:30 2020,"+ create cache policy for GoogleNewsApi and Covid19Api",   4, 81, 14 
7630d36,bruno.cruz,Mon Apr 20 01:11:06 2020,"+ create new views extensions",   2, 19, 4 
8256e5a,bruno.cruz,Mon Apr 20 01:10:45 2020,"+ create ContextExtensions.kt",   1, 16 
ae4b24f,bruno.cruz,Mon Apr 20 01:10:27 2020,"+ add foreground ripple to search and country item",   3, 6, 4 
f1dc664,bruno.cruz,Mon Apr 20 01:09:57 2020,"+ add new values",   3, 50 
78b5c2a,bruno.cruz,Mon Apr 20 01:09:31 2020,"+ create news' repository structure",   8, 175, 7 
2eb9bee,bruno.cruz,Mon Apr 20 01:08:36 2020,"+ create news presentation structure",   6, 331, 4 
b946c8f,bruno.cruz,Mon Apr 20 01:05:47 2020,"+ add google news host",   2, 6, 2 
4644071,bruno.cruz,Sun Apr 19 08:29:28 2020,"+ add new values",   3, 21, 1 
ae3716f,bruno.cruz,Sun Apr 19 08:29:10 2020,"+ update RateView text proportion",   1, 2, 2 
ea62926,bruno.cruz,Sun Apr 19 08:28:52 2020,"+ update overview's layout",   1, 1, 3 
3a3048f,bruno.cruz,Sun Apr 19 08:28:28 2020,"+ add new drawables",   2, 11 
ab67ff7,bruno.cruz,Sun Apr 19 08:28:10 2020,"+ update country item's layout to download images relatives to its country",   3, 80, 26 
5c949ad,bruno.cruz,Sun Apr 19 08:27:22 2020,"+ create an extension to transform an integer into a number",   4, 11, 6 
e8b092c,bruno.cruz,Sun Apr 19 08:26:36 2020,"+ map country info",   2, 34, 4 
312b19f,bruno.cruz,Sun Apr 19 08:25:55 2020,"+ add glide dependency",   4, 12 
05ec5a3,bruno.cruz,Sun Apr 19 06:33:51 2020,"+ update layout of "country item" for countries' section",   1, 2, 1 
13dd015,bruno.cruz,Sun Apr 19 06:33:21 2020,"+ update indicators usage",   1, 3, 3 
7eba843,bruno.cruz,Sun Apr 19 06:33:04 2020,"+ add RateView to country screen",   2, 20, 7 
8fe059b,bruno.cruz,Sun Apr 19 06:32:26 2020,"+ add RateView to home's screen",   2, 28, 10 
97da936,bruno.cruz,Sun Apr 19 06:31:54 2020,"+ create LoadingTextView's contract, allowing set spannable texts",   1, 8 
bcbae76,bruno.cruz,Sun Apr 19 06:31:16 2020,"+ create values for "RateView"",   3, 39, 3 
0b2492a,bruno.cruz,Sun Apr 19 06:30:52 2020,"+ create RateView to handle Recovery rate and Fatality rate",   2, 138 
545f98f,bruno.cruz,Sun Apr 19 06:30:25 2020,"+ rename drawable",   1, 1, 1 
f364f0e,bruno.cruz,Sun Apr 19 06:30:15 2020,"+ add new NumberExtension",   1, 7, 3 
3c6ff70,bruno.cruz,Fri Apr 17 22:13:47 2020,"Merge branch 'develop'", 
79d15d8,bruno.cruz,Fri Apr 17 22:13:34 2020,"udpate version code",   1, 1, 1 
7cab5be,bruno.cruz,Fri Apr 17 10:51:48 2020,"Merge branch 'develop'", 
d6f7e8d,bruno.cruz,Fri Apr 17 10:51:22 2020,"+ update api host",   2, 7, 7 
6b89eff,bruno.cruz,Wed Apr 15 12:54:58 2020,"+ adjust countries list populating",   1, 1, 1 
ba6ad81,bruno.cruz,Wed Apr 15 12:47:35 2020,"+ update DI structure",   2, 20, 6 
c63f0f3,bruno.cruz,Wed Apr 15 12:47:26 2020,"+ clear animation when LoadingTextView.kt is not visible",   1, 11, 1 
7e75de7,bruno.cruz,Wed Apr 15 12:46:39 2020,"+ update world country item margin",   1, 3, 1 
9999e02,bruno.cruz,Wed Apr 15 12:46:23 2020,"+ rename country's attribute",   6, 53, 49 
af9f9fa,bruno.cruz,Wed Apr 15 12:45:30 2020,"+ update world structure",   4, 58, 236 
c499b69,bruno.cruz,Wed Apr 15 12:44:46 2020,"+ update home structure",   3, 129, 102 
8796a66,bruno.cruz,Wed Apr 15 12:44:09 2020,"+ map new screen names",   1, 2, 1 
105b756,bruno.cruz,Wed Apr 15 12:43:40 2020,"+ separate overview section",   5, 245, 5 
f4772ec,bruno.cruz,Wed Apr 15 12:42:27 2020,"+ separate countries section",   6, 218, 8 
df0e158,bruno.cruz,Wed Apr 15 12:41:34 2020,"+ create new strings.xml",   2, 12 
894b34b,bruno.cruz,Wed Apr 15 12:41:15 2020,"- remove unused files",   9, 169 
436d37d,bruno.cruz,Wed Apr 15 12:40:40 2020,"+ update README.md",   1, 5, 1 
17298a8,bruno.cruz,Wed Apr 8 04:09:49 2020,"+ update images",   5, 4, 4 
00c29bc,Bruno Vieira,Wed Apr 8 04:07:43 2020,"Merge pull request #2 from OBrunoVieira/develop", 
d14abac,bruno.cruz,Tue Apr 7 07:21:40 2020,"+ increment app version",   1, 2, 2 
a13476a,bruno.cruz,Tue Apr 7 07:15:31 2020,"+ adjust number format by locale",   3, 7, 6 
461295b,bruno.cruz,Tue Apr 7 07:14:49 2020,"+ split app name by product flavor",   2, 4, 1 
af4b4cb,bruno.cruz,Tue Apr 7 07:14:26 2020,"+ update readme",   1, 4 
145efbf,bruno.cruz,Tue Apr 7 07:09:24 2020,"+ add proguard rules",   1, 5, 1 
4bd527f,bruno.cruz,Tue Apr 7 02:34:23 2020,"+ Adjust layout transaction",   5, 10, 1 
0a04312,bruno.cruz,Tue Apr 7 02:27:22 2020,"+ adjust numbers presentation",   3, 9, 6 
fe660a0,bruno.cruz,Tue Apr 7 01:50:38 2020,"+ update prints",   4, 0, 0 
f478c16,bruno.cruz,Tue Apr 7 01:49:06 2020,"+ add xAxis values representing date range of spreading",   1, 32, 2 
e39f29b,bruno.cruz,Tue Apr 7 01:48:34 2020,"+ update text of SpreadCardView.kt",   2, 5, 5 
4f3e961,bruno.cruz,Tue Apr 7 01:48:10 2020,"+ adjust chart spread spacings",   2, 1, 2 
6f6dbae,bruno.cruz,Tue Apr 7 01:44:33 2020,"+ create new text dimension",   1, 2, 1 
cf0fb8d,bruno.cruz,Mon Apr 6 16:06:14 2020,"+ fix description text",   1, 1, 1 
dde72b8,bruno.cruz,Mon Apr 6 16:01:19 2020,"+ update readme",   1, 3, 1 
19aeb4b,bruno.cruz,Mon Apr 6 16:01:08 2020,"+ translate strings to portuguese",   2, 55 
a1cbfaa,bruno.cruz,Mon Apr 6 15:53:08 2020,"+ add fragments to its module",   1, 5, 2 
b90a6cb,bruno.cruz,Mon Apr 6 15:52:55 2020,"+ create initial "care" structure",   2, 33, 5 
e34bc38,bruno.cruz,Mon Apr 6 15:52:32 2020,"+ update layout",   2, 24, 8 
c3a1f1f,bruno.cruz,Mon Apr 6 15:52:14 2020,"+ move fragments to its corresponding package",   2, 17, 8 
aca20bd,bruno.cruz,Mon Apr 6 15:51:45 2020,"+ create initial "Symptoms" structure",   2, 47 
ad485e5,bruno.cruz,Mon Apr 6 15:51:32 2020,"+ create prevention initial structure",   2, 48 
19d5bbc,bruno.cruz,Mon Apr 6 15:50:48 2020,"+ create care view holder structure",   7, 209, 31 
f7c6a21,bruno.cruz,Mon Apr 6 15:50:12 2020,"+ create "CareView" to handle its presentation state",   2, 98 
f7909f3,bruno.cruz,Mon Apr 6 15:49:18 2020,"+ create initial "News" structure",   2, 48 
7eb1dd8,bruno.cruz,Mon Apr 6 15:48:52 2020,"+ create CareAdapter structure",   2, 75 
13479bc,bruno.cruz,Mon Apr 6 15:48:24 2020,"+ create new extension",   2, 10, 1 
67947cd,bruno.cruz,Mon Apr 6 15:47:56 2020,"+ update error view to support "Under Construction" value",   2, 42, 19 
7f8165c,bruno.cruz,Mon Apr 6 15:47:12 2020,"+ move activities to its corresponding package",   6, 86, 12 
ac0da48,bruno.cruz,Mon Apr 6 15:46:17 2020,"+ add new styles",   2, 122, 58 
f580446,bruno.cruz,Mon Apr 6 15:46:03 2020,"+ add new strings",   1, 53, 2 
a17d0ca,bruno.cruz,Mon Apr 6 15:45:44 2020,"+ add new dimensions",   1, 8 
3be165d,bruno.cruz,Mon Apr 6 15:45:31 2020,"+ add new colors",   1, 2 
60dee7c,bruno.cruz,Mon Apr 6 15:45:18 2020,"+ add new drawables",   18, 989 
e30d2ea,bruno.cruz,Mon Apr 6 12:40:20 2020,"+ create layout fo SpreadChartCard",   1, 72 
9d0c8e8,bruno.cruz,Mon Apr 6 12:39:27 2020,"+ organize styles",   2, 32, 6 
7537098,bruno.cruz,Mon Apr 6 12:38:30 2020,"+ add new strings",   1, 14, 3 
94a86d8,bruno.cruz,Mon Apr 6 12:38:15 2020,"+ add new dimens",   1, 4 
b38bb4e,bruno.cruz,Mon Apr 6 12:38:03 2020,"+ update layouts",   2, 8, 1 
d57c253,bruno.cruz,Mon Apr 6 12:37:35 2020,"+ create SpreadChartView.kt to contain BarData chart",   1, 165 
a1497b5,bruno.cruz,Mon Apr 6 12:37:16 2020,"+ create SpreadCardView.kt",   1, 47 
51a02ce,bruno.cruz,Mon Apr 6 12:36:14 2020,"+ chain historical request into home requests + adapt home architecture to support historical data",   3, 67, 26 
1731e6b,bruno.cruz,Mon Apr 6 12:35:41 2020,"+ chain historical request into world requests + adapt world architecture to support historical data",   6, 115, 37 
12897fb,bruno.cruz,Mon Apr 6 12:33:51 2020,"+ chain historical request into countries requests + adapt country architecture to support historical data",   3, 78, 19 
6099f48,bruno.cruz,Mon Apr 6 12:32:22 2020,"+ map new endpoints",   1, 12, 4 
c198d54,bruno.cruz,Mon Apr 6 12:32:09 2020,"+ create new models",   6, 54, 3 
6dfc776,bruno.cruz,Mon Apr 6 12:31:58 2020,"+ create new extensions",   2, 29 
c2e8dad,bruno.cruz,Mon Apr 6 04:43:10 2020,"Merge branch 'master' into develop", 
56c0660,bruno.cruz,Mon Apr 6 04:42:39 2020,"+ add mpchart library",   3, 10 
fa0b4c0,bruno.cruz,Mon Apr 6 04:42:32 2020,"+ update presentation logic of CircleChartView.kt + add initial animations after update graphic values + adjust text size logic",   1, 170, 23 
6f27b86,bruno.cruz,Mon Apr 6 04:35:59 2020,"- remove unused style",   1, 17 
dff1e1e,bruno.cruz,Mon Apr 6 04:35:47 2020,"+ update circle chart size",   1, 1, 1 
37f3052,bruno.cruz,Mon Apr 6 04:35:27 2020,"- remove unused layout",   1, 85 
3c5ed43,bruno.cruz,Mon Apr 6 04:35:12 2020,"- remove unused drawables",   3, 30 
6417799,Bruno Vieira,Mon Apr 6 01:06:18 2020,"Update README.md",   1, 1, 3 
8d2d10b,Bruno Vieira,Mon Apr 6 01:05:56 2020,"Update README.md",   1, 6, 1 
0e21698,Bruno Vieira,Mon Apr 6 01:02:38 2020,"Update README.md",   1, 1, 1 
dceeef1,Bruno Vieira,Mon Apr 6 01:01:42 2020,"Update README.md",   1, 2 
23c3b83,Bruno Vieira,Sun Apr 5 16:15:32 2020,"Update README.md",   1, 4, 3 
b8a316e,Bruno Vieira,Sun Apr 5 16:03:04 2020,"Merge pull request #1 from OBrunoVieira/add-license-1", 
4cd949a,bruno.cruz,Sun Apr 5 16:01:48 2020,"+ update readme",   1, 1 
68148e2,bruno.cruz,Sun Apr 5 15:58:04 2020,"+ update readme",   1, 7, 1 
e212877,bruno.cruz,Sun Apr 5 15:57:56 2020,"+ update hostname source",   1, 1, 1 
64385ae,bruno.cruz,Sun Apr 5 15:39:29 2020,"+ persist country name",   2, 14, 16 
8880c9e,bruno.cruz,Sun Apr 5 15:39:19 2020,"+ create initial structure for shared preferences",   1, 21 
55d745a,bruno.cruz,Sun Apr 5 14:35:34 2020,"+ create BaseActivity.kt",   3, 21, 16 
6c749f5,bruno.cruz,Sun Apr 5 14:35:16 2020,"+ update Tracking logic",   2, 6, 8 
26f8c02,bruno.cruz,Sun Apr 5 14:34:52 2020,"+ Create CountryViewModel.kt",   3, 62, 6 
ae394e1,bruno.cruz,Sun Apr 5 14:34:15 2020,"+ update styles of SearchActivity.kt + update tracking for SearchActivity.kt + remove unused attribute",   3, 10, 11 
67f65ac,bruno.cruz,Sun Apr 5 14:32:49 2020,"+ rename uncommon class to CountryRepository.kt",   2, 4, 4 
673f097,bruno.cruz,Sun Apr 5 14:31:58 2020,"+ update presentation logic for CountryActivity.kt + update hierarchy for country screen, removing fragment structure",   2, 113, 16 
5e8397f,bruno.cruz,Sun Apr 5 14:31:16 2020,"+ update presentation logic for HomeFragment.kt",   2, 52, 72 
1d8db26,bruno.cruz,Sun Apr 5 14:30:13 2020,"+ create TodayCasesView as a component",   2, 89, 29 
9a6e594,bruno.cruz,Sun Apr 5 14:29:48 2020,"+ update styles",   1, 37, 37 
095b692,bruno.cruz,Sun Apr 5 14:29:31 2020,"+ include "tracking" module",   1, 2, 1 
d6dd01a,bruno.cruz,Sun Apr 5 14:28:19 2020,"+ import tracking module to 'app' module + split firebase dependencies' references",   3, 5, 4 
cf0e543,bruno.cruz,Sun Apr 5 14:27:03 2020,"+ create 'tracking' module + create enum for Screen Names + create Tracking class to concentrate metrics logic",   5, 71 
d3de8c1,bruno.cruz,Sun Apr 5 10:21:22 2020,"+ update gitignore",   1, 3 
92b8da3,bruno.cruz,Fri Apr 3 07:25:15 2020,"+ update version to 1.0.1",   2, 5, 5 
e0002c5,bruno.cruz,Fri Apr 3 07:23:16 2020,"+ update text size of world cases",   3, 2, 2 
949319f,bruno.cruz,Fri Apr 3 07:22:22 2020,"+ add different string for debug",   1, 1, 1 
63160f3,bruno.cruz,Mon Mar 30 12:53:24 2020,"Merge branch 'master' of https://github.com/OBrunoVieira/Covid-19-Android", 
2656f88,bruno.cruz,Mon Mar 30 12:53:01 2020,"+ remove json",   2, 125 
3bbbfd2,bruno.cruz,Mon Mar 30 11:14:17 2020,"+ update readme",   5, 26, 1 
b756b77,bruno.cruz,Mon Mar 30 09:49:48 2020,"+ update filter logic",   3, 22, 17 
2be3c15,bruno.cruz,Tue Mar 24 03:37:05 2020,"+ update project",   15, 222, 15 
fdc8844,bruno.cruz,Mon Mar 23 14:47:18 2020,"+ update project",   16, 29, 41 
460bfbe,bruno.cruz,Mon Mar 23 14:15:04 2020,"+ update project",   23, 470, 82 
b21094b,bruno.cruz,Mon Mar 23 12:22:01 2020,"+ update project",   33, 656, 35 
2b85ad9,bruno.cruz,Mon Mar 23 06:34:09 2020,"+ update project",   47, 692, 159 
42b47c1,bruno.cruz,Sun Mar 22 16:34:44 2020,"+ update project",   45, 981, 84 
03cced7,bruno.cruz,Sun Mar 22 08:52:30 2020,"Merge branch 'master' of https://github.com/OBrunoVieira/Covid-19-Android", 
d7c7cc2,bruno.cruz,Sun Mar 22 08:49:23 2020,"+ creating project",   51, 1195 