commit id,author,date,comment,changed files,lines added,lines deleted

c2379e4,oeco28,Mon Aug 31 03:10:55 2020,"Add files via upload",   2, 0, 0 
52697e0,oeco28,Mon Aug 31 03:10:13 2020,"Update README.md",   1, 2 
dd7c28e,oeco28,Mon Apr 20 07:39:20 2020,"Delete src",   1, 1 
92ac3ce,oeco28,Mon Apr 20 07:38:35 2020,"Create src",   1, 1 
5779022,oeco28,Thu Mar 26 16:54:46 2020,"Update README.md",   1, 2 
6c2e973,oeco28,Sat Mar 21 10:47:33 2020,"Add files via upload",   1, 0, 0 
aa95d75,oeco28,Sat Mar 21 10:46:36 2020,"Delete General_SEIR_covid19.pdf",   1, 0, 0 
25c10b0,oeco28,Fri Mar 20 02:39:44 2020,"Add files via upload",   1, 436 
c2dd2e2,oeco28,Fri Mar 20 02:39:17 2020,"Delete mitigation_scenario.R",   1, 805 
3429ac9,oeco28,Fri Mar 20 01:15:44 2020,"Add files via upload",   1, 805 
4ea1193,oeco28,Fri Mar 20 01:12:53 2020,"Update README.md",   1, 2 
07af945,oeco28,Mon Mar 16 02:41:11 2020,"Add files via upload",   2, 173 
86c217f,oeco28,Mon Mar 16 02:40:42 2020,"Delete SEIR_covid19_Pullman_v4.pdf",   1, 0, 0 
3ed5f40,oeco28,Mon Mar 16 02:40:20 2020,"Update README.md",   1, 2, 2 
30b2e43,oeco28,Sun Mar 15 16:44:36 2020,"Update README.md",   1, 1, 1 
52a4d15,oeco28,Sun Mar 15 16:44:03 2020,"Delete SEIR_covid19_Pullman_v3.md",   1, 610 
5b57e41,oeco28,Sun Mar 15 16:43:04 2020,"Add files via upload",   1, 610 
d31cfd6,oeco28,Sun Mar 15 16:39:25 2020,"Update README.md",   1, 2 
8fa9a10,oeco28,Sun Mar 15 16:32:05 2020,"Add files via upload",   1, 0, 0 
495cb00,oeco28,Sun Mar 15 16:31:04 2020,"Create README.md",   1, 11 