commit id,author,date,comment,changed files,lines added,lines deleted

3bde8f4,Ofir Reich,Mon Jun 22 23:08:06 2020,"Updates to seir.py: - Bug fix in get_gamma_distribution_params. - Added asymptomatics. - Added patient testing pipeline, with delayed results. - Contact tracing with delays, testing & quarantining of contacts separately. - Refactoring of infection, tracing and spreading functions. - Overhaul of testing step, separated into sub-functions.",   3, 483, 137 
9bb8362,Ofir Reich,Tue May 5 00:00:42 2020,"Add more plots, from the paper and others.",   1, 181, 66 
e11ff16,Ofir Reich,Mon May 4 23:10:43 2020,"Merge branch 'master' of https://github.com/ofir-reich/seir-graph", 
c68a327,Ofir Reich,Mon May 4 23:09:43 2020,"Documentation improvements.",   1, 81, 25 
89852d0,Ofir Reich,Wed Apr 29 00:06:06 2020,"Initial commit. File seir.py contains the main code to run a simulation. File seir_experiments.py contains a bunch of analysis and plotting functions to display the results. It uses data that is not publicly available, however, so some of these functions might not run out of the box. Also some boilerplate license etc.",   4, 1447, 2 
daad8e9,Ofir Reich,Tue Apr 21 23:06:57 2020,"Change LICENSE to Apache 2.0",   1, 202, 29 
e8f79af,Ofir Reich,Mon Apr 20 03:01:10 2020,"Initial commit",   2, 31 