commit id,author,date,comment,changed files,lines added,lines deleted

952e584,ohdarling88,Tue Apr 21 01:31:07 2020,"Update README.md",   1, 2, 2 
b0595d9,drone,Mon Mar 30 16:18:58 2020,"auto update",   11, 8291, 8041 
29bb635,drone,Mon Mar 30 15:19:02 2020,"auto update",   11, 141974, 141914 
8e91e14,drone,Mon Mar 30 14:18:57 2020,"auto update",   10, 4358, 4103 
2383c97,drone,Mon Mar 30 13:18:58 2020,"auto update",   11, 122063, 121715 
fee21a1,drone,Mon Mar 30 12:18:58 2020,"auto update",   11, 118733, 118692 
5273319,drone,Mon Mar 30 11:18:59 2020,"auto update",   11, 7252, 6845 
bfb1d3e,drone,Mon Mar 30 10:18:56 2020,"auto update",   11, 18503, 19536 
ade0052,drone,Mon Mar 30 09:18:54 2020,"auto update",   5, 48847, 48847 
2eec63f,drone,Mon Mar 30 08:18:56 2020,"auto update",   2, 2352, 2352 
14bc2c6,drone,Mon Mar 30 07:18:53 2020,"auto update",   2, 2309, 2309 
b7ac482,drone,Mon Mar 30 06:18:55 2020,"auto update",   2, 315, 315 
b184e1a,drone,Mon Mar 30 05:18:56 2020,"auto update",   7, 3527, 3526 
29b91c6,drone,Mon Mar 30 04:19:00 2020,"auto update",   8, 3080, 2969 
f203554,drone,Mon Mar 30 03:19:08 2020,"auto update",   9, 10623, 7811 
6ed1c71,drone,Mon Mar 30 02:30:32 2020,"auto update",   11, 130128, 116073 
b3a57c1,drone,Mon Mar 30 01:22:28 2020,"auto update",   4, 2431, 2431 
d03875f,ohdarling88,Mon Mar 30 01:08:38 2020,"auto update",   11, 138831, 136945 
2ee6e18,ohdarling88,Mon Mar 30 00:57:54 2020,"update",   3, 10, 8 
6543905,drone,Mon Mar 30 00:21:59 2020,"auto update",   10, 3494, 3432 
726a4aa,drone,Sun Mar 29 23:20:38 2020,"auto update",   10, 6398, 6286 
8057938,drone,Sun Mar 29 22:21:45 2020,"auto update",   10, 8886, 8763 
cac4eb6,drone,Sun Mar 29 21:19:15 2020,"auto update",   10, 19361, 19246 
7f9214f,drone,Sun Mar 29 20:18:54 2020,"auto update",   10, 16078, 16006 
061ca30,drone,Sun Mar 29 19:19:29 2020,"auto update",   10, 9412, 9354 
a3d4bd7,drone,Sun Mar 29 18:20:41 2020,"auto update",   9, 110839, 110784 
6b3cffa,drone,Sun Mar 29 17:21:22 2020,"auto update",   11, 21341, 21091 
9863dd6,drone,Sun Mar 29 16:20:55 2020,"auto update",   11, 113976, 113773 
5a1b580,drone,Sun Mar 29 15:20:04 2020,"auto update",   5, 5398, 5398 
b93fb72,drone,Sun Mar 29 14:18:56 2020,"auto update",   9, 108817, 108771 
4e8f7e5,drone,Sun Mar 29 13:18:50 2020,"auto update",   11, 20910, 19289 
9a5efa8,drone,Sun Mar 29 12:18:53 2020,"auto update",   11, 7038, 6976 
199a790,drone,Sun Mar 29 11:18:50 2020,"auto update",   11, 135316, 135225 
a893ab2,drone,Sun Mar 29 10:18:45 2020,"auto update",   10, 22685, 22561 
16d38f1,drone,Sun Mar 29 09:18:47 2020,"auto update",   5, 23090, 23090 
4316427,drone,Sun Mar 29 08:18:50 2020,"auto update",   2, 2292, 2292 
4614308,drone,Sun Mar 29 07:18:50 2020,"auto update",   2, 1939, 1939 
7a025bd,drone,Sun Mar 29 06:18:43 2020,"auto update",   2, 2282, 2282 
3586fff,drone,Sun Mar 29 05:18:44 2020,"auto update",   7, 5750, 5749 
54a50a3,drone,Sun Mar 29 04:18:50 2020,"auto update",   8, 2146, 2059 
af6ea06,drone,Sun Mar 29 03:20:23 2020,"auto update",   5, 7717, 4697 
c0c6228,drone,Sun Mar 29 02:21:45 2020,"auto update",   10, 26006, 12019 
d1c3561,drone,Sun Mar 29 01:32:04 2020,"auto update",   4, 1658, 1658 
9aa8c80,drone,Sun Mar 29 01:21:21 2020,"auto update",   10, 6536, 6462 
9d3cd95,drone,Sun Mar 29 00:20:49 2020,"auto update",   11, 14148, 14045 
e2fa6fd,drone,Sat Mar 28 23:19:56 2020,"auto update",   10, 4489, 4310 
7348c59,drone,Sat Mar 28 22:19:03 2020,"auto update",   5, 8548, 8548 
0fa710f,drone,Sat Mar 28 21:18:53 2020,"auto update",   9, 7504, 7280 
02e90da,drone,Sat Mar 28 20:18:55 2020,"auto update",   10, 14332, 14288 
fcb17f1,drone,Sat Mar 28 19:19:06 2020,"auto update",   10, 5159, 5107 
df82817,drone,Sat Mar 28 18:19:44 2020,"auto update",   10, 7056, 7034 
2e13ebe,drone,Sat Mar 28 17:20:11 2020,"auto update",   9, 4339, 4278 
017dd8f,drone,Sat Mar 28 16:20:01 2020,"auto update",   11, 4015, 3974 
a8716d9,drone,Sat Mar 28 15:19:51 2020,"auto update",   9, 9868, 9664 
3fefef2,drone,Sat Mar 28 14:19:07 2020,"auto update",   10, 3566, 3343 
3c0d161,drone,Sat Mar 28 13:19:02 2020,"auto update",   10, 120175, 120127 
d705c81,drone,Sat Mar 28 12:19:04 2020,"auto update",   11, 42659, 42299 
81a1b04,drone,Sat Mar 28 11:18:55 2020,"auto update",   11, 113573, 113424 
b64e03d,drone,Sat Mar 28 10:18:52 2020,"auto update",   9, 3906, 3802 
5ae983c,drone,Sat Mar 28 09:18:46 2020,"auto update",   9, 34696, 34360 
37347d8,drone,Sat Mar 28 08:18:44 2020,"auto update",   2, 728, 728 
7b297de,drone,Sat Mar 28 07:18:47 2020,"auto update",   2, 2017, 2017 
30f7af1,drone,Sat Mar 28 06:18:54 2020,"auto update",   2, 2038, 2038 
be4936d,drone,Sat Mar 28 05:18:53 2020,"auto update",   2, 2173, 2173 
afb95f6,drone,Sat Mar 28 04:18:53 2020,"auto update",   8, 5716, 5715 
2143cfd,drone,Sat Mar 28 03:20:29 2020,"auto update",   10, 11257, 8415 
edff6fa,drone,Sat Mar 28 02:23:04 2020,"auto update",   11, 20464, 6436 
caf89c4,drone,Sat Mar 28 01:22:27 2020,"auto update",   10, 12363, 12345 
d882cdf,drone,Sat Mar 28 00:21:49 2020,"auto update",   10, 10564, 10525 
5a5ac93,drone,Fri Mar 27 23:20:42 2020,"auto update",   10, 3929, 3909 
c12a0a8,drone,Fri Mar 27 22:19:48 2020,"auto update",   10, 5981, 5766 
bb89fda,drone,Fri Mar 27 21:18:59 2020,"auto update",   11, 8267, 8182 
3589d40,drone,Fri Mar 27 20:18:57 2020,"auto update",   10, 11330, 11280 
3c6d94a,drone,Fri Mar 27 19:19:06 2020,"auto update",   11, 118818, 118704 
0b1a5ad,drone,Fri Mar 27 18:19:29 2020,"auto update",   11, 119763, 117477 
90585ee,drone,Fri Mar 27 17:20:11 2020,"auto update",   4, 2554, 2554 
6c3ca64,drone,Fri Mar 27 16:19:41 2020,"auto update",   4, 1542, 1542 
609d574,drone,Fri Mar 27 15:19:12 2020,"auto update",   3, 3006, 3006 
dd62449,drone,Fri Mar 27 14:19:08 2020,"auto update",   4, 1231, 1231 
6955218,ohdarling88,Fri Mar 27 13:54:01 2020,"auto update",   4, 3791, 3773 
1124935,ohdarling88,Fri Mar 27 13:23:59 2020,"auto update",   2, 48142, 45371 
58ce284,drone,Fri Mar 27 13:18:50 2020,"auto update",   1, 1, 1 
5dbca9e,drone,Fri Mar 27 12:18:52 2020,"auto update",   1, 1, 1 
c2120e0,drone,Fri Mar 27 11:18:58 2020,"auto update",   6, 3353, 3276 
3a5b071,drone,Fri Mar 27 10:19:23 2020,"auto update",   5, 1, 1705 
96b3b3e,drone,Fri Mar 27 09:18:53 2020,"auto update",   1, 1, 1 
e8677f5,drone,Fri Mar 27 08:18:48 2020,"auto update",   1, 1, 1 
5c997e1,drone,Fri Mar 27 07:18:49 2020,"auto update",   1, 1, 1 
dc94b73,drone,Fri Mar 27 06:19:14 2020,"auto update",   1, 1, 1 
fd7b9a8,drone,Fri Mar 27 05:18:51 2020,"auto update",   1, 1, 1 
32dc7f3,drone,Fri Mar 27 04:18:52 2020,"auto update",   1, 1, 1 
f3b67c7,drone,Fri Mar 27 03:21:56 2020,"auto update",   1, 1, 1 
2060cb9,drone,Fri Mar 27 02:24:30 2020,"auto update",   5, 15128, 1118 
3fd06ef,ohdarling88,Fri Mar 27 01:18:28 2020,"update",   3, 45, 29 
1f3034b,ohdarling88,Fri Mar 27 01:01:24 2020,"update",   2, 15, 7 
dc48a7d,drone,Fri Mar 27 00:21:00 2020,"auto update",   1, 1, 1 
920c71e,drone,Thu Mar 26 23:20:39 2020,"auto update",   3, 513, 513 
1ba7dc2,drone,Thu Mar 26 22:24:31 2020,"auto update",   10, 9461, 9247 
0e336b9,drone,Thu Mar 26 21:18:49 2020,"auto update",   10, 3785, 3737 
0976c61,drone,Thu Mar 26 20:18:50 2020,"auto update",   11, 6253, 4359 
44db5e1,drone,Thu Mar 26 19:18:56 2020,"auto update",   10, 14022, 13809 
a306495,drone,Thu Mar 26 18:19:14 2020,"auto update",   11, 104739, 104603 
12327cb,drone,Thu Mar 26 17:19:23 2020,"auto update",   11, 11028, 10672 
1515cf6,drone,Thu Mar 26 16:19:18 2020,"auto update",   11, 106909, 105926 
bcce8f7,drone,Thu Mar 26 15:19:10 2020,"auto update",   2, 19, 19 
81d61d6,drone,Thu Mar 26 14:19:59 2020,"auto update",   10, 3372, 3361 
08110af,drone,Thu Mar 26 13:18:53 2020,"auto update",   11, 11385, 11108 
e2d140a,drone,Thu Mar 26 12:18:52 2020,"auto update",   11, 14475, 14313 
e8ddf2a,drone,Thu Mar 26 11:18:52 2020,"auto update",   11, 104381, 104176 
f0b29e6,drone,Thu Mar 26 10:18:56 2020,"auto update",   11, 146352, 147343 
7351e50,drone,Thu Mar 26 09:18:48 2020,"auto update",   9, 35587, 32823 
07ba802,drone,Thu Mar 26 08:18:42 2020,"auto update",   2, 2905, 2905 
a155d8b,drone,Thu Mar 26 07:18:41 2020,"auto update",   1, 1, 1 
e801f7b,drone,Thu Mar 26 06:18:49 2020,"auto update",   7, 3002, 2999 
e3f3309,drone,Thu Mar 26 05:18:41 2020,"auto update",   8, 4162, 4161 
7d5c018,drone,Thu Mar 26 04:18:47 2020,"auto update",   10, 6109, 4282 
5cf67fb,drone,Thu Mar 26 03:19:22 2020,"auto update",   10, 5581, 5248 
8bb0abb,drone,Thu Mar 26 02:22:57 2020,"auto update",   10, 26225, 12074 
28926ef,drone,Thu Mar 26 01:22:35 2020,"auto update",   4, 3119, 3119 
9a05c3c,ohdarling88,Thu Mar 26 00:52:05 2020,"update",   1, 3, 3 
9b50cc6,drone,Thu Mar 26 00:20:32 2020,"auto update",   10, 5823, 5742 
613ab39,drone,Wed Mar 25 23:19:16 2020,"auto update",   10, 3933, 3685 
db035e8,drone,Wed Mar 25 22:18:52 2020,"auto update",   11, 9769, 7839 
28daadd,drone,Wed Mar 25 21:18:49 2020,"auto update",   10, 4005, 3971 
749857e,drone,Wed Mar 25 20:18:42 2020,"auto update",   9, 8991, 8939 
a877ab2,drone,Wed Mar 25 19:18:50 2020,"auto update",   9, 101348, 101277 
e32bfa2,drone,Wed Mar 25 18:19:22 2020,"auto update",   11, 190279, 188685 
02ed484,drone,Wed Mar 25 17:19:17 2020,"auto update",   2, 2299, 2299 
1e55b59,drone,Wed Mar 25 16:19:28 2020,"auto update",   1, 1, 1 
6800bcd,drone,Wed Mar 25 15:19:20 2020,"auto update",   1, 1, 1 
d7b349e,drone,Wed Mar 25 14:18:48 2020,"auto update",   3, 3, 3 
2b3739d,ohdarling88,Wed Mar 25 13:41:09 2020,"update",   1, 1, 1 
3ae761a,drone,Wed Mar 25 13:18:46 2020,"auto update",   1, 1, 1 
e8ef2ad,drone,Wed Mar 25 12:18:50 2020,"auto update",   1, 1, 1 
8fd7eb4,drone,Wed Mar 25 11:18:49 2020,"auto update",   1, 1, 1 
963931b,drone,Wed Mar 25 10:18:40 2020,"auto update",   3, 1737, 1737 
982e5af,drone,Wed Mar 25 09:18:52 2020,"auto update",   9, 32959, 29965 
ee07537,drone,Wed Mar 25 08:18:47 2020,"auto update",   2, 243, 243 
b27639f,drone,Wed Mar 25 07:18:42 2020,"auto update",   1, 1, 1 
46832d9,drone,Wed Mar 25 06:18:46 2020,"auto update",   2, 225, 225 
143c462,drone,Wed Mar 25 05:18:39 2020,"auto update",   1, 1, 1 
a0d6f20,drone,Wed Mar 25 04:18:56 2020,"auto update",   8, 6010, 6009 
686d471,drone,Wed Mar 25 03:19:40 2020,"auto update",   10, 17134, 15133 
d48efbe,drone,Wed Mar 25 02:22:06 2020,"auto update",   10, 114862, 100906 
eded5d8,drone,Wed Mar 25 01:24:38 2020,"auto update",   11, 5680, 5471 
3a38770,ohdarling88,Wed Mar 25 00:59:05 2020,"auto update",   3, 664, 664 
31bdf0c,drone,Wed Mar 25 00:26:14 2020,"auto update",   11, 106542, 106261 
c117a10,drone,Tue Mar 24 22:19:44 2020,"auto update",   10, 14943, 14590 
26ff1ee,drone,Tue Mar 24 20:19:24 2020,"auto update",   11, 111319, 110711 
46bf6ad,ohdarling88,Tue Mar 24 20:15:45 2020,"update",   1, 1, 1 
9dedc60,ohdarling88,Tue Mar 24 20:11:50 2020,"update",   1, 2, 2 
38d1f57,drone,Tue Mar 24 17:20:34 2020,"auto update",   4, 2733, 2733 
09b91aa,drone,Tue Mar 24 16:20:14 2020,"auto update",   11, 101122, 100872 
e158128,ohdarling88,Tue Mar 24 14:53:20 2020,"update",   1, 2, 2 
c7098e6,ohdarling88,Tue Mar 24 14:52:21 2020,"update",   3, 245, 3 
10dcc79,drone,Tue Mar 24 14:18:54 2020,"auto update",   11, 145627, 145114 
815068a,drone,Tue Mar 24 12:18:49 2020,"auto update",   11, 98175, 98137 
9fb9cb7,drone,Tue Mar 24 11:18:52 2020,"auto update",   11, 5088, 4940 
63ee28d,drone,Tue Mar 24 10:18:50 2020,"auto update",   11, 32209, 28767 
5b8d71f,drone,Tue Mar 24 08:18:50 2020,"auto update",   9, 20403, 19527 
23e7617,drone,Tue Mar 24 06:18:50 2020,"auto update",   7, 5184, 5183 
6fb636c,drone,Tue Mar 24 04:18:54 2020,"auto update",   10, 2839, 2683 
85968c9,drone,Tue Mar 24 02:21:16 2020,"auto update",   11, 25466, 11257 
4733242,drone,Tue Mar 24 00:20:50 2020,"auto update",   10, 9076, 8973 
bca9207,ohdarling88,Mon Mar 23 23:10:20 2020,"update",   1, 1, 1 
9c6d57f,ohdarling88,Mon Mar 23 23:02:13 2020,"update",   1, 10, 10 
914a033,drone,Mon Mar 23 22:18:57 2020,"auto update",   11, 18323, 16442 
181eedb,ohdarling88,Mon Mar 23 21:58:43 2020,"update",   1, 1, 1 
16685f5,ohdarling88,Sun Mar 22 22:31:51 2020,"update",   3, 5, 4 
ca84ba2,drone,Mon Mar 23 20:18:50 2020,"auto update",   11, 7703, 7458 
0e0907e,drone,Mon Mar 23 17:19:28 2020,"auto update",   11, 3699, 3666 
55fe1a5,drone,Mon Mar 23 16:19:30 2020,"auto update",   11, 117634, 117132 
e6f7400,drone,Mon Mar 23 14:18:56 2020,"auto update",   11, 16120, 13164 
e2a6cf3,drone,Mon Mar 23 12:19:03 2020,"auto update",   10, 15027, 13625 
f651cc8,drone,Mon Mar 23 11:18:51 2020,"auto update",   11, 108083, 107711 
63e669b,drone,Mon Mar 23 10:19:10 2020,"auto update",   10, 23685, 23558 
67865ab,drone,Mon Mar 23 08:18:47 2020,"auto update",   10, 31033, 26464 
21492af,drone,Mon Mar 23 06:18:48 2020,"auto update",   10, 9794, 9686 
be564a3,drone,Mon Mar 23 04:18:59 2020,"auto update",   10, 6197, 5927 
6ef00f2,drone,Mon Mar 23 02:21:49 2020,"auto update",   10, 25290, 11390 
7b9b36c,drone,Mon Mar 23 00:20:37 2020,"auto update",   3, 832, 832 
a6b92af,ohdarling88,Sun Mar 22 22:39:13 2020,"auto update",   11, 18898, 16945 
443f63b,drone,Sun Mar 22 20:19:01 2020,"auto update",   10, 49632, 44175 
9d3d243,drone,Sun Mar 22 17:19:55 2020,"auto update",   1, 1, 1 
ebd927a,drone,Sun Mar 22 16:20:20 2020,"auto update",   1, 1, 1 
839b234,drone,Sun Mar 22 14:18:55 2020,"auto update",   1, 1, 1 
8d1f386,drone,Sun Mar 22 12:18:50 2020,"auto update",   1, 1, 1 
9ea39b1,drone,Sun Mar 22 11:18:51 2020,"auto update",   1, 1, 1 
7c841e9,drone,Sun Mar 22 10:18:53 2020,"auto update",   5, 1, 4757 
9dc52eb,drone,Sun Mar 22 08:18:50 2020,"auto update",   1, 1, 1 
dfc6cc2,drone,Sun Mar 22 06:18:49 2020,"auto update",   1, 1, 1 
38d9df6,drone,Sun Mar 22 04:19:09 2020,"auto update",   3, 1547, 1445 
c70dab7,drone,Sun Mar 22 02:22:36 2020,"auto update",   11, 42319, 28017 
307990a,drone,Sat Mar 21 23:43:22 2020,"auto update",   11, 100664, 95705 
235f6c3,drone,Sat Mar 21 23:19:12 2020,"auto update",   1, 1, 1 
911ba0a,drone,Sat Mar 21 20:20:20 2020,"auto update",   1, 1, 1 
a463dd0,drone,Sat Mar 21 17:20:46 2020,"auto update",   1, 1, 1 
74a220f,drone,Sat Mar 21 16:20:26 2020,"auto update",   3, 2471, 2301 
796ebe5,drone,Sat Mar 21 14:19:03 2020,"auto update",   11, 125981, 121207 
0120fea,drone,Sat Mar 21 12:18:50 2020,"auto update",   2, 2564, 2564 
242c76f,drone,Sat Mar 21 11:18:51 2020,"auto update",   1, 1, 1 
bdb8140,drone,Sat Mar 21 10:19:28 2020,"auto update",   5, 1, 1537 
4aea312,drone,Sat Mar 21 08:18:52 2020,"auto update",   1, 1, 1 
230fd41,drone,Sat Mar 21 06:18:50 2020,"auto update",   3, 184, 184 
ff58ca2,drone,Sat Mar 21 04:18:56 2020,"auto update",   10, 9688, 9444 
4f9b11e,drone,Sat Mar 21 02:22:25 2020,"auto update",   10, 34633, 20488 
5721ca2,drone,Fri Mar 20 23:20:37 2020,"auto update",   3, 241, 289 
0584a4c,ohdarling88,Fri Mar 20 20:53:17 2020,"update",   1, 121 
33f5667,drone,Fri Mar 20 20:19:12 2020,"auto update",   11, 9485, 7813 
3d7b951,drone,Fri Mar 20 17:19:04 2020,"auto update",   11, 93751, 93657 
ffde937,ohdarling88,Fri Mar 20 16:32:05 2020,"auto update",   11, 151542, 145888 
300aa54,drone,Fri Mar 20 14:18:53 2020,"auto update",   1, 1, 1 
0dee88f,drone,Fri Mar 20 12:19:42 2020,"auto update",   1, 1, 1 
39b6e99,drone,Fri Mar 20 11:18:55 2020,"auto update",   1, 1, 1 
64d91cb,drone,Fri Mar 20 10:18:56 2020,"auto update",   1, 1, 1 
f0ad773,drone,Fri Mar 20 08:18:52 2020,"auto update",   2, 6, 6 
f0f0fb6,drone,Fri Mar 20 06:18:51 2020,"auto update",   6, 2577, 2576 
0640606,drone,Fri Mar 20 04:18:53 2020,"auto update",   6, 9339, 5057 
fb08927,drone,Fri Mar 20 02:19:25 2020,"auto update",   11, 139858, 125220 
87b8b0b,ohdarling88,Fri Mar 20 00:21:47 2020,"update",   1, 10, 135 
2bf4d32,drone,Thu Mar 19 23:18:51 2020,"auto update",   3, 174, 174 
75a9e5e,drone,Thu Mar 19 20:18:58 2020,"auto update",   11, 91772, 91603 
9e6b75b,ohdarling88,Thu Mar 19 19:57:08 2020,"update",   2, 13, 13 
3382ac1,ohdarling88,Thu Mar 19 19:43:10 2020,"update",   2, 6, 2 
9838a8f,drone,Thu Mar 19 17:19:05 2020,"auto update",   11, 31059, 27588 
06c5e5e,ohdarling88,Thu Mar 19 15:45:49 2020,"update",   2, 33, 12 
bf50228,drone,Thu Mar 19 14:19:14 2020,"auto update",   1, 1, 1 
7a4dc43,drone,Thu Mar 19 12:19:10 2020,"auto update",   1, 1, 1 
a7b9dd4,drone,Thu Mar 19 11:19:10 2020,"auto update",   1, 1, 1 
4f7e515,drone,Thu Mar 19 10:19:00 2020,"auto update",   5, 1, 1481 
bd46776,drone,Thu Mar 19 08:18:52 2020,"auto update",   1, 1, 1 
cb3510f,drone,Thu Mar 19 06:18:56 2020,"auto update",   3, 975, 941 
9e83dfa,drone,Thu Mar 19 04:18:45 2020,"auto update",   11, 205581, 203484 
e504887,drone,Thu Mar 19 02:20:01 2020,"auto update",   10, 22246, 8479 
88668fe,ohdarling88,Thu Mar 19 01:38:27 2020,"update",   2, 3, 3 
28d9903,drone,Wed Mar 18 23:19:02 2020,"auto update",   3, 147, 147 
cf81e2a,drone,Wed Mar 18 20:19:00 2020,"auto update",   11, 91274, 89689 
5df7490,drone,Wed Mar 18 17:19:06 2020,"auto update",   11, 105855, 105294 
5bfef81,drone,Wed Mar 18 14:19:00 2020,"auto update",   11, 88968, 88585 
efd1ef9,ohdarling88,Wed Mar 18 12:49:13 2020,"update",   1, 2, 2 
a1a073e,ohdarling88,Wed Mar 18 12:46:09 2020,"update",   1, 4, 3 
b59a068,drone,Wed Mar 18 12:18:48 2020,"auto update",   11, 91713, 91039 
dce0998,drone,Wed Mar 18 11:18:51 2020,"auto update",   11, 92500, 91017 
515e6ab,drone,Wed Mar 18 10:19:40 2020,"auto update",   11, 4402, 5593 
cce0480,drone,Wed Mar 18 08:18:52 2020,"auto update",   10, 7943, 7595 
a3816e1,drone,Wed Mar 18 06:18:53 2020,"auto update",   10, 10040, 9764 
c72b782,drone,Wed Mar 18 04:18:45 2020,"auto update",   10, 7080, 4734 
8299bf8,drone,Wed Mar 18 02:19:18 2020,"auto update",   11, 26109, 12196 
eb5f519,drone,Tue Mar 17 23:18:50 2020,"auto update",   11, 16978, 15055 
4bddbbc,drone,Tue Mar 17 20:18:41 2020,"auto update",   10, 98919, 98550 
a518a43,drone,Tue Mar 17 17:18:43 2020,"auto update",   11, 85595, 85390 
877eb7a,drone,Tue Mar 17 14:18:47 2020,"auto update",   10, 85115, 84979 
4274e99,ohdarling88,Tue Mar 17 13:26:01 2020,"update",   2, 9, 5 
5fd22d1,ohdarling88,Tue Mar 17 13:31:47 2020,"auto update",   11, 407148, 831682 
b54406e,drone,Tue Mar 17 12:18:55 2020,"auto update",   11, 8030, 6727 
9bba0c0,drone,Tue Mar 17 11:18:48 2020,"auto update",   11, 138203, 133965 
a68d265,drone,Tue Mar 17 10:18:52 2020,"auto update",   11, 23881, 26737 
514a553,drone,Tue Mar 17 08:18:50 2020,"auto update",   11, 42166, 41981 
65dcfd8,drone,Tue Mar 17 06:18:51 2020,"auto update",   11, 35012, 34988 
a20fa7c,drone,Tue Mar 17 04:18:51 2020,"auto update",   11, 77015, 73203 
d77ad38,ohdarling88,Tue Mar 17 02:48:10 2020,"auto update",   11, 898379, 466810 
77b17f6,ohdarling88,Tue Mar 17 02:46:14 2020,"update",   1, 43, 18 
d8c0445,ohdarling88,Tue Mar 17 02:45:48 2020,"update",   1, 18, 18 
1b1cedb,ohdarling88,Tue Mar 17 02:19:56 2020,"update",   1, 11, 11 
4167959,ohdarling88,Tue Mar 17 01:58:51 2020,"update",   1, 3, 3 
9429c42,ohdarling88,Tue Mar 17 01:55:29 2020,"update",   3, 12, 16 
0e3be98,drone,Tue Mar 17 02:19:03 2020,"auto update",   3, 373, 339 
48b82c2,ohdarling88,Tue Mar 17 02:02:33 2020,"auto update",   11, 31841, 13842 
1ad7a41,ohdarling88,Tue Mar 17 01:16:45 2020,"update",   3, 51, 21 
2a3706a,drone,Mon Mar 16 23:19:02 2020,"auto update",   1, 1, 1 
cfc2727,ohdarling88,Mon Mar 16 22:07:38 2020,"update",   1, 2, 2 
5b899b1,ohdarling88,Mon Mar 16 20:24:52 2020,"update",   1, 19, 13 
f058a5a,drone,Mon Mar 16 20:18:44 2020,"auto update",   11, 5165, 5079 
14247f3,ohdarling88,Mon Mar 16 19:34:34 2020,"update",   2, 96, 2 
923aaec,drone,Mon Mar 16 17:18:42 2020,"auto update",   11, 28795, 27138 
3a3266e,drone,Mon Mar 16 06:18:39 2020,"auto update",   9, 6368, 6364 
6459b13,drone,Mon Mar 16 04:18:37 2020,"auto update",   9, 18030, 14563 
5fd5f3a,drone,Mon Mar 16 02:19:08 2020,"auto update",   11, 18830, 5175 
d3edaa1,drone,Sun Mar 15 23:18:50 2020,"auto update",   9, 15010, 14979 
e48e60b,drone,Sun Mar 15 20:18:48 2020,"auto update",   11, 12040, 11813 
1d68ceb,drone,Sun Mar 15 17:18:45 2020,"auto update",   11, 12838, 12032 
4474bac,drone,Sun Mar 15 14:18:44 2020,"auto update",   10, 23659, 23598 
9434924,drone,Sun Mar 15 12:18:42 2020,"auto update",   10, 9774, 9684 
f706878,drone,Sun Mar 15 11:18:44 2020,"auto update",   10, 4164, 4132 
477fa4a,drone,Sun Mar 15 10:18:55 2020,"auto update",   11, 16181, 13088 
10ad3d8,drone,Sun Mar 15 08:18:37 2020,"auto update",   3, 2734, 2734 
0f1c5f0,drone,Sun Mar 15 06:18:35 2020,"auto update",   3, 2614, 2614 
825dc79,drone,Sun Mar 15 04:18:38 2020,"auto update",   8, 3060, 3006 
e47af49,drone,Sun Mar 15 02:19:26 2020,"auto update",   10, 22531, 8882 
36db0a0,drone,Sat Mar 14 23:19:04 2020,"auto update",   11, 7295, 6914 
23a5d57,drone,Sat Mar 14 20:18:59 2020,"auto update",   11, 12859, 11687 
f082724,drone,Sat Mar 14 18:19:04 2020,"auto update",   10, 4657, 4636 
d96e356,drone,Sat Mar 14 16:19:31 2020,"auto update",   11, 8508, 8455 
72025f8,drone,Sat Mar 14 14:18:56 2020,"auto update",   11, 13715, 13100 
6169faf,drone,Sat Mar 14 12:19:10 2020,"auto update",   11, 16940, 16619 
d962df8,drone,Sat Mar 14 11:19:00 2020,"auto update",   11, 12523, 12297 
080a738,drone,Sat Mar 14 10:18:45 2020,"auto update",   11, 8983, 7959 
8126c59,drone,Sat Mar 14 09:18:56 2020,"auto update",   7, 2841, 2799 
a54b2b1,drone,Sat Mar 14 08:18:59 2020,"auto update",   3, 2100, 2100 
ce9377f,drone,Sat Mar 14 06:18:51 2020,"auto update",   3, 2834, 2834 
d0e9130,drone,Sat Mar 14 04:18:40 2020,"auto update",   3, 2661, 2661 
dcfb51a,drone,Sat Mar 14 02:19:34 2020,"auto update",   9, 17307, 3621 
1c56377,drone,Sat Mar 14 00:20:29 2020,"auto update",   9, 10616, 10371 
4f1267f,drone,Fri Mar 13 22:19:30 2020,"auto update",   11, 9866, 9123 
5142c0a,drone,Fri Mar 13 20:18:41 2020,"auto update",   11, 5988, 4452 
8641b1c,drone,Fri Mar 13 18:19:15 2020,"auto update",   8, 10268, 10029 
30f1a50,drone,Fri Mar 13 16:18:43 2020,"auto update",   8, 3307, 3301 
53d9e4a,drone,Fri Mar 13 14:18:54 2020,"auto update",   11, 7879, 7824 
8d4399f,drone,Fri Mar 13 12:18:53 2020,"auto update",   11, 6664, 6418 
dd0a0e0,drone,Fri Mar 13 11:20:33 2020,"auto update",   11, 17665, 17498 
ee9e2cf,drone,Fri Mar 13 10:19:34 2020,"auto update",   10, 18634, 16310 
20dd263,drone,Fri Mar 13 09:19:10 2020,"auto update",   3, 3306, 3306 
71fc759,drone,Fri Mar 13 08:19:39 2020,"auto update",   3, 2477, 2477 
dd5059a,drone,Fri Mar 13 06:18:41 2020,"auto update",   3, 2610, 2610 
ff40df3,drone,Fri Mar 13 04:18:42 2020,"auto update",   7, 2656, 2655 
aa02b3b,drone,Fri Mar 13 02:19:26 2020,"auto update",   9, 18313, 4662 
8e7c3e1,drone,Fri Mar 13 00:19:09 2020,"auto update",   11, 6535, 6395 
dd982ce,drone,Thu Mar 12 22:18:43 2020,"auto update",   9, 4975, 4971 
1c42f5a,drone,Thu Mar 12 20:18:51 2020,"auto update",   10, 12163, 12063 
a7e1aa8,drone,Thu Mar 12 18:18:54 2020,"auto update",   10, 4406, 4336 
46809f8,drone,Thu Mar 12 16:18:55 2020,"auto update",   11, 9233, 8971 
fb9de3a,drone,Thu Mar 12 14:19:03 2020,"auto update",   10, 4032, 4016 
1bbf392,drone,Thu Mar 12 12:19:01 2020,"auto update",   11, 9634, 9171 
cd8d96f,drone,Thu Mar 12 11:18:45 2020,"auto update",   11, 11623, 11450 
165c946,drone,Thu Mar 12 10:18:54 2020,"auto update",   11, 13568, 12554 
3d46fa8,drone,Thu Mar 12 09:18:47 2020,"auto update",   3, 2895, 2895 
b75d8dd,drone,Thu Mar 12 08:18:33 2020,"auto update",   3, 3144, 3144 
ecb9e64,drone,Thu Mar 12 06:18:36 2020,"auto update",   7, 5177, 5175 
08b8ed7,drone,Thu Mar 12 04:18:48 2020,"auto update",   8, 3065, 3011 
7cc248c,drone,Thu Mar 12 02:19:01 2020,"auto update",   10, 19280, 5625 
53451a5,drone,Thu Mar 12 00:19:11 2020,"auto update",   4, 3176, 3155 
156cb60,drone,Wed Mar 11 22:18:50 2020,"auto update",   11, 8066, 6452 
b7fe855,ohdarling88,Wed Mar 11 20:52:03 2020,"update",   1, 2, 2 
580f481,ohdarling88,Wed Mar 11 20:51:38 2020,"update",   3, 34, 1 
e43c2eb,ohdarling88,Wed Mar 11 20:42:33 2020,"auto update",   2, 4140, 1 
bacdb0b,drone,Wed Mar 11 20:18:43 2020,"auto update",   10, 13701, 13586 
797389c,drone,Wed Mar 11 18:18:49 2020,"auto update",   10, 7238, 7143 
b534c29,drone,Wed Mar 11 16:18:50 2020,"auto update",   10, 4177, 4143 
80e370c,ohdarling88,Wed Mar 11 15:50:10 2020,"update",   1, 2, 2 
045fd73,ohdarling88,Wed Mar 11 15:49:35 2020,"update",   1, 6, 6 
b14c971,drone,Wed Mar 11 14:18:34 2020,"auto update",   10, 5719, 5607 
6986af8,ohdarling88,Wed Mar 11 12:55:24 2020,"auto update",   9, 7624, 5066 
8ba76f1,drone,Wed Mar 11 12:18:34 2020,"auto update",   10, 10435, 10285 
bf01597,drone,Wed Mar 11 11:18:40 2020,"auto update",   10, 5254, 5211 
b2b54ca,drone,Wed Mar 11 10:18:44 2020,"auto update",   10, 11043, 8759 
59437ea,drone,Wed Mar 11 09:18:35 2020,"auto update",   3, 2071, 2071 
76a022a,drone,Wed Mar 11 08:18:40 2020,"auto update",   3, 2775, 2775 
a14f2cb,drone,Wed Mar 11 06:18:40 2020,"auto update",   3, 1836, 1836 
1cf7a63,drone,Wed Mar 11 04:18:41 2020,"auto update",   7, 1544, 1490 
a05279e,drone,Wed Mar 11 02:20:12 2020,"auto update",   10, 35968, 22380 
a9b5240,drone,Wed Mar 11 00:32:59 2020,"auto update",   8, 11719, 11711 
7d908bb,drone,Tue Mar 10 22:20:21 2020,"auto update",   10, 6648, 6329 
a178ca7,drone,Tue Mar 10 20:19:01 2020,"auto update",   9, 4245, 4079 
4c53004,drone,Tue Mar 10 18:21:01 2020,"auto update",   10, 5415, 5286 
d11277f,drone,Tue Mar 10 16:20:08 2020,"auto update",   10, 6945, 6353 
abef0b0,drone,Tue Mar 10 14:19:37 2020,"auto update",   8, 3718, 3537 
affc416,drone,Tue Mar 10 12:19:40 2020,"auto update",   10, 6906, 6642 
2a02e52,drone,Tue Mar 10 11:19:10 2020,"auto update",   10, 15980, 15758 
7cd9698,drone,Tue Mar 10 10:18:52 2020,"auto update",   10, 14819, 17972 
7382a54,drone,Tue Mar 10 09:18:53 2020,"auto update",   3, 2897, 2897 
c67146f,drone,Tue Mar 10 08:19:04 2020,"auto update",   7, 4938, 4936 
07c7621,drone,Tue Mar 10 06:18:58 2020,"auto update",   3, 2778, 2778 
7906814,drone,Tue Mar 10 04:19:40 2020,"auto update",   7, 3051, 2997 
1bc0b47,drone,Tue Mar 10 02:23:42 2020,"auto update",   9, 22776, 5405 
55eee0d,drone,Tue Mar 10 00:19:04 2020,"auto update",   10, 8073, 7966 
30a74f3,drone,Mon Mar 9 22:18:59 2020,"auto update",   10, 5565, 4279 
be91563,drone,Mon Mar 9 20:19:02 2020,"auto update",   10, 4438, 4383 
51023b3,drone,Mon Mar 9 18:19:03 2020,"auto update",   10, 4857, 4606 
d2481fb,drone,Mon Mar 9 16:18:46 2020,"auto update",   10, 21436, 19307 
06d72c9,drone,Mon Mar 9 14:18:51 2020,"auto update",   3, 2955, 2955 
8c92370,drone,Mon Mar 9 12:18:43 2020,"auto update",   3, 2192, 2192 
d1951df,drone,Mon Mar 9 11:18:52 2020,"auto update",   3, 425, 425 
6e7ea48,drone,Mon Mar 9 10:18:51 2020,"auto update",   6, 1408, 2601 
72f0541,drone,Mon Mar 9 09:18:49 2020,"auto update",   3, 2682, 2682 
50fe20c,drone,Mon Mar 9 08:18:43 2020,"auto update",   3, 2963, 2963 
e23287c,drone,Mon Mar 9 06:18:46 2020,"auto update",   3, 2105, 2105 
9082b04,drone,Mon Mar 9 04:18:41 2020,"auto update",   7, 1731, 1677 
9adfa73,drone,Mon Mar 9 02:18:55 2020,"auto update",   9, 17832, 2996 
3e4b14e,drone,Mon Mar 9 00:19:36 2020,"auto update",   10, 5795, 5740 
02b027f,drone,Sun Mar 8 22:18:56 2020,"auto update",   9, 2190, 2157 
b3439a8,drone,Sun Mar 8 20:18:48 2020,"auto update",   10, 3181, 3122 
8be9613,drone,Sun Mar 8 18:19:01 2020,"auto update",   10, 5041, 4981 
b5c0d15,drone,Sun Mar 8 16:18:56 2020,"auto update",   10, 17826, 17227 
1a082c0,drone,Sun Mar 8 14:18:49 2020,"auto update",   10, 6144, 6078 
672a4b0,drone,Sun Mar 8 12:18:58 2020,"auto update",   10, 8091, 7970 
a24ecc6,drone,Sun Mar 8 11:18:58 2020,"auto update",   9, 3818, 3762 
28a4f52,drone,Sun Mar 8 10:18:58 2020,"auto update",   10, 11322, 10732 
27e8e03,drone,Sun Mar 8 09:18:51 2020,"auto update",   3, 2885, 2885 
ee0c53f,drone,Sun Mar 8 08:18:54 2020,"auto update",   3, 2897, 2897 
1a02550,drone,Sun Mar 8 06:18:53 2020,"auto update",   3, 3482, 3482 
44ae625,drone,Sun Mar 8 04:18:58 2020,"auto update",   7, 2853, 2799 
93a3fea,drone,Sun Mar 8 02:18:50 2020,"auto update",   9, 17145, 3503 
5a23420,drone,Sun Mar 8 00:18:51 2020,"auto update",   9, 4926, 4817 
7891f73,drone,Sat Mar 7 22:18:48 2020,"auto update",   10, 7426, 6230 
b0b3c29,drone,Sat Mar 7 20:18:47 2020,"auto update",   10, 5488, 5419 
2c73693,drone,Sat Mar 7 18:18:49 2020,"auto update",   3, 2865, 2865 
b55d083,drone,Sat Mar 7 16:18:55 2020,"auto update",   3, 3171, 3171 
606b8d4,drone,Sat Mar 7 14:19:37 2020,"auto update",   10, 7414, 7189 
e289c18,drone,Sat Mar 7 12:18:54 2020,"auto update",   10, 8241, 8148 
1b1a4b0,drone,Sat Mar 7 11:18:58 2020,"auto update",   10, 14556, 14248 
142fe40,drone,Sat Mar 7 10:18:52 2020,"auto update",   9, 9894, 11736 
b7fe76b,drone,Sat Mar 7 09:18:50 2020,"auto update",   3, 3562, 3562 
ed02cbf,drone,Sat Mar 7 08:19:01 2020,"auto update",   3, 3623, 3623 
af37f17,drone,Sat Mar 7 06:18:57 2020,"auto update",   3, 524, 524 
2c4d010,drone,Sat Mar 7 04:18:48 2020,"auto update",   7, 2798, 2744 
8d69d62,drone,Sat Mar 7 02:18:55 2020,"auto update",   10, 22006, 8217 
74038fa,drone,Sat Mar 7 00:19:00 2020,"auto update",   10, 7737, 6203 
69ff9f4,drone,Fri Mar 6 22:18:41 2020,"auto update",   10, 13985, 11421 
992eeab,drone,Fri Mar 6 20:19:00 2020,"auto update",   10, 3086, 3048 
9eae892,drone,Fri Mar 6 18:19:22 2020,"auto update",   10, 12531, 12168 
1a66068,drone,Fri Mar 6 16:28:34 2020,"auto update",   7, 3200, 3199 
d5238f7,drone,Fri Mar 6 14:18:56 2020,"auto update",   10, 10020, 9880 
4673d6e,drone,Fri Mar 6 12:18:51 2020,"auto update",   9, 7106, 6928 
e78795d,drone,Fri Mar 6 11:18:52 2020,"auto update",   10, 5514, 4292 
ecfe4b0,drone,Fri Mar 6 10:18:55 2020,"auto update",   10, 9070, 9932 
d44db88,drone,Fri Mar 6 09:18:45 2020,"auto update",   3, 2016, 2016 
d53a8a4,drone,Fri Mar 6 08:18:55 2020,"auto update",   3, 1445, 1445 
d5ae3aa,drone,Fri Mar 6 06:18:51 2020,"auto update",   3, 2894, 2894 
f62c438,drone,Fri Mar 6 04:18:55 2020,"auto update",   7, 2867, 2813 
eb346ce,drone,Fri Mar 6 02:18:54 2020,"auto update",   10, 32474, 17860 
7632f66,ohdarling88,Fri Mar 6 01:42:44 2020,"update",   2, 2 
de7c243,ohdarling88,Fri Mar 6 01:25:49 2020,"update",   3, 115, 71 
a3a2788,ohdarling88,Fri Mar 6 00:43:40 2020,"update",   2, 6, 2 
a070f53,drone,Fri Mar 6 00:18:44 2020,"auto update",   7, 1742, 1741 
ab22603,ohdarling88,Thu Mar 5 23:12:40 2020,"update",   2, 12, 5 
6f70320,ohdarling88,Thu Mar 5 22:37:12 2020,"update",   1, 1, 1 
a5eb1ec,ohdarling88,Thu Mar 5 22:33:54 2020,"use brower lang as default",   1, 5, 1 
79b5621,drone,Thu Mar 5 22:18:47 2020,"auto update",   9, 2119, 2093 
0afed9b,drone,Thu Mar 5 20:18:49 2020,"auto update",   10, 5009, 3723 
b488107,drone,Thu Mar 5 19:18:51 2020,"auto update",   1, 1, 1 
d824ef8,ohdarling88,Thu Mar 5 19:02:13 2020,"auto update",   10, 11922, 8886 
5e08cff,ohdarling88,Thu Mar 5 18:59:57 2020,"update",   1, 8051, 14893 
c063cad,ohdarling88,Thu Mar 5 18:29:55 2020,"auto update",   2, 10325, 8414 
ee90156,drone,Thu Mar 5 18:18:56 2020,"auto update",   10, 10315, 6980 
fdd18f2,ohdarling88,Thu Mar 5 16:58:23 2020,"update",   2, 4830, 6672 
15bcc8d,ohdarling88,Thu Mar 5 16:28:22 2020,"update",   1, 1, 1 
986d455,ohdarling88,Thu Mar 5 16:23:22 2020,"add world trends",   4, 24368, 34 
369a412,drone,Thu Mar 5 14:18:54 2020,"auto update",   9, 3839, 3788 
705c742,drone,Thu Mar 5 12:18:45 2020,"auto update",   9, 9443, 9279 
d3f7ffb,drone,Thu Mar 5 11:18:49 2020,"auto update",   7, 2035, 2034 
5108fa9,drone,Thu Mar 5 10:18:49 2020,"auto update",   9, 23122, 9350 
1a62d16,drone,Wed Mar 4 22:18:55 2020,"auto update",   9, 6046, 5850 
898aee3,drone,Wed Mar 4 18:18:57 2020,"auto update",   9, 2006, 1962 
5371a9d,drone,Wed Mar 4 14:18:49 2020,"auto update",   9, 5122, 5084 
3706fe6,drone,Wed Mar 4 12:18:49 2020,"auto update",   9, 15772, 15635 
da34acd,drone,Wed Mar 4 11:18:45 2020,"auto update",   9, 3690, 3504 
a4b51c5,drone,Wed Mar 4 10:18:47 2020,"auto update",   9, 23549, 11546 
13cf5b2,drone,Tue Mar 3 22:18:58 2020,"auto update",   9, 7742, 5373 
b0c4ef3,drone,Tue Mar 3 18:19:00 2020,"auto update",   9, 5730, 5441 
4a31b60,drone,Tue Mar 3 14:18:50 2020,"auto update",   9, 4842, 4776 
463a5cd,ohdarling88,Tue Mar 3 13:53:57 2020,"update",   1, 5, 4 
e0748e0,ohdarling88,Tue Mar 3 13:40:57 2020,"add bar chart to world map",   1, 48, 2 
5663e65,drone,Tue Mar 3 12:18:46 2020,"auto update",   9, 5176, 5022 
5b137cb,drone,Tue Mar 3 11:18:45 2020,"auto update",   9, 6416, 6254 
bf25f76,drone,Tue Mar 3 10:18:50 2020,"auto update",   9, 20251, 10465 
c8b5dcd,drone,Mon Mar 2 22:18:47 2020,"auto update",   9, 10352, 5986 
b11ce25,ohdarling88,Mon Mar 2 20:47:04 2020,"update",   1, 1, 1 
27f44a4,ohdarling88,Mon Mar 2 20:43:15 2020,"improve english ver",   3, 36, 22 
5918dee,ohdarling88,Mon Mar 2 20:27:25 2020,"Merge branch 'i18n'", 
286ed73,drone,Mon Mar 2 18:18:45 2020,"auto update",   9, 6466, 6161 
9936ccb,drone,Mon Mar 2 14:18:46 2020,"auto update",   9, 2555, 1694 
d825542,drone,Mon Mar 2 12:18:47 2020,"auto update",   9, 8261, 8101 
060d4f4,drone,Mon Mar 2 11:18:46 2020,"auto update",   9, 4189, 4135 
9e08d1f,drone,Mon Mar 2 10:18:47 2020,"auto update",   9, 23132, 11281 
f599839,drone,Sun Mar 1 22:18:47 2020,"auto update",   9, 8702, 6376 
19accec,drone,Sun Mar 1 18:18:52 2020,"auto update",   9, 5840, 5669 
4426667,drone,Sun Mar 1 14:18:44 2020,"auto update",   9, 4435, 3556 
216bd02,drone,Sun Mar 1 12:18:42 2020,"auto update",   9, 5676, 5560 
353a093,drone,Sun Mar 1 11:18:44 2020,"auto update",   9, 8016, 7813 
8c590ff,drone,Sun Mar 1 10:18:30 2020,"auto update",   9, 23079, 11134 
974f4ba,drone,Sat Feb 29 22:18:47 2020,"auto update",   9, 8339, 6221 
6086f8b,drone,Sat Feb 29 18:18:39 2020,"auto update",   9, 4486, 4279 
2cb794a,ohdarling88,Sat Feb 29 15:36:06 2020,"auto update",   9, 115293, 269732 
a804db8,ohdarling88,Sat Feb 29 15:19:23 2020,"update",   2, 2, 2 
dd7497b,ohdarling88,Sat Feb 29 15:16:53 2020,"update",   2, 3, 3 
b5be269,ohdarling88,Sat Feb 29 15:13:05 2020,"auto update",   9, 274496, 118487 
c8868e0,ohdarling88,Sat Feb 29 15:07:51 2020,"update",   1, 46, 14 
71a6203,drone,Sat Feb 29 14:18:45 2020,"auto update",   3, 1609, 1609 
620221d,drone,Sat Feb 29 12:18:42 2020,"auto update",   3, 1103, 1103 
1bed896,drone,Sat Feb 29 11:18:35 2020,"auto update",   3, 1609, 1609 
c82d62d,drone,Sat Feb 29 10:18:41 2020,"auto update",   7, 16367, 4763 
479327e,drone,Fri Feb 28 22:18:46 2020,"auto update",   9, 6792, 4680 
15a5a91,drone,Fri Feb 28 18:18:52 2020,"auto update",   9, 6267, 5653 
6a9017e,drone,Fri Feb 28 14:18:44 2020,"auto update",   9, 3211, 3097 
51c6ce7,drone,Fri Feb 28 12:18:43 2020,"auto update",   8, 5423, 5302 
302d536,ohdarling88,Fri Feb 28 11:28:14 2020,"auto update",   9, 21845, 8671 
1a7355f,ohdarling88,Fri Feb 28 01:17:50 2020,"fix summary",   2, 4, 3 
d08a9bd,ohdarling88,Fri Feb 28 00:40:51 2020,"update",   1, 1, 1 
aca7a75,ohdarling88,Fri Feb 28 00:35:18 2020,"add req timestamp",   2, 6, 2 
766567b,ohdarling88,Thu Feb 27 20:54:21 2020,"update",   1, 2, 2 
ee6def4,ohdarling88,Thu Feb 27 20:52:24 2020,"add zero incr days",   2, 99, 18 
a96bd82,drone,Thu Feb 27 22:18:43 2020,"auto update",   8, 9345, 4928 
437584f,drone,Thu Feb 27 18:18:44 2020,"auto update",   7, 3654, 3597 
143f296,drone,Thu Feb 27 14:19:03 2020,"auto update",   7, 4504, 4307 
2a12222,drone,Thu Feb 27 12:19:17 2020,"auto update",   7, 6623, 6556 
a3f8d9f,drone,Thu Feb 27 11:18:54 2020,"auto update",   7, 6011, 5812 
aa93057,drone,Thu Feb 27 10:18:29 2020,"auto update",   7, 22073, 9900 
33fb896,drone,Wed Feb 26 22:19:14 2020,"auto update",   7, 6837, 4758 
eb6e9f6,drone,Wed Feb 26 18:18:51 2020,"auto update",   7, 4732, 4546 
365c1ca,drone,Wed Feb 26 14:18:40 2020,"auto update",   7, 7016, 6792 
b5821ba,drone,Wed Feb 26 12:18:37 2020,"auto update",   7, 4311, 4219 
ed3e67b,drone,Wed Feb 26 11:18:44 2020,"auto update",   7, 4608, 4424 
072a8c1,drone,Wed Feb 26 10:18:34 2020,"auto update",   7, 21583, 10076 
4cec436,drone,Tue Feb 25 22:18:31 2020,"auto update",   5, 2219, 1398 
1977f00,ohdarling88,Tue Feb 25 21:09:16 2020,"auto update",   3, 2416, 2350 
2b9f54e,drone,Tue Feb 25 20:18:33 2020,"auto update",   7, 3529, 2565 
bf7bf9e,drone,Tue Feb 25 19:18:35 2020,"auto update",   7, 4185, 3232 
9dbca6e,drone,Tue Feb 25 18:18:51 2020,"auto update",   7, 3666, 3558 
216b0b6,drone,Tue Feb 25 17:18:35 2020,"auto update",   7, 1315, 1261 
001dbc9,drone,Tue Feb 25 16:18:41 2020,"auto update",   7, 2028, 1980 
0798325,drone,Tue Feb 25 15:18:33 2020,"auto update",   7, 4186, 4099 
90c096d,drone,Tue Feb 25 14:18:38 2020,"auto update",   7, 4074, 3965 
3f70b96,drone,Tue Feb 25 13:18:38 2020,"auto update",   7, 3801, 3738 
82f88a7,drone,Tue Feb 25 12:18:41 2020,"auto update",   7, 7520, 7390 
e070b5f,drone,Tue Feb 25 11:18:37 2020,"auto update",   7, 4552, 4453 
7f15cd7,drone,Tue Feb 25 10:18:36 2020,"auto update",   7, 7184, 9538 
eb1bb2b,drone,Tue Feb 25 09:18:41 2020,"auto update",   2, 813, 813 
d2de81a,drone,Tue Feb 25 08:18:39 2020,"auto update",   2, 1682, 1682 
67ee1b7,drone,Tue Feb 25 07:18:37 2020,"auto update",   2, 1347, 1347 
b60decd,drone,Tue Feb 25 06:18:35 2020,"auto update",   2, 376, 376 
2b8c358,drone,Tue Feb 25 05:18:43 2020,"auto update",   2, 1378, 1378 
1b387ee,drone,Tue Feb 25 04:18:40 2020,"auto update",   2, 1656, 1656 
a70d94c,drone,Tue Feb 25 03:18:38 2020,"auto update",   2, 1664, 1664 
26f9374,drone,Tue Feb 25 02:18:46 2020,"auto update",   7, 18532, 4135 
461809a,drone,Tue Feb 25 01:18:31 2020,"auto update",   7, 4527, 3583 
55f1f7a,drone,Tue Feb 25 00:18:45 2020,"auto update",   7, 2070, 2049 
a52d8ba,drone,Mon Feb 24 23:18:34 2020,"auto update",   7, 2062, 2048 
bb7d8dd,drone,Mon Feb 24 22:18:36 2020,"auto update",   7, 2235, 2142 
f3f51fb,drone,Mon Feb 24 21:18:46 2020,"auto update",   7, 5529, 4610 
b435f64,drone,Mon Feb 24 20:18:38 2020,"auto update",   7, 3424, 3293 
f345913,drone,Mon Feb 24 19:18:55 2020,"auto update",   5, 289, 288 
46d1f95,drone,Mon Feb 24 18:18:37 2020,"auto update",   7, 4146, 3966 
8b16e64,drone,Mon Feb 24 17:18:44 2020,"auto update",   7, 1360, 1332 
5735f3d,drone,Mon Feb 24 16:18:36 2020,"auto update",   2, 920, 920 
33e4146,drone,Mon Feb 24 15:18:35 2020,"auto update",   5, 1428, 1424 
c3cf12b,drone,Mon Feb 24 14:18:42 2020,"auto update",   7, 3138, 3115 
fe6f081,drone,Mon Feb 24 13:18:35 2020,"auto update",   2, 714, 714 
0c66dfe,drone,Mon Feb 24 12:18:41 2020,"auto update",   7, 4989, 4910 
c49aac0,drone,Mon Feb 24 11:18:33 2020,"auto update",   7, 5962, 5761 
e9ed030,drone,Mon Feb 24 10:18:40 2020,"auto update",   7, 7121, 11821 
39f9183,drone,Mon Feb 24 09:18:35 2020,"auto update",   1, 18, 18 
51e43dd,drone,Mon Feb 24 08:18:31 2020,"auto update",   2, 2023, 2023 
80cbb00,drone,Mon Feb 24 07:18:27 2020,"auto update",   2, 2118, 2118 
309a56e,drone,Mon Feb 24 06:18:33 2020,"auto update",   2, 2861, 2861 
dbe5392,drone,Mon Feb 24 05:18:25 2020,"auto update",   2, 2676, 2676 
a6cc10f,drone,Mon Feb 24 04:18:42 2020,"auto update",   2, 2842, 2842 
7e1b964,drone,Mon Feb 24 03:18:39 2020,"auto update",   2, 1484, 1484 
abfbfb6,drone,Mon Feb 24 02:18:37 2020,"auto update",   5, 16406, 2789 
3dde3d6,drone,Mon Feb 24 01:18:32 2020,"auto update",   7, 2915, 2902 
1043d2f,drone,Mon Feb 24 00:18:42 2020,"auto update",   7, 3461, 3390 
8f2fdaf,drone,Sun Feb 23 23:18:26 2020,"auto update",   7, 3723, 2882 
d8a22c5,drone,Sun Feb 23 22:18:42 2020,"auto update",   7, 7938, 5075 
22f33b4,drone,Sun Feb 23 21:18:36 2020,"auto update",   7, 5151, 3411 
e08e76f,drone,Sun Feb 23 20:18:44 2020,"auto update",   7, 4219, 4015 
566a287,drone,Sun Feb 23 19:18:38 2020,"auto update",   7, 2153, 2121 
4dc1ab7,drone,Sun Feb 23 18:18:43 2020,"auto update",   7, 1876, 1848 
05a625a,drone,Sun Feb 23 17:18:34 2020,"auto update",   7, 1753, 1721 
c70ae83,drone,Sun Feb 23 16:18:43 2020,"auto update",   7, 3769, 3618 
fb3c1f8,drone,Sun Feb 23 14:18:33 2020,"auto update",   7, 3875, 3823 
8f10917,drone,Sun Feb 23 13:18:41 2020,"auto update",   7, 2365, 2328 
df0ac77,drone,Sun Feb 23 12:18:35 2020,"auto update",   7, 3851, 3792 
164a27a,drone,Sun Feb 23 11:18:45 2020,"auto update",   7, 5158, 4975 
8110aa5,drone,Sun Feb 23 10:18:36 2020,"auto update",   7, 6064, 9061 
178a77a,drone,Sun Feb 23 09:18:32 2020,"auto update",   5, 2939, 2885 
2121029,drone,Sun Feb 23 08:18:29 2020,"auto update",   2, 156, 156 
e0e2fe5,drone,Sun Feb 23 07:18:27 2020,"auto update",   2, 696, 696 
b27d0c2,drone,Sun Feb 23 06:18:34 2020,"auto update",   2, 162, 162 
5daa48c,drone,Sun Feb 23 05:18:42 2020,"auto update",   2, 626, 626 
fcf258e,drone,Sun Feb 23 04:18:41 2020,"auto update",   2, 1166, 1166 
c7b3c31,drone,Sun Feb 23 03:18:38 2020,"auto update",   2, 584, 584 
e3b14a3,drone,Sun Feb 23 02:18:35 2020,"auto update",   5, 14006, 445 
81d1efe,drone,Sun Feb 23 01:18:39 2020,"auto update",   2, 1508, 1434 
68029bc,drone,Sun Feb 23 00:18:36 2020,"auto update",   7, 2021, 1959 
ec41425,drone,Sat Feb 22 23:18:34 2020,"auto update",   7, 3571, 2711 
50f0ca9,drone,Sat Feb 22 22:18:33 2020,"auto update",   7, 1913, 1127 
dc23a31,drone,Sat Feb 22 21:18:39 2020,"auto update",   7, 1764, 1705 
3fdbc10,drone,Sat Feb 22 20:18:31 2020,"auto update",   7, 4086, 3126 
855fc7a,drone,Sat Feb 22 19:18:34 2020,"auto update",   7, 4110, 3193 
ec36f73,drone,Sat Feb 22 18:18:45 2020,"auto update",   7, 2441, 2373 
dc05a7f,drone,Sat Feb 22 17:18:39 2020,"auto update",   7, 3536, 3376 
801f420,drone,Sat Feb 22 16:18:37 2020,"auto update",   7, 4537, 4378 
f055ee4,drone,Sat Feb 22 15:18:36 2020,"auto update",   7, 3451, 3360 
96be7fa,drone,Sat Feb 22 14:18:38 2020,"auto update",   7, 1361, 1343 
c7cbe80,drone,Sat Feb 22 13:18:42 2020,"auto update",   7, 4651, 4555 
5f95121,drone,Sat Feb 22 12:18:37 2020,"auto update",   7, 14361, 14215 
ebe487e,drone,Sat Feb 22 11:18:40 2020,"auto update",   7, 6666, 6530 
585f06e,drone,Sat Feb 22 10:18:38 2020,"auto update",   7, 7117, 10701 
6070462,drone,Sat Feb 22 09:18:34 2020,"auto update",   2, 1024, 1024 
1006a53,drone,Sat Feb 22 08:18:32 2020,"auto update",   2, 1187, 1187 
63bdc51,drone,Sat Feb 22 07:18:38 2020,"auto update",   2, 929, 929 
df19c07,drone,Sat Feb 22 05:18:38 2020,"auto update",   2, 719, 719 
d3eae65,drone,Sat Feb 22 04:18:32 2020,"auto update",   2, 741, 741 
513d3d8,drone,Sat Feb 22 02:18:38 2020,"auto update",   7, 16659, 2334 
62ad726,drone,Sat Feb 22 01:18:38 2020,"auto update",   2, 1262, 1262 
fe8c316,drone,Sat Feb 22 00:18:40 2020,"auto update",   7, 2310, 2277 
1c8d175,drone,Fri Feb 21 23:18:36 2020,"auto update",   7, 3209, 2386 
670c64c,drone,Fri Feb 21 22:18:42 2020,"auto update",   7, 2663, 2519 
70d2445,drone,Fri Feb 21 21:18:35 2020,"auto update",   7, 8070, 4993 
e5ee73c,drone,Fri Feb 21 20:18:35 2020,"auto update",   7, 825, 811 
f21d8eb,drone,Fri Feb 21 19:18:31 2020,"auto update",   2, 858, 858 
2dcf0b7,drone,Fri Feb 21 18:18:39 2020,"auto update",   7, 3085, 3036 
3e70ca5,drone,Fri Feb 21 17:18:34 2020,"auto update",   7, 1580, 1526 
f792959,drone,Fri Feb 21 16:18:57 2020,"auto update",   7, 2202, 2141 
33b431b,drone,Fri Feb 21 15:18:38 2020,"auto update",   7, 2345, 2189 
f700a54,ohdarling88,Fri Feb 21 14:50:05 2020,"update",   1, 1, 1 
5fe7ea5,ohdarling88,Fri Feb 21 14:44:25 2020,"update",   1, 1 
edfdfef,drone,Fri Feb 21 14:18:31 2020,"auto update",   5, 207, 205 
32419d6,drone,Fri Feb 21 13:18:41 2020,"auto update",   7, 20382, 19736 
ce5b746,drone,Fri Feb 21 12:18:38 2020,"auto update",   7, 7142, 6438 
249c843,drone,Fri Feb 21 11:18:53 2020,"auto update",   7, 14863, 14710 
b092689,drone,Fri Feb 21 10:18:32 2020,"auto update",   7, 9609, 14374 
f470690,drone,Fri Feb 21 09:18:26 2020,"auto update",   2, 878, 878 
1fb1f0f,drone,Fri Feb 21 08:18:30 2020,"auto update",   2, 1470, 1470 
cd56f06,drone,Fri Feb 21 06:18:27 2020,"auto update",   2, 219, 219 
ccf7bc2,drone,Fri Feb 21 05:18:42 2020,"auto update",   2, 1275, 1275 
993617c,drone,Fri Feb 21 04:18:31 2020,"auto update",   2, 1369, 1369 
2a9a797,drone,Fri Feb 21 03:18:31 2020,"auto update",   2, 1418, 1418 
6e06cfb,drone,Fri Feb 21 02:18:29 2020,"auto update",   5, 15394, 1833 
e173c19,drone,Fri Feb 21 01:19:23 2020,"auto update",   7, 607, 566 
8b899f9,drone,Fri Feb 21 00:20:20 2020,"auto update",   7, 1988, 1918 
b4ebe1d,drone,Thu Feb 20 23:18:35 2020,"auto update",   7, 1355, 1263 
ee260af,drone,Thu Feb 20 22:18:34 2020,"auto update",   7, 5713, 4215 
2dc064a,drone,Thu Feb 20 21:18:33 2020,"auto update",   7, 2248, 2170 
e2a9e85,drone,Thu Feb 20 20:18:30 2020,"auto update",   7, 8114, 4477 
29d41f7,drone,Thu Feb 20 19:18:33 2020,"auto update",   2, 1701, 1701 
a9700cb,drone,Thu Feb 20 18:18:41 2020,"auto update",   7, 3775, 3538 
f295f8a,drone,Thu Feb 20 17:18:40 2020,"auto update",   7, 2519, 2490 
af7dc88,drone,Thu Feb 20 16:18:33 2020,"auto update",   7, 5339, 5049 
717aa72,drone,Thu Feb 20 15:18:39 2020,"auto update",   5, 294, 292 
16a55a4,drone,Thu Feb 20 14:18:42 2020,"auto update",   7, 3319, 3195 
5d36754,drone,Thu Feb 20 13:18:39 2020,"auto update",   5, 1989, 1985 
1bc78f4,drone,Thu Feb 20 12:18:45 2020,"auto update",   7, 15349, 15210 
4fdff31,drone,Thu Feb 20 11:18:33 2020,"auto update",   7, 13520, 13361 
90674c4,drone,Thu Feb 20 10:18:31 2020,"auto update",   7, 7190, 10968 
1a0374f,drone,Thu Feb 20 09:18:25 2020,"auto update",   2, 668, 668 
9d19d5b,drone,Thu Feb 20 08:18:23 2020,"auto update",   2, 943, 943 
0e462c1,drone,Thu Feb 20 07:18:24 2020,"auto update",   2, 739, 739 
68c03d5,drone,Thu Feb 20 06:18:24 2020,"auto update",   2, 37, 37 
3d3678d,drone,Thu Feb 20 05:18:32 2020,"auto update",   2, 802, 802 
3abb9ae,drone,Thu Feb 20 04:18:30 2020,"auto update",   2, 1326, 1326 
b362a7b,drone,Thu Feb 20 03:18:28 2020,"auto update",   2, 592, 592 
8d737a2,drone,Thu Feb 20 02:18:28 2020,"auto update",   5, 14553, 1020 
118aa2b,drone,Thu Feb 20 01:18:37 2020,"auto update",   7, 1293, 1276 
a8bee7c,drone,Thu Feb 20 00:18:38 2020,"auto update",   7, 3258, 2590 
375b4ab,drone,Wed Feb 19 23:18:38 2020,"auto update",   7, 1814, 1768 
c887e6b,drone,Wed Feb 19 22:18:39 2020,"auto update",   7, 3869, 3084 
3abddb6,drone,Wed Feb 19 21:18:37 2020,"auto update",   7, 3550, 2785 
cd75e15,drone,Wed Feb 19 20:18:37 2020,"auto update",   7, 6116, 3900 
8d558e1,drone,Wed Feb 19 19:18:34 2020,"auto update",   7, 1987, 1901 
23cc4c8,drone,Wed Feb 19 18:18:34 2020,"auto update",   7, 2343, 2263 
abdbffe,drone,Wed Feb 19 17:18:34 2020,"auto update",   7, 3097, 3134 
2c2cdb4,drone,Wed Feb 19 16:18:36 2020,"auto update",   7, 4273, 4105 
1a169ca,drone,Wed Feb 19 15:18:32 2020,"auto update",   7, 3911, 3664 
f192454,drone,Wed Feb 19 14:18:29 2020,"auto update",   7, 846, 833 
fb59623,drone,Wed Feb 19 13:18:27 2020,"auto update",   5, 443, 439 
09bf715,drone,Wed Feb 19 12:18:40 2020,"auto update",   6, 6420, 6230 
4558117,drone,Wed Feb 19 11:18:35 2020,"auto update",   7, 6908, 6777 
9b5fcb3,drone,Wed Feb 19 10:18:33 2020,"auto update",   7, 5442, 9837 
f4680b3,drone,Wed Feb 19 09:18:23 2020,"auto update",   2, 1457, 1457 
15bfd93,drone,Wed Feb 19 08:18:30 2020,"auto update",   2, 200, 200 
92f5721,drone,Wed Feb 19 07:18:25 2020,"auto update",   2, 1022, 1022 
05eb1d3,drone,Wed Feb 19 06:18:26 2020,"auto update",   2, 1092, 1092 
53f4ae3,drone,Wed Feb 19 05:18:27 2020,"auto update",   2, 1290, 1290 
4a7de20,drone,Wed Feb 19 03:18:28 2020,"auto update",   2, 1312, 1312 
7663cfd,drone,Wed Feb 19 02:18:30 2020,"auto update",   6, 14067, 504 
e94825d,drone,Wed Feb 19 01:18:28 2020,"auto update",   7, 2889, 2196 
dba8c51,drone,Wed Feb 19 00:18:33 2020,"auto update",   7, 2824, 2722 
44578a9,drone,Tue Feb 18 23:18:41 2020,"auto update",   7, 3050, 2908 
b5b0532,drone,Tue Feb 18 22:18:42 2020,"auto update",   7, 4920, 4133 
1230299,drone,Tue Feb 18 21:18:38 2020,"auto update",   7, 4006, 3273 
d2f63c5,drone,Tue Feb 18 20:18:35 2020,"auto update",   7, 6893, 4082 
95f9a08,drone,Tue Feb 18 19:18:43 2020,"auto update",   7, 2455, 2413 
e8b9379,drone,Tue Feb 18 18:18:29 2020,"auto update",   7, 3054, 2929 
29e3ad2,drone,Tue Feb 18 17:18:31 2020,"auto update",   7, 2040, 1968 
e33d52d,drone,Tue Feb 18 16:18:35 2020,"auto update",   7, 2977, 2847 
b1b2ecf,drone,Tue Feb 18 15:18:26 2020,"auto update",   7, 2347, 2303 
6514efc,drone,Tue Feb 18 14:18:26 2020,"auto update",   7, 3809, 3608 
e4b8e8b,drone,Tue Feb 18 13:18:26 2020,"auto update",   7, 3277, 3225 
14497a7,drone,Tue Feb 18 12:18:27 2020,"auto update",   6, 6738, 6573 
6ac92a5,drone,Tue Feb 18 11:18:20 2020,"auto update",   7, 14052, 13956 
2b6d149,drone,Tue Feb 18 10:18:24 2020,"auto update",   7, 3561, 7762 
855407e,drone,Tue Feb 18 09:18:23 2020,"auto update",   7, 2946, 2881 
3773501,drone,Tue Feb 18 08:18:19 2020,"auto update",   2, 631, 631 
4352d76,drone,Tue Feb 18 07:18:23 2020,"auto update",   2, 643, 643 
d9a3fcf,drone,Tue Feb 18 06:18:20 2020,"auto update",   2, 1095, 1095 
3140ab7,drone,Tue Feb 18 05:18:23 2020,"auto update",   2, 669, 669 
85729d1,drone,Tue Feb 18 04:18:23 2020,"auto update",   2, 1162, 1162 
05d016a,drone,Tue Feb 18 03:18:28 2020,"auto update",   7, 1978, 1976 
1fc2b5f,drone,Tue Feb 18 02:18:28 2020,"auto update",   7, 17093, 2848 
b02f21c,drone,Tue Feb 18 01:18:27 2020,"auto update",   7, 2579, 2528 
3858c31,drone,Tue Feb 18 00:18:24 2020,"auto update",   7, 4010, 3242 
69a61ed,drone,Mon Feb 17 23:18:28 2020,"auto update",   7, 3085, 2954 
b8140ce,drone,Mon Feb 17 22:18:24 2020,"auto update",   7, 3827, 3091 
88ea47d,drone,Mon Feb 17 21:18:28 2020,"auto update",   7, 5774, 4404 
46237ae,drone,Mon Feb 17 20:18:26 2020,"auto update",   7, 3661, 2417 
a1a3854,drone,Mon Feb 17 19:18:24 2020,"auto update",   7, 4319, 4111 
f18f700,drone,Mon Feb 17 18:18:33 2020,"auto update",   7, 1791, 1783 
e073b64,drone,Mon Feb 17 17:18:29 2020,"auto update",   7, 2311, 2159 
de747ab,ohdarling88,Mon Feb 17 15:27:19 2020,"auto update",   7, 5605, 5302 
2337b63,drone,Mon Feb 17 15:18:28 2020,"auto update",   5, 1023, 1022 
63c4304,drone,Mon Feb 17 14:18:21 2020,"auto update",   7, 1056, 1039 
5cbbcec,drone,Mon Feb 17 13:18:27 2020,"auto update",   7, 12150, 12024 
e65ac3c,drone,Mon Feb 17 12:18:25 2020,"auto update",   7, 16472, 16336 
b0ea54b,ohdarling88,Mon Feb 17 11:38:41 2020,"fix world map",   1, 1, 1 
9bb1ea7,ohdarling88,Mon Feb 17 11:32:29 2020,"update",   1, 12, 5 
64b383d,drone,Mon Feb 17 11:04:31 2020,"auto update",   7, 6619, 6431 
e400901,drone,Mon Feb 17 10:18:21 2020,"auto update",   4, 1978, 5544 
7e97f5a,drone,Mon Feb 17 09:18:27 2020,"auto update",   2, 2138, 2138 
a49466a,drone,Mon Feb 17 08:18:19 2020,"auto update",   2, 407, 407 
bfdccc1,drone,Mon Feb 17 07:18:20 2020,"auto update",   2, 1972, 1972 
e64c6b3,drone,Mon Feb 17 06:18:20 2020,"auto update",   2, 1940, 1940 
2575e7c,drone,Mon Feb 17 05:18:20 2020,"auto update",   2, 2136, 2136 
50aeffc,drone,Mon Feb 17 04:18:23 2020,"auto update",   2, 882, 882 
2552e2a,drone,Mon Feb 17 03:18:25 2020,"auto update",   2, 3141, 3141 
75f2b0f,drone,Mon Feb 17 02:18:19 2020,"auto update",   5, 14933, 1400 
bce24e9,drone,Mon Feb 17 00:18:20 2020,"auto update",   7, 2971, 2901 
0449838,drone,Sun Feb 16 23:18:22 2020,"auto update",   7, 2038, 2007 
6c2ac17,drone,Sun Feb 16 22:18:26 2020,"auto update",   7, 5372, 4050 
b689e69,drone,Sun Feb 16 21:18:28 2020,"auto update",   7, 1243, 1228 
01c6452,drone,Sun Feb 16 20:18:33 2020,"auto update",   7, 7113, 5161 
8a88397,drone,Sun Feb 16 19:18:41 2020,"auto update",   7, 6607, 73795 
c01d743,drone,Sun Feb 16 18:19:22 2020,"auto update",   7, 5066, 4956 
7f4d4ab,drone,Sun Feb 16 17:19:26 2020,"auto update",   6, 132152, 111887 
86f679b,drone,Sun Feb 16 16:19:18 2020,"auto update",   7, 4025, 3957 
86d80fb,drone,Sun Feb 16 15:19:52 2020,"auto update",   5, 3358, 3357 
23030b7,drone,Sun Feb 16 14:18:59 2020,"auto update",   7, 3457, 3388 
705920b,drone,Sun Feb 16 13:45:50 2020,"auto update",   7, 20705, 20248 
3d21075,ohdarling88,Sun Feb 16 12:23:11 2020,"auto update",   1, 478, 3 
a876da0,drone,Sun Feb 16 10:18:58 2020,"auto update",   2, 2804 
cffa811,drone,Sun Feb 16 06:19:01 2020,"auto update",   2, 3063, 3063 
9aad441,drone,Sun Feb 16 05:18:59 2020,"auto update",   2, 2529, 2529 
bc56326,drone,Sun Feb 16 04:19:01 2020,"auto update",   2, 2357, 2357 
01bd930,drone,Sun Feb 16 03:19:04 2020,"auto update",   6, 3602, 3578 
1862f4c,drone,Sun Feb 16 02:19:02 2020,"auto update",   3, 12941, 395 
4a15d5a,ohdarling88,Sun Feb 16 01:49:55 2020,"auto update",   7, 3783, 3452 
01e8451,ohdarling88,Sun Feb 16 00:36:10 2020,"auto update",   7, 114411, 46129 
88d7822,drone,Sat Feb 15 21:16:55 2020,"auto update",   2, 1979, 1979 
44c162b,drone,Sat Feb 15 20:16:52 2020,"auto update",   7, 4289, 3543 
391f5ee,drone,Sat Feb 15 19:16:46 2020,"auto update",   7, 4914, 3665 
6025b2b,drone,Sat Feb 15 18:16:43 2020,"auto update",   7, 2967, 2911 
abfe93a,drone,Sat Feb 15 17:16:52 2020,"auto update",   7, 3472, 3161 
e39970d,drone,Sat Feb 15 16:16:44 2020,"auto update",   7, 1426, 1335 
d66b5ba,drone,Sat Feb 15 15:16:42 2020,"auto update",   7, 1254, 1221 
5187b3c,drone,Sat Feb 15 14:16:30 2020,"auto update",   7, 3821, 3552 
7bd8d86,ohdarling88,Sat Feb 15 12:55:59 2020,"auto update",   7, 2279, 2226 
58d2164,drone,Sat Feb 15 12:16:27 2020,"auto update",   7, 14829, 14665 
476bdb9,drone,Sat Feb 15 11:16:17 2020,"auto update",   7, 13669, 13544 
40087b5,drone,Sat Feb 15 10:16:13 2020,"auto update",   7, 6598, 9102 
eb62513,drone,Sat Feb 15 09:16:05 2020,"auto update",   2, 493, 493 
5189c1c,drone,Sat Feb 15 08:16:15 2020,"auto update",   2, 499, 499 
9bc67ec,drone,Sat Feb 15 07:16:08 2020,"auto update",   2, 1576, 1576 
5950ea0,drone,Sat Feb 15 06:16:10 2020,"auto update",   2, 1647, 1647 
fd60a43,drone,Sat Feb 15 05:16:22 2020,"auto update",   2, 726, 726 
f48bd1c,drone,Sat Feb 15 04:16:39 2020,"auto update",   5, 1150, 1133 
d5057f9,drone,Sat Feb 15 03:17:07 2020,"auto update",   2, 77, 77 
8ab66ee,drone,Sat Feb 15 02:17:22 2020,"auto update",   7, 15493, 2889 
a00dd6b,drone,Sat Feb 15 01:16:28 2020,"auto update",   7, 1774, 1761 
9698c09,drone,Sat Feb 15 00:16:15 2020,"auto update",   7, 2976, 1920 
3c542f7,drone,Fri Feb 14 23:17:19 2020,"auto update",   7, 1200, 1168 
b759101,drone,Fri Feb 14 22:16:29 2020,"auto update",   7, 3707, 2956 
992d273,drone,Fri Feb 14 20:16:15 2020,"auto update",   7, 4988, 3170 
01f2ae0,drone,Fri Feb 14 19:16:18 2020,"auto update",   7, 2983, 2856 
7c280b3,ohdarling88,Fri Feb 14 17:28:13 2020,"update",   1, 6, 3 
36f749c,ohdarling88,Fri Feb 14 17:26:00 2020,"auto update",   7, 3600, 3427 
0b2e366,drone,Fri Feb 14 17:16:34 2020,"auto update",   7, 3069, 2958 
d58d8e7,drone,Fri Feb 14 16:16:45 2020,"auto update",   7, 1585, 1567 
c1a965c,ohdarling88,Fri Feb 14 16:12:52 2020,"update",   1, 3, 1 
e5afecc,ohdarling88,Fri Feb 14 14:24:00 2020,"update",   1, 2 
8e850be,drone,Fri Feb 14 14:16:26 2020,"auto update",   7, 3984, 3837 
e88626d,drone,Fri Feb 14 13:16:16 2020,"auto update",   7, 10130, 10080 
1bed538,ohdarling88,Fri Feb 14 12:30:13 2020,"add roam in world map",   1, 1 
0fb6897,ohdarling88,Fri Feb 14 12:16:43 2020,"update",   1, 2, 2 
e2c74c5,drone,Fri Feb 14 12:16:12 2020,"auto update",   7, 16447, 16271 
1b82dbd,ohdarling88,Fri Feb 14 12:01:29 2020,"update",   1, 1, 1 
5241731,ohdarling88,Fri Feb 14 11:59:21 2020,"update",   1, 5, 5 
ab01c68,drone,Fri Feb 14 11:16:16 2020,"auto update",   7, 13631, 13443 
0fe3339,drone,Fri Feb 14 10:16:14 2020,"auto update",   7, 23199, 26655 
8e75e34,drone,Fri Feb 14 09:16:13 2020,"auto update",   2, 2206, 2206 
1a89891,drone,Fri Feb 14 08:16:12 2020,"auto update",   2, 26, 26 
a0d2230,drone,Fri Feb 14 07:16:14 2020,"auto update",   2, 1057, 1057 
ce1429d,drone,Fri Feb 14 06:16:14 2020,"auto update",   2, 2128, 2128 
cba634f,drone,Fri Feb 14 05:16:15 2020,"auto update",   2, 2079, 2079 
419510c,drone,Fri Feb 14 04:16:16 2020,"auto update",   2, 2096, 2096 
2b4ae6a,drone,Fri Feb 14 03:16:16 2020,"auto update",   5, 600, 544 
f14d5ef,drone,Fri Feb 14 02:16:15 2020,"auto update",   7, 14949, 2335 
a3a3fbe,drone,Fri Feb 14 01:16:16 2020,"auto update",   7, 11050, 9954 
0a18396,drone,Fri Feb 14 00:16:19 2020,"auto update",   7, 3406, 3284 
d0072f0,drone,Thu Feb 13 23:16:30 2020,"auto update",   7, 4730, 4285 
313c6e9,drone,Thu Feb 13 22:16:15 2020,"auto update",   7, 3417, 2771 
39eff19,drone,Thu Feb 13 21:16:18 2020,"auto update",   7, 4464, 3800 
94a45e4,drone,Thu Feb 13 20:16:13 2020,"auto update",   7, 4874, 3208 
5d095d2,drone,Thu Feb 13 19:16:12 2020,"auto update",   7, 11879, 11722 
4284f5b,drone,Thu Feb 13 18:16:12 2020,"auto update",   7, 1692, 1660 
7b9aabc,drone,Thu Feb 13 17:16:13 2020,"auto update",   7, 2191, 2067 
6bac8f3,drone,Thu Feb 13 16:16:39 2020,"auto update",   7, 1661, 1610 
a880ac8,drone,Thu Feb 13 15:16:13 2020,"auto update",   7, 2539, 2432 
704b8ea,drone,Thu Feb 13 14:16:15 2020,"auto update",   7, 1847, 1765 
760eca2,drone,Thu Feb 13 13:16:16 2020,"auto update",   7, 20637, 20180 
d6c8080,drone,Thu Feb 13 10:16:10 2020,"auto update",   2, 590, 3972 
3325b74,drone,Thu Feb 13 09:16:11 2020,"auto update",   7, 1423, 1411 
a914d64,drone,Thu Feb 13 08:16:11 2020,"auto update",   2, 1916, 1916 
10f707b,drone,Thu Feb 13 07:16:11 2020,"auto update",   2, 2486, 2486 
38a64cd,drone,Thu Feb 13 06:16:11 2020,"auto update",   2, 2770, 2770 
544b677,drone,Thu Feb 13 05:16:11 2020,"auto update",   2, 856, 856 
f711d25,drone,Thu Feb 13 04:16:13 2020,"auto update",   2, 2806, 2806 
10b6fff,drone,Thu Feb 13 03:16:14 2020,"auto update",   7, 7748, 6326 
8cd1324,drone,Thu Feb 13 02:16:11 2020,"auto update",   6, 14525, 1978 
1c83cd2,drone,Thu Feb 13 01:17:04 2020,"auto update",   7, 2636, 2505 
9daf349,drone,Thu Feb 13 00:16:10 2020,"auto update",   7, 1365, 1350 
0168938,drone,Wed Feb 12 23:16:13 2020,"auto update",   7, 2551, 2447 
58c5d6f,drone,Wed Feb 12 22:16:12 2020,"auto update",   7, 3891, 3292 
8fe22f3,drone,Wed Feb 12 21:16:11 2020,"auto update",   7, 3914, 3252 
d7f7699,drone,Wed Feb 12 20:16:12 2020,"auto update",   7, 7997, 7958 
1f8c760,drone,Wed Feb 12 19:16:13 2020,"auto update",   7, 6931, 4813 
5c6ea90,drone,Wed Feb 12 18:16:10 2020,"auto update",   7, 4758, 4313 
a3f63a4,drone,Wed Feb 12 17:16:10 2020,"auto update",   7, 1717, 1695 
0046633,drone,Wed Feb 12 16:16:10 2020,"auto update",   7, 2311, 2170 
7540787,ohdarling88,Wed Feb 12 15:37:10 2020,"update",   2, 461 
147961c,ohdarling88,Wed Feb 12 15:28:26 2020,"auto update",   2, 485, 485 
8571ad8,ohdarling88,Wed Feb 12 15:27:29 2020,"fix",   1, 1, 2 
98f09d2,ohdarling88,Wed Feb 12 15:18:39 2020,"update",   1, 1, 1 
29796c9,ohdarling88,Wed Feb 12 15:16:43 2020,"update",   1, 8, 3 
cf46cf9,ohdarling88,Wed Feb 12 15:13:09 2020,"update",   1, 3, 1 
7f595f2,ohdarling88,Wed Feb 12 15:09:58 2020,"auto update",   7, 49572, 170884 
6f75b94,ohdarling88,Wed Feb 12 15:06:24 2020,"add summary",   4, 184, 19 
80fa789,ohdarling88,Wed Feb 12 00:13:05 2020,"update",   4, 180, 37 
b18ec2c,ohdarling88,Tue Feb 11 19:48:42 2020,"improve",   1, 17, 2 
d1e12e6,drone,Wed Feb 12 14:16:11 2020,"auto update",   5, 3016, 2901 
feeff01,drone,Wed Feb 12 13:16:03 2020,"auto update",   5, 11434, 11374 
b88410c,drone,Wed Feb 12 12:16:09 2020,"auto update",   5, 12040, 11786 
492e77e,drone,Wed Feb 12 11:16:06 2020,"auto update",   5, 28856, 28710 
acbbc5b,drone,Wed Feb 12 10:16:10 2020,"auto update",   5, 6946, 6863 
ec32434,drone,Wed Feb 12 09:16:06 2020,"auto update",   2, 975, 975 
962445b,drone,Wed Feb 12 08:16:06 2020,"auto update",   2, 47, 47 
da7027b,drone,Wed Feb 12 07:16:03 2020,"auto update",   2, 837, 837 
cf7fd55,drone,Wed Feb 12 05:16:12 2020,"auto update",   2, 931, 931 
0565009,drone,Wed Feb 12 04:16:05 2020,"auto update",   2, 352, 352 
012535c,drone,Wed Feb 12 03:16:10 2020,"auto update",   2, 895, 895 
35caa41,drone,Wed Feb 12 02:16:08 2020,"auto update",   5, 21897, 3335 
afb9a73,drone,Wed Feb 12 01:16:13 2020,"auto update",   5, 1848, 1817 
a599fc4,drone,Wed Feb 12 00:16:06 2020,"auto update",   5, 2790, 2090 
fb0e3de,drone,Tue Feb 11 23:16:14 2020,"auto update",   5, 2475, 1806 
c5b4b8c,drone,Tue Feb 11 22:16:06 2020,"auto update",   5, 3877, 3711 
e336c94,drone,Tue Feb 11 21:16:11 2020,"auto update",   5, 7175, 7151 
2ff3c09,drone,Tue Feb 11 20:16:04 2020,"auto update",   5, 3826, 3672 
0797843,drone,Tue Feb 11 19:16:10 2020,"auto update",   5, 18226, 17353 
785502b,drone,Tue Feb 11 18:16:08 2020,"auto update",   5, 2317, 2235 
222640c,drone,Tue Feb 11 17:16:04 2020,"auto update",   5, 3196, 3071 
1078a74,drone,Tue Feb 11 16:17:04 2020,"auto update",   5, 1708, 1610 
d8b0fb8,drone,Tue Feb 11 15:12:33 2020,"auto update",   5, 69932, 148525 
f35ecfd,ohdarling88,Tue Feb 11 15:10:11 2020,"remoe duplicate data",   1, 24 
abadb55,drone,Tue Feb 11 14:45:10 2020,"auto update",   2, 665, 665 
108bc4e,ohdarling88,Tue Feb 11 14:40:04 2020,"split map bar chart",   2, 50, 26 
000b7d3,drone,Tue Feb 11 14:16:04 2020,"auto update",   5, 6083, 3040 
1c10a06,drone,Tue Feb 11 13:16:13 2020,"auto update",   5, 39289, 11250 
ce1697f,ohdarling88,Tue Feb 11 12:55:24 2020,"add markarea",   2, 31, 2 
893838f,ohdarling88,Tue Feb 11 12:06:19 2020,"add lastupdate",   2, 15, 6 
ffb8d14,drone,Tue Feb 11 12:16:06 2020,"auto update",   5, 45949, 45722 
aabfc28,ohdarling88,Tue Feb 11 11:47:34 2020,"fix",   1, 1, 1 
fa2ac37,ohdarling88,Tue Feb 11 11:45:07 2020,"add loading",   3, 44, 3 
bc64e84,drone,Tue Feb 11 11:16:01 2020,"auto update",   5, 1380, 1731 
8989f33,drone,Tue Feb 11 10:16:11 2020,"auto update",   5, 6125, 5565 
22c2491,drone,Tue Feb 11 09:16:08 2020,"auto update",   2, 658, 658 
d88e833,drone,Tue Feb 11 08:16:08 2020,"auto update",   2, 22, 22 
a3fdcdb,drone,Tue Feb 11 07:16:06 2020,"auto update",   2, 22, 22 
98ff997,drone,Tue Feb 11 06:16:02 2020,"auto update",   2, 689, 689 
b7c2f24,drone,Tue Feb 11 05:16:03 2020,"auto update",   2, 416, 416 
3df3d18,drone,Tue Feb 11 04:16:13 2020,"auto update",   2, 428, 428 
7f08b1f,drone,Tue Feb 11 03:16:09 2020,"auto update",   2, 702, 702 
42b49bb,ohdarling88,Tue Feb 11 02:30:54 2020,"improve",   5, 46, 9 
31e49ac,ohdarling88,Tue Feb 11 01:13:00 2020,"adjust legend",   1, 3, 2 
66f8704,drone,Tue Feb 11 02:16:05 2020,"auto update",   4, 23421, 2736 
5a73687,drone,Tue Feb 11 01:16:18 2020,"auto update",   5, 1371, 1275 
56c707e,drone,Tue Feb 11 00:16:06 2020,"auto update",   5, 1657, 1573 
2058889,ohdarling88,Mon Feb 10 23:55:10 2020,"add loading",   1, 2 
4bfba20,drone,Mon Feb 10 23:16:03 2020,"auto update",   5, 1753, 1652 
4071fcc,ohdarling88,Mon Feb 10 22:56:29 2020,"clean",   1, 1 
1abeef0,ohdarling88,Mon Feb 10 22:32:04 2020,"auto update",   2, 1123, 1123 
011d4fd,ohdarling88,Mon Feb 10 22:31:17 2020,"auto update",   3, 134391, 132815 
cc8c500,ohdarling88,Mon Feb 10 22:29:26 2020,"clean",   1, 2 
b5ab62c,ohdarling88,Mon Feb 10 22:14:57 2020,"add world map",   5, 4743, 22 
ff282d3,ohdarling88,Mon Feb 10 20:36:48 2020,"clean",   1, 26 
341e886,ohdarling88,Mon Feb 10 20:12:40 2020,"add focus",   2, 9, 5 
5387f5c,ohdarling88,Mon Feb 10 19:14:07 2020,"add hash",   1, 39, 2 
0c80d5c,ohdarling88,Mon Feb 10 18:40:46 2020,"add bar chart",   1, 81, 59 
fdb1732,ohdarling88,Mon Feb 10 16:29:19 2020,"show trends chart",   1, 1, 1 
82bd3be,ohdarling88,Mon Feb 10 16:26:50 2020,"fix all cities map",   2, 3, 29 
26cdf83,ohdarling88,Mon Feb 10 16:15:05 2020,"update",   3, 593, 388 
cb2a0e2,ohdarling88,Mon Feb 10 16:13:42 2020,"update",   2, 271618, 63936 
145d1a9,ohdarling88,Mon Feb 10 16:12:26 2020,"improve map chart",   3, 255, 109 
d21d094,drone,Mon Feb 10 15:16:02 2020,"update",   2, 490, 324 
8305f37,drone,Mon Feb 10 14:16:04 2020,"update",   2, 5963, 5451 
b5082fc,ohdarling88,Mon Feb 10 13:35:50 2020,"update",   2, 280 
99a24b5,ohdarling88,Mon Feb 10 13:32:31 2020,"fix zhixiashi",   1, 4 
13b7a95,drone,Mon Feb 10 12:59:05 2020,"update",   2, 38304, 21850 
eec2597,ohdarling88,Mon Feb 10 12:57:03 2020,"update",   7, 65374, 50476 
24e3702,drone,Mon Feb 10 12:16:01 2020,"update",   2, 7387, 4462 
1b37fc2,drone,Mon Feb 10 11:16:00 2020,"update",   2, 10223, 8231 
1a64ccc,drone,Mon Feb 10 10:15:59 2020,"update",   2, 2287, 1225 
25e904d,drone,Mon Feb 10 02:15:59 2020,"update",   2, 51, 16 
3d2866b,drone,Mon Feb 10 01:15:58 2020,"update",   2, 23, 23 
ca4af41,drone,Mon Feb 10 00:16:00 2020,"update",   2, 34, 18 
bdce6e0,drone,Sun Feb 9 23:15:58 2020,"update",   2, 309, 118 
41c6887,drone,Sun Feb 9 22:15:59 2020,"update",   2, 332, 112 
9ad1e25,drone,Sun Feb 9 21:16:00 2020,"update",   2, 527, 194 
c0906e6,drone,Sun Feb 9 20:16:00 2020,"update",   2, 864, 290 
a833002,drone,Sun Feb 9 19:15:57 2020,"update",   2, 1045, 686 
33d78f5,drone,Sun Feb 9 18:16:00 2020,"update",   2, 415, 183 
7d464fc,drone,Sun Feb 9 17:16:00 2020,"update",   2, 548, 172 
6b9642c,drone,Sun Feb 9 16:15:57 2020,"update",   2, 259, 96 
34160c3,drone,Sun Feb 9 15:15:57 2020,"update",   2, 380, 252 
06d42bf,drone,Sun Feb 9 14:15:57 2020,"update",   2, 792, 183 
93f99e9,drone,Sun Feb 9 13:15:56 2020,"update",   2, 5841, 3958 
f97a6e2,drone,Sun Feb 9 12:16:09 2020,"update",   2, 12722, 9162 
c89c420,ohdarling88,Sun Feb 9 11:53:11 2020,"update",   1, 2 
86d25cf,drone,Sun Feb 9 11:15:57 2020,"update",   2, 10857, 9279 
7a4411d,drone,Sun Feb 9 10:16:01 2020,"update",   2, 753, 353 
8a2e494,drone,Sun Feb 9 01:46:05 2020,"update",   2, 428, 329 
2a1dd92,ohdarling88,Sun Feb 9 01:20:19 2020,"remove ci",   1, 25 
f550d09,ohdarling88,Sun Feb 9 00:46:51 2020,"update",   2, 191, 52 
9303b8c,ohdarling88,Sat Feb 8 23:20:13 2020,"update",   2, 148414, 1 
5800228,ohdarling88,Sat Feb 8 23:17:42 2020,"update",   1, 1 
249fa81,ohdarling88,Sat Feb 8 23:16:03 2020,"update",   1, 1, 1 
9653274,ohdarling88,Sat Feb 8 23:14:01 2020,"update",   2, 1, 24086 
03ac9b1,ohdarling88,Sat Feb 8 23:13:33 2020,"update",   1, 1 
c387025,ohdarling88,Sat Feb 8 23:09:59 2020,"update",   1, 2 
0625574,ohdarling88,Sat Feb 8 23:08:53 2020,"update",   1, 1, 1 
48ec698,ohdarling88,Sat Feb 8 23:03:39 2020,"update",   1, 1, 1 
a04956a,ohdarling88,Sat Feb 8 23:01:26 2020,"update",   1, 1, 5 
4eeb757,ohdarling88,Sat Feb 8 22:59:42 2020,"update",   1, 2 
1c91a3d,ohdarling88,Sat Feb 8 22:55:15 2020,"update",   1, 2 
444db67,ohdarling88,Sat Feb 8 22:54:40 2020,"update",   1, 2, 2 
487bd61,ohdarling88,Sat Feb 8 22:51:20 2020,"update",   2, 30, 24 
82dbaef,ohdarling88,Sat Feb 8 22:45:08 2020,"update",   1, 1 
05ca014,ohdarling88,Sat Feb 8 22:31:30 2020,"update",   1, 1, 1 
36636a4,ohdarling88,Sat Feb 8 22:30:20 2020,"update",   2, 13, 3 
f4d47e5,ohdarling88,Sat Feb 8 16:51:24 2020,"fix ci",   1, 0, 0 
e1fd35d,ohdarling88,Sat Feb 8 16:50:18 2020,"test ci",   1, 8 
fbcd46b,ohdarling88,Sat Feb 8 14:21:39 2020,"add in sick count",   5, 3384, 15 
1e441f8,ohdarling88,Sat Feb 8 13:47:07 2020,"update",   1, 9 
8e63e77,ohdarling88,Sat Feb 8 00:45:50 2020,"update",   2, 2, 2 
8bb2cce,ohdarling88,Sat Feb 8 00:20:08 2020,"improve get map",   1, 7, 2 
0de0e3c,ohdarling88,Fri Feb 7 23:54:37 2020,"add map charts",   3, 208, 11 
9a7c2c2,ohdarling88,Fri Feb 7 23:52:28 2020,"add map data",   75, 1584 
1900116,ohdarling88,Fri Feb 7 02:40:21 2020,"improve build",   3, 4, 6 
2497448,ohdarling88,Fri Feb 7 02:34:38 2020,"update",   1, 1, 1 
909bc84,ohdarling88,Fri Feb 7 02:33:40 2020,"fix typo",   1, 1, 1 
4758724,ohdarling88,Fri Feb 7 02:32:45 2020,"fix timezone",   4, 11, 4 
1a7f04f,ohdarling88,Fri Feb 7 02:26:06 2020,"update",   1, 1 
46d5620,ohdarling88,Fri Feb 7 02:25:10 2020,"add locale and timezone",   3, 5, 60 
e5b30cc,ohdarling88,Fri Feb 7 02:17:15 2020,"parse data after file close",   1, 2 
34033dc,ohdarling88,Fri Feb 7 02:12:14 2020,"parse data at building",   6, 4483, 145 
967cefc,ohdarling88,Fri Feb 7 01:21:59 2020,"update",   1, 2, 2 
4ea67c4,ohdarling88,Wed Feb 5 23:12:16 2020,"update",   1, 1, 1 
94524e5,ohdarling88,Wed Feb 5 11:38:13 2020,"add log",   1, 9 
279b278,ohdarling88,Wed Feb 5 11:32:20 2020,"compatible with safari",   4, 16471, 6 
b4bb612,ohdarling88,Wed Feb 5 11:00:38 2020,"update",   2, 5, 1 
59d8139,ohdarling88,Wed Feb 5 10:56:47 2020,"update",   1, 1, 1 
6f2311b,ohdarling88,Wed Feb 5 10:54:37 2020,"update",   7, 23, 16235 
ff272a7,ohdarling88,Wed Feb 5 10:40:06 2020,"update",   5, 1 
b81e3fb,ohdarling88,Wed Feb 5 10:36:50 2020,"initial commit",   4, 16497 