commit id,author,date,comment,changed files,lines added,lines deleted

cf0d3f8,Omar Laraqui,Wed Apr 1 02:40:51 2020,"Update README.md",   1, 1, 1 
2207ddc,omar,Sun Mar 29 09:54:57 2020,"Add CORS Support",   2, 4, 1 
ba9d4d8,omar,Sun Mar 29 09:51:31 2020,"Update CORS",   1, 2 
0c5ac7c,omar,Sun Mar 29 09:48:03 2020,"Add CORS support",   1, 4 
56c89bf,Omar Laraqui,Sat Mar 28 21:47:37 2020,"Update README.md",   1, 2, 2 
4183189,omar,Sat Mar 28 00:03:25 2020,"Cleanup code",   2, 7, 2 
1761df0,omar,Sat Mar 28 00:01:08 2020,"Update README",   1, 2, 2 
28477e0,omar,Fri Mar 27 23:22:56 2020,"Update README",   1, 1, 1 
918e4a0,omar,Fri Mar 27 23:19:40 2020,"Update README",   1, 6 
e095314,omar,Fri Mar 27 23:18:44 2020,"Add Recovered support",   4, 96, 90 
2e3fceb,Omar Laraqui,Thu Mar 26 01:20:17 2020,"Merge pull request #11 from Omaroid/dev", 
1892dce,Omar Laraqui,Thu Mar 26 00:33:11 2020,"Merge pull request #10 from Omaroid/dev", 
471d93f,Omar Laraqui,Thu Mar 26 00:32:13 2020,"Merge pull request #9 from Omaroid/dev", 
e2c0517,Omar Laraqui,Fri Mar 20 20:40:39 2020,"Update README.md",   1, 9, 8 
57fcc3e,Omar Laraqui,Fri Mar 20 20:38:47 2020,"Update README.md",   1, 9, 9 
ee9101b,omar,Fri Mar 20 06:02:25 2020,"Update README",   1, 11, 1 
0acc5b8,omar,Fri Mar 20 05:55:45 2020,"Add country requests",   4, 45, 3 
6e5e95a,omar,Wed Mar 18 08:43:09 2020,"Update Data and Correct Refresh",   2, 4, 4 
17258cb,omar,Wed Mar 18 08:29:49 2020,"Update Data and Country Name",   2, 79, 1 
f4896aa,omar,Wed Mar 18 08:12:12 2020,"Update Data",   1, 1, 1 
f54f923,omar,Wed Mar 18 08:07:30 2020,"Update "Korea, South"",   1, 1, 1 
7c4eb75,Omar Laraqui,Tue Mar 17 11:04:29 2020,"Update README.md",   1, 2, 4 
4245c79,omar,Tue Mar 17 10:58:03 2020,"Merge branch 'master' of github.com:Omaroid/Covid-19-API", 
c0f2757,omar,Tue Mar 17 10:57:41 2020,"Modify Auto Update",   3, 139, 121 
6080827,omar,Tue Mar 17 10:38:21 2020,"Merge branch 'master' of https://github.com/Omaroid/Covid-19-API", 
0caeabf,omar,Tue Mar 17 10:37:37 2020,"Update Data",   2, 2, 2 
2df22aa,omar,Tue Mar 17 06:38:19 2020,"Update Data",   4, 6, 29 
28ab9b3,omar,Tue Mar 17 06:12:30 2020,"Remove Cache Folder",   1, 0, 0 
27e416d,omar,Tue Mar 17 06:11:02 2020,"Update Data",   2, 26, 1 
e344f41,omar,Tue Mar 17 01:47:28 2020,"Update Data",   2, 1, 1 
96b43f0,Omar Laraqui,Mon Mar 16 18:32:36 2020,"Merge pull request #1 from Omaroid/add-license-1", 
f8d958a,Omar Laraqui,Sun Mar 15 01:38:21 2020,"Update data.json",   1, 1, 1 
d8c0d28,Omar Laraqui,Sun Mar 15 01:37:16 2020,"Update data.json", 
380bc68,Omar Laraqui,Sun Mar 15 01:35:26 2020,"Update data.json", 
082054d,Omar Laraqui,Sun Mar 15 01:33:39 2020,"Update data.json", 
30850e3,Omar Laraqui,Wed Mar 11 07:42:31 2020,"Update data.json", 
2801179,Omar Laraqui,Wed Mar 11 07:40:56 2020,"Update data.json",   1, 1, 1 
a5e4613,Omar Laraqui,Mon Mar 9 22:24:44 2020,"Update data.json",   1, 1, 1 
88fba54,Omar Laraqui,Mon Mar 9 22:23:56 2020,"Update refresh.py",   1, 2, 2 
764a1a5,Omar Laraqui,Sun Mar 8 07:58:53 2020,"Add routing methods",   1, 5, 5 
6efe5fb,Omar Laraqui,Sun Mar 8 07:54:43 2020,"Update data.json",   1, 1, 1 
2cf5772,Omar,Sun Mar 8 07:49:06 2020,"add methods to routing", 
d953382,Omar,Sun Mar 8 07:46:35 2020,"add methods to routing",   4, 62, 5 
bcad043,Omar,Sun Mar 8 00:34:40 2020,"correct JSON file",   2, 1, 1 
1baf51a,Omar,Sun Mar 8 00:27:21 2020,"correct refresh.py",   1, 2, 2 
4c5a097,Omar,Sat Mar 7 23:41:36 2020,"update README.md",   1, 1, 1 
5cfdb06,Omar,Sat Mar 7 23:39:17 2020,"initial commit",   3, 69, 1 
adec7a7,Omar,Sat Mar 7 23:15:06 2020,"Update to get latest JSON data",   3, 4, 4 
65b9df7,Omar,Sat Mar 7 22:50:01 2020,"first commit",   6, 447 