commit id,author,date,comment,changed files,lines added,lines deleted

249f744,annexlnguyen,Thu Aug 13 15:12:08 2020,"Update README.md",   1, 2, 1 
f1e3b50,annexlnguyen,Thu Aug 13 15:08:04 2020,"Update README.md",   1, 4, 4 
5cd16f5,Raffi Hotter,Mon Aug 10 12:41:53 2020,"Update README.md",   1, 1, 1 
b43ce4c,Simon Tartakovksy,Mon Aug 10 12:26:26 2020,"Update README.md",   1, 1, 1 
0bca07e,Simon Tartakovksy,Mon Aug 10 12:03:34 2020,"added grab cad link",   1, 1, 1 
76cb577,Raffi Hotter,Wed Aug 5 10:38:06 2020,"Update README.md",   1, 1, 1 
6e96efb,Raffi Hotter,Wed Aug 5 10:36:31 2020,"Update README.md",   1, 3, 3 
f6af867,Raffi Hotter,Wed Aug 5 10:34:05 2020,"Delete Operational Diagram (2).png",   1, 0, 0 
ee80dea,Raffi Hotter,Wed Aug 5 10:33:49 2020,"Add files via upload",   1, 0, 0 
1d414d3,MadisonOdabassian,Wed Aug 5 10:30:42 2020,"Update README.md",   1, 3 
bdafb50,Raffi Hotter,Wed Aug 5 10:29:51 2020,"Delete Operational Diagrams.jpg",   1, 0, 0 
5e8b600,Raffi Hotter,Wed Aug 5 10:29:36 2020,"Delete Operational Diagrams.pdf",   1, 0, 0 
c5295dd,Raffi Hotter,Wed Aug 5 10:28:44 2020,"Update README.md",   1, 9, 2 
db4c0a3,Wilfred Mason,Wed Aug 5 10:28:26 2020,"Add files via upload",   1, 0, 0 
ca2eb4d,Wilfred Mason,Wed Aug 5 10:24:37 2020,"Add files via upload",   1, 0, 0 
4bbc628,Wilfred Mason,Wed Aug 5 10:20:13 2020,"Add files via upload",   1, 0, 0 
b3a1e82,Raffi Hotter,Wed Aug 5 10:17:43 2020,"Update README.md",   1, 3, 1 
51a6ae8,Raffi Hotter,Wed Aug 5 10:09:22 2020,"Update README.md",   1, 4, 4 
b947e7b,MadisonOdabassian,Wed Aug 5 10:05:53 2020,"Update README.md",   1, 3, 1 
734c7b9,merny93,Wed Aug 5 10:03:05 2020,"Create README.md",   1, 1 
d87c5e5,Simon Tartakovksy,Wed Aug 5 09:59:31 2020,"Update README.md",   1, 1, 1 
56c8207,MadisonOdabassian,Wed Aug 5 09:54:54 2020,"Update README.md",   1, 4 
dfd422a,Raffi Hotter,Wed Aug 5 09:53:14 2020,"Update README.md",   1, 1, 1 
4a416d4,Raffi Hotter,Wed Aug 5 09:51:58 2020,"Revert "Update README.md"",   1, 7, 19 
a0fc822,MadisonOdabassian,Wed Aug 5 09:50:08 2020,"Update README.md",   1, 19, 7 
727c784,Raffi Hotter,Wed Aug 5 09:49:59 2020,"Update README.md",   1, 3, 3 
ed218f3,Raffi Hotter,Wed Aug 5 09:49:28 2020,"Update README.md",   1, 6, 7 
830116d,Raffi Hotter,Wed Aug 5 09:47:58 2020,"Update README.md",   1, 3 
7d7ca64,Raffi Hotter,Wed Aug 5 09:47:34 2020,"Update README.md",   1, 7, 18 
eabcae7,Raffi Hotter,Wed Aug 5 09:44:04 2020,"Update README.md",   1, 1, 1 
de387e4,MadisonOdabassian,Wed Aug 5 09:43:08 2020,"Update README.md",   1, 2 
16de611,MadisonOdabassian,Wed Aug 5 09:41:52 2020,"Update README.md",   1, 2, 2 
81de6a4,Raffi Hotter,Wed Aug 5 09:39:38 2020,"Update README.md",   1, 12, 16 
fba575c,merny93,Wed Aug 5 09:37:06 2020,"Merge branch 'master' of https://github.com/breeze-ventilator/covid19-ventilator", 
7d41278,merny93,Wed Aug 5 09:36:57 2020,"cleaning or smthing",   81, 7 
2202efb,merny93,Wed Aug 5 09:31:24 2020,"cleaned electronics",   30, 90139, 40 
e573b82,merny93,Wed Aug 5 09:27:16 2020,"added pcbs",   58, 224107 
a6736ee,dependabot[bot],Wed Aug 5 09:16:26 2020,"Bump electron from 8.2.1 to 8.2.4 in /software/interface/breeze-electron (#94)",   2, 79, 9 
1d01036,Raffi Hotter,Wed Aug 5 09:13:10 2020,"Update README.md",   1, 3, 1 
d93205a,Raffi Hotter,Wed Aug 5 09:12:04 2020,"moved documentation to folder",   3, 0, 0 
7aa67c3,Raffi Hotter,Wed Aug 5 08:48:49 2020,"Update README.md",   1, 1, 1 
662afd3,Raffi Hotter,Wed Aug 5 08:48:39 2020,"Update README.md",   1, 1, 1 
b6b79d1,Raffi Hotter,Wed Aug 5 08:48:07 2020,"Merge branch 'master' of https://github.com/breeze-ventilator/covid19-ventilator", 
b1f4dbb,Raffi Hotter,Wed Aug 5 08:48:01 2020,"mechanical readme",   1, 2 
4cef0dc,Raffi Hotter,Wed Aug 5 07:26:29 2020,"Update README.md",   1, 19 
72f1c20,Raffi Hotter,Wed Aug 5 07:26:19 2020,"Update README.md",   1, 20 
cb0b414,Raffi Hotter,Wed Aug 5 07:24:37 2020,"Create README.md",   1, 1 
7ec65eb,Raffi Hotter,Wed Aug 5 07:24:08 2020,"moved software to software folder",   153, 0, 0 
7408fcb,dependabot[bot],Wed Aug 5 07:22:18 2020,"Bump electron from 8.2.1 to 8.2.4 in /interface/breeze-electron",   2, 79, 9 
4de39dd,Raffi Hotter,Wed Aug 5 07:20:59 2020,"Merge branch 'master' of https://github.com/breeze-ventilator/covid19-ventilator", 
66b8afc,Raffi Hotter,Wed Aug 5 07:20:53 2020,"Revert "moved software files to software folder"",   153, 28260 
2e613e2,Raffi Hotter,Wed Aug 5 07:20:03 2020,"Revert "Update README.md"",   1, 3, 3 
884aea9,Raffi Hotter,Wed Aug 5 07:18:30 2020,"moved software files to software folder",   153, 28260 
8b447dc,Raffi Hotter,Wed Aug 5 07:08:33 2020,"Update README.md",   1, 3, 3 
4751e36,Raffi Hotter,Wed Aug 5 07:07:06 2020,"Update README.md",   1, 11 
e662e6b,Raffi Hotter,Wed Aug 5 06:59:08 2020,"added youtube thubnail",   1, 0, 0 
9db6328,Raffi Hotter,Sun May 3 09:29:25 2020,"Update README.md",   1, 1, 1 
58f0416,Raffi Hotter,Fri May 1 05:21:37 2020,"final working firmware",   3, 22, 8 
70c33b9,Raffi Hotter,Thu Apr 30 18:50:15 2020,"Merge branch 'master' of https://github.com/Open-Breeze/covid19-ventilator", 
9423a86,Raffi Hotter,Thu Apr 30 18:42:41 2020,"Merge branch 'master' of https://github.com/Open-Breeze/covid19-ventilator", 
1321755,Raffi Hotter,Thu Apr 30 18:15:43 2020,"firmware",   2, 5, 2 
544e119,Raffi Hotter,Thu Apr 30 16:10:50 2020,"firmware update: standby mode",   2, 4, 4 
ba99287,io0,Thu Apr 30 15:40:47 2020,"workaround for alarms on prod (#91)",   1, 1, 1 
144a3da,Raffi Hotter,Thu Apr 30 15:28:52 2020,"firmware update: battery control + allow higher output on blower",   4, 9, 7 
042bb66,Raffi Hotter,Thu Apr 30 15:14:38 2020,"b",   6, 10, 9 
e3861f3,Raffi Hotter,Thu Apr 30 14:04:21 2020,"firmware update: air valve (#90)",   7, 64, 41 
30ea4d6,Raffi Hotter,Thu Apr 30 13:27:55 2020,"p",   5, 6, 9 
4cef7bd,Raffi Hotter,Thu Apr 30 13:23:26 2020,"Merge branch 'master' into air", 
5a79052,Raffi Hotter,Thu Apr 30 13:22:47 2020,"firmware update: added header file for oxygen stepper",   1, 1 
ced8540,Raffi Hotter,Thu Apr 30 13:22:12 2020,"p", 
32f0eb5,Raffi Hotter,Thu Apr 30 13:05:10 2020,"Merge branch 'master' of https://github.com/Open-Breeze/covid19-ventilator", 
3ead3c3,Raffi Hotter,Thu Apr 30 13:05:04 2020,"firmware: changed zeroing method",   1, 13, 5 
b730ea7,Raffi Hotter,Thu Apr 30 13:02:06 2020,"p",   2, 14, 5 
726c55b,Raffi Hotter,Thu Apr 30 12:28:11 2020,"proper direction",   2, 3, 3 
d89c456,Raffi Hotter,Thu Apr 30 11:48:37 2020,"p",   2, 3, 3 
b1134ad,Raffi Hotter,Thu Apr 30 11:09:48 2020,"ab", 
02e41aa,Raffi Hotter,Thu Apr 30 10:57:17 2020,"o2 code update",   1, 1, 1 
da2cbc1,Raffi Hotter,Thu Apr 30 10:51:00 2020,"firmware update: oxygen control code (#89)",   15, 184, 182 
285eb9d,Raffi Hotter,Thu Apr 30 10:43:32 2020,"oxygen code",   4, 13, 39 
ca9d2b2,Raffi Hotter,Thu Apr 30 10:27:59 2020,"p",   2, 2, 2 
a6650f4,Raffi Hotter,Thu Apr 30 09:28:25 2020,"p",   1, 1, 1 
aa27aad,Raffi Hotter,Thu Apr 30 09:26:52 2020,"progress'",   12, 32, 16 
48e4898,Raffi Hotter,Thu Apr 30 04:35:20 2020,"Merge branch 'o2' into o2_testing", 
ccb3f24,Raffi Hotter,Thu Apr 30 04:35:06 2020,"increased to 120",   2, 2, 2 
9dfc934,Raffi Hotter,Thu Apr 30 04:28:03 2020,"Merge branch 'o2' into o2_testing", 
93fc1a9,Raffi Hotter,Thu Apr 30 04:27:49 2020,"p",   3, 7, 5 
bcee9cc,Raffi Hotter,Thu Apr 30 04:22:37 2020,"Merge branch 'master' into o2", 
f545b63,Raffi Hotter,Thu Apr 30 04:22:26 2020,"blower PID",   1, 3, 3 
86b41a3,Raffi Hotter,Thu Apr 30 04:20:56 2020,"merged", 
b055a09,Raffi Hotter,Thu Apr 30 04:20:25 2020,"added init",   1, 1, 1 
44c7083,Raffi Hotter,Thu Apr 30 04:19:03 2020,"o2 testing", 
7aa29e6,Raffi Hotter,Thu Apr 30 04:17:47 2020,"Merge branch 'master' into o2", 
c4284a6,Raffi Hotter,Thu Apr 30 03:27:55 2020,"merged from master", 
31a425c,Raffi Hotter,Thu Apr 30 03:26:15 2020,"charges during delays and at startup (#87)",   7, 20, 6 
7ba7200,Raffi Hotter,Thu Apr 30 02:22:36 2020,"Merge branch 'master' into apr_29_testing", 
ba182b9,Raffi Hotter,Thu Apr 30 02:22:17 2020,"firmware: ESC blower startup fix",   2, 2, 2 
f6e8a93,Raffi Hotter,Wed Apr 29 16:28:03 2020,"Merge branch 'master' into apr_29_testing", 
0378804,Raffi Hotter,Wed Apr 29 16:25:24 2020,"air controller prototype complete",   4, 12, 10 
0b3e06c,Raffi Hotter,Wed Apr 29 16:18:35 2020,"Merge branch 'master' into o2", 
1a4d92d,Raffi Hotter,Wed Apr 29 16:18:27 2020,"Merge branch 'master' into air", 
fa6317f,Raffi Hotter,Wed Apr 29 16:14:16 2020,"readjusted start sequence",   1, 2, 2 
6a6f45e,Raffi Hotter,Wed Apr 29 16:11:41 2020,"progress",   5, 40, 33 
12fbeb3,Raffi Hotter,Wed Apr 29 16:04:52 2020,"oxygen sensor prototype code done",   4, 10, 9 
18cbb2e,Raffi Hotter,Wed Apr 29 15:52:59 2020,"Merge branch 'master' into o2", 
5e30282,Raffi Hotter,Wed Apr 29 15:52:06 2020,"quiet on standby",   4, 8, 1 
b197c0c,Raffi Hotter,Wed Apr 29 15:49:03 2020,"p",   1, 1 
3262406,Raffi Hotter,Wed Apr 29 15:25:55 2020,"printing at regular intervals",   3, 10, 2 
8ee1602,Raffi Hotter,Wed Apr 29 15:20:46 2020,"progress' '",   6, 18, 24 
554e62f,Raffi Hotter,Wed Apr 29 14:05:25 2020,"pressure printing",   2, 35, 35 
e422d79,Raffi Hotter,Wed Apr 29 14:01:25 2020,"Merge branch 'master' into o2", 
7503786,Raffi Hotter,Wed Apr 29 14:01:09 2020,"adjusted start sequence for blower",   1, 2 
b33b6bd,Raffi Hotter,Wed Apr 29 13:59:27 2020,"progress",   10, 83, 73 
1304cb1,Raffi Hotter,Wed Apr 29 11:30:22 2020,"o2 progress",   8, 102, 102 
c002131,Raffi Hotter,Wed Apr 29 07:05:21 2020,"Merge branch 'o2' into o2_testing", 
876c6a6,Raffi Hotter,Wed Apr 29 07:05:00 2020,"added printing option",   2, 8, 1 
fc7361b,Raffi Hotter,Wed Apr 29 07:01:22 2020,"switch to test mode",   1, 34, 34 
8a29514,Raffi Hotter,Wed Apr 29 06:57:02 2020,"starting oxygen control",   1, 1, 1 
47e7ae6,Raffi Hotter,Wed Apr 29 06:53:02 2020,"Firmware update:  (#84)",   14, 37, 34 
fce112e,Raffi Hotter,Wed Apr 29 06:43:00 2020,"changed pid values",   1, 6, 3 
d71d4f8,Raffi Hotter,Wed Apr 29 06:40:23 2020,"Merge branch 't3' of https://github.com/rhotter/ventilator-viz into t3", 
051e2d7,Raffi Hotter,Wed Apr 29 06:38:47 2020,"removed rise time hack",   6, 4, 4 
bad2833,Raffi Hotter,Mon Apr 27 14:32:25 2020,"pressure printing firmware",   1, 0, 0 
a363d05,Raffi Hotter,Mon Apr 27 14:30:59 2020,"pressure sensor transfer function update",   1, 1, 1 
5f566f8,Raffi Hotter,Mon Apr 27 12:58:21 2020,"changed from 2amp at start to 1 amp",   1, 1, 1 
826b56a,Raffi Hotter,Mon Apr 27 12:57:20 2020,"changed from 2amp at start to 1 amp",   3, 1, 1 
c4b5698,Raffi Hotter,Mon Apr 27 12:53:24 2020,"added flow printing",   1, 5, 5 
0297c59,Raffi Hotter,Mon Apr 27 12:49:21 2020,"removed battery printing",   1, 3, 4 
41f64e9,Raffi Hotter,Mon Apr 27 12:43:14 2020,"printing pressure",   2, 9, 2 
c7db635,Raffi Hotter,Mon Apr 27 12:35:11 2020,"changed battery charging to 1 amp",   2, 35, 35 
1f58099,Raffi Hotter,Mon Apr 27 05:49:00 2020,"Update README.md",   1, 2 
331f93d,Raffi Hotter,Mon Apr 27 05:47:03 2020,"Update README.md",   1, 4, 3 
6d1564a,Raffi Hotter,Mon Apr 27 05:45:06 2020,"Update README.md",   1, 1 
4311d6c,Raffi Hotter,Mon Apr 27 05:44:42 2020,"Update README.md",   1, 7 
536dc45,Raffi Hotter,Sun Apr 26 15:20:28 2020,"refactoring",   4, 20, 21 
b0011ab,Raffi Hotter,Sat Apr 25 14:05:24 2020,"Update README.md",   1, 1, 1 
9fa5a3d,Raffi Hotter,Sat Apr 25 14:03:52 2020,"Update README.md",   1, 10, 1 
be50a04,Raffi Hotter,Fri Apr 24 11:14:44 2020,"Create LICENSE (#74)",   1, 21 
87556e0,Raffi Hotter,Thu Apr 23 00:57:20 2020,"code on comp",   3, 48, 41 
8c5b533,Raffi Hotter,Wed Apr 22 12:52:44 2020,"ready for tomorrow",   4, 6, 2 
670de51,Raffi Hotter,Wed Apr 22 07:26:01 2020,"current",   4, 51, 51 
4d819b6,Raffi Hotter,Wed Apr 22 07:12:02 2020,"current",   1, 9, 9 
32d171b,Raffi Hotter,Wed Apr 22 07:11:06 2020,"current",   3, 17, 17 
e296a08,Raffi Hotter,Wed Apr 22 07:07:07 2020,"current",   1, 1, 1 
d9ef680,Raffi Hotter,Wed Apr 22 07:06:06 2020,"current",   1, 2, 2 
800fdaf,Raffi Hotter,Wed Apr 22 07:04:43 2020,"current",   1, 1, 1 
3d44482,Raffi Hotter,Wed Apr 22 07:02:21 2020,"battery",   2, 3, 1 
5f78892,Raffi Hotter,Wed Apr 22 06:50:31 2020,"battery set to 5 A",   1, 1, 1 
f88291d,Raffi Hotter,Wed Apr 22 06:49:26 2020,"simple code",   2, 18, 18 
03de842,Raffi Hotter,Wed Apr 22 05:59:29 2020,"guess",   2, 5, 5 
7755664,Raffi Hotter,Wed Apr 22 05:55:30 2020,"guess",   1, 2, 2 
d54517b,Raffi Hotter,Wed Apr 22 05:50:19 2020,"guess",   2, 3, 3 
096bbeb,Raffi Hotter,Wed Apr 22 05:42:30 2020,"guess",   2, 5, 4 
f7dbb21,Raffi Hotter,Wed Apr 22 05:40:03 2020,"guess",   1, 3, 3 
d8a5a46,Raffi Hotter,Wed Apr 22 05:36:18 2020,"guess",   1, 1, 1 
f57c523,Raffi Hotter,Wed Apr 22 05:31:34 2020,"guess",   2, 2, 2 
ec886db,Raffi Hotter,Wed Apr 22 05:27:37 2020,"guess",   1, 2, 2 
9bfe627,Raffi Hotter,Wed Apr 22 05:23:07 2020,"guess",   1, 4, 4 
bec97b3,Raffi Hotter,Wed Apr 22 05:00:10 2020,"guess",   1, 3, 3 
455ae5b,Raffi Hotter,Wed Apr 22 04:45:08 2020,"guess",   1, 8, 3 
9c05d98,Raffi Hotter,Wed Apr 22 04:34:50 2020,"guess",   1, 1, 1 
d754d8e,Raffi Hotter,Wed Apr 22 04:31:36 2020,"new params",   1, 4, 3 
b9aa649,Raffi Hotter,Wed Apr 22 04:10:14 2020,"tune",   2, 2, 2 
8f53ee1,Raffi Hotter,Wed Apr 22 04:07:04 2020,"tune",   1, 1, 1 
0246c08,Raffi Hotter,Wed Apr 22 03:52:52 2020,"tune",   1, 8, 3 
8f88cfc,Raffi Hotter,Wed Apr 22 03:49:47 2020,"tune",   1, 1, 1 
ef2645f,Raffi Hotter,Wed Apr 22 03:45:44 2020,"tune",   1, 1, 1 
fc42c89,Raffi Hotter,Wed Apr 22 03:43:56 2020,"tune",   1, 4, 3 
783f934,Raffi Hotter,Wed Apr 22 03:33:31 2020,"tune",   1, 1, 1 
a0a5ba5,Raffi Hotter,Wed Apr 22 03:31:55 2020,"tune",   1, 1, 1 
7d45e2a,Raffi Hotter,Wed Apr 22 03:29:36 2020,"m",   1, 1, 1 
f31e667,Raffi Hotter,Wed Apr 22 03:25:28 2020,"new",   1, 3, 3 
817742e,Raffi Hotter,Wed Apr 22 03:12:44 2020,"changed",   2, 1, 2 
be2d505,Raffi Hotter,Wed Apr 22 03:07:10 2020,"hopefully functional",   2, 31, 32 
8940856,Raffi Hotter,Wed Apr 22 02:59:24 2020,"b",   2, 2, 1 
30b38d7,Raffi Hotter,Wed Apr 22 02:51:44 2020,"b",   2, 2, 2 
a488077,Raffi Hotter,Wed Apr 22 02:49:41 2020,"b",   1, 1, 1 
8ec1448,Raffi Hotter,Wed Apr 22 02:47:43 2020,"printing set pressure",   2, 4, 3 
e93b1d7,Raffi Hotter,Wed Apr 22 02:45:34 2020,"test",   2, 3, 5 
c180ce4,Raffi Hotter,Wed Apr 22 02:23:20 2020,"new change",   1, 12, 12 
e78c72e,Raffi Hotter,Wed Apr 22 02:19:13 2020,"new release",   1, 12, 12 
82cb742,Raffi Hotter,Wed Apr 22 00:46:03 2020,"test 3",   3, 36, 35 
4871aad,Raffi Hotter,Wed Apr 22 00:23:20 2020,"lowered Kp to 3",   2, 1, 1 
b0110a8,Raffi Hotter,Wed Apr 22 00:19:58 2020,"update",   2, 0, 0 
9b66e18,Raffi Hotter,Wed Apr 22 00:19:24 2020,"increased blower max speed",   2, 1, 1 
57656ee,Raffi Hotter,Wed Apr 22 00:17:59 2020,"test 2",   3, 5, 5 
5cff452,Raffi Hotter,Wed Apr 22 00:14:15 2020,"test 1",   1, 0, 0 
c40d5e8,Raffi Hotter,Tue Apr 21 14:44:40 2020,"changed minute ventilation alarm display",   3, 12, 12 
3a42ef2,Raffi Hotter,Tue Apr 21 14:33:37 2020,"added mac+linux builds into package.json",   1, 4, 6 
140cb26,Raffi Hotter,Tue Apr 21 14:20:26 2020,"Merge branch 'comms_fix'", 
2033d5c,Raffi Hotter,Tue Apr 21 13:38:45 2020,"firmware update on new hardware",   13, 110, 80 
c161245,Raffi Hotter,Tue Apr 21 13:06:55 2020,"f6",   5, 19, 27 
445c450,Raffi Hotter,Tue Apr 21 13:03:21 2020,"firmware 5",   8, 34, 44 
5454c28,Raffi Hotter,Tue Apr 21 13:01:57 2020,"changed rates",   1, 2, 2 
3af38d2,Raffi Hotter,Tue Apr 21 12:35:05 2020,"serial port change",   1, 2, 2 
db3d30d,Raffi Hotter,Tue Apr 21 12:33:48 2020,"ports",   1, 36 
e5d8d93,Raffi Hotter,Tue Apr 21 12:29:50 2020,"initialize blower",   2, 1, 1 
21b1504,Raffi Hotter,Tue Apr 21 12:24:31 2020,"hopefully working",   4, 2, 4 
f2076af,Raffi Hotter,Tue Apr 21 11:25:20 2020,"arduino",   1, 132, 56 
89d72a6,Raffi Hotter,Tue Apr 21 11:23:35 2020,"h",   1, 1, 1 
44655f9,Raffi Hotter,Tue Apr 21 11:17:38 2020,"b",   1, 13 
61db2b7,Raffi Hotter,Tue Apr 21 11:10:31 2020,"b",   1, 1, 1 
d2dd944,Raffi Hotter,Tue Apr 21 11:07:47 2020,"removed tests",   43, 1733 
e45fe4b,Raffi Hotter,Tue Apr 21 11:06:18 2020,"ah",   46, 1747, 13 
af929b6,Raffi Hotter,Tue Apr 21 11:02:07 2020,"new changes",   6, 50, 26 
fb273ab,Raffi Hotter,Tue Apr 21 05:43:25 2020,"new code",   2, 12, 12 
6ec967b,Raffi Hotter,Tue Apr 21 05:21:48 2020,"removed zip",   1, 0, 0 
79c1d02,Raffi Hotter,Tue Apr 21 05:21:14 2020,"kp change",   7, 54, 53 
a9d1b6c,Raffi Hotter,Mon Apr 20 16:02:53 2020,"added pyshell",   2, 3498, 243 
a028086,Raffi Hotter,Mon Apr 20 08:43:59 2020,"printing pressure values on serialport",   3, 30, 30 
58f4977,Raffi Hotter,Mon Apr 20 08:32:41 2020,"testing",   7, 95, 76 
9b07f2b,Raffi Hotter,Mon Apr 20 08:11:41 2020,"not sure what this commit is",   2, 2, 2 
c951048,anwang427,Sun Apr 19 01:54:54 2020,"Adding final UI touchup", 
e818496,anwang427,Sun Apr 19 01:53:57 2020,"Merge branch 'master' of https://github.com/Open-Breeze/covid19-ventilator", 
f62b118,Raffi Hotter,Fri Apr 17 09:31:53 2020,"alarm units and input fix (#68)",   4, 18, 20 
21c8490,Raffi Hotter,Fri Apr 17 09:31:07 2020,"alarm units and input fix",   4, 18, 20 
2e4aff5,Raffi Hotter,Fri Apr 17 09:09:16 2020,"custom step sizes (#67)",   2, 36, 5 
5a322fd,Raffi Hotter,Thu Apr 16 13:11:12 2020,"bug fix",   1, 1, 1 
7b30398,Raffi Hotter,Thu Apr 16 13:03:30 2020,"bug fix?",   1, 1, 1 
7bd08cd,Raffi Hotter,Thu Apr 16 12:56:37 2020,"bug?",   2, 2, 2 
064303f,Raffi Hotter,Thu Apr 16 12:31:22 2020,"socketio bug fix",   1, 2, 1 
96e7691,Raffi Hotter,Thu Apr 16 11:22:45 2020,"firmware",   6, 72, 3 
9ca8a84,Raffi Hotter,Thu Apr 16 11:22:23 2020,"fixed electron bug",   1, 2, 2 
cb3172c,Jasmine Wang,Thu Apr 16 10:41:28 2020,"did the thing raffi said",   1, 9, 9 
4f62aa7,Jasmine Wang,Thu Apr 16 10:39:08 2020,"added python dependencies, called arduino file",   3, 56 
cbafad5,Jasmine Wang,Thu Apr 16 09:55:27 2020,"full screen automatically",   1, 3 
f498296,Raffi Hotter,Thu Apr 16 09:41:54 2020,"oxygen controller",   11, 47, 46 
8231484,Raffi Hotter,Thu Apr 16 08:37:41 2020,"oxygen sensor",   8, 31, 38 
311164f,MrHarshPatel,Thu Apr 16 08:24:54 2020,"Completed standby",   2, 4, 3 
2816242,Raffi Hotter,Thu Apr 16 08:20:35 2020,"uncommented picomms + changed pressure to float",   14, 31, 47 
dac5072,MrHarshPatel,Thu Apr 16 08:20:16 2020,"Finished standby",   2, 46, 8 
3379770,Raffi Hotter,Thu Apr 16 07:45:07 2020,"pressure sensor",   1, 2, 3 
be189ac,Raffi Hotter,Thu Apr 16 07:41:28 2020,"patient profile button change",   1, 6, 6 
ac928cc,Raffi Hotter,Thu Apr 16 06:35:49 2020,"changed sensitivity param sending",   1, 2, 1 
21982b0,Raffi Hotter,Thu Apr 16 06:33:19 2020,"Revert "dropdown" (#63)",   1, 8, 18 
1823e73,Raffi Hotter,Thu Apr 16 06:13:13 2020,"Merge branch 'master' of https://github.com/rhotter/ventilator-viz", 
6c4f8a6,Raffi Hotter,Thu Apr 16 06:10:14 2020,"small touchups",   9, 261, 214 
8a1a195,Jasmine Wang,Thu Apr 16 05:21:47 2020,"added power/standby button",   2, 60, 47 
3006034,Jasmine Wang,Thu Apr 16 04:51:29 2020,"Merge pull request #57 from Open-Breeze/dropdown", 
789b91a,Jasmine Wang,Thu Apr 16 04:51:02 2020,"response to code review",   1, 2, 6 
9dbd62f,Raffi Hotter,Thu Apr 16 04:46:20 2020,"Merge branch 'master' of https://github.com/rhotter/ventilator-viz", 
a483123,Raffi Hotter,Thu Apr 16 04:46:17 2020,"new ranges",   2, 13, 17 
9db6f70,Harsh Patel,Thu Apr 16 04:44:45 2020,"Merge pull request #60 from Open-Breeze/alarmRinging", 
c7d2dd6,MrHarshPatel,Thu Apr 16 04:34:11 2020,"ALARMS RING",   9, 109, 40 
f399e3a,merny93,Thu Apr 16 04:30:32 2020,"some air intake stuff",   2, 6, 2 
a3aede4,merny93,Thu Apr 16 04:16:56 2020,"more fixes",   3, 14, 9 
c84106a,merny93,Thu Apr 16 04:11:46 2020,"some minor edits",   2, 4, 3 
613d844,Raffi Hotter,Thu Apr 16 04:04:30 2020,"changed flow frequency reading to 500",   1, 1, 1 
58a7d77,Raffi Hotter,Thu Apr 16 04:03:37 2020,"changed flow reading frequency to 500",   1, 1, 1 
9c53d80,Raffi Hotter,Thu Apr 16 04:02:02 2020,"flow sensor readings",   2, 57, 57 
9e639d2,Raffi Hotter,Thu Apr 16 03:52:43 2020,"removed unnecessary files",   3, 1, 15 
279086b,Raffi Hotter,Thu Apr 16 03:50:12 2020,"pressure support working",   10, 115, 24 
0e098f8,merny93,Thu Apr 16 01:27:45 2020,"donezo",   8, 65, 45 
d8b1c46,Raffi Hotter,Wed Apr 15 17:42:01 2020,"pressure support mode working",   10, 115, 24 
0495395,Raffi Hotter,Wed Apr 15 16:34:24 2020,"flow triggering works (#58)",   11, 59, 27 
e9bc6e6,Raffi Hotter,Wed Apr 15 16:28:27 2020,"flow triggering works",   11, 59, 27 
3374305,Jasmine Wang,Wed Apr 15 15:52:27 2020,"dropdown",   1, 18, 4 
254013a,anwang427,Wed Apr 15 15:25:42 2020,"Change patient profile button color",   1, 2, 2 
b3738ff,Raffi Hotter,Wed Apr 15 15:03:28 2020,"merge conflict", 
16b834a,Raffi Hotter,Wed Apr 15 15:02:42 2020,"respiratory rate + minute ventilation showing",   9, 66, 16 
639d985,anwang427,Wed Apr 15 14:01:21 2020,"Updates to onboarding modal aesthetic",   1, 7, 7 
db63f90,anwang427,Wed Apr 15 13:58:28 2020,"Updated alarm page aesthetic", 
1d55924,anwang427,Wed Apr 15 13:49:42 2020,"Uodated patient onboarding modal / alarms aesthetic",   4, 36, 32 
7df143d,Anna Wang,Wed Apr 15 12:56:32 2020,"Merge pull request #56 from Open-Breeze/anna/ui-updates", 
31d277b,Jasmine Wang,Wed Apr 15 12:50:40 2020,"added recommended ranges",   3, 21, 23 
fa44ece,Jasmine Wang,Wed Apr 15 12:21:33 2020,"changed toggle for modes",   1, 22, 17 
eb1803d,anwang427,Wed Apr 15 11:49:32 2020,"Added the patient profile button back in  Please enter the commit message for your changes. Lines starting",   2, 3, 7 
e681690,anwang427,Wed Apr 15 08:59:56 2020,"Merge branch 'master' of https://github.com/Open-Breeze/covid19-ventilator Fixing the unit layout", 
7b6d950,Anna Wang,Wed Apr 15 08:58:09 2020,"Merge pull request #54 from Open-Breeze/io0/new-interface", 
8df5346,Marley,Wed Apr 15 08:49:24 2020,"propagate recommended values",   3, 8, 5 
014cc28,anwang427,Wed Apr 15 08:48:13 2020,"Quickly fixing unit alignment g Please enter the commit message for your changes. Lines starting",   1, 1, 1 
90683ad,Marley,Wed Apr 15 08:41:36 2020,"keep values within range",   1, 6, 2 
4346335,Marley,Wed Apr 15 08:34:10 2020,"make increment functional, style changes",   3, 22, 87 
ff12484,Raffi Hotter,Wed Apr 15 08:24:03 2020,"fixed alarms going crazy",   3, 19, 19 
a171773,Raffi Hotter,Wed Apr 15 08:11:02 2020,"Full pipeline working!! (#53)",   10, 45, 49 
c9de482,Harsh Patel,Wed Apr 15 08:02:18 2020,"Merge pull request #52 from Open-Breeze/sampleListener", 
84097a7,Marley,Wed Apr 15 07:57:01 2020,"edit logic and styling",   3, 36, 7 
ee67bde,Marley,Wed Apr 15 07:01:46 2020,"adapt styles to edit mode",   4, 59, 68 
8711c45,Harsh Patel,Wed Apr 15 05:54:55 2020,"Merge pull request #51 from Open-Breeze/io0/medical-params", 
5c88290,Harsh Patel,Wed Apr 15 05:52:15 2020,"Set state on local var",   1, 8, 7 
1dea8d6,Harsh Patel,Wed Apr 15 05:48:21 2020,"Removed comment",   1, 1, 1 
7d81649,Harsh Patel,Wed Apr 15 05:46:26 2020,"Removed log",   1, 1 
bfa51c4,Harsh Patel,Wed Apr 15 05:41:46 2020,"Merge branch 'master' into io0/medical-params", 
24c03bd,MrHarshPatel,Wed Apr 15 05:35:51 2020,"Constants file updated as well as App.jsx cleaner",   2, 163, 59 
c3fb77f,io0,Wed Apr 15 05:13:44 2020,"Merge pull request #50 from Open-Breeze/io0/medical-params", 
f7538ac,Harsh Patel,Wed Apr 15 04:32:47 2020,"Merge pull request #48 from Open-Breeze/sampleDataListener", 
cfac794,Anna Wang,Wed Apr 15 04:32:06 2020,"Merge pull request #47 from Open-Breeze/anna/ui-updates", 
8d3bd87,Marley,Wed Apr 15 04:23:58 2020,"added recommended vals, colors",   1, 82, 19 
2b310bc,Marley,Wed Apr 15 04:18:06 2020,"constants",   2, 50, 15 
073bf22,Marley,Wed Apr 15 04:15:14 2020,"constants",   2, 50, 15 
f02e8ef,MrHarshPatel,Wed Apr 15 04:02:30 2020,"Added sample data listener",   3, 39, 6 
3a3515e,anwang427,Wed Apr 15 03:42:03 2020,"Added react-moment dependency",   2, 3, 2 
057b0f3,anwang427,Wed Apr 15 03:20:55 2020,"Updated navigation bar UI!",   2, 20, 23 
15f10e8,merny93,Tue Apr 14 16:48:53 2020,"some work",   14, 129, 39 
e30685e,anwang427,Tue Apr 14 15:06:29 2020,"Nav bar/alarm page UI updates",   3, 7, 6 
3cd0fe3,Jasmine Wang,Tue Apr 14 14:47:07 2020,"deleted nav bar",   2, 64 
ac096fd,Jasmine Wang,Tue Apr 14 14:46:07 2020,"added clickable nav bar",   3, 28, 17 
247bb25,anwang427,Tue Apr 14 13:47:42 2020,"Updating UI", 
6ec460d,anwang427,Tue Apr 14 13:46:49 2020,"Updated parameters and alarms UI!",   10, 68, 36 
e6acdfc,Raffi Hotter,Tue Apr 14 13:15:15 2020,"Merge branch 'master' of https://github.com/rhotter/ventilator-viz", 
12cf4b0,Raffi Hotter,Tue Apr 14 13:15:10 2020,"merge part 2",   3, 6, 23 
e0b5b80,Raffi Hotter,Tue Apr 14 12:59:43 2020,"merge, pipeline in place", 
b3407e2,anwang427,Tue Apr 14 10:48:24 2020,"Merge branch 'io0/new-interface' of https://github.com/Open-Breeze/covid19-ventilator Pulling editable params!", 
da6e72a,io0,Tue Apr 14 09:26:07 2020,"Merge pull request #45 from Open-Breeze/io0/new-interface", 
f4d3930,Marley,Tue Apr 14 05:38:33 2020,"bugfix with merge",   1, 5, 5 
0fee9e2,Marley,Tue Apr 14 05:34:48 2020,"Merge branch 'master' into io0/button-test", 
0862778,Raffi Hotter,Tue Apr 14 05:27:49 2020,"Removed serial port usage (#44)",   20, 212, 253 
874986c,Raffi Hotter,Tue Apr 14 05:27:02 2020,"Update package-lock.json",   1, 19132, 19311 
99200be,io0,Tue Apr 14 02:43:32 2020,"Merge pull request #43 from Open-Breeze/io0/new-interface", 
4a1a757,anwang427,Tue Apr 14 01:31:58 2020,"Import test font",   7, 43, 28 
883c505,Marley,Tue Apr 14 01:09:35 2020,"hide the initial flow",   1, 5, 5 
807dbb9,Marley,Tue Apr 14 01:09:13 2020,"button tests",   1, 9, 1 
7b2bb06,Anna Wang,Mon Apr 13 14:50:06 2020,"Merge pull request #36 from Open-Breeze/statusBar", 
ab17100,Anna Wang,Mon Apr 13 14:47:05 2020,"Merge pull request #38 from Open-Breeze/alarmUpdates", 
4be7950,yshah123,Mon Apr 13 09:24:02 2020,"socket change",   1, 3, 3 
e6ab951,yshah123,Mon Apr 13 08:55:45 2020,"change number of readings",   3, 21, 16 
ecc8d60,yshah123,Mon Apr 13 08:22:58 2020,"handle new parameters to arduino",   5, 68, 39 
23effd8,Yash Shah,Mon Apr 13 05:06:46 2020,"Merge pull request #39 from Open-Breeze/last_testing", 
53ebe47,yshah123,Mon Apr 13 03:34:26 2020,"initial test",   1, 9, 14 
0c818d7,MrHarshPatel,Mon Apr 13 02:22:47 2020,"Format changes",   1, 1, 2 
cc286aa,MrHarshPatel,Mon Apr 13 02:20:04 2020,"removed package lock changes",   1, 41, 99 
0f0b131,MrHarshPatel,Mon Apr 13 02:16:55 2020,"Status Bar",   4, 222, 42 
d49951e,Raffi Hotter,Sun Apr 12 23:40:01 2020,"All primary firmware components have been completed (#33)",   46, 755, 562 
5c32aa7,anwang427,Sun Apr 12 14:56:51 2020,"Fixed alarm screen!",   1, 1, 1 
6d6a23b,Yash Shah,Sun Apr 12 13:09:15 2020,"Merge pull request #27 from Open-Breeze/button-font", 
f9f795c,John Fish,Sun Apr 12 12:49:59 2020,"Merge pull request #25 from Open-Breeze/remove-mobiscroll-components", 
f4304c8,John Fish,Sun Apr 12 10:53:10 2020,"Merge pull request #24 from Open-Breeze/alarm-fix", 
ebb74c6,Harsh Patel,Sun Apr 12 09:27:26 2020,"Arduio messager py initial",   1, 11 
5ec2363,anwang427,Sun Apr 12 08:11:02 2020,"Removed 'x' exit buttons and seperated ventilator test modals. // TODO: Connect ventilator test buttons to checks using input data.",   1, 1, 1 
32625a1,anwang427,Sun Apr 12 02:57:56 2020,"Created a series of onboarding modals for making patient profiles.",   5, 289, 8 
2d783e4,Harsh Patel,Sat Apr 11 11:11:48 2020,"InputModal, just need to get mobiscroll import correct",   68, 4597, 6 
b0e2bef,Harsh Patel,Sat Apr 11 03:48:20 2020,"Graphs",   11, 887, 34 
d82afc0,John Fish,Thu Apr 9 13:15:00 2020,"Merge pull request #20 from Open-Breeze/remove-settings", 
d4c0ad4,John Fish,Thu Apr 9 12:43:55 2020,"Merge pull request #19 from Open-Breeze/electron-init", 
ce910e7,Harsh Patel,Thu Apr 9 12:26:07 2020,"Finished Simplemodal",   5, 197, 86 
b6f73e9,Raffi Hotter,Thu Apr 9 11:11:56 2020,"Merge pull request #11 from Open-Breeze/electron-init", 
f218b99,Harsh Patel,Thu Apr 9 10:46:36 2020,"Format changes",   2, 23, 27 
0226d97,Harsh Patel,Thu Apr 9 10:42:39 2020,"Format changes",   1, 1, 1 
ba99190,Harsh Patel,Thu Apr 9 05:09:15 2020,"Implemented status bar",   4, 128, 2 
0b82c32,Harsh Patel,Thu Apr 9 03:29:48 2020,"initial modal commit",   1, 62 
64e3519,John Fish,Thu Apr 9 02:53:04 2020,"Merge pull request #8 from Open-Breeze/flex-value-card", 
71762c3,Raffi Hotter,Fri Apr 3 07:28:32 2020,"changed values and text fields slightly and modified setup page",   9, 380, 40 
bd8b059,Raffi Hotter,Wed Apr 1 14:56:10 2020,"update to guide",   1, 0, 0 
9dfcb56,Raffi Hotter,Wed Apr 1 14:10:52 2020,"Merge branch 'master' of https://github.com/rhotter/ventilator-viz", 
932d7ca,Raffi Hotter,Wed Apr 1 14:10:46 2020,"added user guide",   1, 0, 0 
2c69a28,Harsh Patel,Wed Apr 1 12:07:04 2020,"Fixed button styling",   1, 1, 1 
da577eb,Harsh Patel,Wed Apr 1 12:05:53 2020,"Added setup page",   6, 236, 5 
df1e0c1,Raffi Hotter,Wed Apr 1 10:15:11 2020,"NO COMPILE ERRORS",   33, 132, 115 
d036026,Raffi Hotter,Wed Apr 1 08:38:57 2020,"progress on compilation error debugging",   27, 162, 101 
3c2323f,Harsh Patel,Wed Apr 1 06:36:36 2020,"Moved for deployment",   163, 57143 
ecdb67c,Harsh Patel,Wed Apr 1 06:27:28 2020,"changed color",   5, 30, 34 
3581c3b,Harsh Patel,Wed Apr 1 06:06:43 2020,"Monitoring page pre done",   6, 182, 10 
e92d033,Jasmine Wang,Wed Apr 1 04:51:16 2020,"BATTERY GO DOWN",   2, 5, 4 
07cbd69,Jasmine Wang,Wed Apr 1 04:48:27 2020,"REDLIGHTNINGBOLT",   2, 8, 7 
b9d81a5,Jasmine Wang,Wed Apr 1 04:40:58 2020,"Merge pull request #6 from rhotter/jasmine", 
c21fe49,Jasmine Wang,Wed Apr 1 04:18:20 2020,"Merge pull request #5 from rhotter/jasmine", 
e470f98,Raffi Hotter,Wed Apr 1 04:10:39 2020,"ready to begin testing",   31, 334, 290 
3e28775,Harsh Patel,Wed Apr 1 03:53:42 2020,"Parameters updating state",   5, 104, 29 
230ec36,Raffi Hotter,Tue Mar 31 17:41:51 2020,"firmware really almost finished",   14, 222, 133 
ece4878,Raffi Hotter,Tue Mar 31 15:55:39 2020,"Merge branch 'master' of https://github.com/rhotter/ventilator-viz", 
b7bee68,merny93,Tue Mar 31 15:50:42 2020,"almost done firmware",   15, 201, 207 
625d585,Anna Wang,Tue Mar 31 14:33:08 2020,"UI changes to settings", 
555cc7c,Anna Wang,Tue Mar 31 14:31:05 2020,"UI changes to settings",   3, 7, 3 
767e8ac,Anna Wang,Tue Mar 31 12:57:29 2020,"Update navigation icons to be more accurate",   2, 4, 5 
44db375,Anna Wang,Tue Mar 31 12:45:32 2020,"Update alarm screen",   3, 34, 3 
7f6c26b,Harsh Patel,Tue Mar 31 11:11:59 2020,"Updated UI",   7, 144, 76 
852e964,Harsh Patel,Tue Mar 31 08:16:30 2020,"Added sample data streaming to diagnostics and colour",   7, 137, 14 
47f69f4,Jasmine Wang,Tue Mar 31 08:01:36 2020,"Merge pull request #3 from rhotter/jasmine", 
5faeae1,Raffi Hotter,Tue Mar 31 07:31:00 2020,"firmware progress",   9, 90, 129 
d1cd69d,Harsh Patel,Tue Mar 31 06:12:29 2020,"Merge branch 'master' of https://github.com/rhotter/covid19-ventilator", 
749e2f1,Harsh Patel,Tue Mar 31 06:12:07 2020,"Added parameter input fields",   4, 10, 4 
71a259e,Harsh Patel,Tue Mar 31 05:45:48 2020,"Added parameter input",   5, 89, 2 
6f6af21,Harsh Patel,Tue Mar 31 04:42:12 2020,"SocketListeners Ready",   3, 30, 48 
c88e889,Harsh Patel,Tue Mar 31 04:27:17 2020,"Foundation layed out for sockets",   7, 7427, 4357 
26b5d89,anwang427,Tue Mar 31 03:54:24 2020,"Merge branch 'anna'", 
92fe3ea,Harsh Patel,Tue Mar 31 03:15:12 2020,"Backend updated",   3, 109, 17 
b5d05f7,Raffi Hotter,Mon Mar 30 16:02:50 2020,"Merge branch 'master' of https://github.com/rhotter/ventilator-viz", 
0a5ff51,Raffi Hotter,Mon Mar 30 16:02:45 2020,"firmware progress",   12, 295, 130 
0fed562,Raffi Hotter,Mon Mar 30 10:32:19 2020,"Merge branch 'master' of https://github.com/rhotter/ventilator-viz", 
846bc7b,Raffi Hotter,Mon Mar 30 10:32:13 2020,"changed main logic",   9, 246, 318 
cb50000,Raffi Hotter,Mon Mar 30 05:28:08 2020,"arduino progress and refactoring",   31, 306, 814 
63c2d9e,Raffi Hotter,Mon Mar 30 03:43:17 2020,"removed unneccessary files",   2, 114 
24f98b9,Raffi Hotter,Mon Mar 30 03:34:35 2020,"removed frontend folder",   3, 23 
8216319,Raffi Hotter,Mon Mar 30 01:57:50 2020,"restructuring of arduino",   16, 748 
c66f71e,Harsh Patel,Mon Mar 30 01:29:51 2020,"Firmware update",   7, 177, 40 
24e024a,Harsh Patel,Sun Mar 29 13:39:28 2020,"Arduino code changes",   12, 353, 140 
58d4b91,Harsh Patel,Sun Mar 29 06:03:01 2020,"Initial arduino code commit",   9, 249, 44 
c259d4d,Raffi Hotter,Sat Mar 28 11:53:49 2020,"progress on ValueChart",   9, 153, 22 
cefffa1,Harsh Patel,Sat Mar 28 03:22:55 2020,"Refactored",   15, 23, 9 
62c2e1c,Raffi Hotter,Sat Mar 28 02:32:26 2020,"graph with data being added",   5, 72, 27 
9df83ac,Raffi Hotter,Fri Mar 27 13:24:06 2020,"d3js grapher",   15, 16421, 185 
73c956a,Raffi Hotter,Fri Mar 27 01:30:55 2020,"react boilerplate",   30, 12554, 5 
88e9be6,Harsh Patel,Thu Mar 26 11:42:39 2020,"Removed index.html",   1, 9 
fa2d8d8,Harsh Patel,Thu Mar 26 11:36:26 2020,"Added gitignore",   2, 728 
8343574,Raffi Hotter,Thu Mar 26 06:05:31 2020,"Merge branch 'master' of https://github.com/rhotter/ventilator-viz", 
3816dfb,Raffi Hotter,Thu Mar 26 06:05:24 2020,"nodejs backend set up",   7, 132, 33 
e1a0aff,Raffi Hotter,Thu Mar 26 02:08:40 2020,"Delete app.js",   1, 43 
0674008,Raffi Hotter,Thu Mar 26 02:08:29 2020,"Delete index.html",   1, 9 
4c4a2b2,Raffi Hotter,Thu Mar 26 02:08:21 2020,"Delete app.js",   1, 7 
3ff98d4,Raffi Hotter,Thu Mar 26 02:08:11 2020,"Delete .DS_Store",   1, 0, 0 
2f175b8,Raffi Hotter,Thu Mar 26 02:06:43 2020,"new folder structure: adding arduino code to same github repo",   5, 41 
7fa8542,Raffi Hotter,Thu Mar 26 01:58:41 2020,"moved to web app, will switch to electorn afterwards (unsure if electron works well with touch)",   3, 8, 10 
8763472,Raffi Hotter,Wed Mar 25 11:43:27 2020,"electron+node setup",   4, 84 
bc3c788,Raffi Hotter,Tue Mar 24 09:12:12 2020,"Initial commit",   1, 1 