commit id,author,date,comment,changed files,lines added,lines deleted

e77d50e,Team Geo,Thu Sep 17 03:15:08 2020,"Update data (daily job)",   2, 1974, 54 
ced740c,Team Geo,Thu Sep 17 00:30:09 2020,"Update data (daily job)",   3, 13, 1 
db5c88d,Team Geo,Thu Sep 17 00:15:08 2020,"Update data (daily job)",   3, 22, 1 
92567fb,Team Geo,Wed Sep 16 03:45:09 2020,"Update data (daily job)",   2, 365195, 11339 
01e938a,Team Geo,Wed Sep 16 03:15:06 2020,"Update data (daily job)",   2, 11298, 363234 
8c7f546,Team Geo,Wed Sep 16 01:15:08 2020,"Update data (daily job)",   3, 34, 1 
7034757,Team Geo,Tue Sep 15 15:45:10 2020,"Update data (daily job)",   2, 363262, 11326 
6d56d1c,Team Geo,Tue Sep 15 15:30:07 2020,"Update data (daily job)",   2, 11299, 363235 
19efedf,Team Geo,Tue Sep 15 03:15:09 2020,"Update data (daily job)",   2, 1975, 55 
584f757,Team Geo,Tue Sep 15 01:45:08 2020,"Update data (daily job)",   3, 34, 1 
e0bb8dc,Team Geo,Mon Sep 14 22:30:09 2020,"Update data (daily job)",   4, 56, 2 
64605c7,Team Geo,Mon Sep 14 22:00:09 2020,"Update data (daily job)",   2, 12 
c2fb4a4,Team Geo,Mon Sep 14 03:15:08 2020,"Update data (daily job)",   2, 1925, 5 
892dacc,Team Geo,Sun Sep 13 03:15:08 2020,"Update data (daily job)",   2, 1941, 21 
0cd0ba2,Team Geo,Sat Sep 12 03:15:08 2020,"Update data (daily job)",   2, 1947, 27 
06aeb09,Team Geo,Sat Sep 12 02:15:08 2020,"Update data (daily job)",   3, 34, 1 
8886898,Team Geo,Fri Sep 11 03:15:08 2020,"Update data (daily job)",   2, 1937, 17 
61aacdb,Team Geo,Fri Sep 11 02:30:09 2020,"Update data (daily job)",   3, 29, 2 
29cc9de,Team Geo,Fri Sep 11 01:15:08 2020,"Update data (daily job)",   1, 6 
9e93dca,Team Geo,Thu Sep 10 03:15:08 2020,"Update data (daily job)",   2, 1982, 62 
0eb6ba6,Team Geo,Thu Sep 10 02:15:08 2020,"Update data (daily job)",   3, 34, 1 
f8611df,Team Geo,Wed Sep 9 03:15:11 2020,"Update data (daily job)",   2, 1953, 33 
7a35a8a,Team Geo,Wed Sep 9 02:30:13 2020,"Update data (daily job)",   3, 3, 3 
835c8ec,Team Geo,Wed Sep 9 02:15:08 2020,"Update data (daily job)",   3, 34, 1 
a85792b,Jérôme Desboeufs,Tue Sep 8 03:43:29 2020,"Fix data",   4, 10, 4 
b4128da,Team Geo,Tue Sep 8 03:15:08 2020,"Update data (daily job)",   2, 1969, 49 
fac3d5e,Team Geo,Tue Sep 8 01:15:12 2020,"Update data (daily job)",   3, 28, 1 
e7eec62,Team Geo,Mon Sep 7 19:30:12 2020,"Update data (daily job)",   4, 66 
f5dec52,Team Geo,Mon Sep 7 03:15:07 2020,"Update data (daily job)",   2, 1921, 1 
5db01a3,Team Geo,Sun Sep 6 03:15:07 2020,"Update data (daily job)",   2, 1925, 5 
f68aae9,dependabot[bot],Sat Sep 5 09:13:49 2020,"Bump papaparse from 5.1.1 to 5.2.0",   2, 5, 5 
a34369f,Team Geo,Sat Sep 5 03:15:08 2020,"Update data (daily job)",   2, 1981, 61 
546fd29,Team Geo,Sat Sep 5 00:45:08 2020,"Update data (daily job)",   3, 34, 1 
2d64d5f,Team Geo,Fri Sep 4 03:15:09 2020,"Update data (daily job)",   2, 1954, 34 
eea0cae,Team Geo,Fri Sep 4 01:45:08 2020,"Update data (daily job)",   3, 34, 1 
0ee21e8,Team Geo,Thu Sep 3 03:15:08 2020,"Update data (daily job)",   2, 1959, 39 
a21ecdc,Team Geo,Thu Sep 3 01:15:08 2020,"Update data (daily job)",   3, 34, 1 
d24a3b0,Team Geo,Wed Sep 2 03:15:07 2020,"Update data (daily job)",   2, 1938, 18 
ba26431,Team Geo,Wed Sep 2 00:45:08 2020,"Update data (daily job)",   3, 34, 1 
e748232,Team Geo,Tue Sep 1 03:15:08 2020,"Update data (daily job)",   2, 2295, 375 
037ae5b,Team Geo,Tue Sep 1 02:00:11 2020,"Update data (daily job)",   3, 29, 2 
12fe6ec,Team Geo,Mon Aug 31 23:30:09 2020,"Update data (daily job)",   3, 7, 1 
2fa317e,Team Geo,Mon Aug 31 23:15:07 2020,"Update data (daily job)",   4, 6, 2 
dd52dfa,Team Geo,Mon Aug 31 19:00:10 2020,"Update data (daily job)",   1, 6 
5fd699a,Team Geo,Mon Aug 31 05:45:08 2020,"Update data (daily job)",   5, 13, 3 
92181f5,Team Geo,Mon Aug 31 05:30:08 2020,"Update data (daily job)",   6, 44, 3 
7fbb148,Team Geo,Mon Aug 31 03:15:08 2020,"Update data (daily job)",   2, 1921, 1 
4ce374e,Team Geo,Sun Aug 30 18:30:08 2020,"Update data (daily job)",   3, 27 
1ab50d9,Team Geo,Sun Aug 30 03:15:08 2020,"Update data (daily job)",   2, 1943, 23 
571fc00,Team Geo,Sat Aug 29 03:15:09 2020,"Update data (daily job)",   2, 4904, 1064 
c4c7419,Team Geo,Sat Aug 29 02:00:09 2020,"Update data (daily job)",   3, 34, 1 
c8783f6,Team Geo,Fri Aug 28 03:15:07 2020,"Update data (daily job)",   2, 2319, 399 
f1c3335,Team Geo,Fri Aug 28 02:15:08 2020,"Update data (daily job)",   3, 3, 3 
795303a,Team Geo,Fri Aug 28 01:15:07 2020,"Update data (daily job)",   3, 25, 2 
6aeb2f0,Team Geo,Thu Aug 27 19:00:09 2020,"Update data (daily job)",   1, 6 
f4085d3,Team Geo,Thu Aug 27 03:30:09 2020,"Update data (daily job)",   3, 22, 1 
cf768ee,Team Geo,Wed Aug 26 03:30:08 2020,"Update data (daily job)",   3, 3, 1 
c59bf4c,Team Geo,Wed Aug 26 03:15:09 2020,"Update data (daily job)",   2, 1959, 39 
d2ce839,Team Geo,Wed Aug 26 02:30:08 2020,"Update data (daily job)",   3, 27, 2 
f0840b3,Team Geo,Wed Aug 26 02:15:08 2020,"Update data (daily job)",   1, 6 
93dc992,Jérôme Desboeufs,Tue Aug 25 19:48:55 2020,"Drop undefined.yaml",   1, 6 
0c8b930,Team Geo,Tue Aug 25 03:15:09 2020,"Update data (daily job)",   2, 1937, 17 
949902f,Team Geo,Tue Aug 25 01:45:09 2020,"Update data (daily job)",   3, 29, 2 
45a87b9,Team Geo,Tue Aug 25 01:30:10 2020,"Update data (daily job)",   1, 6 
edfd9ff,Team Geo,Mon Aug 24 08:00:10 2020,"Update data (daily job)",   3, 17, 3 
ab00a9c,Team Geo,Mon Aug 24 07:45:07 2020,"Update data (daily job)",   3, 19 
8a122ad,Team Geo,Mon Aug 24 03:15:09 2020,"Update data (daily job)",   2, 1921, 1 
47a8786,Team Geo,Sun Aug 23 04:00:09 2020,"Update data (daily job)",   3, 11, 3 
e4d4ece,Team Geo,Sun Aug 23 03:45:07 2020,"Update data (daily job)",   3, 25 
293f165,Team Geo,Sun Aug 23 03:15:08 2020,"Update data (daily job)",   2, 1925, 5 
a46c876,Team Geo,Sat Aug 22 03:15:09 2020,"Update data (daily job)",   2, 1940, 20 
cfea9f7,Team Geo,Sat Aug 22 01:30:09 2020,"Update data (daily job)",   3, 13, 3 
96fbae8,Team Geo,Sat Aug 22 01:15:08 2020,"Update data (daily job)",   3, 24, 1 
6d65fc8,Jérôme Desboeufs,Fri Aug 21 23:25:08 2020,"Fix generate-mss script",   1, 1, 1 
16b77cf,Jérôme Desboeufs,Fri Aug 21 23:05:08 2020,"Fix data",   6, 87, 4 
fa336f5,Team Geo,Fri Aug 21 03:15:09 2020,"Update data (daily job)",   2, 1951, 31 
2a4013b,Team Geo,Thu Aug 20 18:45:10 2020,"Update data (daily job)",   1, 6 
3fdbb2e,Team Geo,Thu Aug 20 03:15:09 2020,"Update data (daily job)",   2, 1929, 9 
eb59624,Team Geo,Wed Aug 19 20:45:09 2020,"Update data (daily job)",   1, 6 
db66ca4,Team Geo,Wed Aug 19 03:15:09 2020,"Update data (daily job)",   2, 1933, 13 
a7d2044,Team Geo,Tue Aug 18 20:00:09 2020,"Update data (daily job)",   1, 6 
cd3f2c3,Jérôme Desboeufs,Tue Aug 18 06:41:54 2020,"Fix data",   5, 48, 3 
5d8c38c,Team Geo,Tue Aug 18 03:15:10 2020,"Update data (daily job)",   2, 1927, 7 
495f40c,Team Geo,Mon Aug 17 20:30:12 2020,"Update data (daily job)",   1, 6 
d90b854,Team Geo,Mon Aug 17 17:30:09 2020,"Update data (daily job)",   3, 21 
e6bf048,Team Geo,Mon Aug 17 03:15:08 2020,"Update data (daily job)",   2, 1921, 1 
1d11a58,Team Geo,Sun Aug 16 07:30:08 2020,"Update data (daily job)",   3, 21 
2483122,Team Geo,Sun Aug 16 03:15:08 2020,"Update data (daily job)",   2, 1947, 27 
08dbb87,Team Geo,Sat Aug 15 03:15:08 2020,"Update data (daily job)",   2, 1961, 41 
0fa5e0f,Team Geo,Sat Aug 15 01:45:08 2020,"Update data (daily job)",   3, 34, 1 
e70f6c3,Team Geo,Fri Aug 14 03:15:08 2020,"Update data (daily job)",   2, 1926, 6 
adeb659,Team Geo,Fri Aug 14 02:15:09 2020,"Update data (daily job)",   3, 18, 1 
f690014,Team Geo,Thu Aug 13 03:15:09 2020,"Update data (daily job)",   2, 1939, 19 
1cfadf8,Team Geo,Thu Aug 13 01:45:08 2020,"Update data (daily job)",   3, 34, 1 
77a9378,Jérôme Desboeufs,Wed Aug 12 23:57:25 2020,"Fix data",   6, 61, 3 
0061a0f,Team Geo,Wed Aug 12 03:15:07 2020,"Update data (daily job)",   2, 1941, 21 
c5b0566,Team Geo,Wed Aug 12 01:15:09 2020,"Update data (daily job)",   1, 6 
50f72cb,Team Geo,Tue Aug 11 03:15:08 2020,"Update data (daily job)",   2, 5792, 32 
c0120df,Team Geo,Mon Aug 10 22:00:08 2020,"Update data (daily job)",   1, 6 
f2e6a0e,Team Geo,Mon Aug 10 21:00:09 2020,"Update data (daily job)",   5, 49, 1 
bd6e454,Team Geo,Sat Aug 8 03:15:08 2020,"Update data (daily job)",   2, 1977, 57 
9e23b9a,Team Geo,Sat Aug 8 02:00:10 2020,"Update data (daily job)",   4, 67, 1 
b89291e,Team Geo,Fri Aug 7 03:15:08 2020,"Update data (daily job)",   2, 1937, 17 
d38f315,Jérôme Desboeufs,Thu Aug 6 23:41:06 2020,"Fix data",   6, 56, 14 
4a5cf60,Team Geo,Thu Aug 6 03:15:07 2020,"Update data (daily job)",   2, 1951, 31 
767aafc,Team Geo,Thu Aug 6 01:30:08 2020,"Update data (daily job)",   1, 6 
d090488,Team Geo,Thu Aug 6 00:15:07 2020,"Update data (daily job)",   1, 6 
60c87d5,Team Geo,Thu Aug 6 00:00:09 2020,"Update data (daily job)",   2, 12 
c75c67a,Team Geo,Wed Aug 5 03:15:10 2020,"Update data (daily job)",   2, 1941, 21 
687f1f2,Jérôme Desboeufs,Tue Aug 4 20:17:39 2020,"Fix data Aout 2020",   5, 56, 3 
ea7b25f,Jérôme Desboeufs,Tue Aug 4 18:16:26 2020,"Fix data",   5, 37, 8 
f8820a0,Team Geo,Tue Aug 4 03:15:08 2020,"Update data (daily job)",   2, 5761, 1 
0b06fb4,Team Geo,Tue Aug 4 01:45:08 2020,"Update data (daily job)",   3, 18 
550cc05,dependabot[bot],Sun Aug 2 02:35:44 2020,"Bump elliptic from 6.5.2 to 6.5.3",   1, 6, 6 
9d2357e,Team Geo,Sat Aug 1 03:15:09 2020,"Update data (daily job)",   2, 1945, 25 
6fd06e2,Team Geo,Sat Aug 1 01:00:09 2020,"Update data (daily job)",   3, 26, 1 
35b5d3d,Team Geo,Fri Jul 31 18:30:06 2020,"Update data (daily job)",   1, 6 
d73408d,Team Geo,Fri Jul 31 03:15:09 2020,"Update data (daily job)",   2, 1953, 33 
75ee79d,Team Geo,Thu Jul 30 18:00:12 2020,"Update data (daily job)",   4, 39 
1ad83f9,Team Geo,Thu Jul 30 03:15:07 2020,"Update data (daily job)",   2, 1949, 29 
d8cee1b,Team Geo,Wed Jul 29 09:45:06 2020,"Update data (daily job)",   3, 33 
13c386c,Team Geo,Wed Jul 29 03:15:09 2020,"Update data (daily job)",   2, 1987, 67 
85ccb93,Team Geo,Tue Jul 28 09:45:08 2020,"Update data (daily job)",   5, 71 
5766448,Team Geo,Tue Jul 28 03:15:10 2020,"Update data (daily job)",   2, 5855, 95 
391d49e,Jérôme Desboeufs,Sat Jul 25 04:25:09 2020,"Fix Airtable import",   4, 22, 2 
64939d7,Team Geo,Sat Jul 25 04:15:08 2020,"Update data (daily job)",   2, 21, 49 
e80081a,Jérôme Desboeufs,Sat Jul 25 04:07:36 2020,"Fix actual data",   37, 36, 64 
3102f59,Jérôme Desboeufs,Sat Jul 25 04:07:28 2020,"Fix generate-mss script",   1, 1, 1 
3a6f0c5,Team Geo,Sat Jul 25 03:15:09 2020,"Update data (daily job)",   2, 1951, 31 
6817616,Team Geo,Sat Jul 25 01:30:09 2020,"Update data (daily job)",   3, 30, 1 
04f7c78,Team Geo,Fri Jul 24 03:15:09 2020,"Update data (daily job)",   2, 1963, 43 
695afa4,Team Geo,Fri Jul 24 02:30:09 2020,"Update data (daily job)",   6, 132 
b3f611a,Team Geo,Fri Jul 24 02:00:09 2020,"Update data (daily job)",   3, 33 
6cccfd1,Team Geo,Fri Jul 24 01:45:07 2020,"Update data (daily job)",   3, 30, 1 
b1376db,Team Geo,Thu Jul 23 21:45:07 2020,"Update data (daily job)",   3, 33 
c8d4443,Team Geo,Thu Jul 23 03:15:08 2020,"Update data (daily job)",   2, 1933, 13 
69662fe,Team Geo,Thu Jul 23 00:30:13 2020,"Update data (daily job)",   3, 30, 1 
199b12a,Team Geo,Wed Jul 22 03:15:10 2020,"Update data (daily job)",   2, 3224, 1000 
98c6b35,Team Geo,Wed Jul 22 03:00:07 2020,"Update data (daily job)",   3, 30, 1 
32fef40,Team Geo,Tue Jul 21 03:15:08 2020,"Update data (daily job)",   3, 5526, 41 
2979f6d,liszto,Mon Jul 20 08:08:00 2020,"Merge pull request #539 from opencovid19-fr/dependabot/npm_and_yarn/lodash-4.17.19", 
e062f17,Team Geo,Sat Jul 18 08:15:07 2020,"Update data (daily job)",   3, 33 
2157f71,Team Geo,Sat Jul 18 03:15:08 2020,"Update data (daily job)",   2, 1931, 11 
c887e84,Team Geo,Fri Jul 17 03:45:09 2020,"Update data (daily job)",   3, 33 
87cd9df,Team Geo,Fri Jul 17 03:15:09 2020,"Update data (daily job)",   2, 2299, 379 
6851d36,Team Geo,Fri Jul 17 00:30:11 2020,"Update data (daily job)",   2, 6, 2 
24b32a5,Jérôme Desboeufs,Fri Jul 17 00:16:57 2020,"Update data",   2, 4 
2265db3,Team Geo,Thu Jul 16 04:00:10 2020,"Update data (daily job)",   3, 29 
ee28d97,Team Geo,Thu Jul 16 03:15:09 2020,"Update data (daily job)",   2, 2282, 362 
a760143,Team Geo,Wed Jul 15 03:15:09 2020,"Update data (daily job)",   2, 386, 386 
83c433a,Team Geo,Wed Jul 15 03:00:11 2020,"Update data (daily job)",   2, 1921, 1 
bda8f23,Team Geo,Tue Jul 14 05:30:09 2020,"Update data (daily job)",   3, 33 
af35d5c,Team Geo,Tue Jul 14 03:15:06 2020,"Update data (daily job)",   2, 6175, 415 
3fe1b2a,Team Geo,Sat Jul 11 04:30:08 2020,"Update data (daily job)",   3, 33 
269275e,Team Geo,Sat Jul 11 03:15:09 2020,"Update data (daily job)",   2, 1941, 21 
32b8a60,Team Geo,Fri Jul 10 03:45:08 2020,"Update data (daily job)",   3, 33 
fd4b93e,Team Geo,Fri Jul 10 03:00:11 2020,"Update data (daily job)",   2, 1955, 35 
340a2a1,Team Geo,Thu Jul 9 20:15:08 2020,"Update data (daily job)",   3, 33 
47aeb9d,Team Geo,Thu Jul 9 03:15:08 2020,"Update data (daily job)",   2, 406, 406 
d9ac82b,Team Geo,Thu Jul 9 03:00:10 2020,"Update data (daily job)",   2, 1921, 1 
1d978c5,Team Geo,Wed Jul 8 03:15:09 2020,"Update data (daily job)",   2, 2023, 103 
8cd3d19,Team Geo,Wed Jul 8 02:15:09 2020,"Update data (daily job)",   3, 30, 1 
d36ace9,Team Geo,Tue Jul 7 04:45:09 2020,"Update data (daily job)",   3, 33 
b822d05,Team Geo,Tue Jul 7 03:15:09 2020,"Update data (daily job)",   2, 6223, 463 
47b9d53,Team Geo,Sat Jul 4 04:15:07 2020,"Update data (daily job)",   3, 33 
0b14292,Team Geo,Sat Jul 4 03:15:08 2020,"Update data (daily job)",   2, 2023, 103 
6d8f903,Team Geo,Fri Jul 3 03:15:08 2020,"Update data (daily job)",   2, 2019, 99 
84cf05a,Team Geo,Fri Jul 3 00:15:09 2020,"Update data (daily job)",   3, 30, 1 
52432dd,Team Geo,Thu Jul 2 05:30:09 2020,"Update data (daily job)",   3, 33 
095d645,Team Geo,Thu Jul 2 03:15:08 2020,"Update data (daily job)",   2, 1969, 49 
49c65f9,Jérôme Desboeufs,Wed Jul 1 19:03:46 2020,"Remove unecessary build scripts",   2, 1, 8 
63b66fd,Team Geo,Wed Jul 1 19:01:38 2020,"Update data (daily job)",   1, 1 
15f9460,Jérôme Desboeufs,Wed Jul 1 18:56:14 2020,"Remove obsolete deploy script",   2, 3 
e983a44,Jérôme Desboeufs,Wed Jul 1 18:20:30 2020,"Fetch covid_hospit from data.gouv.fr",   5, 2, 31844 
aa247f0,Jérôme Desboeufs,Wed Jul 1 05:19:19 2020,"Update data (daily job)",   4, 2333, 77 
aad327e,Jérôme Desboeufs,Tue Jun 30 06:38:01 2020,"Normalize dates",   3, 5291, 5329 
f17c659,Jérôme Desboeufs,Tue Jun 30 06:18:04 2020,"Update data (daily job)",   6, 11521, 57 
da64af9,Jérôme Desboeufs,Tue Jun 30 06:16:48 2020,"Update generate-mss script",   1, 20, 9 
96081f3,Jérôme Desboeufs,Sat Jun 27 08:36:44 2020,"Update data (daily job)",   5, 2316, 60 
af4f514,Jérôme Desboeufs,Fri Jun 26 04:09:00 2020,"Update data (daily job)",   4, 2370, 114 
281eb71,Jérôme Desboeufs,Thu Jun 25 04:48:29 2020,"Update data (daily job)",   4, 2319, 63 
10e5c09,Jérôme Desboeufs,Wed Jun 24 03:59:09 2020,"Update data (daily job)",   4, 2359, 103 
27b723e,Jérôme Desboeufs,Tue Jun 23 04:57:35 2020,"Update data (daily job)",   4, 2331, 75 
a6e20d8,Jérôme Desboeufs,Mon Jun 22 05:02:54 2020,"Update data (daily job)",   4, 2269, 13 
66502e1,Jérôme Desboeufs,Sun Jun 21 06:29:47 2020,"Update data (daily job)",   4, 2363, 107 
166f81b,Jérôme Desboeufs,Sat Jun 20 04:53:57 2020,"Update data (daily job)",   4, 2315, 59 
734f6b1,Jérôme Desboeufs,Fri Jun 19 03:23:45 2020,"Update data (daily job)",   4, 2389, 133 
1f7610d,Jérôme Desboeufs,Thu Jun 18 04:33:13 2020,"Update data (daily job)",   4, 2326, 70 
af12dbc,Jérôme Desboeufs,Wed Jun 17 04:33:13 2020,"Update data (daily job)",   4, 2349, 93 
be96200,Jérôme Desboeufs,Tue Jun 16 04:42:48 2020,"Update data (daily job)",   4, 2323, 67 
44590aa,Jérôme Desboeufs,Mon Jun 15 05:31:46 2020,"Complete daily data",   3, 33 
6e9076b,Jérôme Desboeufs,Mon Jun 15 04:48:38 2020,"Update data (daily job)",   3, 2232, 9 
1fb8749,Jérôme Desboeufs,Sun Jun 14 04:40:32 2020,"Update data (daily job)",   4, 2282, 26 
ef1e439,Jérôme Desboeufs,Sat Jun 13 05:12:02 2020,"Update data (daily job)",   4, 2359, 103 
ca66c1e,Jérôme Desboeufs,Fri Jun 12 04:40:53 2020,"Update data (daily job)",   4, 2387, 131 
9e616e5,Jérôme Desboeufs,Thu Jun 11 03:41:21 2020,"Update data (daily job)",   4, 2365, 109 
ad9731d,Jérôme Desboeufs,Wed Jun 10 03:41:59 2020,"Update data (daily job)",   4, 2381, 125 
d224462,Jérôme Desboeufs,Tue Jun 9 03:40:06 2020,"Update data (daily job)",   4, 2319, 63 
eb4dbe0,Jérôme Desboeufs,Mon Jun 8 03:10:52 2020,"Update data (daily job)",   4, 2279, 23 
2ad2ba2,Jérôme Desboeufs,Sun Jun 7 05:21:55 2020,"Update data (daily job)",   4, 2336, 80 
94744f6,Jérôme Desboeufs,Sat Jun 6 04:10:08 2020,"Update data (daily job)",   4, 2379, 123 
1bd4b39,Jérôme Desboeufs,Fri Jun 5 04:38:50 2020,"Update data (daily job)",   4, 2481, 225 
28adb3c,tmerlier,Thu Jun 4 22:12:17 2020,"Prefix date with year",   15, 40, 39 
8cde1d3,tmerlier,Thu Jun 4 18:24:01 2020,"Add weekly masks production data",   18, 468, 3 
995faed,Jérôme Desboeufs,Thu Jun 4 05:22:27 2020,"Update data (daily job)",   4, 2416, 160 
1465a96,Jérôme Desboeufs,Wed Jun 3 04:31:00 2020,"Update data (daily job)",   5, 2394, 139 
3eadcfb,Jérôme Desboeufs,Tue Jun 2 05:43:24 2020,"Update data (daily job)",   4, 2269, 11 
18259a4,Jérôme Desboeufs,Mon Jun 1 03:55:51 2020,"Update data (daily job)",   4, 2265, 7 
9397879,Jérôme Desboeufs,Sun May 31 07:11:58 2020,"Fix data",   3, 35 
d049164,Jérôme Desboeufs,Sun May 31 07:06:17 2020,"Update data (daily job)",   3, 2372, 149 
54f735e,Jérôme Desboeufs,Sat May 30 04:27:44 2020,"Update data (daily job)",   5, 2470, 210 
66f66c9,Jérôme Desboeufs,Fri May 29 07:17:49 2020,"Update data",   2, 28902, 11862 
bbba24d,Jérôme Desboeufs,Fri May 29 07:17:38 2020,"Ajout nouvelles hospitalisations + réanimations",   4, 185, 6 
17771f8,Jérôme Desboeufs,Fri May 29 04:51:20 2020,"Update data (daily job)",   4, 2015, 1 
1554f8a,Jérôme Desboeufs,Thu May 28 05:17:02 2020,"Update data (daily job)",   4, 2015, 1 
593c67c,Jérôme Desboeufs,Wed May 27 03:32:47 2020,"Update data (daily job)",   4, 2015, 1 
486cd41,Jérôme Desboeufs,Tue May 26 04:18:26 2020,"Update data (daily job)",   4, 2015, 1 
b651bc2,Jérôme Desboeufs,Mon May 25 04:20:31 2020,"Fix missing data",   5, 21, 21 
c6c2319,Jérôme Desboeufs,Mon May 25 03:53:28 2020,"Update data (daily job)",   4, 2015, 1 
b7a63e1,Jérôme Desboeufs,Sun May 24 05:44:03 2020,"Update data (daily job)",   3, 31 
764217f,Jérôme Desboeufs,Sun May 24 04:51:00 2020,"Update data (daily job)",   3, 1984, 1 
bd76dfc,Jérôme Desboeufs,Sat May 23 03:19:28 2020,"Update data (daily job)",   4, 2015, 1 
268f087,Jérôme Desboeufs,Fri May 22 04:35:01 2020,"Update data (daily job)",   4, 2015, 1 
50af2a7,Jérôme Desboeufs,Thu May 21 03:27:11 2020,"Update data (daily job)",   5, 2024, 1 
e405656,Jérôme Desboeufs,Wed May 20 03:46:30 2020,"19/05/2020",   4, 2015, 1 
d7749c7,Jérôme Desboeufs,Wed May 20 03:35:07 2020,"Update fetch.sh to work with macOS",   1, 1, 1 
62de401,Jérôme Desboeufs,Tue May 19 04:53:16 2020,"18/05/2020",   4, 2015, 1 
7dcf87d,Jérôme Desboeufs,Mon May 18 22:04:27 2020,"Merge pull request #531 from badele/master", 
d75b455,Jérôme Desboeufs,Mon May 18 03:36:18 2020,"Add daily data (17/05/2020)",   4, 3713, 1 
3854082,Jérôme Desboeufs,Sun May 17 07:07:55 2020,"Add daily data",   1, 13 
7f951da,Jérôme Desboeufs,Sun May 17 07:07:40 2020,"Add script to generate new yaml file from MSS",   4, 407, 6 
3e4d523,Jérôme Desboeufs,Sun May 17 06:42:40 2020,"Add daily SPF data",   1, 303 
acbbd40,Jérôme Desboeufs,Sat May 16 04:55:14 2020,"15/05/2020",   4, 2015, 1 
dae30dd,Jérôme Desboeufs,Fri May 15 04:39:59 2020,"Add daily data (14/05/2020)",   4, 2015, 1 
a54fc88,Jérôme Desboeufs,Thu May 14 02:34:27 2020,"Add daily data (13/05/2020)",   4, 2015, 1 
65be12d,Jérôme Desboeufs,Wed May 13 04:05:09 2020,"Add daily data (12/05/2020)",   4, 2015, 1 
72c933b,Jérôme Desboeufs,Tue May 12 03:53:55 2020,"Add daily data (11/05/2020)",   4, 2015, 1 
d2d718a,Jérôme Desboeufs,Mon May 11 06:58:02 2020,"Fix data",   3, 3, 3 
cbaf161,Jérôme Desboeufs,Mon May 11 06:53:10 2020,"Add daily data (10/05/2020)",   4, 2015, 1 
06d6cab,Jérôme Desboeufs,Sun May 10 04:15:29 2020,"Add daily data",   4, 2015, 1 
287b011,Jérôme Desboeufs,Sat May 9 06:08:11 2020,"Add daily data (08/05/2020)",   4, 2015, 1 
37637d8,Jérôme Desboeufs,Fri May 8 03:22:47 2020,"Add daily data (07/05/2020)",   4, 2015, 1 
d830324,Jérôme Desboeufs,Thu May 7 03:55:01 2020,"Add daily data (06/05/2020)",   4, 2015, 1 
7b5ddd0,Jérôme Desboeufs,Wed May 6 03:33:11 2020,"Add daily data (05/05/2020)",   4, 2015, 1 
32f41cc,Jérôme Desboeufs,Tue May 5 03:56:33 2020,"Add daily data (04/05/2020)",   4, 2015, 1 
406a4a2,Jérôme Desboeufs,Mon May 4 04:00:17 2020,"Add daily data (03/05/2020)",   4, 2015, 1 
1a4a348,Jérôme Desboeufs,Sun May 3 04:06:31 2020,"Add daily data (02/05/2020)",   4, 2015, 1 
2786983,Jérôme Desboeufs,Sat May 2 04:14:23 2020,"Add daily data (01/05/2020)",   4, 2015, 1 
318ba9f,Jérôme Desboeufs,Fri May 1 04:24:39 2020,"Add daily data (30/04/2020)",   4, 2015, 1 
5b3e9db,Jérôme Desboeufs,Thu Apr 30 05:41:34 2020,"Fix data",   3, 5, 1 
8388c57,Jérôme Desboeufs,Thu Apr 30 04:39:11 2020,"Add daily data (29/04/2020)",   4, 2011, 1 
2d9e51a,Jérôme Desboeufs,Wed Apr 29 04:24:05 2020,"Add daily data (28/04/2020)",   4, 2017, 1 
8358a7d,Jérôme Desboeufs,Tue Apr 28 03:47:19 2020,"Add daily data (27/04/2020)",   4, 2017, 1 
4791b72,Jérôme Desboeufs,Mon Apr 27 03:52:21 2020,"Add daily data (26/04/2020)",   4, 2017, 1 
b205628,Jérôme Desboeufs,Sun Apr 26 03:16:10 2020,"Add daily data (25/04/2020)",   4, 2017, 1 
1c57092,Jérôme Desboeufs,Sat Apr 25 03:21:00 2020,"Add daily data (24/04/2020)",   4, 2017, 1 
8391632,Jérôme Desboeufs,Fri Apr 24 03:56:28 2020,"Add daily data (23/04/2020)",   4, 2033, 1 
1c1e3da,Abdoulaye,Thu Apr 23 08:15:22 2020,"Merge pull request #515 from opencovid19-fr/ADD-DSP-Polynésie-française-30/03", 
600be50,Jérôme Desboeufs,Thu Apr 23 03:57:02 2020,"Add daily data (22/04/2020)",   4, 2013, 1 
bed8211,Jérôme Desboeufs,Wed Apr 22 03:07:24 2020,"Add daily data (21/04/2020)",   4, 2011, 1 
709acf8,Jérôme Desboeufs,Tue Apr 21 03:33:51 2020,"Add daily data (20/04/2020)",   4, 2017, 1 
a4e83a7,Jérôme Desboeufs,Mon Apr 20 04:47:13 2020,"Update data (19/04/2020)",   4, 2017, 1 
01574d5,Jérôme Desboeufs,Sun Apr 19 04:05:37 2020,"Update dist data",   2, 1700, 1 
b101dd9,Jérôme Desboeufs,Sun Apr 19 04:05:23 2020,"Add daily MSS data",   1, 14 
5184e4d,Jérôme Desboeufs,Sun Apr 19 04:04:09 2020,"Update SPF data",   1, 303 
3f7d619,Jérôme Desboeufs,Sat Apr 18 03:18:18 2020,"Update dist data",   2, 1700, 1 
869601d,Jérôme Desboeufs,Sat Apr 18 01:35:38 2020,"Add daily MSS data",   1, 14 
874be09,Jérôme Desboeufs,Sat Apr 18 01:32:24 2020,"Update SPF data",   1, 303 
99263a3,Jérôme Desboeufs,Fri Apr 17 20:14:12 2020,"Update dist data",   2, 4, 4 
5f059fe,Jérôme Desboeufs,Fri Apr 17 20:14:00 2020,"Fix MSS data",   1, 3, 3 
7f14c0b,Jérôme Desboeufs,Fri Apr 17 17:18:49 2020,"Update dist data",   2, 1681, 1 
bb92fc7,Jérôme Desboeufs,Fri Apr 17 17:18:37 2020,"Update SPF data",   1, 303 
3939051,Jérôme Desboeufs,Fri Apr 17 04:42:23 2020,"Update data",   2, 20, 1 
8e90b8b,Jérôme Desboeufs,Fri Apr 17 02:53:01 2020,"Add daily MSS data",   1, 14 
c1470d1,Jérôme Desboeufs,Thu Apr 16 04:16:37 2020,"Update data",   2, 1700, 1 
55561d0,Jérôme Desboeufs,Thu Apr 16 01:51:40 2020,"Add daily MSS data",   1, 14 
9a6231a,Jérôme Desboeufs,Thu Apr 16 01:46:16 2020,"Update SPF data",   1, 303 
98091d6,Jérôme Desboeufs,Wed Apr 15 05:47:05 2020,"Expose cas_ehpad, cas_confirmes_ehpad and cas_possibles_ehpad",   2, 6540, 6537 
dfcf6ac,Jérôme Desboeufs,Wed Apr 15 03:21:02 2020,"Update data",   2, 1700, 1 
6ed0c2b,Jérôme Desboeufs,Wed Apr 15 03:20:53 2020,"Add daily MSS data",   1, 14 
d17c435,Jérôme Desboeufs,Wed Apr 15 03:16:36 2020,"Update SPF data",   1, 303 
59703c6,Jérôme Desboeufs,Tue Apr 14 03:39:32 2020,"Update dist data",   2, 1700, 1 
f442b79,Jérôme Desboeufs,Tue Apr 14 03:39:12 2020,"Add new MSS data",   1, 14 
ad36fdc,Jérôme Desboeufs,Tue Apr 14 03:24:55 2020,"Update SPF data",   1, 303 
f674637,Jérôme Desboeufs,Mon Apr 13 05:40:09 2020,"Update data",   2, 1700, 1 
d756875,Jérôme Desboeufs,Mon Apr 13 03:21:59 2020,"Add daily MSS data",   1, 15 
47d4b96,Jérôme Desboeufs,Mon Apr 13 03:19:43 2020,"Update SPF data",   1, 303 
88ace40,Jérôme Desboeufs,Sun Apr 12 06:08:04 2020,"Update data",   2, 102, 2 
04d6f10,Jérôme Desboeufs,Sun Apr 12 06:07:36 2020,"Fix MSS casConfirmes",   1, 1, 1 
4e060b1,Abdoulaye,Sun Apr 12 03:53:52 2020,"Merge pull request #504 from opencovid19-fr/ADD-ARS-Mayotte-01/04", 
55cbfa4,Abdoulaye,Sun Apr 12 03:53:08 2020,"Merge pull request #516 from opencovid19-fr/ADD-DSP-Polynésie-française-31/03", 
e37b8b3,Abdoulaye,Sun Apr 12 03:52:40 2020,"Merge pull request #523 from opencovid19-fr/ADD-DSP-Polynésie-française-07/04", 
17bc461,Abdoulaye,Sun Apr 12 03:52:23 2020,"Merge pull request #520 from opencovid19-fr/ADD-DSP-Polynésie-française-04/04", 
5056a48,Abdoulaye,Sun Apr 12 03:51:41 2020,"Merge pull request #519 from opencovid19-fr/ADD-DSP-Polynésie-française-03/04", 
d5aad0b,Jérôme Desboeufs,Sun Apr 12 03:51:36 2020,"Update data",   2, 1697, 1 
0410d95,Jérôme Desboeufs,Sun Apr 12 03:51:13 2020,"Add MSS data",   1, 11 
286a63f,Jérôme Desboeufs,Sun Apr 12 03:18:49 2020,"Update SPF data",   1, 303 
0c3a256,Jérôme Desboeufs,Sat Apr 11 07:04:49 2020,"Update data",   2, 1745, 1 
e0fc8a6,Jérôme Desboeufs,Sat Apr 11 01:54:11 2020,"Add new MSS data",   1, 11 
e319062,Jérôme Desboeufs,Sat Apr 11 01:52:28 2020,"Update SPF data",   1, 303 
11359e0,Abdoulaye,Fri Apr 10 05:49:06 2020,"Merge pull request #505 from opencovid19-fr/ADD-Nouvelle-Calédonie-03/04", 
42c9397,Abdoulaye,Fri Apr 10 05:48:22 2020,"Update archive tag",   1, 1, 1 
992a9ad,Abdoulaye,Fri Apr 10 05:43:21 2020,"Changing date in filename",   1, 0, 0 
739f234,Abdoulaye,Fri Apr 10 05:36:46 2020,"update archive tag dsp",   1, 1, 1 
aa7653a,Abdoulaye,Fri Apr 10 05:35:36 2020,"update archive",   1, 1, 1 
5772ee2,liszto,Fri Apr 10 05:27:11 2020,"Merge pull request #517 from opencovid19-fr/ADD-DSP-Polynésie-française-01/04", 
ed9f054,liszto,Fri Apr 10 05:25:05 2020,"Revert "ADD DSP Polynésie française 05/04"",   1, 13 
f5d2433,liszto,Fri Apr 10 05:23:03 2020,"Merge pull request #521 from opencovid19-fr/ADD-DSP-Polynésie-française-05/04", 
b14ef3a,liszto,Fri Apr 10 05:22:31 2020,"Merge pull request #522 from opencovid19-fr/ADD-DSP-Polynésie-française-06/04", 
9f3311e,Jérôme Desboeufs,Fri Apr 10 03:47:17 2020,"Update dist",   2, 1937, 3 
910bf97,Jérôme Desboeufs,Fri Apr 10 03:00:29 2020,"Add MSS daily data",   1, 11 
8f0fa52,Jérôme Desboeufs,Fri Apr 10 01:31:57 2020,"Update SPF data",   1, 303 
97e9deb,Abdoulaye,Fri Apr 10 00:37:05 2020,"update tag hspitalises",   1, 1, 1 
7b969d0,Abdoulaye,Fri Apr 10 00:28:34 2020,"Update tags (depistes, deces)",   1, 3, 3 
9149b35,Abdoulaye,Thu Apr 9 23:56:01 2020,"update comment hospitalises tag",   1, 1, 1 
1d977af,Abdoulaye,Thu Apr 9 23:48:38 2020,"Merge pull request #514 from opencovid19-fr/ADD-DSP-Polynésie-française-29/03-1", 
40b6389,Abdoulaye,Thu Apr 9 23:48:24 2020,"Merge pull request #524 from opencovid19-fr/ADD-DSP-Polynésie-française-08/04", 
228082f,Abdoulaye,Thu Apr 9 23:48:12 2020,"Merge pull request #518 from opencovid19-fr/ADD-DSP-Polynésie-française-02/04", 
ca578ae,Abdoulaye,Thu Apr 9 23:45:38 2020,"Erase comment on hospitalises",   1, 1, 1 
571dc9b,Tiphaine Phe-Neau,Thu Apr 9 23:32:28 2020,"Fix depistes in 2020-03-30 
 Polynésie Française",   1, 1, 1 
c3619e4,Abdoulaye,Thu Apr 9 23:27:32 2020,"Merge pull request #513 from opencovid19-fr/ADD-DSP-Polynésie-française-28/03", 
2cd3938,Abdoulaye,Thu Apr 9 23:27:19 2020,"Merge pull request #512 from opencovid19-fr/ADD-DSP-Polynésie-française-27/03", 
509b8fc,Abdoulaye,Thu Apr 9 23:03:06 2020,"Merge pull request #500 from opencovid19-fr/ADD-Nouvelle-Calédonie-01/04", 
5f79115,Abdoulaye,Thu Apr 9 23:02:51 2020,"Merge pull request #499 from opencovid19-fr/ADD-Nouvelle-Calédonie-31/03", 
2fca7c4,Abdoulaye,Thu Apr 9 23:02:38 2020,"Merge pull request #498 from opencovid19-fr/ADD-Nouvelle-Calédonie-30/03", 
17b3075,Abdoulaye,Thu Apr 9 23:02:27 2020,"Merge pull request #497 from opencovid19-fr/ADD-Nouvelle-Calédonie-29/03", 
919f46b,Abdoulaye,Thu Apr 9 23:02:13 2020,"Merge pull request #495 from opencovid19-fr/ADD-Nouvelle-Calédonie-28/03", 
0448321,Abdoulaye,Thu Apr 9 23:01:58 2020,"Merge pull request #494 from opencovid19-fr/ADD-Nouvelle-Calédonie-27/03", 
39f4c00,Abdoulaye,Thu Apr 9 21:24:54 2020,"ADD DSP Polynésie française 08/04",   1, 13 
a61f383,Abdoulaye,Thu Apr 9 21:22:57 2020,"update date tag and file name",   1, 1, 1 
692e741,Abdoulaye,Thu Apr 9 21:21:35 2020,"ADD DSP Polynésie française 07/04",   1, 13 
e426bd4,Abdoulaye,Thu Apr 9 21:19:05 2020,"ADD DSP Polynésie française 06/04",   1, 13 
add65a9,Abdoulaye,Thu Apr 9 21:17:30 2020,"ADD DSP Polynésie française 05/04",   1, 13 
c2e2c28,Abdoulaye,Thu Apr 9 21:16:10 2020,"ADD DSP Polynésie française 04/04",   1, 13 
c608211,Abdoulaye,Thu Apr 9 21:13:47 2020,"ADD DSP Polynésie française 03/04",   1, 13 
95e1036,Abdoulaye,Thu Apr 9 21:12:21 2020,"ADD DSP Polynésie française 02/04",   1, 13 
988a4af,Abdoulaye,Thu Apr 9 21:10:02 2020,"ADD DSP Polynésie française 01/04",   1, 13 
11c2f08,Abdoulaye,Thu Apr 9 21:06:25 2020,"ADD DSP Polynésie française 31/03",   1, 13 
82eca2c,Abdoulaye,Thu Apr 9 21:04:33 2020,"ADD DSP Polynésie française 30/03",   1, 13 
edee110,Abdoulaye,Thu Apr 9 21:01:40 2020,"Create 2020-03-29.yaml",   1, 13 
3b0f773,Abdoulaye,Thu Apr 9 21:00:22 2020,"Create 2020-03-29.yaml",   1, 13 
e15ebbf,Abdoulaye,Thu Apr 9 20:58:55 2020,"Create 2020-03-28.yaml",   1, 13 
52cb41d,Abdoulaye,Thu Apr 9 20:56:44 2020,"DSP Polynésie française 27/03",   1, 13 
e4addc2,Abdoulaye,Thu Apr 9 20:51:57 2020,"Merge pull request #511 from lcp5y3/master", 
5e9d5d7,Jérôme Desboeufs,Thu Apr 9 03:51:31 2020,"Update data",   2, 1697, 1 
661bddd,Jérôme Desboeufs,Thu Apr 9 01:50:12 2020,"Add MSS data",   1, 11 
7ead469,Jérôme Desboeufs,Thu Apr 9 01:48:21 2020,"Update SPF data",   1, 303 
d98b619,Abdoulaye,Wed Apr 8 21:27:33 2020,"ADD Nouvelle-Calédonie 08/04",   1, 13 
662b63c,Abdoulaye,Wed Apr 8 21:23:04 2020,"update casconfirmes 19 to 18",   1, 1, 1 
6636977,Abdoulaye,Wed Apr 8 21:22:30 2020,"Update casconfirmés 19 to 18",   1, 1, 1 
9a8f5a4,Abdoulaye,Wed Apr 8 21:21:51 2020,"update comments",   1, 1, 1 
15e10de,Abdoulaye,Wed Apr 8 21:20:04 2020,"ADD Nouvelle-Calédonie 07/04",   1, 12 
5aa3ce8,Abdoulaye,Wed Apr 8 21:16:09 2020,"Create 2020-04-06.yml",   1, 12 
e7b3a66,Abdoulaye,Wed Apr 8 21:14:59 2020,"Create 2020-04-04.yml",   1, 12 
e697769,Abdoulaye,Wed Apr 8 21:14:31 2020,"update comments",   1, 1, 1 
eaf90f9,Abdoulaye,Wed Apr 8 21:07:15 2020,"ADD Nouvelle-Calédonie 05/04",   1, 12 
051a662,Binnette,Wed Apr 8 21:04:55 2020,"Update data",   2, 218 
3fc13ef,Abdoulaye,Wed Apr 8 21:01:35 2020,"ADD Nouvelle-Calédonie 04/04",   1, 12 
84f410c,Abdoulaye,Wed Apr 8 20:56:55 2020,"Create 2020-04-03.yml",   1, 12 
de97f82,Abdoulaye,Wed Apr 8 20:53:58 2020,"update tag gueris 1+1",   1, 1, 1 
305e5f2,Abdoulaye,Wed Apr 8 20:52:10 2020,"update tag gueris",   1, 1 
051c088,Abdoulaye,Wed Apr 8 20:49:27 2020,"update tag gueris",   1, 1 
0b925ca,Abdoulaye,Wed Apr 8 20:36:27 2020,"ADD ARS Mayotte 01/04",   1, 23 
2608b0f,Abdoulaye,Wed Apr 8 19:57:04 2020,"Create 2020-03-27.yaml",   1, 13 
fbc6798,Abdoulaye,Wed Apr 8 19:45:15 2020,"Merge pull request #502 from lcp5y3/master", 
cf3fdc0,Abdoulaye,Wed Apr 8 08:05:56 2020,"Create 2020-04-02.yml",   1, 10 
823a364,Abdoulaye,Wed Apr 8 08:02:46 2020,"Create 2020-04-01.yml",   1, 10 
8641cc8,Abdoulaye,Wed Apr 8 07:59:55 2020,"Merge pull request #492 from lcp5y3/master", 
c7933ed,Abdoulaye,Wed Apr 8 07:53:05 2020,"Create 2020-03-31.yaml",   1, 10 
1d44c55,Abdoulaye,Wed Apr 8 07:50:43 2020,"Create 2020-03-30.yaml",   1, 10 
2b07973,Abdoulaye,Wed Apr 8 07:48:22 2020,"Create 2020-03-29.yaml",   1, 10 
dc1e275,Abdoulaye,Wed Apr 8 07:44:51 2020,"remove time tag",   1, 1 
1022356,Abdoulaye,Wed Apr 8 07:43:43 2020,"ADD Nouvelle-Calédonie 28/03",   1, 11 
a116c8b,Abdoulaye,Wed Apr 8 07:40:46 2020,"ADD Nouvelle-Calédonie 27/03",   1, 2, 1 
bdf0fcd,Abdoulaye,Wed Apr 8 07:35:07 2020,"ADD Nouvelle-Calédonie 27/03",   1, 11 
554fd27,Jérôme Desboeufs,Wed Apr 8 05:53:55 2020,"Update data",   2, 1697, 1 
5d6a316,Jérôme Desboeufs,Wed Apr 8 01:57:07 2020,"Add MSS data",   1, 11 
d2afa98,Jérôme Desboeufs,Wed Apr 8 01:55:24 2020,"Add SPF data",   1, 303 
7df5baa,Jérôme Desboeufs,Tue Apr 7 06:54:47 2020,"Update data",   2, 1776, 1 
906abb6,Jérôme Desboeufs,Tue Apr 7 03:00:16 2020,"Add MSS data",   1, 11 
af97b48,Jérôme Desboeufs,Tue Apr 7 02:10:53 2020,"Add SPF data",   1, 303 
70a6e9a,Abdoulaye,Mon Apr 6 08:37:16 2020,"Merge pull request #490 from pasouf/ars-hauts-de-france-30-03-2020", 
2e500f9,Jérôme Desboeufs,Mon Apr 6 04:04:42 2020,"Update data",   2, 1697, 16 
a46c81b,Jérôme Desboeufs,Mon Apr 6 01:48:54 2020,"Add MSS 05/04",   1, 11 
08ac0ff,Jérôme Desboeufs,Mon Apr 6 01:38:19 2020,"Remoe duplicate file",   1, 10 
805505a,Jérôme Desboeufs,Mon Apr 6 01:33:37 2020,"Add SPF data",   1, 303 
3e7c2a3,Binnette,Sun Apr 5 04:47:04 2020,"Ajout decesEhpad",   1, 1 
d2b8bec,lcp5y3,Sun Apr 5 04:42:15 2020,"ADD ARS Pays de la Loire 03/04 (#489)",   1, 50 
5cad36d,Jérôme Desboeufs,Sun Apr 5 04:04:30 2020,"Update data",   2, 7575, 5117 
9c2b374,Jérôme Desboeufs,Sun Apr 5 01:37:51 2020,"Add MSS 04/04",   1, 11 
e2061f3,Jérôme Desboeufs,Sun Apr 5 01:31:21 2020,"Update SPF data",   1, 303 
21c0280,Jérôme Desboeufs,Sun Apr 5 01:30:59 2020,"Add decesEhpad to MSS reports",   3, 3 
10955e1,Jérôme Desboeufs,Sun Apr 5 01:30:45 2020,"Add decesEhpad to model",   2, 2, 1 
629535d,Abdoulaye,Sat Apr 4 23:47:21 2020,"Merge pull request #484 from Toub/ADD_ARS_Mayotte_31_03", 
241c68b,Abdoulaye,Sat Apr 4 23:46:12 2020,"Merge pull request #486 from Toub/ADD_ARS_Mayotte_03_04", 
0da7837,Abdoulaye,Sat Apr 4 23:10:54 2020,"Merge pull request #485 from Toub/ADD_ARS_Mayotte_02_04", 
8d0d4fa,Abdoulaye,Sat Apr 4 22:53:01 2020,"Merge pull request #433 from RenaudBCEREMA/master", 
995f89e,Abdoulaye,Sat Apr 4 22:47:49 2020,"Revert "Bulletin ARS Pays de la Loire du 31-03-2020"",   2, 58 
bb7d295,Abdoulaye,Sat Apr 4 22:47:44 2020,"Merge pull request #476 from lcp5y3/master", 
1d4becb,Abdoulaye,Sat Apr 4 22:40:47 2020,"Merge pull request #477 from lordgun/patch-2", 
6a5fdd2,Abdoulaye,Sat Apr 4 22:34:32 2020,"Merge pull request #482 from Toub/ADD_ARS_Mayotte_29_03", 
2cdb018,Abdoulaye,Sat Apr 4 22:34:06 2020,"Merge pull request #440 from abdoulsn/patch-31", 
5766ab5,Abdoulaye,Sat Apr 4 22:33:13 2020,"Merge pull request #459 from MaelaKloareg/ARS-Bretagne-2020-03-29.yaml", 
1397b5e,Abdoulaye,Sat Apr 4 22:32:27 2020,"Merge pull request #483 from Toub/ADD_ARS_Mayotte_30_03", 
ea35a59,Binnette,Sat Apr 4 22:15:30 2020,"Update data",   2, 278, 4 
7d28486,Nicolas Toublanc,Sat Apr 4 22:13:45 2020,"ADD ARS Mayotte 28/03 (#481)", 
6c93218,Marc Quinton,Sat Apr 4 22:12:11 2020,"ars-occitanie - 31/03/2020 (#474)",   1, 94 
e3d6a0c,Nicolas Toublanc,Sat Apr 4 22:09:54 2020,"FIX ARS Mayotte 28/03 (#480)",   2, 25, 4 
4793f98,Jessy SOBREIRO,Sat Apr 4 22:04:48 2020,"Données 02/04/2020 (Conférence de presse) (#479)",   1, 10 
06f0413,Jérôme Desboeufs,Sat Apr 4 03:55:09 2020,"Update data",   2, 1696, 1 
9f875ec,Jérôme Desboeufs,Sat Apr 4 02:49:34 2020,"Add MSS 03/04",   1, 10 
4937031,Jérôme Desboeufs,Fri Apr 3 23:41:43 2020,"Update SPF data (03/04)",   1, 303 
6018314,Jérôme Desboeufs,Fri Apr 3 05:57:56 2020,"Update data",   2, 1696, 1 
a540730,Jérôme Desboeufs,Fri Apr 3 02:03:52 2020,"Add MSS data (02/04)",   1, 10 
43f47c7,Jérôme Desboeufs,Fri Apr 3 01:02:07 2020,"Update SPF data (02/04)",   1, 303 
e93c635,Jérôme Desboeufs,Thu Apr 2 05:42:01 2020,"Update data",   2, 2, 1 
3547968,Jérôme Desboeufs,Thu Apr 2 05:41:42 2020,"Fix MSS data",   1, 1 
68a2529,Jérôme Desboeufs,Thu Apr 2 01:52:20 2020,"Update data",   2, 4670, 7 
14834a7,Jérôme Desboeufs,Thu Apr 2 01:38:58 2020,"Add MSS data 01/04",   1, 9 
41d5700,Jérôme Desboeufs,Thu Apr 2 01:35:07 2020,"Update SPF data",   1, 303 
da8667b,Jérôme Desboeufs,Wed Apr 1 03:21:41 2020,"Fix données MSS 31/03",   1, 2, 1 
16da31a,Jérôme Desboeufs,Wed Apr 1 02:46:46 2020,"Ajout données DGS 31/03",   1, 9 
c21e37d,Jérôme Desboeufs,Wed Apr 1 00:33:32 2020,"Add SPF data (31/03)",   1, 303 
8b80690,Jérôme Desboeufs,Wed Apr 1 00:23:45 2020,"Merge pull request #472 from racilk/patch-22", 
cb68632,Jérôme Desboeufs,Wed Apr 1 00:23:32 2020,"Merge pull request #471 from racilk/patch-21", 
964cc4a,Jérôme Desboeufs,Wed Apr 1 00:21:58 2020,"Merge pull request #470 from racilk/patch-20", 
1a474e4,Abdoulaye,Tue Mar 31 08:33:30 2020,"Merge pull request #449 from liszto/reunion-27-03", 
70ec4b8,Abdoulaye,Tue Mar 31 08:33:06 2020,"Merge pull request #469 from nsocheleau/ars-pays-de-la-loire-03-28", 
85e9357,Abdoulaye,Tue Mar 31 08:32:24 2020,"Merge pull request #454 from liszto/corse-27-03", 
9451f6a,Abdoulaye,Tue Mar 31 08:29:13 2020,"Merge pull request #468 from nsocheleau/ars-pays-de-la-loire-03-29", 
5df2264,Abdoulaye,Tue Mar 31 07:19:02 2020,"Merge pull request #466 from racilk/patch-19", 
81355b6,Abdoulaye,Tue Mar 31 07:15:06 2020,"Merge pull request #467 from nsocheleau/ars-pays-de-la-loire-03-30", 
3156c52,liszto,Tue Mar 31 06:45:36 2020,"Merge pull request #442 from abdoulsn/patch-33", 
e92c3e1,Binnette,Tue Mar 31 04:47:23 2020,"Update data",   2, 34, 1 
4d2095a,Binnette,Tue Mar 31 04:45:13 2020,"ADD Pref-Region Bretagne 27/03 (#427)",   2, 60 
afe8559,lcp5y3,Tue Mar 31 04:44:50 2020,"Bulletin ARS Pays de la Loire du 27-03-2020 (#437)",   1, 12 
394d378,Cédric Nilly,Tue Mar 31 04:34:21 2020,"Ajout du nombre de décès du jour (idem la veille) (#452)",   1, 1 
199b914,Abdoulaye,Tue Mar 31 04:33:00 2020,"ADD ARS Martinique 29/03 (#463)",   1, 12 
c858192,Jérôme Desboeufs,Tue Mar 31 04:00:51 2020,"Update data",   3, 2601, 9 
cde8422,Jérôme Desboeufs,Tue Mar 31 00:26:28 2020,"Update SPF data",   1, 303 
faee481,Jérôme Desboeufs,Tue Mar 31 03:59:16 2020,"Merge pull request #464 from opencovid19-fr/dgs-2020-03-30", 
3f9594c,Abdoulaye,Tue Mar 31 03:22:11 2020,"Merge pull request #441 from abdoulsn/patch-32", 
c29b4f2,Abdoulaye,Tue Mar 31 03:20:48 2020,"Merge pull request #461 from abdoulsn/patch-38", 
383ba28,Abdoulaye,Tue Mar 31 03:20:27 2020,"Merge pull request #462 from abdoulsn/patch-39", 
edfb7e2,Abdoulaye,Tue Mar 31 03:19:50 2020,"Merge pull request #460 from abdoulsn/patch-37", 
2dcd902,Abdoulaye,Tue Mar 31 03:19:35 2020,"Merge pull request #453 from lordgun/patch-2", 
29a80f5,Abdoulaye,Tue Mar 31 03:19:15 2020,"Merge pull request #444 from abdoulsn/patch-35", 
ac6a28e,Abdoulaye,Tue Mar 31 02:43:44 2020,"Merge pull request #443 from abdoulsn/patch-34", 
38e7e01,Abdoulaye,Tue Mar 31 01:29:12 2020,"Merge pull request #455 from liszto/guadeloupe-29-03", 
0c15b23,Abdoulaye,Tue Mar 31 01:28:41 2020,"Merge pull request #448 from liszto/guyane-27-03", 
e703ec7,Abdoulaye,Tue Mar 31 01:27:53 2020,"Merge pull request #456 from liszto/centre-val-loire-29-03", 
cd626d1,Abdoulaye,Tue Mar 31 01:27:32 2020,"Merge pull request #457 from nsocheleau/ars-pays-de-loire-03-02", 
5f06d95,Abdoulaye,Tue Mar 31 01:27:08 2020,"Merge pull request #451 from liszto/guadeloupe-28-03", 
1a67847,Abdoulaye,Tue Mar 31 01:26:48 2020,"Merge pull request #450 from liszto/reunion-28-03", 
a1f1e62,Abdoulaye,Tue Mar 31 01:25:21 2020,"Merge pull request #447 from liszto/guyane-28-03", 
e23e82e,Abdoulaye,Tue Mar 31 01:24:49 2020,"Merge pull request #446 from liszto/centre-val-loire-27-03", 
f44880d,Jérôme Desboeufs,Mon Mar 30 18:03:06 2020,"Update data",   3, 1698, 1 
6df0887,Jérôme Desboeufs,Mon Mar 30 18:01:39 2020,"Merge pull request #458 from abulte/add-ministere-sante-2020-03-29", 
5444ea9,Jérôme Desboeufs,Mon Mar 30 01:40:59 2020,"Update SPF data",   1, 303 
dba627b,Binnette,Mon Mar 30 01:04:12 2020,"Update data",   2, 29, 1 
7e98cb0,Abdoulaye,Mon Mar 30 01:00:04 2020,"ADD Santé publique France 28/03 (#439)",   1, 12 
6974c1d,Binnette,Sun Mar 29 07:06:38 2020,"Update data",   2, 398 
d80eaf0,Abdoulaye,Sun Mar 29 07:04:18 2020,"ADD ARS Martinique 27/03 (#434)",   1, 12 
18ac78a,Abdoulaye,Sun Mar 29 07:03:41 2020,"ADD ARS Normandie 27/03 (#432)",   1, 34 
99c9716,Abdoulaye,Sun Mar 29 07:03:28 2020,"ADD ARS Mayotte 26/03 (#429)",   1, 19 
04ba529,cofri,Sun Mar 29 07:03:11 2020,"ADD ARS Grand-Est 26/03 (#425)",   1, 13 
e9a48d6,Abdoulaye,Sun Mar 29 07:02:49 2020,"ADD DSP Polynésie française 26/03 (#431)",   1, 13 
c384f39,Abdoulaye,Sun Mar 29 07:02:38 2020,"ADD ARS Martinique 26/03 (#428)",   1, 12 
2c6c278,cofri,Sun Mar 29 07:02:25 2020,"ADD ARS Nouvelle-Aquitaine 26/03 (#426)",   1, 15 
2b0a122,cofri,Sun Mar 29 07:02:01 2020,"ADD ARS AURA 26/03 (#424)",   1, 77 
6a4658b,Jérôme Desboeufs,Sun Mar 29 06:24:01 2020,"Update data",   2, 1695, 1 
809bd7e,Jérôme Desboeufs,Sun Mar 29 03:19:21 2020,"Ajout données MSS 28/03",   1, 9 
11ebd78,Jérôme Desboeufs,Sun Mar 29 02:21:54 2020,"Update SPF data",   1, 303 
7d82195,Jérôme Desboeufs,Sat Mar 28 07:02:39 2020,"Updata data",   2, 1716, 8 
393391b,Jérôme Desboeufs,Sat Mar 28 07:02:20 2020,"Ajout chiffres officiels Ministère 26/03 et 27/03",   2, 18 
fc3a416,Jérôme Desboeufs,Sat Mar 28 06:58:31 2020,"Ajout données SPD 27/03",   1, 303 
c9b04ab,Binnette,Sat Mar 28 04:51:26 2020,"Updata data",   2, 117, 1 
df0480b,Binnette,Sat Mar 28 04:50:20 2020,"ADD SPF 27/03 (#430)",   1, 12 
60ca95a,Binnette,Sat Mar 28 04:49:34 2020,"add time",   1, 1 
ae20b91,liszto,Sat Mar 28 04:37:24 2020,"ADD ARS Bretagne du 26/03 (#418)",   1, 33 
9fbe738,Binnette,Sat Mar 28 04:29:51 2020,"ADD SPF 27/03",   1, 11 
5e3fa12,Binnette,Sat Mar 28 04:08:12 2020,"ADD Pref-Region Bretagne 27/03",   2, 60 
a83d687,lcp5y3,Sat Mar 28 03:21:10 2020,"ADD ARS Pays de la Loire 26/03 (#413)",   1, 12 
71c3e72,Binnette,Fri Mar 27 22:45:20 2020,"Update data",   1, 3944, 3944 
2f20f19,Binnette,Fri Mar 27 22:44:34 2020,"CSV: add source_archive",   1, 1 
2640b81,Binnette,Fri Mar 27 22:42:52 2020,"Update data",   2, 391 
9c06ca2,RenaudBCEREMA,Fri Mar 27 22:38:56 2020,"Add Hauts de France 2020-26-03.yaml (#422)",   1, 28 
6d5d4bd,cofri,Fri Mar 27 22:25:33 2020,"ADD ARS Occitanie 26/03 (#421)",   1, 92 
6a24469,Binnette,Fri Mar 27 22:17:21 2020,"Add time",   1, 7, 2 
3c4d5cc,Colin Maudry,Fri Mar 27 20:34:28 2020,"Merge pull request #411 from abdoulsn/patch-22", 
ed84e5f,Binnette,Fri Mar 27 18:19:52 2020,"Update data",   2, 174 
5545552,Abdoulaye,Fri Mar 27 18:14:32 2020,"ADD ARS Bourgogne-Franche-Comté 26/03 (#414)",   1, 13 
6899908,liszto,Fri Mar 27 18:14:20 2020,"ADD ARS Centre Val de Loire du 26/03 (#416)",   1, 38 
8ff467a,Abdoulaye,Fri Mar 27 18:14:05 2020,"ADD ARS Guyane 26/03 (#420)",   1, 17 
4363ac7,liszto,Fri Mar 27 18:13:36 2020,"ADD ARS PACA du 26/03 (#417)",   1, 14 
287010d,liszto,Fri Mar 27 18:12:22 2020,"ADD ARS LA Réunion du 26/03 (#406)",   1, 21 
b80523d,Binnette,Fri Mar 27 09:26:37 2020,"Update data",   2, 288, 2 
bde2256,liszto,Fri Mar 27 07:06:17 2020,"FIX ARS Bretagne 25 03 en remplaçant les + par 'dont' et 'et'. Plus juste. (#419)",   1, 1, 1 
d7d9315,liszto,Fri Mar 27 06:51:53 2020,"ADD ARS pour Bretagne du 25/03 (#383)",   1, 30 
da8b84e,Maxime,Fri Mar 27 06:23:45 2020,"ADD Ministère de la Santé 25/03 (#388)",   1, 54 
ea3d8cd,liszto,Fri Mar 27 06:16:19 2020,"ADD ARS Mayotte du 26/03 (#407)",   1, 19 
fa87f4c,Nicolas Grosjean,Fri Mar 27 06:12:04 2020,"FIX ARS AURA 25/03 (#412)",   1, 1, 1 
b08ccb3,liszto,Fri Mar 27 05:12:56 2020,"ADD ARS Corse du 26/03 (#405)",   1, 25 
c074906,liszto,Fri Mar 27 05:09:10 2020,"ADD ARS Saint-Martin du 25/03 (#401)",   1, 12 
4b8c652,Jérôme Desboeufs,Fri Mar 27 04:42:52 2020,"Update data",   2, 29, 1 
aa886bd,Jérôme Desboeufs,Fri Mar 27 04:42:13 2020,"Ajout données bulletin SPF du 26/03",   3, 1707, 11 
4fb592a,Jérôme Desboeufs,Fri Mar 27 04:02:06 2020,"Update SPF data",   1, 303 
e583316,liszto,Fri Mar 27 03:49:55 2020,"ADD ARS Saint-Barthelemy du 25/03 (#400)",   1, 11 
d97e35d,Nicolas Grosjean,Fri Mar 27 03:49:19 2020,"FIX ARS Hauts de France 17/03 (#399)",   1, 5 
70fe5d0,Jérôme Desboeufs,Fri Mar 27 02:34:43 2020,"Merge pull request #402 from cedricguadalupe/patch-1", 
2dce02e,Jérôme Desboeufs,Thu Mar 26 23:32:57 2020,"Merge pull request #398 from NicolasGrosjean/patch-2", 
c2ae21c,Jérôme Desboeufs,Thu Mar 26 23:00:53 2020,"Update data",   2, 1947, 267 
044f556,Jérôme Desboeufs,Thu Mar 26 22:49:08 2020,"MAJ données hospitalières SPF",   1, 303 
950f94c,Binnette,Thu Mar 26 22:48:12 2020,"Update data",   2, 1314, 39 
64614ce,cofri,Thu Mar 26 22:14:36 2020,"ADD Gouv Nouvelle-calédonie 25/03 et 26/03 (#394)",   3, 23, 1 
cc245c4,cofri,Thu Mar 26 22:13:05 2020,"ADD DSP Polynésie Française 25/03 (#393)",   1, 13 
224a510,liszto,Thu Mar 26 22:12:50 2020,"ADD ARS AURA du 25/03 (#392)",   1, 52 
dc9ed8d,liszto,Thu Mar 26 22:12:15 2020,"ADD ARS Grand-Est du 25/03 (#391)",   1, 12 
753ad31,RenaudBCEREMA,Thu Mar 26 22:06:20 2020,"ADD ARS Haut de France 25/03 (#389)",   1, 28 
04793c2,liszto,Thu Mar 26 22:03:30 2020,"ADD ARS PACA du 25/03 (#387)",   1, 14 
ffdf6bd,liszto,Thu Mar 26 22:01:14 2020,"FIX Occitanie changement de l'extension pour être ISO avec le reste (même si même format) (#386)",   4, 0, 0 
9db7e96,liszto,Thu Mar 26 22:00:24 2020,"ADD ARS Guyane du 25/03 (#385)",   1, 17 
d4f4e60,liszto,Thu Mar 26 22:00:05 2020,"FIX ARS Bretagne rajout d'une entrée pour les suite et réadaptation pour le 24/03 (#384)",   1, 3, 1 
02edd73,Vince,Thu Mar 26 19:21:17 2020,"Merge pull request #396 from opencovid19-fr/fix-date-martinique-03-20", 
de464cc,Vince,Thu Mar 26 19:11:57 2020,"Fix a typo in the date",   1, 1, 1 
9238809,Binnette,Thu Mar 26 18:53:42 2020,"fix data",   1, 5, 4 
2f258f1,Binnette,Thu Mar 26 18:49:16 2020,"Add source",   1, 2, 2 
91b7db7,Tiphaine Phe-Neau,Thu Mar 26 18:28:26 2020,"ADD ARS Nouvelle Aquitaine 25/03 - FIX ARS Nouvelle Aquitaine guéris 24/03 (#380)",   2, 14, 2 
d1d7614,Binnette,Thu Mar 26 18:21:44 2020,"Ajout types d'hospitalisation",   1, 5 
4a2b29a,Binnette,Thu Mar 26 09:30:37 2020,"Update data",   2, 542, 80 
1cab565,Nicolas Grosjean,Thu Mar 26 08:18:51 2020,"FIX ARS Normandie nombre de décès 25/03 (#381)",   1, 5, 2 
0d71b3c,liszto,Thu Mar 26 08:13:08 2020,"[ADDED] Ajout du 25/03 pour Centre Val de Loire (#372)",   1, 36 
ccc498b,Abdoulaye,Thu Mar 26 08:12:42 2020,"ADD ARS Reunion 2020-03-25 (#379)",   1, 14 
b634ec4,Nicolas Grosjean,Thu Mar 26 07:45:35 2020,"FIX ARS Normandie nombre de décès (#378)",   7, 63, 12 
b33a78a,liszto,Thu Mar 26 07:30:24 2020,"ADD ARS Corse du 25/03 (#373)",   1, 25 
590016a,naybnet,Thu Mar 26 07:05:45 2020,"ADD ARS Bourgogne-Franche-Comte 25/03 (#377)",   1, 14 
7b9ab3c,Abdoulaye,Thu Mar 26 07:01:06 2020,"ADD ARS Normandie 2020-03-25 (#376)",   1, 35 
f1da44f,Abdoulaye,Thu Mar 26 06:56:16 2020,"ADD ARS Mayotte 2020-03-25 (#375)",   1, 13 
38bdd1b,Abdoulaye,Thu Mar 26 06:54:55 2020,"ADD ARS Martinique 2020-03-25 (#374)",   1, 12 
11fe133,lcp5y3,Thu Mar 26 06:46:48 2020,"ADD ARS Pays de la Loire du 25/03 (#370)",   1, 12 
c556608,Binnette,Thu Mar 26 06:41:01 2020,"ADD SPF 25/02 (#369)",   1, 12 
aa70d5e,RenaudBCEREMA,Thu Mar 26 06:40:02 2020,"ADD ARS La Guadeloupe 25/03 (#368)",   1, 19 
ea9efa1,Binnette,Thu Mar 26 06:34:45 2020,"Merge pull request #367 from cofri/ars_occitanie_2020-03-25", 
d796bb6,Hugo MARTINEZ,Thu Mar 26 06:27:51 2020,"ADD Saint-Barth 22,23/03 (#363)",   1, 14 
cf890aa,Jérôme Desboeufs,Thu Mar 26 05:31:10 2020,"Update data",   2, 289, 1 
e62a046,Jérôme Desboeufs,Thu Mar 26 05:27:45 2020,"Merge pull request #371 from opencovid19-fr/spf-2503", 
fface51,Binnette,Thu Mar 26 05:24:48 2020,"Update data",   2, 83, 1496 
6728981,Binnette,Thu Mar 26 05:23:16 2020,"Remove duplicated lines",   1, 306 
8579769,Binnette,Thu Mar 26 04:47:45 2020,"add comments",   3, 8, 2 
ab8a769,Jérôme Desboeufs,Thu Mar 26 01:40:47 2020,"Update data",   2, 3337, 243 
70bd861,Jérôme Desboeufs,Thu Mar 26 01:40:39 2020,"Check dep field is valid before processing",   1, 16, 14 
8b00bef,Jérôme Desboeufs,Thu Mar 26 01:34:48 2020,"Mise à jour des indicateurs DPF (data.gouv.fr)",   1, 642, 30 
a3fa52a,Binnette,Wed Mar 25 23:26:29 2020,"Update data",   2, 10, 10 
807de09,Binnette,Wed Mar 25 23:26:02 2020,"Typo: Gouvernement de la Nouvelle-Calédonie",   5, 5, 5 
396c328,Binnette,Wed Mar 25 23:18:42 2020,"Update data",   2, 870, 870 
15d16e7,Binnette,Wed Mar 25 23:11:03 2020,"Typo: Île-de-France",   51, 61, 61 
7a64aef,Binnette,Wed Mar 25 23:05:46 2020,"Typo: Grand Est",   42, 61, 61 
fe45efd,Binnette,Wed Mar 25 22:57:58 2020,"Typo: Auvergne-Rhône-Alpes",   7, 7, 7 
030d2f2,Binnette,Wed Mar 25 22:55:35 2020,"Type Côte d'Azur with single quote",   40, 58, 58 
598b1f5,Binnette,Wed Mar 25 22:42:25 2020,"SPF Géodes: add readme",   1, 14 
63b60eb,Binnette,Wed Mar 25 22:12:07 2020,"Update data",   2, 31 
4ae5a3e,Binnette,Wed Mar 25 22:11:25 2020,"Merge branch 'master' of https://github.com/opencovid19-fr/data", 
fe3b8f4,Binnette,Wed Mar 25 22:11:16 2020,"Update data",   1, 3389, 3389 
1eb4c9a,Binnette,Wed Mar 25 22:10:34 2020,"Code to add 'depistes' in CSV file",   2, 3 
de59057,Binnette,Wed Mar 25 21:25:03 2020,"Update data",   2, 93 
1f7ef75,RenaudBCEREMA,Wed Mar 25 21:22:56 2020,"ADD ARS Hauts-de-France 24/03 (#360)",   1, 28 
173cf0a,naybnet,Wed Mar 25 21:17:14 2020,"Add st martin st barth 21 03 (#359)",   2, 11, 1 
5ea1732,Binnette,Wed Mar 25 18:59:18 2020,"Update data",   2, 221, 2 
ada73ba,Antoine Biard,Wed Mar 25 18:38:58 2020,"ADD ARS Grand Est 24/03 (#353)",   1, 13 
bfe6e52,Maxime,Wed Mar 25 18:38:34 2020,"ADD ARS Normandie 24/03 (#347)",   1, 36 
d0c1591,Binnette,Wed Mar 25 18:30:02 2020,"Merge pull request #346 from liszto/centre-val-de-loire-24-03", 
8adf284,Binnette,Wed Mar 25 18:27:17 2020,"Merge pull request #354 from JLPH987/DSP-polynesie-francaise-24-03-2020", 
8b90abd,liszto,Wed Mar 25 09:28:59 2020,"FIX Missing reanimation in Corse 23/03 (#350)",   1, 1 
67443b1,Binnette,Wed Mar 25 09:23:06 2020,"Update data",   2, 540 
7f388f1,liszto,Wed Mar 25 09:21:48 2020,"ADD ARS Auvergne Rhone-Alpes 24/03 (#348)",   1, 45 
bf7aa89,Colin Maudry,Wed Mar 25 09:15:22 2020,"Merge pull request #345 from liszto/corse-24-03", 
eb5dadf,Abdoulaye,Wed Mar 25 09:11:01 2020,"ADD ARS Mayotte 23/03 (#334)",   1, 13 
9e2c456,Yann,Wed Mar 25 09:06:26 2020,"ADD gov-nouvelle-caledonie 24/03 (#333)",   1, 13 
92e5d16,Colin Maudry,Wed Mar 25 09:05:45 2020,"Merge pull request #344 from abdoulsn/patch-16", 
5c9ee20,Colin Maudry,Wed Mar 25 09:03:26 2020,"Merge pull request #342 from JLPH987/gov-wallis-et-futuna-23-03-2020", 
77ed66e,Colin Maudry,Wed Mar 25 08:58:15 2020,"Merge pull request #336 from abdoulsn/patch-13", 
7f9b2c0,Colin Maudry,Wed Mar 25 08:56:52 2020,"Merge pull request #341 from abdoulsn/patch-15", 
2a0431c,cofri,Wed Mar 25 08:55:15 2020,"ADD ARS Occitanie 24/03 (#330)",   1, 94 
a023807,Colin Maudry,Wed Mar 25 08:54:21 2020,"Merge pull request #339 from cecilaki/patch-2", 
d077f06,Tiphaine Phe-Neau,Wed Mar 25 08:40:50 2020,"ADD ARS Nouvelle Aquitaine 24/03 (#325)",   1, 14 
12533cc,Colin Maudry,Wed Mar 25 08:27:49 2020,"Merge pull request #338 from abdoulsn/patch-14", 
b314104,Colin Maudry,Wed Mar 25 08:25:59 2020,"Merge pull request #337 from JLPH987/gov-Wallis-et-Futuna-24-03-2020", 
2c169c3,Colin Maudry,Wed Mar 25 08:15:27 2020,"Merge pull request #332 from abdoulsn/patch-11", 
f497f6d,Colin Maudry,Wed Mar 25 08:14:24 2020,"Merge pull request #331 from abdoulsn/patch-10", 
54af430,Colin Maudry,Wed Mar 25 08:09:53 2020,"Merge pull request #329 from Eymiks/patch-31", 
ead8c76,Colin Maudry,Wed Mar 25 08:08:19 2020,"Merge pull request #340 from Eymiks/patch-32", 
f092fb4,Colin Maudry,Wed Mar 25 07:55:03 2020,"Merge pull request #328 from Eymiks/patch-30", 
09e6e90,Colin Maudry,Wed Mar 25 07:44:24 2020,"Merge pull request #335 from opencovid19-fr/ars-reunion-2403", 
62f6797,Jérôme Desboeufs,Wed Mar 25 07:36:12 2020,"Update data",   2, 32, 1 
e5a7a30,Binnette,Wed Mar 25 07:28:33 2020,"Convention de nommage PR",   1, 12 
6061648,Cecile LG,Wed Mar 25 05:59:39 2020,"Ajout donnees 24-03 Ministere Sante (#324)",   1, 23 
644a3e3,Binnette,Wed Mar 25 05:53:54 2020,"Update data",   2, 740, 17 
742ae25,Jérôme Desboeufs,Wed Mar 25 05:41:01 2020,"Merge pull request #323 from opencovid19-fr/spf-2403", 
fc9267c,Binnette,Wed Mar 25 05:28:18 2020,"add comments",   4, 4, 4 
25128ac,Binnette,Wed Mar 25 05:26:48 2020,"ajout détails",   1, 9, 9 
c5e93dc,Maxime,Wed Mar 25 05:02:01 2020,"Préfecture de l'Aisne 01/03 (#321)",   1, 13 
a3442e7,Maxime,Wed Mar 25 03:41:48 2020,"ARS Normandie 23/03 (#319)",   1, 35 
2c0807a,Binnette,Wed Mar 25 03:40:51 2020,"Merge pull request #318 from Eymiks/patch-27", 
5213df2,Binnette,Wed Mar 25 03:36:32 2020,"Merge pull request #316 from Eymiks/patch-26", 
e8e76e4,Binnette,Wed Mar 25 03:35:20 2020,"Merge pull request #313 from abdoulsn/patch-8", 
46feb1d,Binnette,Wed Mar 25 03:33:07 2020,"Merge pull request #312 from abdoulsn/patch-9", 
cae5f90,Binnette,Wed Mar 25 03:31:05 2020,"Merge pull request #311 from abdoulsn/patch-7", 
398f980,Binnette,Wed Mar 25 03:28:28 2020,"Merge pull request #310 from antoan2/ARS-GE-2020-03-23", 
f375e6f,Binnette,Wed Mar 25 03:16:33 2020,"Merge pull request #306 from JLPH987/gov-nouvelle-caledonie-21_23-03-2020", 
38bc647,Binnette,Wed Mar 25 03:08:39 2020,"Merge pull request #299 from Xapitoun/ajout-Nouvelle-Calédonie-2020-03-23", 
cc78c32,Binnette,Wed Mar 25 03:03:13 2020,"Merge pull request #320 from scrouzet/patch-4", 
baeedc1,Jérôme Desboeufs,Wed Mar 25 02:39:04 2020,"Update data",   2, 1840, 160 
2c1018e,Jérôme Desboeufs,Wed Mar 25 02:36:36 2020,"Update covid_hospit data",   2, 1789, 1992 
05b59ab,Binnette,Tue Mar 24 23:21:27 2020,"Update data",   2, 473, 8 
52f3af2,Binnette,Tue Mar 24 23:14:05 2020,"Merge pull request #308 from antoan2/ARS-BFC-2020-03-23", 
757533a,cofri,Tue Mar 24 23:11:36 2020,"fix ARS Réunion 2020-03-23 (#309)",   1, 6, 3 
fbec388,Binnette,Tue Mar 24 23:09:48 2020,"Merge pull request #305 from cofri/patch-1", 
74cf129,Binnette,Tue Mar 24 23:07:07 2020,"Merge pull request #300 from Xapitoun/correction-src-nvcaledonie", 
84e358a,Binnette,Tue Mar 24 23:01:49 2020,"Merge pull request #304 from liszto/corse-23-03", 
11bdb3b,Binnette,Tue Mar 24 23:00:28 2020,"Merge pull request #303 from liszto/guadeloupe-22-23-03", 
a271a85,Binnette,Tue Mar 24 22:59:24 2020,"Merge pull request #302 from liszto/centre-val-de-loire-23-03", 
4bfd973,Binnette,Tue Mar 24 22:58:54 2020,"Merge pull request #301 from liszto/guyane-23-03", 
b62859b,Binnette,Tue Mar 24 22:46:40 2020,"How to code review",   1, 14, 3 
f929577,Tiphaine Phe-Neau,Tue Mar 24 09:14:55 2020,"Ajout ARS Nouvelle Aquitaine 2020-03-23 et mise à jour modalité de diffusion (#294)",   2, 18, 4 
2aee188,Binnette,Tue Mar 24 09:10:01 2020,"Merge pull request #286 from JLPH987/gov-nouvelle-caledonie-17-03-2020", 
706f702,Binnette,Tue Mar 24 09:09:19 2020,"Merge pull request #293 from NicolasGrosjean/master2", 
15ae539,Jérôme Desboeufs,Tue Mar 24 08:20:48 2020,"Update data",   2, 11811, 3248 
aff6400,Jérôme Desboeufs,Tue Mar 24 08:19:36 2020,"Merge pull request #296 from opencovid19-fr/spf-data", 
e37df34,Jérôme Desboeufs,Tue Mar 24 08:08:56 2020,"Merge pull request #295 from Poil/bretagnedetails", 
730c64f,Jérôme Desboeufs,Tue Mar 24 08:08:16 2020,"Merge pull request #291 from lcp5y3/master", 
c8d8e29,Jérôme Desboeufs,Tue Mar 24 08:07:45 2020,"Merge pull request #290 from RenaudBCEREMA/branchHDF", 
d75f5d2,Binnette,Tue Mar 24 07:05:08 2020,":warning: Un fichier par PR",   1, 3, 1 
afdcff6,Binnette,Tue Mar 24 06:38:06 2020,"Update data",   2, 15 
33afcfb,Binnette,Tue Mar 24 06:36:09 2020,"Ministère 23/03 (#292)",   1, 12 
50605bf,Binnette,Tue Mar 24 05:11:55 2020,"Update data",   2, 291, 1 
9dc1569,Binnette,Tue Mar 24 05:07:36 2020,"Merge pull request #288 from opencovid19-fr/spf-2303", 
276fcb1,Binnette,Tue Mar 24 04:48:46 2020,"update source",   1, 3 
101c7d7,Binnette,Tue Mar 24 03:54:14 2020,"Update data",   2, 236, 72 
ff69182,Yann,Tue Mar 24 03:44:06 2020,"Add dsp-polynesie-22-03-2020 (#284)",   1, 15 
fa01003,Fred,Tue Mar 24 03:33:47 2020,"ARS Reunion 20-21-22-23/03/2020 (#271)",   4, 52 
147fb71,Antoine Biard,Tue Mar 24 03:30:11 2020,"Paca: ajout des page web archive (#279)",   10, 21, 9 
3f2f726,melisandeteng,Tue Mar 24 03:25:53 2020,"add data 21/03 and 22/03 BFC (#280)",   2, 26 
c6caaf9,Jérôme Desboeufs,Tue Mar 24 01:50:17 2020,"Create csv.js",   2, 44, 42 
da91200,Jérôme Desboeufs,Tue Mar 24 01:48:28 2020,"Move validation to validate.js",   2, 54, 50 
37e871d,Jérôme Desboeufs,Tue Mar 24 01:39:57 2020,"Move build dependencies from devDependencies",   1, 4, 2 
3f62f18,Jérôme Desboeufs,Tue Mar 24 01:29:52 2020,"Add data-sources/sante-publique-france",   2, 2022 
7e909c0,Binnette,Mon Mar 23 23:13:41 2020,"Update data",   2, 2, 2 
79cc5bd,Binnette,Mon Mar 23 23:11:40 2020,"mss: data fixed by SPF",   1, 1, 1 
d5ff1c2,Binnette,Mon Mar 23 22:46:23 2020,"Update data",   2, 131, 38 
99e710f,Fred,Mon Mar 23 22:45:01 2020,"maj SPF 2020-03-22 (#278)",   1, 2, 2 
eed2e52,Alexandre Payot,Mon Mar 23 22:38:26 2020,"Explication de l'utilisation de github (#157)",   14, 125 
c77c597,Binnette,Mon Mar 23 21:58:47 2020,"Merge pull request #272 from cofri/patch-0", 
1e40ed2,corvid19,Mon Mar 23 21:56:26 2020,"Typo: achive -> archive (#274)",   4, 4, 4 
18166ef,Binnette,Mon Mar 23 21:51:39 2020,"Merge pull request #277 from antoan2/PACA-2020-03-22", 
bfa6d1f,Binnette,Mon Mar 23 21:25:51 2020,"retouches bloc sources",   1, 4, 4 
f29fd5d,Binnette,Mon Mar 23 21:24:39 2020,"Retouches bloc sources",   1, 7, 4 
d8d0767,Cecile LG,Mon Mar 23 18:19:50 2020,"Ajout d'informations README /Ministere-sante (#204)",   1, 31, 1 
ddcb813,Cecile LG,Mon Mar 23 18:14:48 2020,"Update 'Comment contribuer' du Read.me general (#268)",   1, 54, 18 
4d90742,Binnette,Mon Mar 23 09:40:06 2020,"Update data",   2, 1709, 129 
1314b1b,Nicolas Grosjean,Mon Mar 23 09:37:08 2020,"Ministère de la santé 27/01/2020 - 12/02/2020 (#260)",   14, 235, 6 
39542cc,Yann,Mon Mar 23 09:25:44 2020,"Add DSP Polynesie 13/03/20 au 17/03/20 (#267)",   4, 52, 27 
86e57db,Yann,Mon Mar 23 09:16:55 2020,"Dsp polynesie 12 03 20 (#266)",   1, 11 
a473e4d,Yann,Mon Mar 23 09:12:59 2020,"dsp polynesie 11 03 20 (#265)",   1, 11 
ef85076,Binnette,Mon Mar 23 09:11:21 2020,"Merge pull request #264 from JLPH987/dsp-polynesie-10-03-20", 
0b737e7,Binnette,Mon Mar 23 09:07:39 2020,"Merge pull request #263 from liszto/centre-val-de-loire-22-03", 
62f42da,Binnette,Mon Mar 23 09:02:42 2020,"Merge pull request #257 from opencovid19-fr/mss-2401-0802-1203-1503", 
0133839,liszto,Mon Mar 23 08:55:44 2020,"Mise à jour des données concernant les cas / régions pour la SPF (#233)",   14, 286, 3 
933f34d,Jérôme Desboeufs,Mon Mar 23 08:07:22 2020,"Update data",   2, 585, 15 
558726b,Jérôme Desboeufs,Mon Mar 23 08:05:57 2020,"Merge pull request #258 from liszto/guyane-22-03", 
19ab2a1,Jérôme Desboeufs,Mon Mar 23 08:05:40 2020,"Merge pull request #259 from opencovid19-fr/mss-22-03-2020", 
98a43cb,liszto,Mon Mar 23 08:03:59 2020,"Ajout des données pour Mayotte du 1er cas (14/03) à ce jour (#220)",   7, 112 
48fb267,F. Xavier,Mon Mar 23 08:01:58 2020,"mise à jour divers fichiers ARS et SPF (#189)",   12, 162, 13 
bdfc8e9,Jérôme Desboeufs,Mon Mar 23 07:57:03 2020,"Update data",   2, 250, 53 
eecbd5c,Jérôme Desboeufs,Mon Mar 23 07:55:48 2020,"Fix data due to new validation",   2, 61, 4 
359c5a8,Jérôme Desboeufs,Mon Mar 23 07:45:37 2020,"Fix typos in YAMLs",   11, 14, 14 
099a503,Jérôme Desboeufs,Mon Mar 23 07:42:41 2020,"Validate output data against Etalab reference datasets",   3, 64, 5 
c830b62,Jérôme Desboeufs,Mon Mar 23 07:42:05 2020,"Add stringCompare util function",   1, 10, 1 
450ca2b,Jérôme Desboeufs,Mon Mar 23 07:09:46 2020,"Update data",   2, 614, 5 
99e9de1,Jérôme Desboeufs,Mon Mar 23 07:05:40 2020,"Handle gueris like other fields",   1, 3, 1 
c4a7012,Binnette,Mon Mar 23 06:42:48 2020,"mss: ajout urls vers communiqué html et fix data",   9, 45, 5 
2b68543,Binnette,Mon Mar 23 06:38:33 2020,"Merge pull request #256 from Eymiks/patch-25", 
914731b,Binnette,Mon Mar 23 06:31:33 2020,"Merge pull request #255 from Eymiks/patch-24", 
3d96819,Binnette,Mon Mar 23 06:25:38 2020,"Merge pull request #252 from Eymiks/patch-21", 
3ae0baa,Binnette,Mon Mar 23 06:23:31 2020,"Merge pull request #253 from Eymiks/patch-22", 
4e0301f,Binnette,Mon Mar 23 06:21:18 2020,"Merge pull request #254 from Eymiks/patch-23", 
9a52d22,Jérôme Desboeufs,Mon Mar 23 05:08:59 2020,"Update data",   2, 485, 1 
10a8b60,Jérôme Desboeufs,Mon Mar 23 05:08:05 2020,"Merge pull request #251 from opencovid19-fr/spf-22-03-2020", 
9f78f21,F. Xavier,Mon Mar 23 04:27:05 2020,"DSP Polynésie Française (#250)",   1, 2 
37f3407,Xapitoun,Mon Mar 23 04:13:25 2020,"ajout ARS St Martin 2020-03-21 (#232)",   1, 13 
db72602,RenaudBCEREMA,Mon Mar 23 04:09:58 2020,"ARS Hauts de France - 22/0320/20 (#249)",   1, 28 
c20dd6f,Fred,Mon Mar 23 04:05:34 2020,"Ministère de la santé 13-15-17-19/02/2020 (#248)",   4, 56 
185a68c,Binnette,Mon Mar 23 03:20:48 2020,"Update data",   1, 2235, 2235 
db1d9a3,Binnette,Mon Mar 23 03:19:45 2020,"Script: add gueris in CSV",   1, 1 
52c1611,Binnette,Mon Mar 23 03:10:41 2020,"Update data",   1, 2235, 2235 
24353ca,Binnette,Mon Mar 23 03:09:48 2020,"Script: add hospitalises in CSV",   1, 1 
249baaa,Binnette,Mon Mar 23 02:51:09 2020,"Update data",   2, 148, 67 
3e1d4de,Binnette,Mon Mar 23 02:46:25 2020,"Merge pull request #245 from cofri/fix_ars_reunion", 
fce9ea8,Binnette,Mon Mar 23 02:39:22 2020,"Merge pull request #244 from cecilaki/patch-3", 
20354fd,Binnette,Mon Mar 23 02:37:07 2020,"Merge pull request #242 from corvid19/patch-1", 
b22bddf,Binnette,Mon Mar 23 02:22:23 2020,"Merge pull request #241 from corvid19/master", 
4d7f9e5,Binnette,Mon Mar 23 02:10:07 2020,"Merge pull request #243 from corvid19/patch-2", 
0bf9229,Fred,Mon Mar 23 02:08:02 2020,"Ajout décès ARS Nouvelle Aquitaine 20/03/2020 (#247)",   1, 1 
149abd5,Binnette,Mon Mar 23 01:22:54 2020,"Merge pull request #246 from opencovid19-fr/mss-21-03", 
1755b3f,Binnette,Sun Mar 22 23:44:25 2020,"Merge pull request #240 from abdoulsn/patch-6", 
6a06e08,Abdoulaye,Sun Mar 22 23:40:44 2020,"ARS Guadeloupe 2020-03-21 (#229)",   1, 19 
3500436,Binnette,Sun Mar 22 21:49:31 2020,"Update data",   2, 1163, 96 
1632240,Binnette,Sun Mar 22 21:48:15 2020,"espace superflus",   23, 28, 28 
77bd992,Binnette,Sun Mar 22 20:28:31 2020,"Merge pull request #238 from opencovid19-fr/aura", 
4eb3ac6,RenaudBCEREMA,Sun Mar 22 20:27:39 2020,"ARS Hauts  de France 2103 + Saint Martin 17/03 -> 19/03 + Saint Barthelemy 17/03 -!< 19/03 (#224)",   7, 106 
c149003,Binnette,Sun Mar 22 20:17:07 2020,"ARS AURA: ajout comments et lits",   7, 27, 26 
1a8d61c,Binnette,Sun Mar 22 20:15:41 2020,"ARS AURA: fix 09/03",   1, 1, 1 
d671fa0,Binnette,Sun Mar 22 19:17:17 2020,"Merge pull request #234 from tiphaine/master", 
2fbbbc3,Binnette,Sun Mar 22 19:15:55 2020,"nouvelle-aquitaine: reprise des chiffres de décès",   6, 14 
ca6e85e,Fred,Sun Mar 22 19:01:33 2020,"ARS Occitanie 2020/03/21 (#236)",   1, 78 
240782f,Jérôme Desboeufs,Sun Mar 22 08:47:23 2020,"Merge pull request #149 from Bost/master", 
05d7148,Binnette,Sun Mar 22 07:34:09 2020,"Merge pull request #228 from Eymiks/patch-20", 
05e0658,Binnette,Sun Mar 22 07:22:49 2020,"Merge pull request #227 from Eymiks/patch-19", 
8d045ec,Binnette,Sun Mar 22 07:07:31 2020,"Merge pull request #221 from opencovid19-fr/bourgogne-franche-comte", 
5f86c28,Binnette,Sun Mar 22 06:09:22 2020,"Merge pull request #226 from liszto/centre-val-de-loire-21-03", 
9f6356d,Jérôme Desboeufs,Sun Mar 22 05:11:23 2020,"Update data",   2, 776, 169 
2673962,Jérôme Desboeufs,Sun Mar 22 05:10:38 2020,"Merge pull request #223 from opencovid19-fr/spf-21-03-2020", 
e60b425,Binnette,Sun Mar 22 03:23:38 2020,"ars aura: add archives",   17, 18, 1 
773038c,Binnette,Sun Mar 22 02:47:04 2020,"Merge pull request #219 from opencovid19-fr/mss-2102-2602", 
ce3d9b1,Binnette,Sun Mar 22 01:19:54 2020,"typo dans les commentaires",   2, 2, 2 
d21346a,Colin Maudry,Sun Mar 22 00:16:34 2020,"Merge pull request #214 from abdoulsn/patch-3", 
5b979ca,Colin Maudry,Sat Mar 21 23:22:56 2020,"Merge pull request #213 from abdoulsn/patch-2", 
3e0b02c,Binnette,Sat Mar 21 21:19:46 2020,"Update data",   2, 1904, 701 
23a7a64,Binnette,Sat Mar 21 21:18:09 2020,"Merge pull request #211 from tiphaine/ars-bourgogne-franche-comte", 
63d9fce,Binnette,Sat Mar 21 21:16:01 2020,"Merge pull request #212 from tiphaine/ars-grand-est", 
525f8d4,Binnette,Sat Mar 21 21:10:44 2020,"typo : 'La Réunion'",   7, 14, 14 
abb8584,Binnette,Sat Mar 21 21:04:59 2020,"typo: Vendée",   7, 7, 7 
ba8040a,Binnette,Sat Mar 21 20:55:34 2020,"typo: Corse-du-Sud",   15, 15, 15 
77ad5b6,Binnette,Sat Mar 21 20:50:59 2020,"typo: Côtes-d'Armor",   1, 1, 1 
4cccf91,Binnette,Sat Mar 21 20:49:54 2020,"Merge branch 'master' of https://github.com/opencovid19-fr/data", 
356fc53,Binnette,Sat Mar 21 20:49:45 2020,"typo: Côtes-d'Armor",   5, 5, 5 
4a347d5,Binnette,Sat Mar 21 20:26:52 2020,"typo: Territoire de Belfort",   5, 5, 5 
8d0808e,Binnette,Sat Mar 21 20:04:06 2020,"typo: Saint-Barthélemy",   5, 5, 5 
f4c4cf7,Binnette,Sat Mar 21 19:47:38 2020,"typo: Centre-Val de Loire",   13, 26, 26 
c8f82ab,Binnette,Sat Mar 21 19:43:56 2020,"typo: Auvergne Rhône-Alpes => Auvergne-Rhône-Alpes",   19, 37, 37 
02f0427,Binnette,Sat Mar 21 19:43:03 2020,"typo",   1, 1, 1 
58ddb70,Binnette,Sat Mar 21 19:32:31 2020,"typo: 'Grand Est' => 'Grand-Est'",   18, 18, 18 
c97c2dd,Binnette,Sat Mar 21 19:29:10 2020,"Merge pull request #209 from scrouzet/patch-3", 
9776467,Binnette,Sat Mar 21 19:28:30 2020,"Merge pull request #207 from lcp5y3/master", 
25d6a42,Binnette,Sat Mar 21 19:19:37 2020,"Merge pull request #206 from chamtec/chamtec-occitanie", 
b899738,Binnette,Sat Mar 21 19:12:55 2020,"Merge pull request #199 from liszto/guadeloupe-20-03", 
315b1d2,Binnette,Sat Mar 21 18:56:11 2020,"Merge pull request #201 from tiphaine/master", 
010e1b0,Binnette,Sat Mar 21 18:51:09 2020,"Merge pull request #200 from Eymiks/patch-18", 
0ff3280,Binnette,Sat Mar 21 18:45:01 2020,"Merge pull request #198 from liszto/guyane-20-03", 
e51d1d2,Binnette,Sat Mar 21 18:40:48 2020,"Merge pull request #197 from liszto/corse-20-03", 
bc19227,Binnette,Sat Mar 21 18:37:06 2020,"Merge pull request #196 from liszto/centre-val-loire-20-03", 
f65a79e,Binnette,Sat Mar 21 18:33:37 2020,"Merge pull request #195 from Eymiks/patch-17", 
828c31a,Binnette,Sat Mar 21 18:29:38 2020,"Merge pull request #194 from RenaudBCEREMA/master", 
c509fae,Binnette,Sat Mar 21 18:25:04 2020,"Merge pull request #193 from Eymiks/patch-16", 
7cf75f5,Binnette,Sat Mar 21 17:31:21 2020,"Merge pull request #203 from opencovid19-fr/mss-2702-0203", 
1073ae0,Binnette,Sat Mar 21 09:17:40 2020,"Merge pull request #202 from cecilaki/patch-11", 
c8a7244,Binnette,Sat Mar 21 08:22:12 2020,"ministere-sante: remove archives",   5, 5 
808c98d,Binnette,Sat Mar 21 08:09:26 2020,"New source: Ministère des Solidarités et de la Santé",   1, 1 
cfa0b20,Binnette,Sat Mar 21 08:06:10 2020,"Je détaille la procédure comment archiver",   1, 12, 3 
01d5b18,Binnette,Sat Mar 21 06:10:49 2020,"Update data",   2, 29 
74f93b7,Binnette,Sat Mar 21 06:04:27 2020,"Merge branch 'master' of https://github.com/opencovid19-fr/data", 
bc03ec3,Binnette,Sat Mar 21 06:04:17 2020,"ministere-sante: add 2020-03-07",   1, 15 
1d724a1,Binnette,Sat Mar 21 05:53:32 2020,"ministere-sante: normalisation des data",   8, 16, 14 
833b268,Binnette,Sat Mar 21 05:44:12 2020,"Merge pull request #186 from scrouzet/patch-2", 
2c47116,Binnette,Sat Mar 21 05:33:46 2020,"Merge pull request #185 from cecilaki/patch-11", 
16b22d1,Binnette,Sat Mar 21 05:17:16 2020,"Merge pull request #183 from cecilaki/patch-9", 
7fd67bf,Binnette,Sat Mar 21 05:16:56 2020,"Merge pull request #184 from cecilaki/patch-10", 
639f93b,Binnette,Sat Mar 21 05:04:18 2020,"Merge pull request #182 from cecilaki/patch-8", 
4886143,Jérôme Desboeufs,Sat Mar 21 05:00:03 2020,"Merge pull request #191 from opencovid19-fr/spf-20-03-2020", 
f607ecc,Binnette,Sat Mar 21 04:55:52 2020,"Merge pull request #181 from cecilaki/patch-7", 
676d1ca,Binnette,Sat Mar 21 04:50:27 2020,"Merge pull request #180 from cecilaki/patch-6", 
ff606c3,Binnette,Sat Mar 21 04:43:50 2020,"Merge pull request #179 from cecilaki/patch-5", 
d3ba958,Binnette,Sat Mar 21 04:36:28 2020,"Merge pull request #178 from cecilaki/patch-4", 
f4764b8,Binnette,Sat Mar 21 04:25:22 2020,"Merge pull request #177 from cecilaki/patch-3", 
bef7bf0,Binnette,Sat Mar 21 03:50:44 2020,"Remove file 17/03 from ARS IDF - No source exist for this date",   1, 9 
52f0b00,Colin Maudry,Sat Mar 21 03:01:40 2020,"Merge pull request #188 from claustres/master", 
c4edf21,Colin Maudry,Sat Mar 21 02:58:14 2020,"Merge pull request #175 from cecilaki/patch-2", 
c042837,Colin Maudry,Sat Mar 21 02:48:05 2020,"Merge pull request #172 from pmaranin/ARS-PACA-17/03", 
02f90e0,Colin Maudry,Sat Mar 21 02:42:42 2020,"Merge pull request #159 from Eymiks/patch-14", 
c90d861,Colin Maudry,Sat Mar 21 02:30:40 2020,"Merge pull request #170 from Xapitoun/master", 
b228f16,Binnette,Sat Mar 21 02:15:11 2020,"Merge pull request #171 from RenaudBCEREMA/master", 
67b71fb,Colin Maudry,Sat Mar 21 02:01:51 2020,"Merge pull request #169 from marion-paclot/master", 
1327417,Tiphaine Phe-Neau,Fri Mar 20 21:02:29 2020,"Ajout dossier pour données du Ministère de la Santé",   1, 3 
8202473,Marion Paclot,Fri Mar 20 20:31:57 2020,"Merge pull request #167 from lcp5y3/master", 
3f25f93,Jérôme Desboeufs,Fri Mar 20 19:42:41 2020,"Update data",   2, 657 
f6dd9ba,Marion Paclot,Fri Mar 20 19:34:31 2020,"Merge pull request #163 from liszto/guyane-19-03", 
18386c5,Jérôme Desboeufs,Fri Mar 20 19:33:14 2020,"Merge pull request #158 from Eymiks/patch-13", 
5f9979a,Jérôme Desboeufs,Fri Mar 20 19:25:33 2020,"Merge pull request #166 from scrouzet/patch-1", 
4efabcc,Jérôme Desboeufs,Fri Mar 20 18:54:15 2020,"Merge pull request #156 from liszto/reunion", 
5445118,Jérôme Desboeufs,Fri Mar 20 18:52:27 2020,"Merge pull request #155 from abdoulsn/patch-1", 
018bc46,Jérôme Desboeufs,Fri Mar 20 18:32:39 2020,"Merge pull request #151 from Eymiks/patch-12", 
3738405,Jérôme Desboeufs,Fri Mar 20 18:08:53 2020,"Merge pull request #139 from Xapitoun/master", 
2890522,Binnette,Fri Mar 20 17:04:43 2020,"Merge pull request #153 from raphaelpra/ars-bourgogne-2020-03-19", 
e8a92ed,Binnette,Fri Mar 20 16:54:33 2020,"Merge pull request #150 from Eymiks/patch-11", 
dc63f57,Binnette,Fri Mar 20 16:43:46 2020,"Merge pull request #146 from Eymiks/patch-10", 
d942600,Jérôme Desboeufs,Fri Mar 20 08:54:44 2020,"Update data",   2, 1945, 248 
04dca11,Jérôme Desboeufs,Fri Mar 20 08:33:16 2020,"Merge pull request #144 from marion-paclot/ars_ara_2020-03-19", 
13563dc,Jérôme Desboeufs,Fri Mar 20 08:28:27 2020,"Merge pull request #121 from opencovid19-fr/spf", 
446f5c1,Maxime,Fri Mar 20 08:23:56 2020,"ARS Guyane 18/03 (#145)",   1, 17 
a73ad56,Binnette,Fri Mar 20 07:10:00 2020,"Merge pull request #143 from liszto/guadeloupe", 
c8d2b7a,Binnette,Fri Mar 20 07:04:21 2020,"Merge pull request #142 from liszto/centre-val-de-loire", 
da357f4,Binnette,Fri Mar 20 06:48:49 2020,"Prefecture aisne allier (#111)",   9, 79 
ca4ea9d,Jérôme Desboeufs,Fri Mar 20 05:51:18 2020,"Update data",   2, 1098, 231 
9f31f5c,Jérôme Desboeufs,Fri Mar 20 05:50:53 2020,"Merge pull request #140 from opencovid19-fr/spf-19-03-2020", 
77e2934,Binnette,Fri Mar 20 05:42:10 2020,"Merge pull request #138 from tiphaine/master", 
0b03ff3,Binnette,Fri Mar 20 04:09:34 2020,"Merge pull request #126 from racilk/patch-18", 
e511c65,Binnette,Fri Mar 20 04:08:21 2020,"Merge pull request #124 from racilk/patch-17", 
80c5de8,Binnette,Fri Mar 20 04:03:31 2020,"Merge pull request #117 from tiphaine/master", 
d5d459c,Maxime,Fri Mar 20 03:45:52 2020,"ARS PACA 18/03 (#131)",   1, 31 
ba1f214,liszto,Fri Mar 20 03:43:40 2020,"Ajout du 19/03 pour la Corse (#137)",   1, 16 
eca22b2,Binnette,Thu Mar 19 23:12:46 2020,"Fix wrong region code for auvergne-rhone-alpes",   16, 16, 16 
28f03f0,Colin Maudry,Thu Mar 19 22:53:11 2020,"Communiqué HTML plutôt que PDF",   1, 1, 1 
e668fab,Colin Maudry,Thu Mar 19 22:50:37 2020,"Ajout des stats réanimation et de l'archive",   1, 2 
b0db740,Jérôme Desboeufs,Thu Mar 19 20:18:43 2020,"Update data",   2, 3517, 1759 
d7cd06d,Jérôme Desboeufs,Thu Mar 19 20:18:23 2020,"Improve reanimation handling",   1, 1, 1 
e95c94c,Jérôme Desboeufs,Thu Mar 19 20:18:08 2020,"Add sourceType to data",   1, 6, 3 
f428ad5,Jérôme Desboeufs,Thu Mar 19 19:22:07 2020,"Update data",   2, 335, 22 
98c10a3,Jérôme Desboeufs,Thu Mar 19 19:18:24 2020,"Fix COM codes",   1, 2, 2 
7766a0e,Binnette,Thu Mar 19 17:25:09 2020,"Merge pull request #120 from Eymiks/patch-7", 
61b75b9,Binnette,Thu Mar 19 17:10:04 2020,"Merge pull request #123 from racilk/patch-16", 
2dfe697,Jérôme Desboeufs,Thu Mar 19 09:33:01 2020,"Update data",   2, 1733, 1733 
609052f,Jérôme Desboeufs,Thu Mar 19 09:31:45 2020,"Rename hospitalisation > hospitalises",   1, 2, 2 
c6481d1,Jérôme Desboeufs,Thu Mar 19 09:31:07 2020,"Expose reanimation in CSV file",   1, 1 
0435380,Jérôme Desboeufs,Thu Mar 19 09:30:48 2020,"Add some metrics on build",   1, 17 
fcc68dc,Jérôme Desboeufs,Thu Mar 19 07:26:44 2020,"Update data",   2, 554 
b1e2203,Jérôme Desboeufs,Thu Mar 19 07:13:11 2020,"Merge pull request #115 from liszto/centre-val-de-loire", 
6fc166d,Jérôme Desboeufs,Thu Mar 19 07:03:25 2020,"Merge pull request #110 from marion-paclot/master", 
dc8f71b,Jérôme Desboeufs,Thu Mar 19 06:45:12 2020,"Merge pull request #87 from matboivin/saintmartin-saintbarthelemy", 
c2fb1a6,Binnette,Thu Mar 19 05:22:14 2020,"Merge pull request #114 from Eymiks/patch-6", 
56a1b92,Binnette,Thu Mar 19 05:15:00 2020,"Ajout consignes sur https://web.archive.org/save",   1, 1, 1 
9c730f1,Binnette,Thu Mar 19 05:03:28 2020,"Merge pull request #112 from opencovid19-fr/spf-2020-03-18", 
04d196c,Jérôme Desboeufs,Thu Mar 19 04:47:30 2020,"Update data",   2, 2888, 52 
483ca3d,Jérôme Desboeufs,Thu Mar 19 04:47:03 2020,"Merge pull request #113 from opencovid19-fr/spf-18-03-2020", 
9ad377a,Binnette,Thu Mar 19 03:47:29 2020,"Merge pull request #109 from opencovid19-fr/pref-bretagne", 
69acc54,Jérôme Desboeufs,Thu Mar 19 03:45:33 2020,"Merge pull request #103 from opencovid19-fr/lperez31-historical-data", 
087bbaa,Binnette,Thu Mar 19 03:42:39 2020,"Ajout de consignes sur les tâches de contributions",   1, 2, 2 
1f06569,Colin Maudry,Thu Mar 19 02:55:08 2020,"Merge pull request #90 from tiphaine/master", 
ece7deb,Jérôme Desboeufs,Wed Mar 18 23:30:09 2020,"Add lint script to GitHub Actions workflow",   2, 3, 1 
3c327f9,Jérôme Desboeufs,Wed Mar 18 23:29:02 2020,"Move generic helpers to a separate file",   2, 29, 25 
c785401,Jérôme Desboeufs,Wed Mar 18 23:03:19 2020,"Merge pull request #106 from jrmie/master", 
05a3134,Colin Maudry,Wed Mar 18 21:04:40 2020,"Correction de la casse des noms de dossier martinique et guyane",   5, 0, 0 
7366004,Colin Maudry,Wed Mar 18 20:51:20 2020,"Merge pull request #104 from marion-paclot/master", 
d52810d,Jérôme Desboeufs,Wed Mar 18 17:31:39 2020,"Update data",   2, 2064, 14 
4f902ed,Jérôme Desboeufs,Wed Mar 18 17:31:27 2020,"Handle non-array donneesRegionales",   1, 14, 7 
b62af3c,Jérôme Desboeufs,Wed Mar 18 09:53:56 2020,"Add .DS_Store to .gitignore",   1, 2 
df19fd5,Jérôme Desboeufs,Wed Mar 18 08:58:04 2020,"Update data",   2, 866 
9171c87,Colin Maudry,Wed Mar 18 08:57:08 2020,"Merge pull request #102 from racilk/patch-15", 
974a7e6,Jérôme Desboeufs,Wed Mar 18 08:56:58 2020,"Merge pull request #100 from racilk/patch-14", 
d1b9d96,Colin Maudry,Wed Mar 18 08:41:41 2020,"Merge pull request #88 from liszto/corse", 
8c0b914,Jérôme Desboeufs,Wed Mar 18 07:54:17 2020,"Merge pull request #98 from racilk/patch-13", 
d90e84d,Jérôme Desboeufs,Wed Mar 18 07:50:23 2020,"Merge pull request #96 from Eymiks/patch-5", 
794fd8c,Jérôme Desboeufs,Wed Mar 18 07:48:02 2020,"Merge pull request #94 from liszto/centre-val-de-loire", 
1bf9aa1,Jérôme Desboeufs,Wed Mar 18 07:42:20 2020,"Merge pull request #93 from alextuil/master", 
1236ea4,Jérôme Desboeufs,Wed Mar 18 07:33:25 2020,"Merge pull request #86 from matboivin/ars-guadeloupe", 
fe85611,Jérôme Desboeufs,Wed Mar 18 07:32:41 2020,"Merge pull request #85 from racilk/patch-12", 
0241a35,Jérôme Desboeufs,Wed Mar 18 07:25:23 2020,"Merge pull request #84 from racilk/patch-11", 
9d44d89,Jérôme Desboeufs,Wed Mar 18 07:23:48 2020,"Merge pull request #83 from racilk/patch-10", 
543904d,Jérôme Desboeufs,Wed Mar 18 07:20:15 2020,"Merge pull request #82 from racilk/patch-9", 
b9867ac,Jérôme Desboeufs,Wed Mar 18 07:02:53 2020,"Merge pull request #40 from ColinMaudry/master", 
6b91b41,Jérôme Desboeufs,Wed Mar 18 07:01:24 2020,"Merge pull request #81 from racilk/patch-8", 
a07fe4d,Jérôme Desboeufs,Wed Mar 18 05:51:03 2020,"Update data",   2, 267, 1 
0b90b85,Jérôme Desboeufs,Wed Mar 18 05:33:56 2020,"Merge pull request #91 from magopian/update-sante-publique-france-2020-03-17", 
662b294,Jérôme Desboeufs,Wed Mar 18 00:36:32 2020,"Update data",   2, 2016, 218 
6601dca,Jérôme Desboeufs,Tue Mar 17 23:17:11 2020,"Merge pull request #74 from AntoineAugusti/patch-3", 
57df63d,Binnette,Tue Mar 17 09:24:58 2020,"Merge pull request #73 from racilk/patch-7", 
4a2ddb9,Binnette,Tue Mar 17 08:48:14 2020,"Merge pull request #72 from Eymiks/patch-4", 
6cf6e2b,Binnette,Tue Mar 17 08:39:27 2020,"Merge pull request #67 from Binnette/aura-15-03", 
40533ca,Binnette,Tue Mar 17 08:37:19 2020,"Merge pull request #60 from racilk/patch-2", 
3cd9004,Binnette,Tue Mar 17 08:32:10 2020,"Merge pull request #39 from Binnette/pays-de-la-loire", 
1e89c69,Binnette,Tue Mar 17 08:30:36 2020,"Merge pull request #62 from AntoineAugusti/patch-2", 
643675a,Binnette,Tue Mar 17 08:26:45 2020,"Merge pull request #63 from tiphaine/master", 
f6ed566,Binnette,Tue Mar 17 08:19:52 2020,"Merge pull request #71 from racilk/patch-6", 
7e9492b,Binnette,Tue Mar 17 08:13:52 2020,"Merge pull request #68 from liszto/corse", 
41cf20f,Binnette,Tue Mar 17 08:11:35 2020,"Merge pull request #70 from liszto/centre-val-de-loire", 
eb2a089,Binnette,Tue Mar 17 08:01:08 2020,"Merge pull request #64 from racilk/patch-3", 
5ae1ed8,Binnette,Tue Mar 17 07:53:18 2020,"Merge pull request #69 from racilk/patch-5", 
b6fa209,Binnette,Tue Mar 17 07:47:05 2020,"Merge pull request #65 from bzg/master", 
e909ab6,Binnette,Tue Mar 17 07:44:01 2020,"Merge pull request #66 from racilk/patch-4", 
e586508,Binnette,Tue Mar 17 07:23:47 2020,"Merge pull request #23 from liszto/corse", 
07807c2,Jérôme Desboeufs,Tue Mar 17 07:11:27 2020,"Merge pull request #59 from AntoineAugusti/patch-1", 
4965549,Jérôme Desboeufs,Tue Mar 17 07:11:13 2020,"Merge pull request #61 from Eymiks/patch-3", 
31fe69f,Jérôme Desboeufs,Tue Mar 17 06:59:20 2020,"Merge pull request #37 from Binnette/ile-de-france", 
c620fc8,Jérôme Desboeufs,Tue Mar 17 06:57:08 2020,"Merge pull request #58 from Eymiks/patch-2", 
ac12ab3,Jérôme Desboeufs,Tue Mar 17 06:56:51 2020,"Merge pull request #55 from racilk/patch-1", 
255b371,Jérôme Desboeufs,Tue Mar 17 06:56:34 2020,"Merge pull request #41 from borishejblum/master", 
753885e,Binnette,Tue Mar 17 05:52:58 2020,"SPF: ajout archives 15,16/03",   2, 2, 2 
64a7012,Jérôme Desboeufs,Tue Mar 17 05:49:02 2020,"Update data",   2, 3120, 216 
02b33f2,Jérôme Desboeufs,Tue Mar 17 05:46:45 2020,"Ajout données SPF 16/3",   1, 74 
6c58235,Tiphaine Phe-Neau,Tue Mar 17 03:32:14 2020,"Update README.md",   1, 1, 1 
2d707aa,Marion Paclot,Tue Mar 17 02:41:28 2020,"Update README.md",   1, 1, 1 
bbaff4c,Jérôme Desboeufs,Tue Mar 17 01:59:15 2020,"Merge pull request #38 from Binnette/occitanie", 
63eeef3,Jérôme Desboeufs,Tue Mar 17 01:56:22 2020,"Merge pull request #33 from marion-paclot/master", 
a475eca,Jérôme Desboeufs,Mon Mar 16 07:49:17 2020,"Merge pull request #35 from Binnette/sante-publique-france-fix-errors", 
a544816,Jérôme Desboeufs,Mon Mar 16 06:31:44 2020,"Merge pull request #14 from tiphaine/master", 
868d2d6,Jérôme Desboeufs,Mon Mar 16 06:09:38 2020,"Update data",   2, 1585, 127 
dfd8231,Jérôme Desboeufs,Mon Mar 16 06:07:47 2020,"Merge pull request #34 from opencovid19-fr/spf-15-03-2020", 
fcd1889,Jérôme Desboeufs,Mon Mar 16 05:33:04 2020,"Merge pull request #32 from bzg/master", 
1e4366e,Jérôme Desboeufs,Mon Mar 16 02:08:23 2020,"Merge pull request #31 from bzg/README.md-volunteers-dispatch", 
6ef4a8c,Jérôme Desboeufs,Mon Mar 16 00:36:11 2020,"Merge pull request #24 from marion-paclot/master", 
4fd12e3,Jérôme Desboeufs,Mon Mar 16 00:30:54 2020,"Merge pull request #25 from Binnette/centre-val-de-loire", 
1430514,Jérôme Desboeufs,Mon Mar 16 00:21:21 2020,"Merge pull request #29 from Binnette/fix-typo-readme", 
49afc8d,Jérôme Desboeufs,Mon Mar 16 00:14:36 2020,"Merge pull request #28 from jerbou/patch-1", 
6d39078,Jérôme Desboeufs,Mon Mar 16 00:13:48 2020,"Merge pull request #27 from Binnette/hauts-de-france", 
948bcff,Jérôme Desboeufs,Sun Mar 15 08:35:08 2020,"Merge pull request #19 from Eymiks/patch-1", 
caa5058,Tiphaine Phe-Neau,Sun Mar 15 08:14:12 2020,"Fix erreur décès dans le Morbihan",   1, 1, 1 
1982fe9,Jérôme Desboeufs,Sun Mar 15 07:37:13 2020,"Merge pull request #21 from ColinMaudry/master", 
dd87bfc,Jérôme Desboeufs,Sun Mar 15 07:24:32 2020,"Update data",   2, 817 
60c101b,Jérôme Desboeufs,Sun Mar 15 07:23:02 2020,"Add missing SPF reports",   2, 20 
e182379,Jérôme Desboeufs,Sun Mar 15 06:45:29 2020,"Merge pull request #15 from ColinMaudry/master", 
7919002,Jérôme Desboeufs,Sun Mar 15 06:38:17 2020,"Merge pull request #13 from liszto/occitanie", 
c85120b,Jérôme Desboeufs,Sun Mar 15 06:13:04 2020,"Update data",   2, 255, 11 
820390c,Jérôme Desboeufs,Sun Mar 15 06:12:51 2020,"Fix indentation",   1, 67, 67 
a369e96,Jérôme Desboeufs,Sun Mar 15 06:08:25 2020,"Complete SPF 14/3",   1, 68, 7 
d64d49f,Rémy HUBSCHER,Sun Mar 15 04:40:26 2020,"Add data from 2020-03-14.",   1, 10 
da6acea,Jérôme Desboeufs,Sun Mar 15 00:39:16 2020,"Update data",   2, 1222, 20 
eee59ed,Jérôme Desboeufs,Sun Mar 15 00:37:40 2020,"Update Normandie",   2, 22, 18 
d060882,Jérôme Desboeufs,Sun Mar 15 00:34:19 2020,"Merge pull request #9 from tiphaine/master", 
c4e0a2f,Jérôme Desboeufs,Sun Mar 15 00:26:17 2020,"Merge pull request #11 from liszto/paca", 
69fadb1,Jérôme Desboeufs,Sat Mar 14 23:24:25 2020,"Update data",   2, 168 
e3f1203,Jérôme Desboeufs,Sat Mar 14 23:20:45 2020,"Small fixes",   1, 1, 3 
4256791,CAEck,Sat Mar 14 18:47:42 2020,"CAE-20200314 - ARS CVL au 13/03",   1, 35 
dbf95e0,Jérôme Desboeufs,Sat Mar 14 22:31:33 2020,"Merge pull request #6 from CAEck/master", 
a6bcda0,Jérôme Desboeufs,Sat Mar 14 08:43:09 2020,"Suppression entrée Aisne résiduelle",   3, 16 
30c8632,Jérôme Desboeufs,Sat Mar 14 08:41:37 2020,"Update data",   2, 110, 60 
7b39f59,Jérôme Desboeufs,Sat Mar 14 08:40:47 2020,"Ajout bulletin ARS Grand Est 13/3",   1, 41 
daabf28,Jérôme Desboeufs,Sat Mar 14 08:40:27 2020,"Suppression Aisne bulletin Grand Est",   5, 20 
c4ec454,Jérôme Desboeufs,Sat Mar 14 05:29:55 2020,"Ajout données SPF du 13/3",   3, 293, 1 
d59c97d,Vince,Sat Mar 14 02:35:22 2020,"Merge pull request #5 from CAEck/master", 
75a5e21,Jérôme Desboeufs,Sat Mar 14 02:14:06 2020,"Update data",   2, 2, 2 
27cf321,Vince,Sat Mar 14 01:59:34 2020,"Merge pull request #3 from odtvince/fix-ars-hdf-2020-03-12", 
4834a71,Jérôme Desboeufs,Sat Mar 14 01:41:04 2020,"Update data",   2, 97, 1 
8876624,Vince,Sat Mar 14 01:40:31 2020,"Merge pull request #2 from odtvince/dpt60-2020-03-12", 
070dff0,Jérôme Desboeufs,Fri Mar 13 23:20:21 2020,"Use yarn in GitHub Actions",   1, 2, 7 
815c6a8,Jérôme Desboeufs,Fri Mar 13 23:18:24 2020,"Enable GitHub Actions",   1, 30 
962c789,Vince,Fri Mar 13 23:02:50 2020,"Merge pull request #1 from odtvince/patch-1", 
a778072,Jérôme Desboeufs,Fri Mar 13 21:38:24 2020,"Fix key",   20, 1335, 22 
a2d1d37,Jérôme Desboeufs,Fri Mar 13 21:34:57 2020,"Fix data",   6, 57, 42 
8f91f45,Jérôme Desboeufs,Fri Mar 13 21:30:34 2020,"Fix parsing",   1, 1, 1 
0ec7e47,cquest,Fri Mar 13 17:51:04 2020,"données ARS BFC au 2020-03-12",   1, 34 
81ec3fb,cquest,Fri Mar 13 05:50:04 2020,"Merge branch 'master' of github.com:opencovid19-fr/data", 
8e4ff1d,cquest,Fri Mar 13 05:49:55 2020,"ajout de readme d'explication",   1, 7 
ab9bc5e,cquest,Fri Mar 13 05:49:17 2020,"données ARS Auvergne Rhône-Alpes",   12, 522 
04b2143,cquest,Fri Mar 13 02:42:51 2020,"données ARS Bourgogne Franche-Comté",   9, 146 
46e88ad,cquest,Fri Mar 13 02:16:37 2020,"ajout données ARS Ile-de-France",   7, 275 
a530d02,cquest,Fri Mar 13 01:55:10 2020,"ajout données ARS Normandie",   7, 187 
b23b920,cquest,Fri Mar 13 01:08:47 2020,"données bretagne",   9, 203 
6adb6f3,cquest,Fri Mar 13 00:04:15 2020,"ajout données ARS Grand-Est",   9, 415 
065675f,Jérôme Desboeufs,Thu Mar 12 23:07:19 2020,"Ajout 10/3 et 11/3",   2, 434, 1 
88a48ad,Jérôme Desboeufs,Thu Mar 12 22:47:24 2020,"MAJ README",   1, 37, 12 
f326e5b,Jérôme Desboeufs,Thu Mar 12 22:09:22 2020,"Add CSV file",   1, 91 
4d5ab7d,Jérôme Desboeufs,Thu Mar 12 22:07:33 2020,"Fichier CSV",   3, 52, 1 
b6eaa91,Jérôme Desboeufs,Thu Mar 12 21:56:28 2020,"MAJ data format JSON",   1, 891 
f9c2778,Jérôme Desboeufs,Thu Mar 12 21:55:57 2020,"Add source to SPF files",   4, 12 
628817e,Jérôme Desboeufs,Thu Mar 12 21:52:17 2020,"Update build process",   8, 80, 467 
0b3be7f,Jérôme Desboeufs,Thu Mar 12 21:18:54 2020,"Restructure yaml prefecture",   6, 31, 25 
f29eae9,Christian Quest,Thu Mar 12 20:51:26 2020,"Update 2020-03-11.yaml",   1, 1 
9c3b2ec,Christian Quest,Thu Mar 12 20:50:53 2020,"Create 2020-03-11.yaml",   1, 4 
9a4f093,Christian Quest,Thu Mar 12 20:50:32 2020,"Create 2020-03-10.yaml",   1, 4 
1efa3c3,Christian Quest,Thu Mar 12 20:50:03 2020,"Create 2020-03-09.yaml",   1, 4 
4e59e66,Christian Quest,Thu Mar 12 20:49:35 2020,"Create 2020-03-07.yaml",   1, 4 
ba2170d,Christian Quest,Thu Mar 12 20:48:51 2020,"Update 2020-03-05.yaml",   1, 1, 1 
c559ef7,Christian Quest,Thu Mar 12 20:48:35 2020,"Create 2020-03-04.yaml",   1, 4 
b59f6f5,Christian Quest,Thu Mar 12 20:46:47 2020,"Proposition pour données issues des préfectures",   1, 4 
53d9583,Jérôme Desboeufs,Thu Mar 12 20:42:20 2020,"Add missing dist directory",   2, 438, 31 
b8121fc,Jérôme Desboeufs,Thu Mar 12 20:40:36 2020,"Add initial data+script",   8, 4036, 4 
d669b2a,Jérôme Desboeufs,Thu Mar 12 20:08:33 2020,"Rename bulletins => bulletins-spf",   4, 0, 0 
bc1139b,Jérôme Desboeufs,Thu Mar 12 20:06:25 2020,"Update README + LICENSE",   2, 7, 1 
f93b781,Jérôme Desboeufs,Thu Mar 12 19:57:54 2020,"Update README",   1, 2 
b0efb68,Jérôme Desboeufs,Thu Mar 12 19:56:16 2020,"Corrige identifiants COM",   2, 4, 4 
54307d2,Jérôme Desboeufs,Thu Mar 12 19:55:34 2020,"Ajout premiers bulletins quotidiens",   4, 264 
3037408,Jérôme Desboeufs,Thu Mar 12 19:26:06 2020,"Initial commit",   3, 127 