commit id,author,date,comment,changed files,lines added,lines deleted

afee444,dependabot[bot],Mon Jul 20 13:54:08 2020,"Bump lodash from 4.17.15 to 4.17.19",   2, 5, 5 
2168b0b,Shubham Kanodia,Thu Apr 23 00:15:32 2020,"Update README.md",   1, 2, 2 
1e99adf,Shubham Kanodia,Thu Apr 23 00:13:36 2020,"Updated till Apr 11th",   1248, 31984, 6 
d366168,Shubham Kanodia,Sun Apr 12 06:22:25 2020,"Added data from 30th March to 5th April",   1250, 37355, 13 
0e85945,Shubham Kanodia,Wed Apr 8 23:57:47 2020,"Merge branch 'master' of github.com:pastelsky/covid-19-mobility-tracker", 
82c5d64,Shubham Kanodia,Wed Apr 8 23:56:10 2020,"Added data for South Korea And Bahamas",   17, 2903, 3 
dbdc0ef,Shubham Kanodia,Tue Apr 7 01:59:45 2020,"Added CSV formats too",   1061, 46621, 10 
d547af7,Shubham Kanodia,Tue Apr 7 01:27:25 2020,"Update README.md",   1, 2, 1 
c5f7f38,Shubham Kanodia,Tue Apr 7 01:23:25 2020,"Update README.md",   1, 5, 3 
b57f206,Shubham Kanodia,Tue Apr 7 01:21:48 2020,"Corrected data – uses more high resolution segmentation now",   180, 29662, 29592 
3698ecc,Shubham Kanodia,Tue Apr 7 00:08:14 2020,"Adds US State level data",   54, 53136, 37 
81fb8d4,Shubham Kanodia,Sun Apr 5 15:30:03 2020,"Merge pull request #4 from pastelsky/fix-date-offset", 
6e90cfc,Shubham Kanodia,Sun Apr 5 15:20:04 2020,"Update README.md",   1, 1, 1 
19b4667,Shubham Kanodia,Sun Apr 5 15:19:39 2020,"Update README.md",   1, 1 
59a9960,Shubham Kanodia,Sun Apr 5 15:09:08 2020,"Merge pull request #3 from pastelsky/fix-date-offset", 
857c44a,Shubham Kanodia,Sun Apr 5 03:26:37 2020,"Update README.md",   1, 2 
25c7742,Shubham Kanodia,Sun Apr 5 02:48:58 2020,"Update README.md",   1, 4 
6f50e66,Shubham Kanodia,Sun Apr 5 02:44:14 2020,"Update nodejs.yml",   1, 5 
b18c7bd,Shubham Kanodia,Sun Apr 5 02:43:15 2020,"Update README.md",   1, 7 
e809ca1,Shubham Kanodia,Sun Apr 5 02:38:07 2020,"Added data for most countries",   130, 139535, 6 
9f246dc,Shubham Kanodia,Sun Apr 5 02:15:52 2020,"Update .gitignore",   1, 1 
251c387,Shubham Kanodia,Sun Apr 5 02:15:32 2020,"Update nodejs.yml",   1, 1, 4 
d212351,Shubham Kanodia,Sun Apr 5 02:11:38 2020,"Update nodejs.yml",   1, 8, 2 
d677a77,Shubham Kanodia,Sun Apr 5 02:07:14 2020,"Update nodejs.yml",   1, 2 
ebfede4,Shubham Kanodia,Sun Apr 5 02:01:36 2020,"Update nodejs.yml",   1, 2, 1 
e882117,Shubham Kanodia,Sun Apr 5 02:00:37 2020,"Create nodejs.yml",   1, 29 
4b578e8,Shubham Kanodia,Sun Apr 5 01:59:47 2020,"Update README.md",   1, 3 
4ded983,Shubham Kanodia,Sun Apr 5 01:07:42 2020,"Add screenshot",   1, 0, 0 
966eddc,Shubham Kanodia,Sun Apr 5 00:59:54 2020,"Create README.md",   1, 21 
3750356,Shubham Kanodia,Sun Apr 5 00:47:19 2020,"Merge pull request #1 from pastelsky/add-license-1", 
ab01dd6,Shubham Kanodia,Sun Apr 5 00:45:37 2020,"✨ Initial commit",   9, 5002 