commit id,author,date,comment,changed files,lines added,lines deleted

a7892cd,Patrick,Tue Sep 8 00:55:08 2020,"trying to initialize",   22, 16554, 2824 
67c402f,Patrick,Mon Sep 7 18:55:54 2020,"opening up",   8, 217, 13 
4d37e45,Patrick,Mon Sep 7 18:28:17 2020,"modeling US opening",   6, 307, 2 
a8bb54e,Patrick,Mon Sep 7 18:08:59 2020,"updated data",   55, 48745, 9444 
7c6c979,Patrick,Mon Sep 7 17:36:37 2020,"modeled lockdown part of US",   269, 2818, 8717 
19d7cbb,Patrick,Sat Sep 5 01:56:51 2020,"new results",   13, 23968 
e48889d,Patrick,Sat Sep 5 01:54:13 2020,"new results",   12, 17252 
7de212a,Patrick,Mon Aug 31 18:03:24 2020,"lockdown modeling",   1, 0, 0 
dd9fe00,Patrick,Mon Aug 31 18:02:19 2020,"sample up to lock",   4, 2523, 5 
0e33d33,Patrick,Mon Aug 31 17:53:27 2020,"trying to add herd",   4, 248, 803 
44dad0a,Patrick,Sat Aug 29 01:03:36 2020,"trying to constrain stan model",   2, 16, 19 
162246a,Patrick,Fri Aug 28 19:43:02 2020,"test",   1, 2, 2 
3a350ed,Patrick,Fri Aug 28 19:38:50 2020,"xpo on beta",   2, 3, 3 
2c5c10b,Patrick,Fri Aug 28 19:28:44 2020,"removed test version",   1, 1, 1 
4017d40,Patrick,Fri Aug 28 19:28:10 2020,"added constraints to immunity impact",   6, 14, 7828 
f189768,Patrick,Fri Aug 28 18:13:00 2020,"herd",   109, 38924, 7 
d7f1550,Patrick,Fri Aug 28 17:41:36 2020,"adding herd immunity effects",   4, 71, 4 
0f8c508,Patrick Bryant,Wed Aug 26 17:51:53 2020,"merge", 
d09b0b4,Patrick Bryant,Wed Aug 26 17:50:27 2020,"merge",   1, 4 
3487a8b,Patrick,Wed Aug 26 17:26:00 2020,"changed stan model",   67, 17322, 5039 
9d6d9d1,Patrick,Wed Aug 26 17:08:01 2020,"new results",   27, 45572, 17151 
7a2a64b,Patrick,Tue Aug 25 20:44:53 2020,"plotting",   58, 17, 6 
28e88ae,Patrick,Tue Aug 25 19:46:47 2020,"added CI to R comparison",   118, 4971, 8660 
94cb64f,Patrick,Tue Aug 25 18:13:02 2020,"added estimates to complete df",   5, 13, 12 
9ae3a8e,Patrick,Tue Aug 25 17:49:23 2020,"Merge branch 'master' of https://github.com/patrickbryant1/COVID19.github.io merge", 
447b8cc,Patrick,Tue Aug 25 17:48:49 2020,"posterior plots",   55, 75, 2 
7588995,Patrick,Tue Aug 25 00:54:33 2020,"plotting!",   1, 2, 1 
d9971ab,Patrick,Mon Aug 24 22:46:35 2020,"plotting",   209, 8777, 13636 
ca6d7e5,Patrick,Mon Aug 24 21:38:21 2020,"new epiestim results",   58, 20794, 497068 
f8fb893,Patrick,Mon Aug 24 19:41:37 2020,"making new repository with review",   1, 5 
3d07b1a,Patrick,Mon Aug 24 19:03:44 2020,"changed path ro Rscript",   6, 13898, 10719 
696ed1d,Patrick,Mon Aug 24 18:30:50 2020,"review repository",   4, 9, 2 
bbe123f,Patrick,Mon Aug 24 18:12:59 2020,"removed trace",   2, 1, 2 
48ab9bc,Patrick,Mon Aug 24 18:07:47 2020,"updated runscript",   5, 499040, 496026 
1a716cb,Patrick,Mon Aug 24 17:55:45 2020,"updating distributions",   3, 4, 4 
425b118,Patrick,Mon Aug 24 17:52:14 2020,"updated us death data",   2, 493720, 3262 
cac4e8d,Patrick,Mon Aug 24 17:00:51 2020,"changed SI",   4, 10, 4 
17070f5,Patrick,Fri Aug 21 00:35:31 2020,"new fig",   9, 6, 1 
de5a268,Patrick,Fri Aug 21 00:04:02 2020,"overlaying posteriors",   11, 20, 19 
1a369e1,Patrick,Thu Aug 20 23:47:32 2020,"overlaying posteriors from different models",   2, 202 
ecd187e,Patrick,Mon Aug 17 23:29:55 2020,"gif",   71, 32, 30 
87bf112,Patrick,Mon Aug 17 20:36:11 2020,"preparing animation",   46, 37184, 4 
cc0d619,Patrick,Mon Aug 17 18:58:46 2020,"plot for presentation",   5, 5, 1 
ca83b06,Patrick,Mon Aug 17 18:25:41 2020,"changed color to magenta",   212, 8, 8 
8847941,Patrick,Wed Aug 12 17:19:29 2020,"changed color",   416, 8, 5 
5dd3ec6,Patrick,Wed Aug 12 17:03:13 2020,"Merge branch 'master' of https://github.com/patrickbryant1/COVID19.github.io", 
fa5858d,Patrick,Tue Aug 11 19:46:32 2020,"montage of publication figures",   27, 47, 1 
867dc51,Patrick,Tue Aug 11 19:30:04 2020,"annotating figs",   8, 17 
89cdaef,Patrick,Tue Aug 11 18:39:52 2020,"last for all",   112, 15 
c66d960,Patrick,Tue Aug 11 18:27:17 2020,"new last for all wo lockdown",   12, 6641, 6652 
4b6f8b9,Patrick,Tue Aug 11 17:47:11 2020,"changed Figure 4 to display the % reduction in Rt",   153, 21, 20 
520ee52,Patrick,Mon Aug 10 22:32:10 2020,"fixed",   1, 124, 124 
c657916,Patrick,Mon Aug 10 22:31:15 2020,"added all figs with labels",   14, 21, 6 
1c28fd9,Patrick,Mon Aug 10 22:25:31 2020,"ficing labels",   77, 60, 18 
abb84e0,Patrick,Mon Aug 10 22:07:14 2020,"montaging labeled figs",   35, 25, 4 
ad495d3,Patrick,Mon Aug 10 21:39:07 2020,"adding labels",   56, 84, 123119 
03c0fd7,Patrick,Mon Aug 10 21:14:43 2020,"adding labels",   25, 123120, 8 
1d5630b,Patrick,Wed Aug 5 20:12:28 2020,"update",   6, 0, 0 
a868069,Patrick,Wed Aug 5 20:08:27 2020,"changed figs",   38, 1482, 712 
e318b00,Patrick,Wed Aug 5 01:30:03 2020,"looking at updated errors",   34, 6525, 6456 
bdc24dd,Patrick,Tue Aug 4 22:03:37 2020,"montaging corr",   15, 284, 280 
083f246,Patrick,Tue Aug 4 21:24:55 2020,"analyzing change in f",   97, 55730, 55731 
4b71da8,Patrick,Tue Aug 4 20:43:43 2020,"fixing f",   146, 12116, 5610 
812808a,Patrick,Tue Aug 4 19:17:56 2020,"fixed f",   92, 41, 15 
61665e3,Patrick,Tue Aug 4 17:56:35 2020,"no lock or last",   11, 6653 
fc0e836,Patrick,Tue Aug 4 17:49:12 2020,"last for all no lock",   99, 124, 10 
29b1a2c,Patrick,Tue Aug 4 17:41:03 2020,"last for all",   14, 6686 
38ac3a6,Patrick,Wed Jul 29 01:36:32 2020,"removed last",   102, 40, 11 
2ff9c2a,Patrick,Wed Jul 29 00:39:45 2020,"no last intervention",   16, 6666, 3 
3a1687a,Patrick,Tue Jul 28 18:20:24 2020,"included last intervention for all option",   152, 46, 24 
a83d783,Patrick,Tue Jul 28 05:31:42 2020,"fixed name",   1, 0, 0 
31f2159,Patrick,Tue Jul 28 05:20:02 2020,"changes dim",   17, 48, 2 
a5a915e,Patrick,Tue Jul 28 05:12:55 2020,"new stan models without lockdown or last intervention",   13, 123 
d1de546,Patrick,Tue Jul 28 05:02:01 2020,"model without last intervention",   2, 113 
5b42f06,Patrick,Tue Jul 28 02:26:09 2020,"comparing ICL model",   101, 235, 66 
19fcfdd,Patrick,Tue Jul 28 01:54:30 2020,"added results",   17, 7200 
45d4bc0,Patrick,Mon Jul 27 21:35:19 2020,"f",   1, 1, 1 
7ca6be4,Patrick,Mon Jul 27 21:11:24 2020,"removed vis",   1, 2, 89 
4117569,Patrick,Mon Jul 27 20:54:38 2020,"running sims",   5, 219, 4 
fc7876d,Patrick,Mon Jul 27 19:49:54 2020,"formatting for icl model",   2, 23, 9 
5eb10ac,Patrick,Mon Jul 27 19:19:55 2020,"simulating",   12, 1875 
eaf7c78,Patrick,Mon Jul 27 16:41:13 2020,"coverted to csv",   7, 142 
cfa6789,Patrick,Thu Jul 16 00:57:08 2020,"fixed some plots",   105, 292, 12758 
e50c1b7,Patrick,Wed Jul 15 23:42:36 2020,"fixing resolution on figs",   120, 8, 1748 
b0dd611,Patrick,Wed Jul 15 22:40:59 2020,"changed publication figures",   28, 41466 
24fefb1,Patrick,Tue Jul 14 21:11:51 2020,"looked at R estimates",   13, 19, 3 
61d0d0c,Patrick,Fri Jul 10 23:42:37 2020,"looking into tracts",   12, 130, 2 
9970b8c,Patrick,Wed Jul 8 18:53:21 2020,"fixed argument description",   1, 1, 1 
282d51c,Patrick,Wed Jul 8 02:10:43 2020,"updated readme",   3, 8, 2 
b2ae102,Patrick,Wed Jul 8 02:05:33 2020,"completed plots",   74, 666, 662 
6757be2,Patrick,Wed Jul 8 01:45:27 2020,"LOO analysis",   71, 11757, 62 
f97fa33,Patrick,Wed Jul 8 01:02:53 2020,"added summaries",   11, 64295 
0165697,Patrick,Wed Jul 8 01:00:06 2020,"analyzing LOO",   2, 20 
2645199,Patrick,Wed Jul 8 00:55:02 2020,"fetched alphas for posterior plots",   12, 13, 1 
dcc68bf,Patrick,Wed Jul 8 00:43:57 2020,"fixed title on UK",   18, 32, 6 
9d9ec88,Patrick,Tue Jul 7 22:04:07 2020,"fixed epiestim country estimates",   8, 272, 24 
af4f98d,Patrick,Tue Jul 7 20:08:11 2020,"comparing R estimates",   10, 832, 18 
e23e5c5,Patrick,Tue Jul 7 20:01:39 2020,"added EpiEstim R estimates",   6, 367 
d8f8903,Patrick,Tue Jul 7 18:47:23 2020,"fixed UK underscore",   23, 498, 500 
ee98024,Patrick,Tue Jul 7 17:18:23 2020,"analyzing corr",   9, 20, 4 
8495e8c,Patrick,Tue Jul 7 04:30:14 2020,"analyzing correlations",   8, 27, 5 
4478679,Patrick,Tue Jul 7 02:22:23 2020,"looking at correlations",   1, 5, 10 
ab147ab,Patrick,Tue Jul 7 02:20:22 2020,"analyzing corr",   2, 196 
c1a7693,Patrick,Tue Jul 7 01:00:00 2020,"added posterior distributions",   20, 8, 3 
3ae1976,Patrick,Mon Jul 6 23:42:11 2020,"plotting posterior distributions",   90, 45, 31 
4e318e1,Patrick,Mon Jul 6 21:49:18 2020,"added forecast",   13, 12837, 6 
fa6f27b,Patrick,Mon Jul 6 21:46:03 2020,"changed plots",   184, 28, 207860 
e5d20f5,Patrick,Mon Jul 6 20:43:07 2020,"fixing plots",   59, 19, 8 
0a975fa,Patrick,Mon Jul 6 20:32:54 2020,"making plots nicer",   9, 23, 28 
3949042,Patrick,Sat Jul 4 01:16:04 2020,"checking",   3, 3007, 3005 
6deadd3,Patrick,Sat Jul 4 00:36:56 2020,"removed hash",   1, 1, 1 
d681ebc,Patrick,Sat Jul 4 00:36:18 2020,"removed file",   1, 1 
4674edb,Patrick,Sat Jul 4 00:35:46 2020,"removed hash",   1, 1 
1328688,Patrick,Sat Jul 4 00:35:23 2020,"renamed file",   1, 0, 0 
aef63aa,Patrick,Sat Jul 4 00:34:15 2020,"addded md",   1, 1 
9ac1646,Patrick,Sat Jul 4 00:30:56 2020,"looking at different death rate measures",   7, 24, 28 
5a11dd6,Patrick,Fri Jul 3 21:17:36 2020,"mkaing opt vis",   1, 129, 23 
208ba19,Patrick,Fri Jul 3 19:32:35 2020,"included modeling results",   14, 22185, 2 
9d609e8,Patrick,Fri Jul 3 19:08:13 2020,"formatting dir for US",   4, 5, 7255 
8aa3cde,Patrick,Fri Jul 3 16:54:03 2020,"optimized",   6, 336, 206 
4dbde4b,Patrick,Fri Jul 3 16:45:28 2020,"optimizing params",   62, 152, 219 
3126c73,Patrick,Fri Jul 3 02:28:45 2020,"fixing CV for project",   66, 59, 81 
8b01e54,Patrick,Thu Jul 2 18:29:25 2020,"trying out different models",   34, 3298, 3168 
a3d03ab,Patrick,Thu Jul 2 17:27:22 2020,"investigating features",   99, 12655, 3012 
fd41231,Patrick,Thu Jul 2 16:54:19 2020,"adding cases",   6, 6218, 3136 
7d736a0,Patrick,Thu Jul 2 16:39:03 2020,"adding life expectancy data",   4, 3033, 6 
e4730b0,Patrick,Thu Jul 2 00:39:17 2020,"adding life insurance data",   2, 5, 3 
2ca6679,Patrick,Thu Jul 2 00:16:39 2020,"formatting data",   7, 3188, 3145 
888c431,Patrick,Wed Jul 1 22:24:41 2020,"added life expectency",   8, 728582, 3145 
7b181df,Patrick,Wed Jul 1 19:25:17 2020,"adding helath insurance data",   5, 65, 71 
cbc26cc,Patrick,Wed Jul 1 17:38:08 2020,"removed FIPS",   7, 7, 6 
e318921,Patrick,Wed Jul 1 17:27:22 2020,"changed title",   5, 320303, 320382 
75521ba,Patrick,Wed Jul 1 17:23:10 2020,"looking into correlations",   22, 2000, 1956 
82b4126,Patrick,Wed Jul 1 01:24:39 2020,"fixing deaths",   20, 322330, 1930 
7d26841,Patrick,Wed Jul 1 00:12:33 2020,"analyzing enet",   20, 3200, 3166 
df78794,Patrick,Tue Jun 30 23:00:02 2020,"building enet model",   3, 33, 1 
86510f6,Patrick,Tue Jun 30 22:31:41 2020,"formatted data",   3, 6324, 13167 
388aa39,Patrick,Tue Jun 30 18:23:22 2020,"formatting data",   3, 79, 10 
469291a,Patrick,Tue Jun 30 17:56:43 2020,"analyzing data",   2, 3277, 2 
a87a02d,Patrick,Tue Jun 30 17:51:30 2020,"formatting data",   7, 13200, 3378 
10fe58f,Patrick,Mon Jun 29 22:31:02 2020,"looking at county level",   70, 16772 
ed2ebb1,Patrick,Mon Jun 29 16:59:14 2020,"looking at county level",   8, 3196, 1 
b8a7212,Patrick,Sat Jun 27 00:27:26 2020,"added % per eth",   48, 14, 7 
86219a9,Patrick,Fri Jun 26 23:13:44 2020,"trting to normalize",   55, 440, 21 
06c3946,Patrick,Fri Jun 26 20:12:54 2020,"parsing age data",   8, 236876, 14 
bd477c7,Patrick,Fri Jun 26 16:43:17 2020,"parcing age and ethnicity distributions",   7, 15, 200 
cac7eed,Patrick,Fri Jun 26 02:50:17 2020,"update plots",   3, 4, 4 
a9a4260,Patrick,Fri Jun 26 02:44:04 2020,"fixing barplots",   80, 37, 6 
f081354,Patrick,Fri Jun 26 01:13:02 2020,"added ylabel",   59, 4, 3 
0342a07,Patrick,Fri Jun 26 01:05:39 2020,"looking into US demographics",   79, 39287, 2 
715b922,Patrick,Thu Jun 25 16:56:48 2020,"update",   1, 2, 2 
899333f,Patrick,Thu Jun 25 00:37:12 2020,"variable SI",   21, 11, 11 
ec74aa0,Patrick,Thu Jun 25 00:29:13 2020,"formatted for supplementary",   176, 27, 27 
453fdff,Patrick,Wed Jun 24 23:12:01 2020,"added estimates",   24, 17, 18 
316a2de,Patrick,Wed Jun 24 21:42:46 2020,"21 days earlier",   182, 4945, 4918 
b171a95,Patrick,Wed Jun 24 20:29:12 2020,"looking at 1 week earlier lockdown",   17, 5155, 4 
25b8a1e,Patrick,Wed Jun 24 19:52:53 2020,"added running median",   20, 28, 5 
72a7b0f,Patrick,Wed Jun 24 18:44:48 2020,"checked days",   4, 5539, 5284 
3f795ae,Patrick,Wed Jun 24 18:39:59 2020,"new mobility data",   2, 28810, 5390 
ca843e2,Patrick,Wed Jun 24 01:55:36 2020,"all together",   8, 23, 2 
9b10014,Patrick,Wed Jun 24 00:11:32 2020,"different comparisons",   20, 43, 46 
a8fcf4c,Patrick,Tue Jun 23 20:52:21 2020,"plotting",   20, 37, 22 
005f045,Patrick,Tue Jun 23 20:28:11 2020,"exploring correlations",   14, 14, 3 
580aaf4,Patrick,Tue Jun 23 19:44:03 2020,"looking at mobility R relationships",   14, 7412, 32 
428fb70,Patrick,Tue Jun 23 17:33:34 2020,"estimating R",   3, 10, 7 
2794405,Patrick,Tue Jun 23 17:29:11 2020,"cat all R estimates",   1, 39 
b370260,Patrick,Tue Jun 23 17:23:31 2020,"estimating R with EpiEstim",   7, 7906, 1 
035b5c0,Patrick,Tue Jun 23 16:26:59 2020,"added readme",   2, 5, 1 
ce18ef4,Patrick,Tue Jun 23 16:23:50 2020,"ordering dir",   16, 3267, 48 
4ef4ace,Patrick,Tue Jun 23 01:08:53 2020,"investigating mobility R relationship",   22, 556639, 517093 
2d48736,Patrick,Fri Jun 19 03:08:21 2020,"plotting",   18, 102, 18 
14d8100,Patrick,Wed Jun 17 18:47:09 2020,"added space in readme",   1, 2 
434b37a,Patrick,Wed Jun 17 18:45:27 2020,"added readme",   1, 6 
e1b7c36,Patrick,Wed Jun 17 18:42:51 2020,"reformatted plots",   79, 4946, 4937 
a1deebb,Patrick,Wed Jun 17 18:22:56 2020,"added short dates to mobility plots",   15, 8, 6 
5fdab23,Patrick,Wed Jun 17 01:58:41 2020,"added metrics table",   2, 1, 2 
aae7e42,Patrick,Tue Jun 16 22:57:36 2020,"printing metrics",   3, 37, 8 
4603032,Patrick,Tue Jun 16 18:46:35 2020,"formatting plots",   14, 0, 0 
3b313d6,Patrick,Tue Jun 16 17:46:42 2020,"formatting plots",   73, 4995, 4959 
ee59729,Patrick,Tue Jun 16 04:06:20 2020,"compared with neg binomial",   76, 15, 5 
5082a5f,Patrick,Tue Jun 16 01:29:58 2020,"formatting figures",   13, 47, 11 
dbc08d3,Patrick,Mon Jun 15 17:06:56 2020,"trying another R distribution",   3, 5031, 1 
948240e,Patrick,Sat Jun 13 04:39:51 2020,"fixed deaths",   72, 2557, 2558 
8816470,Patrick,Sat Jun 13 04:25:28 2020,"added what would have happened",   173, 4949, 4936 
bad4502,Patrick,Sat Jun 13 04:07:25 2020,"plotting both continued lockdown and opening",   5, 22, 13 
a37d209,Patrick,Sat Jun 13 03:56:13 2020,"saved continued lockdown df",   3, 4955, 4935 
3f63e60,Patrick,Sat Jun 13 02:44:45 2020,"calculating cases",   1, 25, 4 
b0d754f,Patrick,Sat Jun 13 02:06:29 2020,"added serial interval and death fractions",   2, 77, 7 
4ad987d,Patrick,Sat Jun 13 01:39:33 2020,"modelling continued lockdown",   174, 40, 8 
2959d55,Patrick,Sat Jun 13 01:27:12 2020,"calculating what would have happened on continued lockdown",   1, 27, 280 
50a1fc3,Patrick,Sat Jun 13 01:15:11 2020,"returned to previous and formatted",   5, 4945, 4955 
d55340a,Patrick,Sat Jun 13 01:00:43 2020,"changing back",   8, 5256, 18 
7468ea0,Patrick,Fri Jun 12 22:19:01 2020,"changed back to int for neg binomial",   1, 1, 2 
663a9ca,Patrick,Fri Jun 12 22:17:49 2020,"model for comparing continued lockdown",   1, 1, 2 
a5a837a,Patrick,Fri Jun 12 21:50:23 2020,"fixing run without lockdown ease",   10, 2984, 2964 
af54ceb,Patrick,Fri Jun 12 21:24:24 2020,"cleaned up plots",   196, 49, 26 
388b1d3,Patrick,Fri Jun 12 18:19:44 2020,"plotted smoothed deaths",   21, 4934, 3 
8216489,Patrick,Fri Jun 12 18:14:34 2020,"changing to estimate sm_deaths as floats",   83, 198, 4950 
689d232,Patrick,Fri Jun 12 17:52:35 2020,"evaluating US run",   169, 223, 11 
f330d7b,Patrick,Fri Jun 12 02:10:18 2020,"added parks for vis",   5, 4925, 4924 
becc319,Patrick Bryant,Fri Jun 12 01:57:30 2020,"reduced stan model - removed counterfactual",   1, 31 
48af417,Patrick,Fri Jun 12 00:27:23 2020,"removed trace",   43, 4931, 2566 
9f58216,Patrick,Thu Jun 11 22:53:49 2020,"set up to run all states",   9, 54, 25 
19eec09,Patrick,Thu Jun 11 19:59:19 2020,"getting all US states",   2, 133, 127 
c065832,Patrick,Thu Jun 11 18:34:49 2020,"formatting US data",   9, 3528, 28906 
f08258c,Patrick,Thu Jun 11 17:01:53 2020,"smoothing data",   49, 55188, 1991 
2b771c3,Patrick,Wed Jun 10 23:02:33 2020,"working RNN",   3, 51, 40 
e37e07a,Patrick,Wed Jun 10 22:00:26 2020,"making RNN",   7, 174, 182 
308c249,Patrick,Wed Jun 10 20:19:40 2020,"structuring",   19, 11926, 98176 
5576e11,Patrick,Wed Jun 10 17:25:58 2020,"evaluating furthest prediction",   1, 7, 9 
cc0701f,Patrick,Wed Jun 10 17:18:11 2020,"constructing 5-fold CV",   6, 91, 32 
b85f625,Patrick,Wed Jun 10 04:29:24 2020,"constructing 5-fold CV",   1, 13, 16 
fbc7a54,Patrick,Wed Jun 10 04:21:00 2020,"trying dpm",   2, 11514, 11514 
0ed3403,Patrick,Wed Jun 10 04:06:30 2020,"trying to be smart",   2, 27, 14 
67242c4,Patrick,Wed Jun 10 02:32:55 2020,"adding features",   1, 28, 25 
1cd2cde,Patrick,Wed Jun 10 01:24:00 2020,"making ML model",   9, 12866, 5992 
20b8ed0,Patrick,Tue Jun 9 01:07:17 2020,"making pngs",   20, 9145, 19 
e8b7202,Patrick,Fri Jun 5 18:30:26 2020,"training model",   1, 20, 13 
8677309,Patrick,Fri Jun 5 17:44:34 2020,"making pred vis",   2, 55, 11 
4c2a88d,Patrick,Fri Jun 5 01:08:51 2020,"fixing plot",   1, 8, 7 
f5c68c4,Patrick,Thu Jun 4 23:12:03 2020,"visualizing predictions",   1, 46, 10 
0225096,Patrick,Thu Jun 4 20:03:59 2020,"developing model",   2, 104, 72 
b82526b,Patrick,Thu Jun 4 17:58:19 2020,"building non-linear model",   2, 6440, 35 
e817edc,Patrick,Thu Jun 4 16:51:08 2020,"fixed avs",   25, 138, 193 
dd80a03,Patrick,Thu Jun 4 01:24:43 2020,"formatting data",   3, 89, 152 
b78d8dc,Patrick,Thu Jun 4 01:05:38 2020,"making non-linear model",   3, 286 
409f0f3,Patrick,Wed Jun 3 22:10:49 2020,"adding peak timing",   24, 126326, 498 
0a177f3,Patrick,Wed Jun 3 19:13:12 2020,"plotting",   7, 39, 24 
e8dc3df,Patrick,Wed Jun 3 02:03:32 2020,"analyzing deviations",   1, 42, 10 
1880e3d,Patrick,Tue Jun 2 22:47:21 2020,"making corr analysis",   5, 89, 36 
5e5fcbb,Patrick,Tue Jun 2 16:15:50 2020,"simulating",   2, 8, 5 
81f5fa6,Patrick,Tue Jun 2 02:27:34 2020,"maybe I have something",   2, 18, 8 
888a4df,Patrick,Tue Jun 2 02:14:48 2020,"trying to find a stan function that can sample negative values",   4, 27, 22 
5877224,Patrick,Tue Jun 2 00:09:00 2020,"plotting analysis",   3, 98180, 19 
144399c,Patrick,Mon Jun 1 23:00:40 2020,"working on results visualization",   3, 186, 18 
48b5882,Patrick,Mon Jun 1 22:10:24 2020,"formatting data for stan model",   3, 30, 25 
ff16cf3,Patrick,Mon Jun 1 21:43:58 2020,"making model to simulate deviation",   2, 24, 56 
4ad7de0,Patrick,Mon Jun 1 18:49:43 2020,"making stan model for drop estimates",   1, 12, 61 
b03f755,Patrick,Mon Jun 1 17:27:41 2020,"building stan model to assess drop impact",   3, 225 
a74c4e0,Patrick,Mon Jun 1 17:19:32 2020,"structuring",   17, 147, 122 
1215042,Patrick,Fri May 29 02:36:20 2020,"fixed analysis",   15, 114, 129 
993c3dc,Patrick,Fri May 29 01:02:43 2020,"update",   2, 62, 59 
a192766,Patrick,Thu May 28 01:56:45 2020,"analyzing drop death relationship",   2, 25, 3 
b670ab9,Patrick,Thu May 28 01:13:09 2020,"making 3d plot",   14, 130, 84 
4ad19df,Patrick,Wed May 27 22:28:27 2020,"adding features",   1, 13, 1 
2878582,Patrick,Wed May 27 22:21:39 2020,"adjusted dates",   8, 6, 6 
9281f9e,Patrick,Wed May 27 22:09:57 2020,"added start of rop",   15, 112, 100 
3916981,Patrick,Wed May 27 21:15:26 2020,"fixing start dates",   14, 69, 71 
a88e59a,Patrick,Wed May 27 19:31:06 2020,"sorted by current death percentage",   12, 8, 3 
5b0d59a,Patrick,Wed May 27 17:33:38 2020,"format plots",   14, 13, 8 
cd396b2,Patrick,Wed May 27 17:23:02 2020,"overlaying death an mob data",   15, 31, 26 
367223e,dependabot[bot],Wed May 27 05:54:02 2020,"Bump activesupport from 6.0.2.2 to 6.0.3.1 in /docs",   1, 4, 4 
9f9a9d2,Patrick,Wed May 27 00:16:55 2020,"plotting",   1, 41, 19 
83f3665,Patrick,Tue May 26 23:19:05 2020,"fixed sliding 7",   5, 75, 70 
598709a,Patrick,Tue May 26 22:24:36 2020,"comparison made",   8, 122, 22 
d07fc89,Patrick,Tue May 26 21:25:21 2020,"visualized drop dates",   26, 172, 34 
fc8aa05,Patrick,Tue May 26 21:06:14 2020,"added dates",   2, 57, 54 
3c8c706,Patrick,Tue May 26 21:02:08 2020,"making drop decisions",   3, 49, 38 
9b9e721,Patrick,Tue May 26 20:13:04 2020,"looking at drop dates",   3, 96, 27 
025817b,Patrick,Tue May 26 17:19:55 2020,"analyzing drop and % deaths",   3, 158 
160e44b,Patrick,Mon May 25 21:37:27 2020,"fixing plots",   12, 5, 4 
e1bb1b3,Patrick,Mon May 25 21:24:54 2020,"added R0 and mobility plots",   19, 44, 3 
a611cc0,Patrick,Mon May 25 17:31:06 2020,"removed old plots",   3, 2, 73 
d4678bc,Patrick,Mon May 25 17:22:51 2020,"sanity check",   12, 7, 5 
9164fd1,Patrick,Mon May 25 17:01:43 2020,"added sanity check to webpage",   15, 6, 11 
250b022,Patrick,Mon May 25 16:55:53 2020,"checking correlations",   2, 38, 16 
ae26f98,Patrick,Sun May 24 03:22:16 2020,"added sanity check",   33, 55, 26 
9c12c02,Patrick,Sat May 23 23:21:05 2020,"sanity check",   1, 26, 8 
9848a85,Patrick,Sat May 23 23:04:43 2020,"checking correlations",   1, 53, 19 
be7c10b,Patrick,Sat May 23 02:41:08 2020,"plotting",   1, 11, 10 
572af67,Patrick,Sat May 23 02:24:44 2020,"fixing plots",   1, 54, 61 
707503b,Patrick,Sat May 23 00:56:56 2020,"formatting code",   1, 34, 77 
2a95ecd,Patrick,Sat May 23 00:52:45 2020,"comparing plots",   1, 39, 27 
292723c,Patrick,Fri May 22 19:23:27 2020,"making nicer plots and analyzing R delay",   6, 18452, 14 
aab8af7,Patrick,Wed May 20 22:05:35 2020,"correlating all countries",   55, 188, 84 
3926959,Patrick,Tue May 19 17:26:33 2020,"excluded start point, doesn't really matter though",   6, 22, 22 
7827b22,Patrick,Tue May 19 00:11:32 2020,"fixed plot names",   8, 2, 2 
592431e,Patrick,Tue May 19 00:07:32 2020,"renamed",   3, 29, 28 
1017efa,Patrick,Tue May 19 00:04:34 2020,"switched to covariance",   46, 78, 34 
64d5002,Patrick,Mon May 18 22:06:35 2020,"same x scale",   13, 3, 2 
c60a713,Patrick,Mon May 18 21:58:42 2020,"made the plots nicer",   16, 5, 2 
d089ac2,Patrick,Mon May 18 21:54:42 2020,"added plots",   30, 269, 68 
c9f1aec,Patrick,Mon May 18 21:13:58 2020,"calculating correlatoins",   1, 29, 2 
7a70586,Patrick,Mon May 18 20:37:40 2020,"calculated signals",   3, 35741, 1080 
1104fca,Patrick,Mon May 18 19:52:50 2020,"calculating signals",   2, 40, 30 
0dd5036,Patrick,Mon May 18 18:55:06 2020,"writing signal script",   1, 104 
f9eb806,Patrick,Mon May 18 18:35:41 2020,"correlating R and mobility signals",   54, 290, 2577 
8e23106,Patrick,Wed May 13 20:02:16 2020,"using a 7-day sliding average for the mobility data as well",   9, 17, 4 
72a18a9,Patrick,Wed May 13 18:38:37 2020,"added per region plots",   25, 197, 58213 
e6c9cc5,Patrick,Wed May 13 17:28:02 2020,"plotting subregions",   1, 426 
7fb2dc1,Arne Elofsson (ae18c),Wed May 13 02:36:38 2020,"By syncing",   1, 308328 
d94304d,Patrick,Tue May 12 22:03:54 2020,"Merge branch 'master' of github.com:patrickbryant1/COVID19.github.io merge", 
4c1c780,Patrick,Tue May 12 22:03:43 2020,"removed map",   2, 5, 16 
4fb3f5f,Patrick,Tue May 12 18:01:38 2020,"making regional model",   2, 40, 6 
a70a8c8,Patrick,Tue May 12 17:22:53 2020,"fixed county pop file",   3, 45, 39 
9f88b37,Patrick,Tue May 12 00:20:51 2020,"working on region model",   6, 2002, 40 
5fa4617,Arne Elofsson (ae18c),Mon May 11 23:26:46 2020,"meerge", 
23e539c,Patrick,Mon May 11 18:59:22 2020,"modelling per region",   1, 261 
3628846,Patrick,Mon May 11 17:47:27 2020,"trying to include varying ates in js",   9, 14, 367 
4d016a3,Patrick,Sat May 9 02:16:00 2020,"softer colors",   6, 300867, 30 
b23168f,Patrick,Sat May 9 01:57:19 2020,"removed ipython",   11, 156, 2120 
7769f77,Arne Elofsson (ae18c),Sat May 9 01:36:37 2020,"Merge", 
1f83763,Patrick,Sat May 9 00:47:45 2020,"fixing html",   8, 482, 297 
b2fc250,Arne Elofsson (ae18c),Fri May 8 21:30:45 2020,"Merge", 
ef5018a,Patrick,Fri May 8 21:00:39 2020,"finally managed to get the javascript correct",   32, 4873, 767 
073222f,Arne Elofsson (ae18c),Thu May 7 19:33:38 2020,"merge with master", 
ceff6f3,Patrick,Thu May 7 18:41:52 2020,"bokeh vis",   23, 2230, 147159 
f34978c,Arne Elofsson (ae18c),Thu May 7 16:58:37 2020,"hej",   2, 4, 3 
c68b365,Arne Elofsson (ae18c),Thu May 7 01:47:34 2020,"hej",   5, 10207, 11 
67e5cfb,Arne Elofsson (ae18c),Thu May 7 00:37:22 2020,"hej",   2, 40076, 28 
a8b020b,Arne Elofsson (ae18c),Thu May 7 00:35:08 2020,"By syncing",   4, 506522, 4 
2110c97,Patrick,Thu May 7 00:07:53 2020,"added map vis",   10, 162378, 58 
9f9a7ea,Patrick,Wed May 6 20:59:07 2020,"making interactive map",   10, 278, 4 
d44d29c,Patrick,Wed May 6 20:29:16 2020,"update",   2, 4, 8 
6cbcff4,Patrick,Wed May 6 17:39:35 2020,"fixed bug",   4, 16336, 11770 
7348dec,Patrick,Wed May 6 17:21:12 2020,"modelling countries together",   3, 15089, 37 
fc72deb,Arne Elofsson (ae18c),Wed May 6 07:03:35 2020,"By syncing",   1, 1, 1 
ef40462,Patrick,Wed May 6 01:43:36 2020,"original with herd",   1, 13, 15 
49468e2,Patrick,Wed May 6 01:24:58 2020,"constructing the original model with herd",   22, 60518, 322 
44691f7,Patrick,Tue May 5 21:20:42 2020,"bug, should have divided with 9)",   18, 308, 19 
a8f0f53,Patrick,Tue May 5 20:56:57 2020,"plotting",   3, 389, 2 
45b568b,Patrick,Tue May 5 20:39:29 2020,"modelling together",   167, 22, 5383 
f77a1a0,Patrick,Tue May 5 18:14:30 2020,"fixing herd",   120, 59, 8184 
ef03214,Patrick Bryant,Tue May 5 01:01:52 2020,"running dev per country",   2, 268, 5 
1a80377,Patrick,Mon May 4 23:50:39 2020,"modifying to run per country",   2, 42, 22 
d5bef1a,Patrick,Mon May 4 22:16:47 2020,"merge", 
f168dc4,Patrick,Mon May 4 22:15:16 2020,"plot",   2, 2, 2 
0823ee9,Patrick,Mon May 4 21:45:22 2020,"updating predictions",   21, 722, 46 
281acef,Patrick,Mon May 4 20:57:50 2020,"bug in population",   2, 135, 1 
eec4c4d,Patrick,Mon May 4 20:43:21 2020,"included herd immunity",   59, 2462, 2480 
1e4ed76,Patrick,Mon May 4 06:42:28 2020,"added 7day sliding window",   1, 1 
1527a01,Patrick,Mon May 4 06:40:52 2020,"added 7day sliding window",   172, 2684, 5 
6224fb5,Patrick Bryant,Mon May 4 06:04:39 2020,"Merge branch 'master' of https://github.com/patrickbryant1/COVID19.github.io merge", 
47e02c2,Patrick Bryant,Mon May 4 06:04:28 2020,"update",   1, 1, 1 
54edf23,Arne Elofsson (ae18c),Mon May 4 00:59:06 2020,"By syncing",   2, 48, 26 
c2c8189,Arne Elofsson (ae18c),Sat May 2 01:42:52 2020,"hej", 
05343b7,Arne Elofsson (ae18c),Sat May 2 01:40:44 2020,"hej",   4, 2074, 149 
d91bc52,Patrick Bryant,Fri May 1 22:58:14 2020,"Merge branch 'master' of https://github.com/patrickbryant1/COVID19.github.io merge", 
cce43d2,Arne Elofsson (ae18c),Fri May 1 02:42:35 2020,"analysis for SE fixed",   8, 824 
2295260,Patrick Bryant,Thu Apr 30 19:39:27 2020,"Merge branch 'master' of https://github.com/patrickbryant1/COVID19.github.io merge", 
088540b,Arne Elofsson (ae18c),Thu Apr 30 16:31:58 2020,"By syncing",   2, 1893, 1871 
a410bf7,Patrick Bryant,Wed Apr 29 22:15:00 2020,"Merge branch 'master' of https://github.com/patrickbryant1/COVID19.github.io merge", 
fa12b07,Arne Elofsson (ae18c),Wed Apr 29 21:29:24 2020,"By syncing",   4, 9961 
a8b95e4,Patrick Bryant,Wed Apr 29 20:30:18 2020,"Merge branch 'master' of https://github.com/patrickbryant1/COVID19.github.io merge", 
c91d801,Patrick Bryant,Wed Apr 29 20:30:14 2020,"update",   2, 4, 5 
e08815e,Patrick Bryant,Wed Apr 29 16:53:27 2020,"Merge branch 'master' of https://github.com/patrickbryant1/COVID19.github.io merge", 
24cc541,Arne Elofsson (ae18c),Tue Apr 28 22:56:47 2020,"tried to fix conflict", 
e3876dd,Patrick Bryant,Fri Apr 24 02:41:20 2020,"Merge branch 'master' of https://github.com/patrickbryant1/COVID19.github.io merge", 
a23af0f,Patrick Bryant,Fri Apr 24 02:41:03 2020,"fixing plots to svg",   1, 21, 15 
3d4d2f2,Patrick,Thu Apr 23 06:18:44 2020,"printing rel change in grocery and pharmacy",   3, 5 
da599b9,Patrick,Thu Apr 23 05:55:48 2020,"new predictions",   60, 4, 4 
f0a2a60,Patrick,Thu Apr 23 05:48:34 2020,"removed old plots",   817, 2, 82178 
dab6d70,Patrick,Thu Apr 23 05:47:12 2020,"Merge branch 'master' of github.com:patrickbryant1/COVID19.github.io merge", 
96a7fbd,Patrick,Thu Apr 23 05:47:04 2020,"added new forecasts in dev",   86, 8271, 10 
62303bd,Patrick,Thu Apr 23 02:24:27 2020,"making LOO plots",   216, 5133, 172121 
928cdbf,Patrick Bryant,Wed Apr 22 22:57:07 2020,"fixing LOO plots",   1, 4, 2 
ccc57af,Patrick Bryant,Wed Apr 22 22:40:59 2020,"Merge branch 'master' of https://github.com/patrickbryant1/COVID19.github.io merge", 
2da95b3,Patrick Bryant,Wed Apr 22 22:40:55 2020,"investigating LOO",   2, 3, 3 
ecbfa62,Patrick Bryant,Wed Apr 22 19:02:32 2020,"LOO",   1, 39, 9 
b50a457,Patrick,Wed Apr 22 16:38:35 2020,"removed old results",   24, 2, 26966 
90e2db2,Patrick,Wed Apr 22 05:22:54 2020,"changed to svg, rewuired by journal",   321, 167015, 25 
a8a3e76,Patrick,Wed Apr 22 05:06:59 2020,"restructuring",   5, 23420 
19fad72,Patrick,Tue Apr 21 19:40:48 2020,"fixed NPIs for Sweden",   14, 8, 4 
36393c3,Patrick,Tue Apr 21 01:39:03 2020,"plotting",   31, 817, 6 
33d4edd,Patrick,Mon Apr 20 21:50:38 2020,"running 3 week forecasts",   68, 7332, 39 
86a5233,Patrick,Mon Apr 20 07:15:04 2020,"Merge branch 'master' of github.com:patrickbryant1/COVID19.github.io merge", 
cd10e7f,Patrick,Mon Apr 20 07:14:59 2020,"plotting 3 week forecast",   130, 6613, 6 
ac2472b,Patrick Bryant,Mon Apr 20 05:09:59 2020,"using latest upate",   2, 11770, 1 
07840e4,Patrick Bryant,Sat Apr 18 03:11:36 2020,"adding missing countries to loo analysis",   1, 13, 6 
6931cff,Patrick,Sat Apr 18 02:55:30 2020,"update",   35, 18, 20 
46d00cd,Patrick,Fri Apr 17 23:18:08 2020,"using raw mobility csv data from Google",   140, 30199, 20436 
41e584b,Patrick Bryant,Fri Apr 17 21:57:55 2020,"removed print",   2, 7, 3 
1cf2ad4,Patrick,Fri Apr 17 19:57:12 2020,"Merge branch 'master' of github.com:patrickbryant1/COVID19.github.io merge", 
0570868,Patrick,Fri Apr 17 19:56:54 2020,"fixed mobility model to work with google provided csv",   131, 238806, 35684 
6229e23,Patrick Bryant,Fri Apr 17 01:46:54 2020,"Merge branch 'master' of https://github.com/patrickbryant1/COVID19.github.io merge", 
e5967ae,Patrick Bryant,Fri Apr 17 01:42:10 2020,"evaluating with cumulative deaths",   2, 42, 26 
a2480c1,Arne Elofsson (ae18c),Thu Apr 16 22:48:36 2020,"By syncing", 
77867d4,Patrick Bryant,Thu Apr 16 22:46:09 2020,"forecast analysis plots",   2, 51, 9 
949ebe5,Patrick Bryant,Thu Apr 16 19:18:07 2020,"evaluating forecast",   2, 49, 1 
d2814d6,Patrick Bryant,Thu Apr 16 18:41:14 2020,"forecast analysis",   1, 24, 43 
7732d86,Patrick Bryant,Thu Apr 16 17:40:08 2020,"forecast analysis",   1, 182 
e3644c9,Patrick Bryant,Thu Apr 16 17:26:28 2020,"ordering scripts",   2, 0, 0 
5749ee8,Patrick Bryant,Thu Apr 16 17:24:55 2020,"Merge branch 'master' of https://github.com/patrickbryant1/COVID19.github.io merge", 
03707a5,Patrick Bryant,Thu Apr 16 17:24:49 2020,"restructuring",   6, 10369, 68 
a4ac501,Patrick Bryant,Thu Apr 16 05:02:12 2020,"returned tuple, not data",   1, 1, 3 
deb353e,Patrick Bryant,Thu Apr 16 01:04:13 2020,"preparing model evaluation",   2, 43, 32 
55c2449,Patrick Bryant,Wed Apr 15 22:03:59 2020,"plotting loo",   1, 41, 94 
650b6df,Patrick Bryant,Wed Apr 15 21:00:27 2020,"plotting alphas",   2, 16, 11 
ddf728b,Patrick Bryant,Wed Apr 15 20:48:00 2020,"analyzing loo run",   2, 91, 141 
7661ecb,Patrick Bryant,Wed Apr 15 19:41:01 2020,"working on loo analysis",   1, 322 
2c8ea28,Patrick Bryant,Wed Apr 15 18:59:48 2020,"merge", 
5858c65,Patrick Bryant,Wed Apr 15 18:55:36 2020,"fixed to run at keb",   1, 11, 7 
15d4f50,Patrick Bryant,Wed Apr 15 05:36:10 2020,"defining dev model",   1, 13, 4 
007e988,Patrick,Wed Apr 15 05:09:12 2020,"added new mobility model using country specific scaling parameter",   2, 136, 2 
2775bca,Patrick,Wed Apr 15 04:40:04 2020,"removed stupid csv function",   6, 7, 226 
58df12b,Patrick Bryant,Wed Apr 15 04:35:02 2020,"added stan file",   1, 6, 4 
4f54067,Patrick,Wed Apr 15 02:01:39 2020,"Merge branch 'master' of github.com:patrickbryant1/COVID19.github.io", 
b704817,Patrick,Wed Apr 15 02:01:25 2020,"plots",   70, 88600, 11 
b9d9a6d,Patrick,Wed Apr 15 00:09:19 2020,"make sure the countries are in the same order for the simulation and visualization",   63, 17, 18 
61a92b0,Patrick,Tue Apr 14 23:20:23 2020,"plotting overlay",   2, 62, 36 
9c92d30,Patrick,Tue Apr 14 22:28:12 2020,"need an automatic image digitizer",   186, 1 
6eaa44a,Patrick,Tue Apr 14 22:01:59 2020,"adding Arne's mobility extraction",   213, 40, 915 
bd31de6,Patrick,Tue Apr 14 21:25:47 2020,"adding Arne's pdf extraction scripts",   134, 998, 5 
f049871,Patrick,Tue Apr 14 19:04:12 2020,"formatting vis",   44, 64, 113 
ac99ad8,Patrick,Tue Apr 14 18:18:03 2020,"splitting up modeling and vis",   3, 347, 154 
d850795,Patrick,Tue Apr 14 17:15:58 2020,"Merge branch 'master' of github.com:patrickbryant1/COVID19.github.io merge", 
c5a7cc6,Patrick,Tue Apr 14 17:15:39 2020,"cloning to keb",   1, 1 
9f2e21a,Patrick,Tue Apr 14 01:42:16 2020,"included pdf",   5, 4, 2 
be2d8ee,Arne Elofsson,Mon Apr 13 23:53:05 2020,"Create LICENSE",   1, 674 
799a9a0,Arne Elofsson (ae18c),Mon Apr 13 21:49:17 2020,"hej", 
a81f4b5,Arne Elofsson (ae18c),Mon Apr 13 21:44:46 2020,"hej",   38, 10, 6 
3ed3470,Patrick,Mon Apr 13 20:48:25 2020,"tried to add npis in rt plot, but too much",   101, 5970, 5864 
812134c,Patrick,Mon Apr 13 06:04:40 2020,"removed ecdc vis",   5, 2, 2133 
242c2c80,Patrick,Mon Apr 13 06:02:54 2020,"changed R0 distr",   4, 813, 743 
cc22409,Patrick,Mon Apr 13 05:58:29 2020,"removed log version",   66, 5817 
8fe9bc4,Patrick,Mon Apr 13 05:56:33 2020,"added out to webpage",   28, 9, 803 
5a3738d,Patrick,Mon Apr 13 04:17:26 2020,"added todays ecdc data",   2, 623, 8 
b55eb0d,Patrick,Mon Apr 13 02:45:19 2020,"update",   15, 9, 1 
5bef108,Patrick,Mon Apr 13 02:27:43 2020,"R0 2.79",   51, 1, 1268 
ee435b3,Patrick,Mon Apr 13 02:22:49 2020,"using R0 median=mean for normal distr of 2.79",   266, 6435, 12725 
6e5d1f3,Arne Elofsson (ae18c),Mon Apr 13 01:27:42 2020,"more models",   9, 1964, 3 
719f0d0,Patrick,Sun Apr 12 22:18:03 2020,"ran sim with R0 mean 3.28 in distribution",   84, 6444, 3 
82b0e6d,Arne Elofsson (ae18c),Sun Apr 12 22:12:26 2020,"added all plots",   1, 13, 8 
071ad6e,Patrick,Sun Apr 12 21:28:22 2020,"added cumulative measures",   140, 650, 28 
8742a7f,Arne Elofsson (ae18c),Sun Apr 12 19:48:53 2020,"more",   1, 1, 1 
e495a18,Arne Elofsson (ae18c),Sun Apr 12 19:47:53 2020,"fixed new plotting",   1, 32, 17 
357ead8,Arne Elofsson (ae18c),Sun Apr 12 01:45:32 2020,"updated CVS data",   82, 2828, 3077 
77440bb,Arne Elofsson (ae18c),Sat Apr 11 22:48:40 2020,"hej",   27, 888, 3 
ed0b9cd,Arne Elofsson (ae18c),Sat Apr 11 20:55:11 2020,"added three countries and new data",   6, 518, 7 
801b418,Patrick,Sat Apr 11 20:49:40 2020,"formatting mobility plots",   33, 11, 10 
d99838e,Arne Elofsson (ae18c),Sat Apr 11 17:31:48 2020,"some changes", 
d763e61,Arne Elofsson (ae18c),Sat Apr 11 17:31:18 2020,"some changes",   2, 3, 2 
513a299,Patrick,Sat Apr 11 07:39:27 2020,"plotting overlays",   17, 19, 5 
d26fcc5,Patrick,Sat Apr 11 07:15:53 2020,"overlaying intervention dates with mobility data",   65, 87, 9 
91867de,Patrick,Sat Apr 11 05:20:18 2020,"new plots with more accurate mobility data",   73, 5700, 5623 
acf9558,Patrick,Sat Apr 11 03:30:24 2020,"running with more accurate mobility data from Arne",   128, 5147, 1757 
814ee04,Arne Elofsson (ae18c),Fri Apr 10 05:56:47 2020,"Merge with master", 
ddc8194,Patrick,Fri Apr 10 05:51:11 2020,"ran all 11 countries for mobility",   75, 15929, 5 
54860c6,Patrick,Fri Apr 10 01:52:39 2020,"changed to CI plots and added mobility data for 8 more countries",   81, 1898, 1851 
585a3b9,Arne Elofsson (ae18c),Thu Apr 9 22:38:09 2020,"check of arnebranch",   1, 2, 2 
66f1eae,Patrick,Thu Apr 9 17:58:04 2020,"changing mobility model",   39, 1655, 1603 
637ce70,Patrick,Thu Apr 9 03:02:24 2020,"added mobility plots",   38, 1829, 13 
20bceaa,Patrick,Thu Apr 9 01:56:20 2020,"building mobility model",   4, 35, 62 
990a35d,Patrick,Thu Apr 9 01:02:31 2020,"building mobility model",   18, 10114, 8 
ee6e926,Patrick,Wed Apr 8 23:34:09 2020,"with and without log available",   159, 5848, 22 
155e85c,Patrick,Wed Apr 8 21:18:11 2020,"with/out log",   80, 5867, 5309 
91d2ac5,Patrick,Wed Apr 8 06:21:23 2020,"ran 4000 iterations",   48, 5288, 3 
c136a20,Patrick,Wed Apr 8 01:54:08 2020,"added vis",   44, 85, 17 
0524b67,Patrick,Tue Apr 7 22:44:40 2020,"walking through stan moel",   4, 29, 19 
fafbe45,Patrick,Tue Apr 7 22:17:08 2020,"looking through stan code",   2, 51, 25 
2259e8b,Patrick,Tue Apr 7 19:06:05 2020,"building stan model",   2, 54, 37 
82baba4,Patrick,Tue Apr 7 05:53:22 2020,"formatting data for stan model!",   1, 69, 18 
86c6d9d,Patrick,Tue Apr 7 02:00:29 2020,"formatting data due to icl",   6, 7456, 265 
0677ff6,Patrick,Mon Apr 6 20:29:37 2020,"building python version of icl model",   12, 8117, 140 
b92448b,Patrick,Fri Apr 3 20:49:40 2020,"halfnormal distr",   14, 2010, 148 
fc0197b,Patrick,Fri Apr 3 18:13:46 2020,"think I finall understood ITD",   21, 43228, 2609 
538488d,Patrick,Fri Apr 3 03:17:05 2020,"making complete sim",   14, 42667, 1627 
b6d135b,Patrick,Fri Apr 3 02:12:47 2020,"adding neg binomial",   1, 32, 2 
14d65d5,Patrick,Fri Apr 3 00:22:04 2020,"more distributions",   80, 15354, 238 
ce5eb97,Patrick,Thu Apr 2 21:26:20 2020,"added deaths",   813, 1257, 17260 
a8a3f2a,Patrick,Thu Apr 2 20:59:05 2020,"site broken",   4, 5, 5 
1f04289,Patrick,Thu Apr 2 20:54:21 2020,"apparently need docs folder",   878, 3, 904 
f229aea,Patrick,Thu Apr 2 20:48:30 2020,"site",   4, 12, 23 
f07f3b2,Patrick,Thu Apr 2 18:32:28 2020,"moved to root",   880, 17728, 741 
3b32023,Patrick,Thu Apr 2 18:21:15 2020,"rel paths not working",   1, 3, 3 
52e6783,Patrick,Thu Apr 2 18:16:49 2020,"update",   5, 418, 406 
2107fe1,Patrick,Thu Apr 2 18:12:59 2020,"rel path",   16, 1436, 588 
2e18975,Patrick,Thu Apr 2 18:04:58 2020,"rel path",   4, 5, 5 
8a5da7f,Patrick,Thu Apr 2 17:56:57 2020,"added slash",   2, 3, 3 
e03c96a,Patrick,Thu Apr 2 17:53:54 2020,"Trying to fix images",   3, 4, 4 
fd4b5cb,Patrick Bryant,Thu Apr 2 17:49:39 2020,"Update index.html",   1, 1, 1 
a817f6a,Patrick Bryant,Thu Apr 2 17:44:32 2020,"Update index.html",   1, 1, 1 
64a912b,Patrick,Thu Apr 2 17:27:13 2020,"fixing config",   17, 1909, 155 
1d243f7,Patrick,Thu Apr 2 17:15:55 2020,"update",   13, 7403, 6 
84deadb,Patrick,Thu Apr 2 17:08:21 2020,"page not loading",   5, 7, 7 
13bd36b,Patrick,Thu Apr 2 16:51:20 2020,"separate pages",   9, 163, 40 
41bdbd8,Patrick,Thu Apr 2 16:41:11 2020,"page not loading",   414, 732, 619 
bfcaf6f,Patrick,Thu Apr 2 16:36:26 2020,"changing layout",   485, 859, 814 
b49224b,patrick.bryant,Wed Apr 1 22:10:04 2020,"making gamma distributions",   751, 1277, 2 
ba2270b,patrick.bryant,Wed Apr 1 03:31:11 2020,"fixed barplots",   794, 4, 6 
0208a9d,patrick.bryant,Wed Apr 1 03:18:20 2020,"added barplot",   804, 54, 28 
c905c5a,patrick.bryant,Wed Apr 1 02:30:40 2020,"investigating worldbank data",   22, 15730, 104 
92e28a6,patrick.bryant,Tue Mar 31 00:19:22 2020,"renamed folder",   4, 232, 206 
3255fb1,patrick.bryant,Tue Mar 31 00:13:07 2020,"renamed to docs",   424, 793, 793 
040af1b,patrick.bryant,Tue Mar 31 00:10:20 2020,"R0 plot",   13, 97, 28 
ed35d29,patrick.bryant,Mon Mar 30 06:04:14 2020,"added figs",   404, 2770, 58 
85ad8a6,patrick.bryant,Mon Mar 30 05:22:58 2020,"building webpage for vis",   24, 2187 
c6e3395,patrick.bryant,Sat Mar 28 06:19:58 2020,"extracts and orders data",   1, 48, 2 
469a9da,patrick.bryant,Sat Mar 28 05:19:26 2020,"script for plotting corona data from ecdc",   1, 39 
fe51c80,Patrick Bryant,Sat Mar 28 05:13:26 2020,"Initial commit",   1, 2 