commit id,author,date,comment,changed files,lines added,lines deleted

60d062d,Pawan0411,Sat Apr 11 16:05:50 2020,"fixed toast message",   1, 1, 1 
3c063f0,Pawan0411,Sat Apr 11 04:11:53 2020,"fixed bugs",   5, 25, 254 
1e1edf9,Pawan Kumar Gorai,Tue Apr 7 01:54:49 2020,"added screenshots",   1, 13 
d11e139,Pawan0411,Tue Apr 7 01:52:07 2020,"added screenShots",   1, 0, 0 
08a7039,Pawan0411,Tue Apr 7 01:46:14 2020,"added screenShots",   1, 0, 0 
d3ade4b,Pawan0411,Tue Apr 7 01:40:54 2020,"added screenShots",   6, 235 
d06f720,Pawan Kumar Gorai,Tue Apr 7 01:35:50 2020,"Initial commit",   1, 22 
cdd91c8,Pawan0411,Thu Apr 2 02:38:06 2020,"bump v1.8",   10, 5, 45 
2549a0c,Pawan0411,Thu Apr 2 01:11:38 2020,"lint fix",   1, 1, 1 
28ae40d,Pawan0411,Thu Apr 2 01:10:38 2020,"bump v1.7",   2, 7, 4 
8ab2ce7,Pawan0411,Wed Apr 1 23:09:18 2020,"lint fix",   6, 8, 324 
9864768,Pawan0411,Wed Apr 1 22:48:07 2020,"ndk fix",   3, 5, 6 
b0d1f0b,Pawan0411,Wed Apr 1 22:34:51 2020,"ndk fix",   4, 5, 4 
068aec6,Pawan0411,Wed Apr 1 06:58:32 2020,"fixed bugs, min sdk to lollipop",   9, 22, 16 
113d722,Pawan0411,Wed Apr 1 06:08:19 2020,"district wise available",   23, 429, 51 
f0f8789,Pawan0411,Tue Mar 31 22:50:05 2020,"added decimal formatter",   8, 274, 4 
1eedb87,Pawan0411,Tue Mar 31 20:43:34 2020,"data stored locally, now stats available offline",   21, 358, 157 
3ec2342,Pawan0411,Fri Mar 27 17:06:33 2020,"fix",   3, 5, 5 
0f1a5db,adya1904,Fri Mar 27 14:38:32 2020,"added heat map suppport",   21, 426, 88 
3d4ee17,pawangorai,Tue Mar 24 22:09:53 2020,"bug fixes",   1, 22, 16 
3e48a10,pawangorai,Tue Mar 24 04:07:45 2020,"execute permission to gradlew",   1, 0, 0 
65a0ec4,pawangorai,Tue Mar 24 04:00:45 2020,"Merge branch 'master' of https://github.com/Pawan0411/Covid-19", 
03ff2a9,pawangorai,Tue Mar 24 04:00:03 2020,"test commit",   1, 7, 3 
9f37bb4,pawangorai,Tue Mar 24 02:44:15 2020,"fixed bugs,",   11, 135, 123 
73ea527,pawangorai,Mon Mar 23 16:07:03 2020,"new domain,added logo",   29, 247, 240 
2869181,pawangorai,Sun Mar 22 13:06:49 2020,"added support for marshmallow android version 6.0",   7, 30, 24 
0c7cd50,pawangorai,Sun Mar 22 04:55:16 2020,"UI Enhancement",   2, 81, 57 
07f0c61,pawangorai,Sun Mar 22 04:40:50 2020,"enhanced UI",   3, 47, 30 
674fd92,pawangorai,Sun Mar 22 03:09:30 2020,"added about page, fixed bugs",   7, 207, 32 
8747c61,pawangorai,Sun Mar 22 01:50:09 2020,"fetching api from firestore",   6, 49, 14 
493db04,pawangorai,Sun Mar 22 01:30:55 2020,"fixed bugs",   9, 177, 45 
7df5d44,pawangorai,Sun Mar 22 00:33:37 2020,"added guides fragment ,implemented broadcast receiver",   33, 794, 50 
706fc24,pawangorai,Sat Mar 21 13:23:15 2020,"added more info - hospitalized data",   6, 79, 17 
a02f796,Avinaba-Ray,Sat Mar 21 03:40:54 2020,"Layout edits",   1, 2 
d88a86b,Avinaba-Ray,Sat Mar 21 03:37:50 2020,"newsLayout edits",   1, 36, 25 
392dd91,Avinaba-Ray,Sat Mar 21 03:24:55 2020,"Fragment Scroll Issue resolved",   2, 5, 5 
9cd4f0c,pawangorai,Sat Mar 21 02:51:53 2020,"Statewise helpline numbers",   31, 451, 135 
15396ca,pawangorai,Fri Mar 20 23:04:39 2020,"progress bar",   2, 4, 2 
f14e8f1,pawangorai,Fri Mar 20 22:57:50 2020,"progress bar",   9, 78, 8 
79ec478,Avinaba-Ray,Fri Mar 20 21:43:51 2020,"Prediction Issue resolved",   1, 9, 1 
347e78f,Avinaba-Ray,Fri Mar 20 21:13:44 2020,"Refractored",   4, 14, 3 
5a8802a,pawangorai,Fri Mar 20 20:54:40 2020,"Initial commit",   65, 2144 