commit id,author,date,comment,changed files,lines added,lines deleted

e18b29a,PetoLau,Tue Aug 4 19:44:04 2020,"changed source of tests data",   5, 28, 5 
69b81df,PetoLau,Fri Jun 26 20:15:39 2020,"changed source of recovered data back to JHU",   3, 71, 59 
f19af2a,PetoLau,Thu May 28 18:32:58 2020,"add ceiling for trajectories",   1, 5, 3 
60db19c,PetoLau,Thu May 14 17:22:51 2020,"change ranges of dataviz and color of compare countries",   1, 10, 10 
51e8591,PetoLau,Thu May 14 03:33:40 2020,"add badge covidr",   1, 1 
98358dc,PetoLau,Wed May 13 06:43:52 2020,"update readme images",   1, 4, 4 
900ea3b,PetoLau,Wed May 13 06:42:31 2020,"Info boxes for clustering tabs",   8, 89, 50 
759000a,PetoLau,Sun Apr 26 19:22:00 2020,"update readme",   1, 1 
a581d56,PetoLau,Sun Apr 26 00:29:06 2020,"round values in focus plotly graph",   1, 3, 3 
58374b9,PetoLau,Thu Apr 23 18:30:11 2020,"fixed bugs with clustering trajectories + added log scale option on trajectories graphs",   3, 82, 27 
175bc79,PetoLau,Thu Apr 23 01:56:56 2020,"added SMA + normalization in DTW clustering + some UI updates",   3, 195, 90 
07da8b2,PetoLau,Tue Apr 14 22:47:29 2020,"little fix of available stats",   1, 2, 1 
e2d68c8,PetoLau,Tue Apr 14 18:55:24 2020,"upgrade clustering trajectories tab",   3, 109, 41 
61d6136,PetoLau,Tue Apr 14 04:11:30 2020,"clustering trajectories with DTW dist",   4, 841, 16 
5f76594,PetoLau,Sat Apr 11 21:24:25 2020,"fix order of dendogram",   1, 13, 2 
8b0a25f,PetoLau,Sat Apr 11 20:34:25 2020,"Added clusters averages in DT",   8, 100, 17 
deb9938,PetoLau,Sat Apr 11 05:22:40 2020,"added dropdown for clust. criteria",   3, 35, 21 
2a25d54,PetoLau,Sat Apr 11 04:35:02 2020,"fix 2D case",   2, 10, 8 
27495c8,PetoLau,Sat Apr 11 04:23:24 2020,"fixed bug with countries labels in dendogram + added colors to scatter plot based on clustering",   2, 101, 224 
b6fcef3,PetoLau,Fri Apr 10 19:35:58 2020,"minor updates of height",   2, 3, 3 
eb984ff,PetoLau,Fri Apr 10 19:25:01 2020,"merged 2D/MDS usage, usage of ggrepel instead of plotly",   3, 360, 256 
1da3088,PetoLau,Fri Apr 10 02:54:52 2020,"readme title",   1, 2, 3 
402d3b8,PetoLau,Fri Apr 10 02:51:16 2020,"upload screens",   4, 0, 0 
c8dd71c,PetoLau,Fri Apr 10 02:50:01 2020,"update readme",   2, 29, 11 
5f8806f,PetoLau,Thu Apr 9 20:37:23 2020,"add n. of tests data, clustering tab with 2d and multidim analysis",   5, 547, 6 
22aa4eb,PetoLau,Mon Apr 6 04:06:42 2020,"handle decreasing forecasts",   2, 36, 7 
c80590d,PetoLau,Thu Apr 2 22:51:11 2020,"add selectors for since first graph",   2, 54, 17 
43736f4,PetoLau,Thu Apr 2 00:55:22 2020,"fixed recovered cases in compare tab + new stats based on it",   1, 11, 6 
2eaa427,PetoLau,Thu Apr 2 00:45:10 2020,"alignments/ui changes",   2, 47, 45 
1f89359,PetoLau,Wed Apr 1 03:42:22 2020,"multiple picker for countries comparison",   3, 104, 56 
4eda700,PetoLau,Sun Mar 29 18:07:51 2020,"Comparison of countries sice their first 100th case/ 10th death",   2, 137, 7 
1983ae4,PetoLau,Thu Mar 26 01:25:51 2020,"update readme",   2, 3, 2 
822fcc5,PetoLau,Thu Mar 26 01:22:42 2020,"New source for recovered cases + new info panel",   2, 76, 37 
27d1bec,PetoLau,Wed Mar 25 00:56:14 2020,"Comparison of countries and stats Tab",   2, 140, 1 
7b657f3,PetoLau,Tue Mar 24 21:20:42 2020,"prettier dygraph legends",   3, 12, 7 
8420bf6,PetoLau,Tue Mar 24 19:21:07 2020,"Updated data based on CSSE warnings",   2, 11, 6 
aa6ae39,PetoLau,Tue Mar 24 07:33:52 2020,"added population to data and index - active cases per 1 million population",   5, 297, 7 
d3a6e54,PetoLau,Mon Mar 23 05:53:12 2020,"Update readme",   1, 4, 3 
d5d2e19,PetoLau,Sun Mar 22 20:12:25 2020,"New table of stats for every country in UI + minor changes",   4, 53, 12 
a79c031,PetoLau,Sat Mar 21 22:17:10 2020,"format numbers in valueboxes",   1, 8, 8 
860179f,PetoLau,Sat Mar 21 22:04:44 2020,"Added recovered cases to graphs",   2, 15, 13 
11f1621,PetoLau,Sat Mar 21 18:02:57 2020,"remove dataset",   1, 0, 0 
fcd1348,PetoLau,Sat Mar 21 18:01:46 2020,"new source of data - jhu csse",   4, 206, 9 
ca0370e,PetoLau,Fri Mar 20 02:39:12 2020,"Changed informative texts in app",   2, 29, 6 
f860f2e,PetoLau,Fri Mar 20 00:24:44 2020,"new data - 2020-03-19",   2, 1, 1 
884bb5e,PetoLau,Fri Mar 20 00:17:08 2020,"removed forecasting death cases, new informative texts, exception for N < 6 cases",   4, 132, 67 
eca729e,PetoLau,Thu Mar 19 12:44:09 2020,"Add wider selection for world graphs",   1, 3, 9 
c8f9bfe,PetoLau,Thu Mar 19 12:22:30 2020,"add link for app in readme",   2, 5 
35217e4,PetoLau,Thu Mar 19 11:26:54 2020,"Update readme",   2, 16, 1 
e7668e1,PetoLau,Thu Mar 19 11:16:51 2020,"v1.0.0 of the CoronaDash",   11, 793 
bca109c,Peter Laurinec,Thu Mar 19 04:31:03 2020,"Initial commit",   3, 714 