commit id,author,date,comment,changed files,lines added,lines deleted

15891c9,Arlemi,Tue Aug 18 19:23:05 2020,"Merge pull request #311 from kinlane/develop", 
0bf80b6,Christina Hastenrath,Wed Jul 15 10:09:01 2020,"Merge pull request #308 from postmanlabs/develop", 
1cd5f62,Christina Hastenrath,Wed Jul 15 09:52:43 2020,"Merge pull request #307 from postmanlabs/fix-build", 
2910a7b,Christina Hastenrath,Wed Jul 15 07:25:52 2020,"Merge pull request #305 from postmanlabs/fix-build", 
ccce04a,Christina Hastenrath,Wed Jul 15 06:24:28 2020,"Merge pull request #301 from postmanlabs/feature/677", 
9ee65d0,Christina Hastenrath,Wed Jul 15 06:24:17 2020,"Merge pull request #302 from postmanlabs/feature/760", 
bebbaa2,Christina Hastenrath,Wed Jul 15 06:24:00 2020,"Merge pull request #304 from postmanlabs/feature/666", 
b66d02a,Ryan McBride,Tue Jul 14 05:10:52 2020,"Merge pull request #303 from postmanlabs/gclid-cookie", 
e8a39b0,Ryan McBride,Fri Jun 26 03:32:57 2020,"Merge pull request #298 from postmanlabs/develop", 
e384dfa,Christina Hastenrath,Fri Jun 26 03:27:17 2020,"Merge pull request #300 from postmanlabs/update-3", 
b14824c,Arlemi,Fri Jun 26 02:50:14 2020,"Merge pull request #297 from postmanlabs/add-to-api-list", 
42289c3,Ryan-McBride,Fri Jun 26 02:48:32 2020,"added comment",   1, 1, 1 
d9594f4,Ryan McBride,Tue Jun 23 10:59:39 2020,"Merge pull request #296 from postmanlabs/referrer-cookie-2", 
65457cb,System Administrator,Tue Jun 23 10:19:56 2020,"adding five new collections",   4, 146, 103 
fd2d1da,Ryan-McBride,Fri Jun 19 05:39:39 2020,"adding referrer_url cookie handling",   2, 83, 37 
5bc99ce,Arlemi,Tue Jun 16 22:42:13 2020,"bulk add of 4 collections",   1, 25, 1 
1f783ae,Tristan Denyer,Wed May 20 06:17:59 2020,"Merge pull request #287 from postmanlabs/update-contributing", 
92c0681,Arlemi,Tue May 19 18:45:28 2020,"Merge pull request #280 from shobhu98/patch-1", 
8b310b3,Arlemi,Tue May 19 00:49:53 2020,"Merge pull request #242 from TeepaBlue/develop", 
5b9bb03,Kin Lane,Wed May 13 06:02:13 2020,"Merge pull request #283 from postmanlabs/develop", 
fea826b,Kin Lane,Wed May 13 05:16:26 2020,"Merge pull request #282 from kinlane/develop", 
fe21a0e,Kin Lane,Wed May 13 02:31:33 2020,"Merge pull request #281 from postmanlabs/develop", 
d71c267,Arlemi,Mon May 4 22:26:13 2020,"Merge pull request #259 from kinlane/develop", 
01d9d32,Kin Lane,Thu Apr 30 12:25:18 2020,"Merge pull request #274 from postmanlabs/develop", 
6c978e7,Kin Lane,Thu Apr 30 11:33:57 2020,"Merge pull request #273 from covid-19-testing/develop", 
bf74da2,Kin Lane,Thu Apr 30 01:57:17 2020,"Merge pull request #271 from postmanlabs/master", 
e399fa5,Kin Lane,Wed Apr 29 14:15:16 2020,"Merge pull request #267 from covid-19-testing/develop", 
c3e725a,Kin Lane,Wed Apr 29 10:44:48 2020,"Merge pull request #256 from postmanlabs/feature/255", 
d63c0cf,Kyle Calica,Wed Apr 29 09:48:37 2020,"Merge pull request #266 from stcalica/veterans-affairs-api", 
0aca7d3,Arlemi,Tue Apr 28 07:33:15 2020,"Merge pull request #257 from postmanlabs/develop", 
9b7409d,Christina,Tue Apr 28 06:02:20 2020,"removed console log",   1, 1 
9b10169,Christina,Tue Apr 28 05:14:26 2020,"fixed linting error",   1, 1, 1 
c618095,Christina,Tue Apr 28 05:12:43 2020,"added 4 states, minnesota has no sites yet",   3, 81, 9 
635d51d,Christina Hastenrath,Tue Apr 28 04:51:38 2020,"Merge pull request #251 from postmanlabs/bugfix", 
d918683,Arlemi,Tue Apr 28 04:32:13 2020,"Merge pull request #252 from kinlane/covid-19-api-list-updates", 
7cb1fd4,Christina,Thu Apr 23 13:18:45 2020,"fix abbreviations",   1, 2, 2 
9850284,Christina,Thu Apr 23 13:16:43 2020,"fixed merge conflicts", 
3ef03cb,Christina,Thu Apr 23 13:13:45 2020,"fixed typo",   3, 39, 15 
eb33005,Christina Hastenrath,Thu Apr 23 12:36:38 2020,"Merge pull request #249 from postmanlabs/addStates", 
6100fe0,Christina,Thu Apr 23 12:35:15 2020,"fixed typo",   1, 1, 7 
1245d2e,Christina,Thu Apr 23 12:28:33 2020,"added space",   2, 12, 1 
df03d46,Christina,Thu Apr 23 11:33:50 2020,"adding colorado and illinois",   3, 37, 16 
7f64546,Christina Hastenrath,Sat Apr 4 06:10:35 2020,"Merge pull request #230 from postmanlabs/GH/feature-226", 
1946436,Christina,Sat Apr 4 04:47:59 2020,"fix url bug",   1, 1, 2 
fc6ed84,Christina Hastenrath,Sat Apr 4 03:57:02 2020,"Merge pull request #229 from postmanlabs/alphabet", 
f73d70a,Tristan Denyer,Fri Apr 3 14:04:53 2020,"Merge pull request #227 from HrithikMittal/patch-1", 
9d54841,Tristan Denyer,Fri Apr 3 14:04:28 2020,"Merge pull request #228 from HrithikMittal/patch-2", 
9db20db,Christina Hastenrath,Fri Apr 3 10:27:32 2020,"Merge pull request #225 from postmanlabs/develop", 
70f91d8,Christina Hastenrath,Fri Apr 3 10:25:06 2020,"Merge pull request #224 from postmanlabs/feature/GH-221", 
4c287b1,Christina,Fri Apr 3 10:16:08 2020,"fixing merge conflicts", 
b4924a8,Christina,Fri Apr 3 09:44:32 2020,"fixed linting errors",   2, 2, 2 
c318afb,Christina Hastenrath,Fri Apr 3 09:43:35 2020,"Merge pull request #222 from postmanlabs/feature/220-status-403-links", 
6a84bbf,Christina,Fri Apr 3 09:41:11 2020,"added deep linking",   7, 39, 11 
b0962f2,Tristan Denyer,Fri Apr 3 07:48:47 2020,"Merge pull request #219 from postmanlabs/develop", 
ff86aae,Tristan Denyer,Fri Apr 3 07:33:42 2020,"Merge pull request #218 from postmanlabs/feature/GH-216", 
a500b77,Christina Hastenrath,Fri Apr 3 05:57:22 2020,"Merge pull request #214 from postmanlabs/develop", 
345cfab,Christina Hastenrath,Fri Apr 3 05:33:32 2020,"Merge pull request #213 from postmanlabs/seoimage", 
9eafb5f,Christina Hastenrath,Fri Apr 3 05:19:36 2020,"Merge pull request #212 from postmanlabs/add-redirects", 
2398ec3,Tristan Denyer,Fri Apr 3 05:00:19 2020,"Merge pull request #211 from postmanlabs/redirect", 
e491c76,Christina Hastenrath,Fri Apr 3 04:30:34 2020,"Merge pull request #210 from postmanlabs/blurb", 
2ff83bc,Tristan Denyer,Fri Apr 3 04:10:36 2020,"Merge pull request #209 from postmanlabs/blurb", 
c6dc2ed,Christina Hastenrath,Fri Apr 3 01:36:14 2020,"Merge pull request #197 from postmanlabs/add-sites", 
52fe5c9,Tristan Denyer,Thu Apr 2 09:47:13 2020,"Merge pull request #196 from postmanlabs/top-nav-bar-refactor", 
c96aee2,Tristan Denyer,Thu Apr 2 08:55:54 2020,"Merge pull request #195 from postmanlabs/update-buttons-and-alpha-sort", 
53d474f,Christina Hastenrath,Thu Apr 2 08:32:18 2020,"Merge pull request #194 from postmanlabs/develop", 
6573e25,Christina Hastenrath,Thu Apr 2 08:27:11 2020,"Merge pull request #193 from postmanlabs/seo", 
519bb94,Tristan Denyer,Thu Apr 2 08:02:25 2020,"Merge pull request #192 from postmanlabs/resource", 
b9acb08,Tristan Denyer,Thu Apr 2 07:47:36 2020,"Merge pull request #191 from postmanlabs/styling-last-updated", 
3c78393,Tristan Denyer,Thu Apr 2 07:47:24 2020,"Merge pull request #190 from postmanlabs/resource", 
2f25cd1,Tristan Denyer,Thu Apr 2 07:47:04 2020,"Merge pull request #189 from postmanlabs/button-styling", 
5463472,Tristan Denyer,Thu Apr 2 07:37:25 2020,"Merge pull request #188 from postmanlabs/styling-changes", 
99242f1,Christina Hastenrath,Thu Apr 2 07:33:14 2020,"Merge pull request #187 from postmanlabs/date", 
e068b49,Tristan Denyer,Thu Apr 2 07:30:30 2020,"Merge pull request #186 from postmanlabs/feature/GH-179", 
aa7ded6,Christina Hastenrath,Thu Apr 2 07:16:42 2020,"Merge pull request #185 from postmanlabs/state-page-styling", 
2304e38,Tristan Denyer,Thu Apr 2 07:13:34 2020,"Merge pull request #184 from postmanlabs/feature/GH-179", 
c5e2168,Christina Hastenrath,Thu Apr 2 05:51:02 2020,"Merge pull request #182 from postmanlabs/feature/176", 
c82323e,Tristan Denyer,Thu Apr 2 04:13:29 2020,"Merge pull request #181 from postmanlabs/feature/GH-179", 
fece24c,Christina Hastenrath,Thu Apr 2 02:41:59 2020,"Merge pull request #173 from postmanlabs/addingStates", 
718b1fb,Christina Hastenrath,Thu Apr 2 02:34:44 2020,"Merge pull request #172 from postmanlabs/add-readme", 
ba8bf16,tristandenyer,Thu Apr 2 02:31:19 2020,"updated readmes",   2, 30 
589362e,Christina Hastenrath,Thu Apr 2 02:18:00 2020,"Merge pull request #171 from postmanlabs/feature-flag", 
346cf48,Tristan Denyer,Wed Apr 1 11:28:43 2020,"Merge pull request #168 from postmanlabs/feature/166", 
cb94193,Christina Hastenrath,Wed Apr 1 11:23:02 2020,"Merge pull request #167 from postmanlabs/feature/GH-132", 
d446469,Tristan Denyer,Wed Apr 1 11:04:51 2020,"Merge pull request #165 from postmanlabs/hero-fix", 
0872a55,Tristan Denyer,Wed Apr 1 10:58:17 2020,"Merge pull request #164 from postmanlabs/state-page-layout", 
1f87f50,Tristan Denyer,Wed Apr 1 10:56:52 2020,"Merge pull request #162 from postmanlabs/state-page-cards", 
6a04a04,Tristan Denyer,Wed Apr 1 10:36:38 2020,"Merge pull request #161 from postmanlabs/fix-heroLight", 
6b4d82c,Tristan Denyer,Wed Apr 1 10:02:47 2020,"Merge pull request #159 from postmanlabs/style-updates", 
f178292,Tristan Denyer,Wed Apr 1 10:01:54 2020,"Merge pull request #157 from postmanlabs/feature/129-buttons-and-links", 
d168fbf,Tristan Denyer,Wed Apr 1 09:53:33 2020,"Merge pull request #156 from postmanlabs/feature/GH-149", 
fb309b7,Christina Hastenrath,Wed Apr 1 09:42:25 2020,"Merge pull request #150 from postmanlabs/feature/GH-148", 
86b1ee0,Tristan Denyer,Wed Apr 1 09:05:33 2020,"Merge pull request #147 from postmanlabs/feature/GH-145", 
97cab0d,Tristan Denyer,Wed Apr 1 08:36:27 2020,"Merge pull request #144 from postmanlabs/disclaimer-removal", 
e6119eb,Tristan Denyer,Wed Apr 1 08:30:15 2020,"Merge pull request #142 from postmanlabs/feature/131-hero-50-50", 
3c691c5,Tristan Denyer,Wed Apr 1 07:53:57 2020,"Merge pull request #139 from postmanlabs/feature/GH-136", 
29b8dd1,Christina Hastenrath,Wed Apr 1 07:33:19 2020,"Merge pull request #140 from postmanlabs/feature/133-state-cards-styles", 
7fb4583,Tristan Denyer,Wed Apr 1 07:28:36 2020,"Merge pull request #141 from postmanlabs/feature/GH-130", 
8415afa,Tristan Denyer,Wed Apr 1 07:25:10 2020,"Merge pull request #138 from postmanlabs/feature/128-footer-styling", 
9881f33,tristandenyer,Wed Apr 1 07:24:12 2020,"[133] updated card styling and buttons",   6, 47, 43 
ca655be,Christina,Wed Apr 1 04:39:05 2020,"added static meta tag",   1, 4 
8131529,Tristan Denyer,Wed Apr 1 01:38:42 2020,"Merge pull request #122 from kinlane/develop", 
f71d8d8,Christina Hastenrath,Tue Mar 31 11:36:59 2020,"Merge pull request #127 from postmanlabs/feature/126-how-it-works-content", 
c276497,Christina Hastenrath,Tue Mar 31 11:34:38 2020,"Merge pull request #125 from postmanlabs/feature/102", 
d1b0168,Christina Hastenrath,Tue Mar 31 11:32:28 2020,"Merge pull request #124 from postmanlabs/feature/116-update-copy", 
b380c87,Christina Hastenrath,Tue Mar 31 11:30:08 2020,"Merge pull request #123 from postmanlabs/feature/GH-96", 
3eca7da,Tristan Denyer,Tue Mar 31 07:17:05 2020,"Merge pull request #121 from postmanlabs/feature/120-call-for-action-split", 
0704805,Tristan Denyer,Tue Mar 31 07:14:00 2020,"Merge pull request #112 from postmanlabs/readme-update-img-contribution", 
bc2ed00,Tristan Denyer,Tue Mar 31 07:13:45 2020,"Merge pull request #114 from postmanlabs/README-fixed-build-instructions", 
f9802c6,Tristan Denyer,Tue Mar 31 05:31:58 2020,"Merge pull request #117 from postmanlabs/feature/115-add-pages", 
a947dca,Kin Lane,Tue Mar 31 04:58:35 2020,"Merge pull request #99 from ProBeta1/br", 
a283692,Tristan Denyer,Tue Mar 31 02:22:38 2020,"Merge pull request #106 from ProBeta1/patch-1", 
8e62efe,Tristan Denyer,Mon Mar 30 06:43:54 2020,"Merge pull request #97 from postmanlabs/feature/refactor-testing-site-styles", 
a90655e,Tristan Denyer,Mon Mar 30 06:42:22 2020,"Merge pull request #108 from postmanlabs/feature/107-code-of-conduct", 
35019a4,Tristan Denyer,Mon Mar 30 06:41:59 2020,"Merge pull request #110 from postmanlabs/feature/109-update-readme", 
bc6c822,Tristan Denyer,Sat Mar 28 07:43:29 2020,"Merge pull request #95 from kinlane/develop", 
43a5f9a,Christina Hastenrath,Sat Mar 28 03:51:43 2020,"Merge pull request #86 from postmanlabs/develop", 
d3b3ad9,Christina Hastenrath,Sat Mar 28 03:19:50 2020,"Merge pull request #85 from postmanlabs/feature/GH-80", 
30b36fc,Christina Hastenrath,Sat Mar 28 03:18:06 2020,"Merge pull request #81 from postmanlabs/feature/79-styling-testing-sites-components", 
03b5e7a,Tristan Denyer,Fri Mar 27 14:17:31 2020,"Merge pull request #76 from postmanlabs/feature/GH-74", 
650c0c6,Christina Hastenrath,Fri Mar 27 08:44:22 2020,"Merge pull request #73 from postmanlabs/develop", 
86ba8a0,Christina Hastenrath,Fri Mar 27 08:19:29 2020,"Merge pull request #72 from postmanlabs/feature/69-refactor-grid-layout", 
8a92ce4,Christina Hastenrath,Fri Mar 27 07:56:29 2020,"Merge pull request #71 from postmanlabs/feature/GH-64", 
ce9ff1e,Tristan Denyer,Fri Mar 27 06:43:59 2020,"Merge pull request #68 from postmanlabs/feather/GH-63", 
fbf5d44,Kin Lane,Fri Mar 27 06:17:50 2020,"Merge pull request #67 from kinlane/develop", 
ebe8b85,oswish,Fri Mar 27 04:45:05 2020,"Merge pull request #65 from postmanlabs/feature/BUILD_deep-import-build-err", 
8a72d6b,Tristan Denyer,Fri Mar 27 04:42:50 2020,"Merge pull request #66 from postmanlabs/develop", 
01b4c32,Christina Hastenrath,Fri Mar 27 03:01:00 2020,"Merge pull request #61 from postmanlabs/feature/GH-57", 
38d0b26,Tristan Denyer,Fri Mar 27 02:37:33 2020,"Merge pull request #60 from postmanlabs/feature/49-ga-tag", 
ad6d566,Christina Hastenrath,Fri Mar 27 02:33:57 2020,"Merge pull request #59 from postmanlabs/feature/GH-58", 
ad36269,Christina Hastenrath,Thu Mar 26 10:33:26 2020,"Merge pull request #56 from postmanlabs/develop", 
1f14b0b,Christina Hastenrath,Thu Mar 26 10:26:35 2020,"Merge pull request #54 from postmanlabs/buttons", 
356f1a3,oswish,Thu Mar 26 10:04:04 2020,"Merge pull request #52 from postmanlabs/feature/LINT-supress-dangerouslySetInnerHTML", 
73a54d1,Christina,Thu Mar 26 09:04:43 2020,"moved form out of landing page",   5, 41, 7 
42feb05,Christina Hastenrath,Thu Mar 26 08:11:16 2020,"Merge pull request #51 from postmanlabs/develop", 
32ffcd3,Christina Hastenrath,Thu Mar 26 07:45:45 2020,"Merge pull request #50 from postmanlabs/typo3", 
bab859a,Christina,Thu Mar 26 07:45:32 2020,"Merge branch 'develop' of github.com:postmanlabs/covid-19-apis into feature/GH-41", 
e8a9ef5,Christina,Thu Mar 26 07:39:48 2020,"wip form",   1, 14 
1eff22a,Christina Hastenrath,Thu Mar 26 07:15:40 2020,"Merge pull request #47 from postmanlabs/develop", 
bdf24c5,Christina Hastenrath,Thu Mar 26 07:07:25 2020,"Merge pull request #48 from postmanlabs/typo2", 
64d1005,Christina Hastenrath,Thu Mar 26 06:42:02 2020,"Merge pull request #46 from postmanlabs/typo", 
882c4b8,Christina,Thu Mar 26 06:40:04 2020,"typo",   1, 1, 1 
e97d2a8,Christina Hastenrath,Thu Mar 26 05:24:31 2020,"Merge pull request #45 from postmanlabs/develop", 
b341527,Christina Hastenrath,Thu Mar 26 05:22:51 2020,"Merge pull request #44 from postmanlabs/title-fix", 
3e56ceb,Christina Hastenrath,Thu Mar 26 05:09:21 2020,"Merge pull request #39 from postmanlabs/develop", 
40b542e,Christina Hastenrath,Thu Mar 26 05:05:50 2020,"Merge pull request #43 from postmanlabs/seo-fix", 
dd10a4b,Christina Hastenrath,Thu Mar 26 04:09:09 2020,"Merge pull request #40 from postmanlabs/marketo", 
5cc6c02,Tristan Denyer,Thu Mar 26 04:04:22 2020,"Merge pull request #38 from postmanlabs/feature/36-seo-metadata", 
3d37154,oswish,Thu Mar 26 03:50:12 2020,"Merge pull request #37 from postmanlabs/feature/HERO_overflow", 
62ede9c,Ryan McBride,Wed Mar 25 16:16:55 2020,"Merge pull request #35 from postmanlabs/develop", 
eb37800,Ryan-McBride,Wed Mar 25 16:11:30 2020,"adding invalidations",   2, 4, 2 
de23663,Ryan-McBride,Wed Mar 25 16:01:55 2020,"updated key",   1, 2, 2 
75cbfab,Ryan-McBride,Wed Mar 25 16:00:25 2020,"added prod pipeline",   1, 23 
0e4ca49,Ryan-McBride,Wed Mar 25 15:55:27 2020,"message to test",   1, 1, 1 
15bdbb0,Ryan McBride,Wed Mar 25 15:44:16 2020,"Merge pull request #34 from postmanlabs/betadeploy", 
e7a4693,Ryan-McBride,Wed Mar 25 15:43:38 2020,"rogue command",   1, 1, 1 
a74786b,Ryan-McBride,Wed Mar 25 15:42:39 2020,"adding beta deploy work flow",   3, 225 
2ae843a,Ryan McBride,Wed Mar 25 15:31:43 2020,"Merge pull request #33 from postmanlabs/re-arranging", 
74d1a61,Ryan-McBride,Wed Mar 25 15:31:03 2020,"removed extra path stuff",   5, 12, 12 
c62f499,Christina,Wed Mar 25 10:14:59 2020,"deploy 3",   1, 0, 0 
9f00fc6,Christina Hastenrath,Wed Mar 25 10:13:36 2020,"Merge pull request #31 from postmanlabs/updates", 
e1a17ea,Ryan McBride,Wed Mar 25 10:06:15 2020,"Merge pull request #32 from postmanlabs/formfix", 
a560b91,Ryan-McBride,Wed Mar 25 10:03:21 2020,"removed conditional",   1, 20, 23 
b4924a0,Ryan-McBride,Wed Mar 25 10:02:37 2020,"potential form fix",   3, 25, 49 
e8d9acb,Christina,Wed Mar 25 09:25:31 2020,"deploy 2",   1, 0, 0 
da9848f,Christina Hastenrath,Wed Mar 25 09:24:40 2020,"Merge pull request #30 from postmanlabs/updates", 
144a8e5,Christina,Wed Mar 25 08:53:05 2020,"first deploy attempt",   1, 0, 0 
4590df0,Christina,Wed Mar 25 08:36:48 2020,"first deploy attempt",   1, 0, 0 
1899b43,Christina Hastenrath,Wed Mar 25 08:28:20 2020,"Merge pull request #29 from postmanlabs/updates", 
a2ddc79,Tristan Denyer,Wed Mar 25 08:12:29 2020,"Merge pull request #26 from postmanlabs/feature/22-link-styles", 
16559b5,Tristan Denyer,Wed Mar 25 07:58:57 2020,"Merge pull request #25 from postmanlabs/updates", 
80a8584,Tristan Denyer,Wed Mar 25 07:54:15 2020,"Merge pull request #24 from postmanlabs/feature/23-grid-layout", 
bac83e9,oswish,Wed Mar 25 07:27:59 2020,"Merge pull request #21 from postmanlabs/feature/NON-PROFIT_marketo-no-dom", 
ded49e3,oswish,Wed Mar 25 06:13:41 2020,"Merge pull request #20 from postmanlabs/feature/NON-PROFIT_marketo-form", 
fcef004,Christina Hastenrath,Wed Mar 25 04:47:31 2020,"Merge pull request #18 from postmanlabs/thankyou", 
936a3dd,Christina Hastenrath,Wed Mar 25 03:39:11 2020,"Merge pull request #17 from postmanlabs/urls", 
678d852,Christina Hastenrath,Wed Mar 25 01:22:34 2020,"Merge pull request #16 from postmanlabs/form", 
326d93c,Christina Hastenrath,Tue Mar 24 10:23:11 2020,"Merge pull request #15 from postmanlabs/collections", 
4bd8df1,Christina Hastenrath,Tue Mar 24 08:23:50 2020,"Merge pull request #14 from postmanlabs/hero", 
7333ae4,Ryan-McBride,Tue Mar 24 07:28:46 2020,"updating release",   1, 0, 0 
6307689,Christina Hastenrath,Tue Mar 24 06:10:40 2020,"Merge pull request #13 from postmanlabs/feature/GH-9", 
6e050d7,Ryan McBride,Tue Mar 24 05:12:12 2020,"Merge pull request #12 from postmanlabs/feature/create-release", 
b4b71a3,Ryan-McBride,Tue Mar 24 04:55:21 2020,"Merge branch 'develop' of github.com:postmanlabs/covid-19-apis into feature/create-release", 
4ac3c86,Ryan-McBride,Tue Mar 24 04:45:04 2020,"creating release command",   2, 1 
3861e71,Christina Hastenrath,Tue Mar 24 04:39:53 2020,"Merge pull request #11 from postmanlabs/10-Footer", 
7c8c31c,Christina Hastenrath,Tue Mar 24 04:25:30 2020,"Merge pull request #8 from postmanlabs/7-markdown", 
3f8d135,Christina Hastenrath,Sat Mar 21 06:39:23 2020,"Merge pull request #6 from postmanlabs/ch264-gh-action-setup", 
5586eb8,Christina Hastenrath,Sat Mar 21 06:25:37 2020,"Merge pull request #5 from postmanlabs/eslint", 
4b48072,Christina,Sat Mar 21 04:39:52 2020,"added markdown linter to repo",   2, 176, 19 
5bd7d50,Christina Hastenrath,Sat Mar 21 03:45:16 2020,"Merge pull request #2 from postmanlabs/develop", 
e47802b,Christina,Sat Mar 21 03:22:18 2020,"added gatsby app bare bones",   20, 18307 
57f3593,Christina,Sat Mar 21 02:17:18 2020,"first commit",   1, 1 