commit id,author,date,comment,changed files,lines added,lines deleted

93b9edc,jdehning,Mon Apr 6 18:33:45 2020,"Add files via upload",   2, 0, 0 
73e35b6,jdehning,Fri Apr 3 02:50:25 2020,"Update figures",   2, 0, 0 
e19c457,jdehning,Mon Mar 30 03:56:25 2020,"Update Figures",   2, 0, 0 
45f32d0,jdehning,Fri Mar 27 20:14:28 2020,"Update figure and script",   3, 1061, 207 
ffa66f3,Paul Spitzner,Fri Mar 27 19:20:15 2020,"Create .last_updated",   1, 1 
f2bacb7,jdehning,Thu Mar 26 22:08:17 2020,"Update figures",   2, 0, 0 
0122a1c,Paul
Alublech,Thu Mar 26 22:05:43 2020,"methods linked in readme",   1, 1, 1 
9e3fa48,Paul
Alublech,Thu Mar 26 22:02:37 2020,"methods as pdf linked in readme",   1, 2, 1 
48a91f3,Paul
Alublech,Thu Mar 26 22:01:02 2020,"added methods as pdf",   1, 0, 0 
a4c8342,Johannes Zierenberg,Thu Mar 26 21:52:36 2020,"Delete model_methods.md",   1, 149 
c444b8f,Johannes Zierenberg,Thu Mar 26 21:52:24 2020,"Update model_methods.md",   1, 1, 1 
8e17de9,Johannes Zierenberg,Thu Mar 26 21:45:06 2020,"Update model_methods.md",   1, 1, 3 
bf0039b,Johannes Zierenberg,Thu Mar 26 21:41:03 2020,"Update model_methods.md",   1, 2 
7bdc978,Johannes Zierenberg,Thu Mar 26 21:39:24 2020,"Create model_methods.md",   1, 149 
68ce199,jdehning,Thu Mar 26 18:14:54 2020,"Update Figures",   2, 0, 0 
4f3327f,jdehning,Thu Mar 26 07:04:06 2020,"Update script and add plots",   3, 329, 136 
897c727,jdehning,Thu Mar 26 07:02:24 2020,"Added combined plots",   2, 0, 0 
e652daf,jdehning,Thu Mar 26 04:42:31 2020,"Merge pull request #1 from joaopn/patch-1", 
e05d8ec,jdehning,Wed Mar 25 18:47:03 2020,"Redid plots of 21.3 with delay fitted",   1, 764 
9817a30,jdehning,Wed Mar 25 02:32:37 2020,"Added link to notebook",   1, 2 
c6b1f4a,jdehning,Wed Mar 25 02:29:31 2020,"Added scenario strong soc. dista. since 5 days ago",   1, 70, 78 
eb76740,jdehning,Wed Mar 25 02:28:33 2020,"Delete Corona_germany_SIR (1).ipynb",   1, 681 
cc91c95,jdehning,Wed Mar 25 02:28:11 2020,"Added scenario strong distancing since 5 days ago",   1, 681 
36bed35,Paul
Alublech,Tue Mar 24 19:27:39 2020,"Acknowledgements",   1, 1 
f864cad,Paul
Alublech,Tue Mar 24 19:26:14 2020,"added Acknowledgements",   1, 3, 2 
ebc99c2,Paul
Alublech,Tue Mar 24 19:24:19 2020,"Merge branch 'master' of github.com:Priesemann-Group/covid_bayesian_mcmc", 
126c034,Paul
Alublech,Tue Mar 24 19:23:49 2020,"updated readme to include the methods pad link",   1, 3, 1 
f0feb7e,jdehning,Mon Mar 23 23:13:42 2020,"Upload Notebook",   1, 1544 
466aa18,Paul
Alublech,Mon Mar 23 22:04:36 2020,"First commit",   2, 12 