commit id,author,date,comment,changed files,lines added,lines deleted

999f5de,PySimpleGUI,Sun May 17 23:05:09 2020,"Added Frames around everything. Added down arrow (yea... shrinking numbers)",   2, 9, 10 
902333b,PySimpleGUI,Sun May 17 23:04:21 2020,"Detect when user chooses more locations than rows and force setting window open",   2, 39, 24 
68e354e,PySimpleGUI,Sun May 17 23:02:15 2020,"Revert "Detect when more locations have been specified than there is room for and give user change to change row count."",   3, 34, 48 
dacf158,PySimpleGUI,Sun May 17 22:59:14 2020,"Merge branch 'master' of https://github.com/PySimpleGUI/PySimpleGUI-COVID19", 
84a657e,PySimpleGUI,Sun May 17 22:59:00 2020,"Detect when more locations have been specified than there is room for and give user change to change row count.",   3, 48, 34 
bc82bd7,PySimpleGUI,Wed May 6 21:39:38 2020,"Ability to show non-cumulative graphs too.",   2, 46, 12 
551a3b9,PySimpleGUI,Mon Apr 13 12:52:37 2020,"New EXE file to match upgraded py file",   1, 0, 0 
33f0329,PySimpleGUI,Mon Apr 13 12:41:08 2020,"Compute the time between updates for smoother and more accurate numbers.  MUCH better!",   1, 9, 6 
a273645,PySimpleGUI,Sat Apr 11 23:27:38 2020,"Stats - Auto create the config file, better layout, removed old code. Graphs - cleanup setup. New EXE files. Removed Distance EXE as it's broken.",   5, 34, 104 
c3a4031,PySimpleGUI,Wed Apr 8 00:26:39 2020,"Updated readme for new realtime program, added EXE file too",   2, 21 
66ecc5e,PySimpleGUI,Wed Apr 8 00:10:36 2020,"Initial Checkin",   1, 486 
2959ebe,PySimpleGUI,Mon Mar 30 01:21:59 2020,"Added Base64 encoded icon so no icon file is needed now",   1, 4, 4 
71c4a01,PySimpleGUI,Thu Mar 26 23:09:52 2020,"New animation feature.  Changed locations settings screen to fit more items in smaller space",   2, 39, 11 
b6fed0d,PySimpleGUI,Tue Mar 24 22:16:06 2020,"SCRAMBLING to use the new data file just posted.  Old one suddenly depricated overnight!",   3, 16, 3 
cc679fc,PySimpleGUI,Mon Mar 23 10:25:33 2020,"Misc updates",   2, 3, 6 
f286ed3,PySimpleGUI,Mon Mar 23 10:23:31 2020,"New images",   1, 9, 8 
82465df,PySimpleGUI,Mon Mar 23 07:19:41 2020,"Bux fix for initial view having count of 1 as default for rewind instead of 0",   2, 2, 5 
0c2d8ed,PySimpleGUI,Mon Mar 23 00:40:56 2020,"Summary screenshot",   1, 3 
940146f,PySimpleGUI,Mon Mar 23 00:38:36 2020,"Updated readme with the latest settings and screenshots",   1, 47, 29 
6f848ff,PySimpleGUI,Sun Mar 22 23:51:26 2020,"Completed "final" set of features - new settings - graph size, number of days, confirmed/deaths.  Opens browser when clicking the data source link. Display some settings values in main window",   2, 76, 23 
46ef7b3,PySimpleGUI,Sat Mar 21 23:11:12 2020,"EXE checkin",   1, 0, 0 
5e32dee,PySimpleGUI,Sat Mar 21 23:09:35 2020,"Use int division for row adjustment",   1, 1, 1 
4661313,PySimpleGUI,Sat Mar 21 23:03:13 2020,"Automatically adjust the number of rows when adding/removing forecasting",   2, 17, 6 
bee3b02,PySimpleGUI,Sat Mar 21 22:25:18 2020,"Fixed forecasting by using delta of final data points as the start for growth",   1, 5, 2 
9db8900,PySimpleGUI,Fri Mar 20 22:15:19 2020,"New screen shots",   1, 7, 2 
6afef78,PySimpleGUI,Fri Mar 20 21:45:59 2020,"Forecasting added",   2, 68, 26 
1fbd9a2,PySimpleGUI,Fri Mar 20 10:23:19 2020,"Checking in an icon and EXE file for the graphing code",   2, 0, 0 
c1a4db2,PySimpleGUI,Fri Mar 20 09:10:15 2020,"Protection from user entering bad data in setup",   1, 13, 8 
6467be2,PySimpleGUI,Fri Mar 20 08:28:50 2020,"Display amount increased over past 24 hours with each graph",   1, 36, 28 
fa1d5b7,PySimpleGUI,Thu Mar 19 10:03:00 2020,"Newest changes",   1, 35, 9 
73f7bca,PySimpleGUI,Thu Mar 19 09:35:25 2020,"Fixed bug computing correct graph #",   1, 2, 2 
d49c77d,PySimpleGUI,Thu Mar 19 08:22:34 2020,"Added Way Back Machine, Autoscale control, ability to set max value",   1, 43, 23 
7379dea,PySimpleGUI,Thu Mar 19 02:03:49 2020,"Fix for settings crash.  Fix for graph size rounding",   1, 5, 5 
291ba6d,PySimpleGUI,Wed Mar 18 07:34:02 2020,"Save the locations in the settings file",   1, 33, 9 
b7616f8,PySimpleGUI,Wed Mar 18 01:02:29 2020,"Changed default theme.",   1, 2, 4 
d0f56fa,PySimpleGUI,Tue Mar 17 11:58:23 2020,"Update COVID19_Confirmed_Cases_Graphs.py",   1, 63, 33 
1d71b4d,PySimpleGUI,Sun Mar 15 08:53:11 2020,"Merge branch 'master' of https://github.com/PySimpleGUI/PySimpleGUI-COVID19", 
80d45b3,PySimpleGUI,Sun Mar 15 08:50:28 2020,"Readme update",   1, 1, 1 
8a462a0,PySimpleGUI,Sun Mar 15 02:58:21 2020,"Addition of EXE file info.  Contributing note",   1, 11, 1 
78f3ea1,PySimpleGUI,Sun Mar 15 02:48:14 2020,"Merge branch 'master' of https://github.com/PySimpleGUI/PySimpleGUI-COVID19", 
9f93187,PySimpleGUI,Sun Mar 15 02:48:06 2020,"Ability to choose locations.  Initial Check-in of EXE",   2, 96, 36 
92853a1,PySimpleGUI,Sat Mar 14 10:58:10 2020,"Removed draw_bars routine and turned into single line of code.  Special code for when data has '' in it.",   1, 20, 23 
b37b01f,PySimpleGUI,Sat Mar 14 07:03:38 2020,"Readme update",   1, 74 
e2083d2,PySimpleGUI,Sat Mar 14 06:36:15 2020,"Create README.md",   1, 2 
10eb07e,PySimpleGUI,Sat Mar 14 06:35:42 2020,"Initial checkin",   2, 394 