commit id,author,date,comment,changed files,lines added,lines deleted

a48784d,dependabot[bot],Sat Jun 6 18:13:14 2020,"Bump django from 3.0.4 to 3.0.7",   1, 1, 1 
9078bdd,Tony Thomas,Sun May 17 18:47:13 2020,"Lets just use the yaml file instead ?",   2, 2113 
1896600,Tony Thomas,Sun May 17 05:20:54 2020,"cli to codegen on swagger",   1, 1, 1 
9abbcd6,Tony Thomas,Sun May 17 05:17:25 2020,"Node version to 10.16.0",   1, 1, 1 
5fc46b1,Tony Thomas,Sun May 17 05:09:18 2020,"Swagger-cli and swagger-codegen to travis",   1, 2, 1 
cea7d4e,Tony Thomas,Sun May 17 05:00:35 2020,"Rain-check: install npm ?",   1, 2 
9447e56,Tony Thomas,Sun May 17 04:47:57 2020,"Merge branch 'master' of github.com:Quarantine-Help/quarantine-help-api", 
5bc143e,Tony Thomas,Sun May 17 04:45:59 2020,"Fix tests on requestAssignment",   2, 66, 32 
384a73a,Tony Thomas,Sun May 17 03:16:20 2020,"postgresql-10-postgis-2.4 to apt-get install",   1, 1 
5d46dcd,Tony Thomas,Sun May 17 03:10:10 2020,"Postgres is running on port 5432",   1, 1, 1 
5e97ad9,Tony Thomas,Sun May 17 03:01:37 2020,"Apprently travis postgresql host=localhost",   1, 1, 1 
ed1432c,Tony Thomas,Sun May 17 02:54:48 2020,"Add apt-packages for gdal",   1, 1 
eb1340d,Tony Thomas,Sun May 17 02:48:16 2020,"Remove a couple more of lefovers from postgis",   1, 8 
c733a92,Tony Thomas,Sun May 17 02:44:28 2020,"Skip postgis initialization on travis",   1, 1 
5b6c6ad,Tony Thomas,Sun May 17 02:26:30 2020,"Remove travis postgres constraints",   1, 1, 2 
9b16a7b,Tony Thomas,Sun May 17 02:12:26 2020,"Travis: Use default postgres version",   1, 1, 5 
b132305,Tony Thomas,Sun May 17 01:46:56 2020,"10 => 10.0",   1, 1, 1 
a4606cb,Tony Thomas,Sun May 17 01:42:07 2020,"Merge branch 'master' of github.com:Quarantine-Help/quarantine-help-api", 
014fb00,Tony Thomas,Sun May 17 01:41:48 2020,"Try to upgrade to postgres 10.x ?",   1, 15, 9 
4c0ffde,Tony Thomas,Sun May 17 00:18:51 2020,"Migrations for making second line optional",   1, 16 
903bf36,Tony Thomas,Sun May 17 00:17:19 2020,"Merge branch 'master' of github.com:Quarantine-Help/quarantine-help-api", 
ad6f758,Tony Thomas,Sun May 17 00:17:08 2020,"Return participiantType also on login API",   4, 8, 6 
1ac5a3d,Tony Thomas,Fri May 1 21:23:09 2020,"Merge branch 'master' of github.com:Quarantine-Help/quarantine-help-api", 
4aa0544,Tony Thomas,Fri May 1 21:15:16 2020,"API to list supported-countries for dropdowns",   6, 138, 3 
5a51380,Tony Thomas,Fri May 1 00:42:45 2020,"Create LICENSE",   1, 21 
9bee294,Tony Thomas,Sun Apr 19 23:17:58 2020,"fix(20) Anonymize private user data when not-authenticated",   7, 95, 7 
7cd7604,Tony Thomas,Sun Apr 19 00:17:36 2020,"Return only pending requests on affected-participants API",   2, 22, 19 
66ca9b1,Tony Thomas,Sat Apr 18 23:46:50 2020,"Expect PATCH without user data to backend",   3, 47, 27 
f74a17e,Tony Thomas,Sat Apr 18 23:09:27 2020,"Fix URLs in Swagger schema",   2, 4, 61 
424d98f,Tony Thomas,Sat Apr 18 21:00:14 2020,"Merge branch 'master' of github.com:Quarantine-Help/quarantine-help-api", 
f656245,Tony Thomas,Sat Apr 18 20:59:43 2020,"Introduce stage-api to swagger docs",   3, 106, 54 
58f4453,Tony Thomas,Tue Apr 14 01:57:50 2020,"(travis) Apparently have to remove postgresql-10 due to recent bug",   1, 1 
eea69aa,Tony Thomas,Tue Apr 14 01:51:58 2020,"(travis) Try to bump postgres to 10.0",   2, 5, 2 
9e4ecc8,Tony Thomas,Tue Apr 14 01:39:39 2020,"(travis) Couple more deps to get travis running",   1, 2 
d9350bb,Tony Thomas,Tue Apr 14 01:34:41 2020,"(travis) Enable postgresql service",   1, 3, 1 
e0a38c8,Tony Thomas,Tue Apr 14 01:30:11 2020,"Travis to run tests ?",   2, 45 
1a8e5b6,Tony Thomas,Mon Apr 13 22:40:18 2020,"Use premailer to bring back missing CSS to E-mails",   3, 32, 24 
a84dd2e,Tony Thomas,Mon Apr 13 21:21:44 2020,"Undo prettier messing up djagno-tempaltes formatting",   3, 223, 163 
b915ce1,Tony Thomas,Mon Apr 13 03:20:40 2020,"Migration after moving models around a bit",   1, 16 
9b91040,Tony Thomas,Mon Apr 13 03:18:53 2020,"Missing requirements-anymail",   1, 1 
4c9b8e1,Tony Thomas,Mon Apr 13 03:16:13 2020,"Initial implementation of notification emails to AF user after HL starts working on a request",   3, 195, 281 
69f366f,Tony Thomas,Mon Apr 13 03:14:47 2020,"Initial implementation of notification emails to AF user after HL starts working on a request",   21, 1032, 649 
20b2821,Tony Thomas,Sun Apr 12 03:05:46 2020,"Moved crisis views a bit",   6, 107, 102 
c0ad5a6,Tony Thomas,Sun Apr 12 02:56:59 2020,"Merge branch 'master' of github.com:Quarantine-Help/quarantine-help-api", 
82d7c8b,Tony Thomas,Sun Apr 12 02:56:44 2020,"Ground works for sending E-mails form the system",   10, 806, 150 
cfb384d,Tony Thomas,Mon Apr 6 23:35:59 2020,"Bring back requests to affected-participants listing",   1, 3 
a85ff5c,Tony Thomas,Mon Apr 6 22:27:43 2020,"ÄPI docs for me-assignments handlers",   2, 1443, 167 
73bf1dd,Tony Thomas,Mon Apr 6 21:58:28 2020,"Add support for dropping an assigned request. Validation and schema changes",   6, 164, 31 
4180f7e,Tony Thomas,Mon Apr 6 19:21:29 2020,"Do not return cancelled requests to an assingee",   2, 9, 4 
8c2e207,Tony Thomas,Mon Apr 6 04:09:21 2020,"Add documentation for password on register",   2, 68, 17 
efb60e7,Tony Thomas,Mon Apr 6 04:02:46 2020,"Add password to user authentication",   2, 13, 11 
5e89d22,Tony Thomas,Mon Apr 6 03:03:54 2020,"Merge pull request #19 from igarcez/13-api-list-for-hl-requests", 
8e44a8f,Tony Thomas,Sun Apr 5 22:02:31 2020,"Docs for PATCH/GET on api/v1/me/",   2, 344, 10 
960e4a9,Tony Thomas,Sun Apr 5 21:52:00 2020,"API to PATCH me/ details",   2, 30 
d40a019,Tony Thomas,Sun Apr 5 20:30:47 2020,"Merge pull request #16 from igarcez/12-initial-data", 
1a15829,Tony Thomas,Sun Apr 5 20:24:17 2020,"API to get my profile and upate of docs to reflect workflow",   5, 53, 76 
af05633,Tony Thomas,Sun Apr 5 01:38:11 2020,"Merge pull request #14 from igarcez/initial_automated_test", 
8a5f63a,Tony Thomas,Sun Apr 5 00:48:17 2020,"Remove boilerplate code from Sagger docs",   1, 1, 1 
e9df38f,Tony Thomas,Sun Apr 5 00:46:44 2020,"Documentation for Assigning requests API up",   2, 104, 64 
aaf1389,Tony Thomas,Sun Apr 5 00:43:00 2020,"Merge branch 'master' of github.com:tonythomas01/quarantined_backend", 
06e97ce,Tony Thomas,Sun Apr 5 00:42:43 2020,"Documentation for Assigning requests API up",   2, 385, 28 
dfbee3a,Tony Thomas,Sat Apr 4 21:24:24 2020,"Update API docs for login API and requests",   2, 32, 7 
4c157c5,Tony Thomas,Sat Apr 4 21:18:07 2020,"Add APIs for requests listing and assignment for an HL participant",   9, 77, 16 
958d1b8,Tony Thomas,Sat Apr 4 20:13:59 2020,"Add links to Mobile frontend on docs",   2, 65, 17 
80ab858,Tony Thomas,Sat Apr 4 19:55:48 2020,"Add more information to docs (about project goals, etc)",   2, 54, 11 
4d13729,Tony Thomas,Thu Apr 2 04:49:39 2020,"Add AssignmentHistory to request objects",   9, 413, 50 
3fb1be9,Tony Thomas,Thu Apr 2 03:44:50 2020,"Docs for PATCH and DELETE operations",   1, 15, 58 
1dbe596,Tony Thomas,Thu Apr 2 03:44:38 2020,"Docs for PATCH and DELETE operations",   3, 294, 18 
276ce94,Tony Thomas,Thu Apr 2 03:25:19 2020,"Add support for PATCH/DELETE on request model",   5, 62, 7 
d0d548c,Tony Thomas,Wed Apr 1 04:27:26 2020,"Update README.md",   1, 2, 2 
69a5ec8,Tony Thomas,Wed Apr 1 04:22:53 2020,"Fix invite link for slack",   1, 12, 43 
658b4bc,Tony Thomas,Wed Apr 1 04:13:06 2020,"Update API docs",   2, 11, 8 
2b6feec,Tony Thomas,Wed Apr 1 03:52:32 2020,"Update API docs",   2, 436, 80 
34f9434,Tony Thomas,Wed Apr 1 03:51:12 2020,"Add authentication for management APIs",   1, 2, 1 
70cbcdd,Tony Thomas,Wed Apr 1 03:01:37 2020,"ÄPI to create and list requets for an affected user",   14, 139, 62 
31cd251,Tony Thomas,Wed Apr 1 01:51:51 2020,"Move images to docs/",   3, 5, 3 
c862765,Tony Thomas,Tue Mar 31 04:29:16 2020,"Half baked ListCreateAffectedParticipantRequestsAPIV1",   1, 2 
d4a8c95,Tony Thomas,Tue Mar 31 04:27:28 2020,"Introduce api.quarantinehelp.space to the system",   4, 40, 23 
585f2a9,Tony Thomas,Mon Mar 30 23:13:58 2020,"Add requestType queryparam doc to API v1",   2, 83, 38 
e982c27,Tony Thomas,Mon Mar 30 22:43:06 2020,"Update docs on query params on affected-participants API",   1, 77, 14 
1ab41db,Tony Thomas,Mon Mar 30 22:23:20 2020,"Add sentry for debug",   2, 12 
1e45d15,Tony Thomas,Mon Mar 30 21:03:41 2020,"Add logic for filtering affected-participants based on distance",   6, 102, 10 
6d10392,Tony Thomas,Mon Mar 30 20:20:03 2020,"Update to OpenAPI json file",   2, 38, 26 
d52e7c7,Tony Thomas,Mon Mar 30 18:37:25 2020,"Merge pull request #6 from nabhanabdulla/master", 
4d1785e,Tony Thomas,Mon Mar 30 04:29:36 2020,"Add API documentation",   1, 1, 1 
ba96ef3,Tony Thomas,Mon Mar 30 04:17:46 2020,"Adding some first implementation of OpenAPI docs",   4, 736, 5 
52cbfc7,Tony Thomas,Mon Mar 30 03:25:08 2020,"Crisis => crises for URLs sake",   1, 1, 1 
7c16a52,Tony Thomas,Mon Mar 30 01:52:43 2020,"Give up on generated schemas, lets go for somethign else",   7, 187, 16 
0b748c1,Tony Thomas,Sun Mar 29 21:27:33 2020,"Adding custom user model to admin",   1, 5 
5ba3696,Tony Thomas,Sun Mar 29 20:42:23 2020,"A metadata field to participent model",   4, 40, 2 
0346e25,Tony Thomas,Sun Mar 29 20:34:25 2020,"Add UNIQUE constraint to User.email",   11, 141, 36 
f8253cc,Tony Thomas,Sun Mar 29 20:02:49 2020,"Add token auth with emails for APIs",   11, 98, 3 
de43dbe,Tony Thomas,Sat Mar 28 23:04:26 2020,"Remove create API on crisis/participants/",   1, 6 
087b068,Tony Thomas,Sat Mar 28 23:01:24 2020,"Assignee could be null for a request",   1, 1, 1 
1df655a,Tony Thomas,Sat Mar 28 22:59:19 2020,"Make assignee field optional for Helpers",   2, 27 
1182702,Tony Thomas,Sat Mar 28 22:49:19 2020,"Decouple participants from crisis, login APIs",   22, 350, 420 
295f566,Tony Thomas,Sat Mar 28 20:31:37 2020,"New models Request and RequestAssignment along with udpates to API view",   6, 192, 51 
028b4a0,Tony Thomas,Thu Mar 26 04:22:57 2020,"Merge branch 'master' of github.com:tonythomas01/quarantined_backend", 
0ee5c48,Tony Thomas,Thu Mar 26 04:22:02 2020,"CORS_ALLOW_CREDENTIALS to True",   1, 1 
bf43dd6,Tony Thomas,Wed Mar 25 23:03:53 2020,"CORS_ORIGIN_ALLOW_ALL for CORS",   2, 6 
0c4cc94,Tony Thomas,Tue Mar 24 17:00:49 2020,"Add a POST view to paticipants serializer",   8, 142, 4 
832fd21,Tony Thomas,Sun Mar 22 20:51:19 2020,"Merge branch 'master' of github.com:tonythomas01/quarantined_backend", 
09390be,Tony Thomas,Sun Mar 22 20:51:10 2020,"Filter out by crisis id on participants API",   1, 5, 1 
2441494,Tony Thomas,Sun Mar 22 00:10:42 2020,"Update README.md",   1, 3 
5ed8170,Tony Thomas,Sat Mar 21 23:11:15 2020," --noinput to collectstatic for silent collection",   1, 1, 1 
f2550d9,Tony Thomas,Sat Mar 21 23:08:03 2020,"+x on deploy script",   1, 0, 0 
a714755,Tony Thomas,Sat Mar 21 23:07:24 2020,"Add pip install to deploy steps",   1, 1 
be56d12,Tony Thomas,Sat Mar 21 23:05:28 2020,"A first implemnetation of Swagger documentation of APIs",   3, 20 
ff24e25,Tony Thomas,Sat Mar 21 22:47:33 2020,"Some deploy scripts for faster deploy",   1, 13 
f05d7e6,Tony Thomas,Sat Mar 21 22:22:05 2020,"Some extra requirements for DRF",   1, 2, 1 
e1a4683,Tony Thomas,Sat Mar 21 22:12:31 2020,"Black formatting, will be automatically done from later",   6, 43, 39 
a7ac332,Tony Thomas,Sat Mar 21 22:11:26 2020,"Use postgis, hack the API to list expansion separate",   12, 120, 20 
e9884f4,Tony Thomas,Tue Mar 17 05:56:57 2020,"Illegal url in settings.py",   1, 1, 1 
370193b,Tony Thomas,Tue Mar 17 05:52:34 2020,"quarntined -> quarantined",   7, 10, 10 
5ffd742,Tony Thomas,Tue Mar 17 05:38:32 2020,"Ädd extra requirement djangorestframework_camel_case",   2, 3 
9e88099,Tony Thomas,Tue Mar 17 05:24:53 2020,"Move cofindential settings outside",   3, 5, 3 
f8918e7,Tony Thomas,Mon Mar 16 03:14:19 2020,"Merge branch 'master' of github.com:tonythomas01/quarantine_backend", 
8820ddb,Tony Thomas,Mon Mar 16 02:21:22 2020,"local_settings.py was committed. Luckily we only had dummy stuff there",   1, 18 
bef3ad7,Tony Thomas,Mon Mar 16 02:01:48 2020,"Some V1 serializers for an MVP",   4, 38 
1b0d721,Tony Thomas,Sun Mar 15 23:34:39 2020,"First APIs, connect some models to admin, etc",   22, 247, 149 
0bfb466,Tony Thomas,Sun Mar 15 21:09:03 2020,"Initial commit, skeleton of backend models",   29, 540 