commit id,author,date,comment,changed files,lines added,lines deleted

2bb0274,Bonflintstone,Thu Sep 17 19:48:32 2020,"Fix types",   1, 2, 2 
99c987e,Bonflintstone,Thu Sep 17 19:36:23 2020,"Owners can checkout all tickets per area",   1, 62, 36 
3a7e38d,Bonflintstone,Thu Sep 17 17:38:27 2020,"Merge branch 'master' into env/care", 
0ae87f3,Frederik Bonfanti,Thu Sep 17 17:22:44 2020,"Compares the frontend url and redirects conditionally (#37)",   2, 14 
1f55b09,Bonflintstone,Thu Sep 17 17:18:53 2020,"Properly compare urls by origin",   1, 1, 1 
8964a6b,Bonflintstone,Sat Sep 12 21:23:26 2020,"Compares the frontend url and redirects conditionally",   2, 14 
bc41aa0,Thomas Schrader,Wed Sep 9 01:26:46 2020,"revert change",   1, 3, 1 
8a7fc01,Thomas Schrader,Wed Sep 9 00:47:35 2020,"introduce whitelabel config setting for formal adress of users",   3, 10, 7 
856af4d,Thomas Schrader,Wed Sep 9 00:08:04 2020,"update handling of highlight colors for whitelabels",   2, 13, 9 
c9e64e6,Thomas Schrader,Tue Sep 8 20:31:07 2020,"update background color config",   2, 4, 3 
cc4a6e7,Thomas Schrader,Tue Sep 8 20:28:13 2020,"Update ui/whitelabels.ts",   1, 1, 1 
326085c,Thomas Schrader,Tue Sep 8 20:27:25 2020,"Update pages/checkin.tsx",   1, 1, 2 
bcf8fd5,Thomas Schrader,Tue Sep 8 20:26:31 2020,"add custom privacy links",   3, 11, 4 
fe475a6,Thomas Schrader,Fri Sep 4 18:05:17 2020,"remove debugging statement from build config",   1, 2 
6db222e,Thomas Schrader,Fri Sep 4 18:04:27 2020,"update config",   1, 1 
05aab0a,Thomas Schrader,Fri Sep 4 17:57:54 2020,"Revert "update background color for fresenius whitelabel"",   1, 1, 1 
4d23cc8,Thomas Schrader,Fri Sep 4 17:54:18 2020,"add detection for fresenius build variants",   1, 6 
252bb92,Thomas Schrader,Fri Sep 4 17:52:54 2020,"Revert "detect build env in dependence of the vercel_url env variable"",   4, 7, 22 
b72436b,Thomas Schrader,Fri Sep 4 17:52:07 2020,"update background color for fresenius whitelabel",   1, 1, 1 
b18a84f,Thomas Schrader,Fri Sep 4 17:20:08 2020,"just for debugging purposes",   1, 2 
16a99da,Thomas Schrader,Fri Sep 4 16:38:21 2020,"detect build env in dependence of the vercel_url env variable",   4, 22, 7 
8975a70,Thomas Schrader,Thu Sep 3 21:42:37 2020,"update config to try another way to identify build environment",   1, 1 
6e3e87c,Thomas Schrader,Thu Sep 3 17:31:07 2020,"fix whitelabels when no env build variant is set",   1, 1, 1 
35bad8f,Thomas Schrader,Thu Sep 3 17:25:48 2020,"fix linting errors",   3, 16, 3 
56ebbd9,Thomas Schrader,Thu Sep 3 04:28:04 2020,"use neutral color for recover care",   1, 1, 1 
7ebc5b0,Thomas Schrader,Thu Sep 3 03:35:21 2020,"add logo and minor layout customizations",   6, 28, 23 
0194f35,Thomas Schrader,Thu Sep 3 03:33:50 2020,"add text customizations",   1, 9, 10 
2801820,Thomas Schrader,Thu Sep 3 03:32:36 2020,"add fresenius logo",   1, 129 
d3328c5,Thomas Schrader,Thu Sep 3 03:31:29 2020,"add whitelabel config",   1, 52 
b4fb475,Thomas Schrader,Wed Sep 2 22:46:21 2020,"update config",   1, 2, 1 
f9ad3a7,Frederik Bonfanti,Wed Sep 2 01:23:58 2020,"Use menuAlias from api (#35)",   6, 18, 7 
4194c9f,Bonflintstone,Thu Aug 27 18:59:04 2020,"Merge branch 'master' into env/care", 
d84632b,Bonflintstone,Thu Aug 27 18:52:43 2020,"Merge branch 'master' into env/care", 
524addc,salimhb,Mon Aug 24 22:11:11 2020,"read personal data from params and prefill checkin form (#34)",   3, 26, 10 
753c572,salimhb,Tue Jul 28 05:34:28 2020,"Revert "Fix duplicte key bug with multiple presses too fast"",   1, 1, 4 
aa029c8,Bonflintstone,Tue Jul 28 00:34:00 2020,"Fix duplicte key bug with multiple presses too fast",   1, 4, 1 
1c4120d,Bonflintstone,Mon Jul 27 23:43:16 2020,"Basically a typo",   1, 1, 1 
d1c5c40,Bonflintstone,Mon Jul 27 21:15:53 2020,"Merge branch 'master' into env/care", 
e3a1215,Frederik Bonfanti,Mon Jul 27 21:15:17 2020,"Feature/text fixes (#33)",   7, 23, 14 
783bc1d,Frederik Bonfanti,Mon Jul 20 21:23:01 2020,"Text changes (#32)",   11, 95, 51 
7458f5c,Bonflintstone,Tue Jul 14 22:19:13 2020,"Make pink arrows brown for recover-care",   1, 1, 1 
5a519b5,Frederik Bonfanti,Tue Jul 14 02:44:06 2020,"Adds password reset (#31)",   5, 221, 2 
c69689e,Bonflintstone,Tue Jul 14 02:28:56 2020,"Fix typecheck issue",   2, 2, 2 
704416b,Bonflintstone,Tue Jul 14 02:19:14 2020,"Remove unused bag",   1, 1, 1 
fcbff2c,Bonflintstone,Mon Jul 13 20:43:36 2020,"Adds password reset",   5, 221, 2 
0a6fc56,Bonflintstone,Fri Jul 10 23:57:38 2020,"Merge branch 'master' into env/care", 
93fff48,Bonflintstone,Fri Jul 10 23:22:28 2020,"Text fix",   1, 1, 1 
41230b2,Bonflintstone,Fri Jul 10 23:16:24 2020,"Merge branch 'master' into env/care", 
7a5c0e0,CodeDoctor,Fri Jul 10 23:14:07 2020,"Care/url (#30)",   1, 9, 1 
33e4627,Bonflintstone,Fri Jul 10 22:58:12 2020,"Use care build variant",   1, 1, 1 
7e1b54e,Timo Mämecke,Fri Jul 10 22:39:21 2020,"Add custom theme and behavior for recover care (#24)",   32, 352, 154 
a09ee7d,Frederik Bonfanti,Wed Jul 8 17:24:13 2020,"Feature/add blocking (#29)",   5, 68, 8 
d7f983a,Frederik Bonfanti,Fri Jul 3 18:33:01 2020,"Set frontend url in .env so it can be overwritten for local development (#27)",   2, 3, 2 
dbeb830,Timo Mämecke,Fri Jul 3 07:56:15 2020,"Hotfix: Add missing frontend url parameter on signup",   1, 2, 1 
24677b7,Timo Mämecke,Tue Jun 30 05:23:37 2020,"Check if key is decodable on checkin page load (#26)",   2, 7, 2 
9df9a81,Timo Mämecke,Tue Jun 30 04:47:33 2020,"Show checkout time from server (#25)",   1, 5, 2 
7d68986,Timo Mämecke,Thu Jun 25 18:37:47 2020,"Add payment options to owner profile (#17)",   12, 360, 31 
4984e6a,Timo Mämecke,Tue Jun 23 23:17:11 2020,"Use separate branch for care environment",   2, 14, 10 
0b383c4,Timo Mämecke,Tue Jun 23 23:02:21 2020,"Test vercel env vars",   1, 3 
5729c70,Timo Mämecke,Tue Jun 23 22:47:57 2020,"Configure project to support recover care build variant (#23)",   5, 32, 2 
a5ec69d,Timo Mämecke,Tue Jun 23 20:21:05 2020,"Upgrade Next.js to 9.4 (#22)",   7, 1007, 493 
a70c5e4,Bonflintstone,Tue Jun 16 20:40:40 2020,"Change texts so its clear its not just for restaurants",   1, 5, 3 
3fb99f9,Frederik Bonfanti,Tue Jun 16 01:09:06 2020,"Enable user to upload his menu as a pdf (#20)",   8, 193, 50 
649954c,salimhb,Sat Jun 6 05:31:07 2020,"Download qr code as png (#19)",   2, 52, 7 
dd63b7d,Timo Mämecke,Wed Jun 3 20:54:22 2020,"Change last visible checkins for owner from 6 to 24 hours (#18)",   3, 3, 3 
332f9cc,Timo Mämecke,Sun May 31 23:44:50 2020,"Tweak QR Code page",   1, 25, 11 
c6a06fc,Timo Mämecke,Fri May 29 01:52:41 2020,"Add more redirects",   1, 3, 1 
d12f0ed,Timo Mämecke,Fri May 29 01:49:11 2020,"Change now.json to vercel.json",   1, 3, 1 
8b01eca,Timo Mämecke,Thu May 28 21:48:43 2020,"Remove old package",   2, 26 
ffdd498,Timo Mämecke,Thu May 28 21:47:01 2020,"Fix missing head-title on index page",   1, 4 
d6c47d3,Timo Mämecke,Thu May 28 20:16:55 2020,"Add ability to view data requests (#16)",   21, 599, 318 
025b528,Timo Mämecke,Wed May 27 22:01:10 2020,"Show errors during checkin and checkout if user is offline (#15)",   8, 109, 89 
c061f75,Timo Mämecke,Mon May 25 21:29:04 2020,"Update Readme, add react-query to stack",   1, 1 
a2f8baa,Timo Mämecke,Mon May 25 21:10:18 2020,"Cleanup codebase and better UI for owner backoffice (#14)",   188, 12804, 16034 
690758f,salimhb,Thu May 21 04:13:37 2020,"Tracks companies for which the privacy policy was accepted by guest (#13)",   6, 63, 6 
50db94c,salimhb,Wed May 20 03:20:47 2020,"reads affiliate param if passed at intro step (#12)",   2, 15, 2 
f5f3000,salimhb,Tue May 19 20:48:51 2020,"reads affiliate query param and adds it to signup request (#11)",   2, 7, 1 
8a3d70a,Timo Mämecke,Tue May 19 05:03:37 2020,"Add link to company's menu (#10)",   7, 111, 4 
69a37f8,Timo Mämecke,Sun May 17 06:34:30 2020,"Fix typos",   1, 5, 5 
edd5636,Timo Mämecke,Sun May 17 02:49:39 2020,"Add integration test for checkin flow (#9)",   16, 583, 11 
35f9a4d,salimhb,Sat May 16 22:12:09 2020,"allows a guest to enter an address during checkin (#8)",   4, 44, 5 
d0b9aa1,Timo Mämecke,Sat May 16 08:26:14 2020,"Handle checkout gracefully when auto-checkout happened",   1, 6, 1 
3254d00,Timo Mämecke,Fri May 15 07:14:27 2020,"Better wording for new area label",   1, 1, 4 
b9c9431,Timo Mämecke,Thu May 14 06:52:31 2020,"Add last ticket metadata to owner management & decrypt page (#6)",   16, 530, 18 
e1cefc7,Timo Mämecke,Thu May 14 01:24:18 2020,"Make sure the owner needs to setup up their keypair",   3, 52, 15 
bc24056,Timo Mämecke,Wed May 13 21:43:48 2020,"Fix failing auto-checkout preventing from new checkin",   1, 2, 6 
0b3df7b,Timo Mämecke,Wed May 13 18:29:39 2020,"Change wording from business intro",   2, 5, 5 
2753734,Timo Mämecke,Wed May 13 05:55:54 2020,"Fix wording on corona page",   1, 4, 7 
4085572,Timo Mämecke,Wed May 13 03:19:38 2020,"Set public key after login",   1, 7, 1 
0eff86d,Timo Mämecke,Wed May 13 03:11:58 2020,"Hotfix url",   1, 1, 1 
db97bb4,Timo Mämecke,Wed May 13 03:09:52 2020,"Fix publicKey not set properly",   3, 3, 3 
0dc4441,Timo Mämecke,Wed May 13 02:59:22 2020,"Change "Name" to "Dein Name"",   1, 1, 1 
68dd4db,Timo Mämecke,Wed May 13 02:46:27 2020,"Add more infos to onboarding",   12, 270, 67 
678f57d,Timo Mämecke,Wed May 13 01:00:37 2020,"Redirect old /qrcode automatically to new /qr",   1, 2, 1 
5ae633c,Timo Mämecke,Wed May 13 00:31:25 2020,"Rename /qrcode to /qr",   2, 1, 1 
0d36a1c,Timo Mämecke,Tue May 12 21:07:57 2020,"Update confirmation message",   1, 3, 5 
54090b5,Timo Mämecke,Tue May 12 06:34:46 2020,"Update privacy links",   2, 2, 2 
1ae2bf6,Timo Mämecke,Tue May 12 06:31:01 2020,"Update README.md",   1, 1, 1 
04b9607,Timo Mämecke,Tue May 12 06:07:58 2020,"Fix forgotten eslintignore path",   1, 1, 1 
29bd124,Timo Mämecke,Tue May 12 05:55:08 2020,"Use api domain",   1, 1, 1 
5d3d7be,Timo Mämecke,Tue May 12 05:54:06 2020,"Fix typos in readme",   1, 7, 5 
c16a9d8,Timo Mämecke,Tue May 12 05:49:12 2020,"Fix the cutoff checkmark image",   2, 1, 1 
36db908,Timo Mämecke,Tue May 12 05:42:43 2020,"Provide better readme",   13, 55, 9 
d20bac4,Timo Mämecke,Tue May 12 04:10:01 2020,"Add option to remember guest data",   11, 250, 54 
9d55943,Timo Mämecke,Tue May 12 02:33:20 2020,"Improve performance when having many checkins",   2, 28, 18 
66de19c,Timo Mämecke,Tue May 12 02:16:17 2020,"Improve wording on qrcode page",   1, 6, 3 
749f789,Timo Mämecke,Tue May 12 01:28:49 2020,"Add auto checkout on new checkin",   6, 50, 8 
067040e,Timo Mämecke,Tue May 12 00:20:50 2020,"Add button to qrcode page",   2, 21, 8 
9bfbdfb,Timo Mämecke,Mon May 11 23:51:30 2020,"Change wording to du",   1, 4, 4 
03b2527,Timo Mämecke,Mon May 11 23:50:14 2020,"Change link to privacy",   1, 1, 1 
df6793b,Timo Mämecke,Mon May 11 23:46:54 2020,"Merge pull request #4 from railslove/feature/qr-code-scan", 
e83197f,Timo Mämecke,Mon May 11 22:56:33 2020,"Change wording to Betriebe",   4, 6, 6 
8efb3b3,Timo Mämecke,Mon May 11 22:18:41 2020,"Remove focus outline, sorry",   1, 1 
84d2913,Timo Mämecke,Mon May 11 22:13:38 2020,"Fix password strength",   4, 44, 467 
0e1763e,Timo Mämecke,Mon May 11 21:58:35 2020,"Add links",   4, 17, 9 
1b6499b,Timo Mämecke,Mon May 11 21:50:02 2020,"Add favicons",   18, 96, 5 
2ff6f52,Timo Mämecke,Mon May 11 21:49:51 2020,"Add corona page",   4, 118, 17 
b7dd703,Timo Mämecke,Mon May 11 21:07:48 2020,"Disallow user zoom, sorry",   2, 8, 2 
5388aa9,Timo Mämecke,Mon May 11 21:01:08 2020,"Fix lint",   1, 1, 1 
ca2b5ac,Timo Mämecke,Mon May 11 20:54:21 2020,"Fix typo",   1, 1, 1 
2b814f2,Timo Mämecke,Mon May 11 20:53:54 2020,"More key improvement",   1, 1, 1 
36c3649,Timo Mämecke,Mon May 11 20:50:32 2020,"Improve keyviewer",   2, 6, 9 
b3fb5ee,Timo Mämecke,Mon May 11 20:42:17 2020,"Add logout",   2, 30, 5 
b2253be,Timo Mämecke,Mon May 11 20:35:44 2020,"Add heads",   8, 48, 2 
07c308b,Timo Mämecke,Mon May 11 20:27:06 2020,"Use du instead of sie",   5, 52, 26 
962c16e,Timo Mämecke,Mon May 11 20:06:29 2020,"Fix lint",   1, 1, 1 
a122281,Timo Mämecke,Mon May 11 20:06:02 2020,"Add management for business",   13, 337, 9 
644f744,Timo Mämecke,Mon May 11 08:55:56 2020,"Turn off redirect for non-loggedin routes",   3, 3, 3 
96f7bd1,Timo Mämecke,Mon May 11 08:53:12 2020,"Trigger build", 
672c89c,Timo Mämecke,Mon May 11 08:08:09 2020,"Add dashboards, overview screens",   16, 395, 189 
18238c2,Timo Mämecke,Mon May 11 07:16:03 2020,"Fixes for customer login",   7, 32, 12 
eee3be0,Timo Mämecke,Mon May 11 06:24:50 2020,"Merge pull request #5 from railslove/owner-flow", 
bdca463,Timo Mämecke,Mon May 11 00:45:38 2020,"Merge pull request #3 from railslove/add-crypto", 
771a60b,Timo Mämecke,Sun May 10 21:45:29 2020,"Add crypto to eslintignore",   1, 1 
531edbe,Timo Mämecke,Sun May 10 21:43:03 2020,"Merge pull request #2 from MaxKellermann/crypto", 
1a590ed,Timo Mämecke,Sun May 10 10:48:36 2020,"Add styling and handling of onboarding and checkin",   32, 951, 142 
ed881eb,Frederik Bonfanti,Sun May 10 02:46:06 2020,"Merge pull request #1 from railslove/add-license-1", 
e605bca,Timo Mämecke,Sun May 10 02:14:00 2020,"Remove old list, add new simplified list",   7, 58, 83 
c3cf824,Timo Mämecke,Sun May 10 00:52:03 2020,"Implement checkin without crypto and api",   6, 210, 6 
7e078b0,Timo Mämecke,Sat May 9 21:41:47 2020,"Fix lint",   1, 1, 1 
64def76,Timo Mämecke,Sat May 9 21:41:11 2020,"Add card stack example",   4, 79 
5541c39,Timo Mämecke,Sat May 9 21:40:47 2020,"Add behavior to redirect trailing slashes to non-trailing",   1, 44 
6fd1202,Timo Mämecke,Sat May 9 10:14:02 2020,"Disable now[bot] comments",   1, 5 
0046e58,Timo Mämecke,Sat May 9 10:07:52 2020,"Add semaphore pipeline",   2, 51 
09c5494,Timo Mämecke,Sat May 9 09:56:21 2020,"Add basic tests",   2, 12 
2c03eeb,Timo Mämecke,Sat May 9 09:47:18 2020,"Add storybook and more ui base",   22, 13269, 7110 
0d575aa,Timo Mämecke,Sat May 9 06:01:15 2020,"Use types for components",   5, 10, 6 
90a7845,Timo Mämecke,Sat May 9 05:35:43 2020,"Use js as setup-tests instead of ts",   2, 1, 1 
bf47a61,Timo Mämecke,Sat May 9 02:25:39 2020,"Setup next app",   13, 13635 