commit id,author,date,comment,changed files,lines added,lines deleted

e4c2913,Rank23,Mon Aug 31 16:55:04 2020,"Merge pull request #11 from raghav7203/adding-Indian_version", 
db32d42,Rank23,Fri Mar 13 02:09:52 2020,"Merge pull request #4 from snoop2head/master", 
86a1a5a,Rank23,Tue Mar 3 02:45:44 2020,"Merge pull request #2 from snoop2head/master", 
fe4b146,Rank23,Sun Mar 1 01:36:05 2020,"Add files via upload",   2, 6096 
059dace,Rank23,Sat Feb 29 19:34:46 2020,"Add files via upload",   1, 103 
2205da9,Rank23,Thu Feb 27 05:08:57 2020,"Update README.md",   1, 1, 1 
72c06d6,Rank23,Sun Feb 23 18:09:36 2020,"Add files via upload",   1, 1 
740f509,Rank23,Sun Feb 23 17:56:46 2020,"Create README.md",   1, 12 
bd3c8f7,Rank23,Sun Feb 23 17:53:13 2020,"Add files via upload",   1, 1 
cb872ba,Rank23,Sun Feb 23 17:51:35 2020,"Delete COVID19 Prediction.ipynb",   1, 1 
25d97ad,Rank23,Sun Feb 23 17:42:33 2020,"Add files via upload",   1, 1 