commit id,author,date,comment,changed files,lines added,lines deleted

1e046e7,dependabot[bot],Sun Sep 13 06:39:53 2020,"Bump node-fetch from 2.6.0 to 2.6.1 in /functions",   1, 3, 3 
ecc08bd,dependabot[bot],Sat Sep 12 07:22:59 2020,"Bump http-proxy from 1.18.0 to 1.18.1",   1, 3, 3 
ddeb930,dependabot[bot],Sun Aug 2 09:30:46 2020,"Bump elliptic from 6.5.2 to 6.5.3",   1, 3, 3 
41b6bc1,dependabot[bot],Mon Jul 20 23:47:35 2020,"Bump lodash from 4.17.15 to 4.17.19 in /functions",   1, 3, 3 
664697a,dependabot[bot],Mon Jul 20 23:45:26 2020,"Bump lodash from 4.17.15 to 4.17.19",   2, 4, 4 
e60648c,dependabot[bot],Mon Jun 8 15:51:29 2020,"Bump websocket-extensions from 0.1.3 to 0.1.4 in /functions",   1, 3, 3 
8a952b4,dependabot[bot],Mon Jun 8 15:29:53 2020,"Bump websocket-extensions from 0.1.3 to 0.1.4",   1, 3, 3 
3355749,VeerSandhu,Mon May 4 02:00:36 2020,"Hackathon Completed",   2, 17, 19 
1eba390,VeerSandhu,Mon May 4 01:23:09 2020,"UI Built",   11, 220, 45 
a4dd9cf,VeerSandhu,Sun May 3 23:58:55 2020,"Risk Started",   7, 49, 139 
ff0babb,VeerSandhu,Sun May 3 12:03:52 2020,"database wired",   8, 89, 19 
9ebce6c,VeerSandhu,Sun May 3 09:38:19 2020,"firebase set",   18, 685, 29 
88469ab,VeerSandhu,Sun May 3 07:42:39 2020,"Test Commit",   1, 1, 1 
857d2e8,VeerSandhu,Sun May 3 07:40:22 2020,"First Commit",   60, 16354 