commit id,author,date,comment,changed files,lines added,lines deleted

8a8f56b,Thibaut Jombart,Sat Apr 4 00:46:01 2020,"Update README.md",   1, 3, 3 
f6acde3,Thibaut Jombart,Sat Apr 4 00:40:28 2020,"Added more links to labels",   1, 4, 1 
dc5ec99,Thibaut Jombart,Sat Apr 4 00:34:54 2020,"Adding list of labels",   1, 18, 5 
7a242cc,Thibaut Jombart,Sat Apr 4 00:22:36 2020,"Add mention and link to labels",   1, 4, 4 
26c5072,Thibaut Jombart,Sat Apr 4 00:21:41 2020,"Update README.md",   1, 1, 1 
6437b2e,Thibaut Jombart,Sat Apr 4 00:00:51 2020,"Updating bullet points to match template",   1, 7, 3 
40218df,Thibaut Jombart,Fri Apr 3 23:54:01 2020,"Update README.md",   1, 13, 6 
dfc8ad8,Thibaut Jombart,Fri Apr 3 23:18:59 2020,"Update README.md",   1, 3, 3 
28769a7,finlaycampbell,Fri Apr 3 22:10:51 2020,"readme",   1, 3 
0aeb07b,finlaycampbell,Fri Apr 3 22:10:01 2020,"readme",   1, 2, 2 
c8fb3c5,finlaycampbell,Fri Apr 3 22:08:27 2020,"readme",   1, 48, 2 
ae8bf01,Finlay Campbell,Fri Apr 3 20:43:34 2020,"Initial commit",   1, 2 