commit id,author,date,comment,changed files,lines added,lines deleted

58d1772,Reza Kalantar,Sun May 10 00:20:06 2020,"Delete Covid19.ipynb",   1, 1204 
6776d16,Reza Kalantar,Sun May 10 00:19:52 2020,"Updated code",   1, 1204 
72a5a4a,Reza Kalantar,Sun May 10 00:17:43 2020,"updated code",   1, 326, 173 
974c244,Reza Kalantar,Sat May 9 04:18:37 2020,"updated code",   1, 75, 71 
d69b5d7,Reza Kalantar,Tue May 5 09:53:54 2020,"updated code",   1, 671, 1604 
bf80e4b,Reza Kalantar,Tue May 5 09:13:58 2020,"updated dataset",   2227, 0, 0 
0306553,Reza Kalantar,Fri Mar 27 10:05:12 2020,"Update cover",   1, 4 
e9152fe,Reza Kalantar,Fri Mar 27 10:03:35 2020,"Add files via upload",   1, 0, 0 
56274c8,Reza Kalantar,Sat Mar 21 02:31:28 2020,"Update README.md",   1, 2, 1 
f18ebcd,Reza Kalantar,Sat Mar 21 02:31:01 2020,"Update README.md",   1, 1, 1 
8863d43,Reza Kalantar,Sat Mar 21 02:30:38 2020,"confusion matrix figure",   1, 0, 0 
766d366,Reza Kalantar,Sat Mar 21 02:30:09 2020,"Delete confusion_matrix.png",   1, 0, 0 
1d20b79,Reza Kalantar,Sat Mar 21 02:29:44 2020,"Add files via upload",   1, 0, 0 
418595d,Reza Kalantar,Sat Mar 21 02:29:15 2020,"Update README.md",   1, 1, 1 
13d6d5b,Reza Kalantar,Sat Mar 21 02:28:33 2020,"Delete confusion_matrix.png",   1, 0, 0 
405e31d,Reza Kalantar,Sat Mar 21 02:28:04 2020,"Update README.md",   1, 1, 1 
1873adf,Reza Kalantar,Sat Mar 21 02:27:57 2020,"Update README.md",   1, 1, 1 
99dacb8,Reza Kalantar,Sat Mar 21 02:27:33 2020,"Add files via upload",   1, 0, 0 
94ccc38,Reza Kalantar,Sat Mar 21 02:27:07 2020,"Delete confusion_matrix.png",   1, 0, 0 
242a825,Reza Kalantar,Sat Mar 21 00:40:37 2020,"Add files via upload",   1, 1980 
60b17ea,Reza Kalantar,Sat Mar 21 00:40:18 2020,"Delete Covid19.ipynb",   1, 1580 
062b38d,Reza Kalantar,Sat Mar 21 00:12:02 2020,"Update README.md",   1, 1, 1 
486c7a1,Reza Kalantar,Sat Mar 21 00:11:36 2020,"Update README.md",   1, 1 
6a7844d,Reza Kalantar,Sat Mar 21 00:09:27 2020,"Update README.md",   1, 5, 5 
b1033e3,Reza Kalantar,Sat Mar 21 00:08:08 2020,"Update README.md",   1, 2, 1 
d2b98bd,Reza Kalantar,Sat Mar 21 00:07:35 2020,"Update README.md",   1, 1, 2 
b2ba065,Reza Kalantar,Sat Mar 21 00:06:44 2020,"Update new findings",   1, 10, 2 
01238c4,Reza Kalantar,Sat Mar 21 00:05:00 2020,"New figures",   2, 0, 0 
4135846,Reza Kalantar,Sat Mar 21 00:04:29 2020,"Delete loss_curve.png",   1, 0, 0 
d9abf16,Reza Kalantar,Sat Mar 21 00:04:18 2020,"Delete confusion_matrix.png",   1, 0, 0 
0f06853,Reza Kalantar,Sat Mar 21 00:03:56 2020,"Delete confusion_matrix.pdf",   1, 0, 0 
fe1000d,Reza Kalantar,Sat Mar 21 00:03:39 2020,"Delete loss_curve.pdf",   1, 0, 0 
a644042,Reza Kalantar,Fri Mar 20 08:32:53 2020,"Update README.md",   1, 1, 1 
eecd273,Reza Kalantar,Fri Mar 20 08:30:35 2020,"Set theme jekyll-theme-merlot", 
ab8a1b3,Reza Kalantar,Fri Mar 20 08:30:22 2020,"Set theme jekyll-theme-merlot",   1, 1 
2c66df1,Reza Kalantar,Fri Mar 20 08:29:48 2020,"Update README.md",   1, 1, 1 
da2e8de,Reza Kalantar,Fri Mar 20 08:29:32 2020,"add figures to Readme",   1, 6, 1 
18e5f64,Reza Kalantar,Fri Mar 20 08:27:11 2020,"add figures",   2, 0, 0 
af3483d,Reza Kalantar,Fri Mar 20 08:26:29 2020,"Update README.md",   1, 1 
0e5af7d,Reza Kalantar,Fri Mar 20 08:23:54 2020,"add loss curve",   1, 2, 1 
cff75b6,Reza Kalantar,Fri Mar 20 08:08:30 2020,"Create README.md",   1, 3 
ccac566,Reza Kalantar,Fri Mar 20 08:03:56 2020,"first commit",   292, 1727 