commit id,author,date,comment,changed files,lines added,lines deleted

b1fa31b,rfribeiro,Sun May 3 08:48:47 2020,"update run details",   1, 5 
92733e9,rfribeiro,Sun May 3 08:06:37 2020,"fix grammar",   1, 7, 9 
d5abd73,rfribeiro,Sun May 3 07:44:01 2020,"add image file",   1, 3847 
9bca631,rfribeiro,Sun May 3 07:11:21 2020,"fix video link gif",   1, 1, 1 
6daf30a,rfribeiro,Sun May 3 07:08:43 2020,"update README and upload images",   9, 70, 23 
719b263,rfribeiro,Sat May 2 04:04:07 2020,"remove duplicate code",   1, 10, 8553 
6f2ce9f,rfribeiro,Sat May 2 04:03:26 2020,"update README",   1, 9, 3 
488aadf,rfribeiro,Sat May 2 04:02:51 2020,"include folders to ignore",   1, 3 
e355ac2,dependabot[bot],Fri May 1 14:42:16 2020,"Bump werkzeug from 0.14.1 to 0.15.3",   1, 1, 1 
74f5968,rfribeiro,Fri May 1 14:41:41 2020,"add confidence command line argument",   1, 3 
11be238,rfribeiro,Fri May 1 14:41:07 2020,"add requirements file",   1, 107 
7f8b0e9,rfribeiro,Fri May 1 13:54:52 2020,"change log message",   1, 1, 3 
60bb9fa,rfribeiro,Fri May 1 13:11:45 2020,"update training model",   1, 5672, 5626 
436b4c6,rfribeiro,Fri May 1 13:11:20 2020,"add improvement",   1, 1 
9bcb2d8,rfribeiro,Fri May 1 12:05:53 2020,"create command line file",   1, 154 
5fe86d1,rfribeiro,Fri May 1 12:05:29 2020,"update readme file",   1, 91, 1 
7ca2caf,rfribeiro,Fri May 1 12:05:09 2020,"change file name",   1, 0, 0 
ccc5180,rfribeiro,Fri May 1 10:07:15 2020,"add readme file",   1, 2 
01c89a3,rfribeiro,Fri May 1 06:58:07 2020,"initial project commit",   4, 399040 