commit id,author,date,comment,changed files,lines added,lines deleted

1d12a0e,riiswa,Wed Mar 18 22:42:03 2020,"typo correction",   1, 1, 1 
7d6a034,riiswa,Wed Mar 18 22:39:04 2020,"disable inputs field",   1, 3, 3 
0217458,riiswa,Wed Mar 18 22:26:09 2020,"disable inputs field",   6, 285, 20 
2d15fbb,riiswa,Wed Mar 18 21:45:36 2020,"change description",   2, 2, 2 
e234277,riiswa,Wed Mar 18 21:41:33 2020,"change description",   1, 1, 1 
237cdd8,riiswa,Wed Mar 18 08:17:04 2020,"add delete button",   1, 5, 2 
5fc9481,riiswa,Wed Mar 18 08:02:53 2020,"add gdrive",   1, 2, 2 
1722605,riiswa,Wed Mar 18 07:55:46 2020,"Save on google drive",   1, 12 
13fac48,riiswa,Wed Mar 18 05:17:16 2020,"Add original link",   1, 2 
86e828c,riiswa,Wed Mar 18 05:00:33 2020,"Add RGPD text",   1, 4, 1 
e0b2d5d,Waris,Wed Mar 18 04:56:44 2020,"Update README.md",   1, 1, 1 
f7bb839,Waris,Wed Mar 18 04:51:53 2020,"Update README.md",   1, 1, 1 
dd49ae9,Waris,Wed Mar 18 04:40:20 2020,"Update README.md",   1, 1, 1 
8893e8c,riiswa,Wed Mar 18 04:12:55 2020,"Style fix on IOS",   1, 8, 6 
d265d95,riiswa,Wed Mar 18 01:27:44 2020,"Merge branch 'master' of https://github.com/riiswa/covid19-attestation-deplacement-form megre# Please enter a commit message to explain why this merge is necessary,", 
a7d6174,riiswa,Wed Mar 18 01:27:18 2020,"Add links",   1, 1, 1 
720e86c,riiswa,Wed Mar 18 01:18:29 2020,"Add Github link",   1, 2, 2 
902c70b,Waris,Wed Mar 18 01:15:19 2020,"Update README.md",   1, 1, 1 
deb9d49,riiswa,Wed Mar 18 01:08:19 2020,"Style fixes",   1, 1 
5efd3d3,Waris,Wed Mar 18 01:02:30 2020,"Update README.md",   1, 1, 1 
4a7fbdf,Waris,Wed Mar 18 01:01:44 2020,"Merge pull request #1 from riiswa/add-license-1", 
11471bc,Waris,Wed Mar 18 00:58:32 2020,"Update README.md",   1, 1, 1 
ddba362,riiswa,Wed Mar 18 00:56:44 2020,"First commit",   2, 182 
d3c1a57,Waris,Wed Mar 18 00:42:34 2020,"Initial commit",   1, 2 