commit id,author,date,comment,changed files,lines added,lines deleted

3587159,Tony Sanjaya,Tue Sep 1 17:34:47 2020,"Update people.js (#68)",   1, 11 
5337c0a,Frans Caisar Ramadhan,Fri Aug 14 19:34:24 2020,"update employer data (#66)",   1, 7 
91b16d2,Lelianto Eko Pradana,Fri Aug 14 19:33:27 2020,"Update people.js (#67)",   1, 1, 1 
e8490e2,Mardiansyah N,Tue Aug 4 10:24:10 2020,"Update people.js (#65)",   1, 12 
bcd24ba,Riza Fahmi,Mon Aug 3 11:42:21 2020,"Update people.js",   1, 1, 1 
1b681f1,Rifki Andriyanto,Sun Aug 2 22:00:21 2020,"Update people.js (#64)",   1, 11 
6cbdab5,Lelianto Eko Pradana,Tue Jul 28 17:29:21 2020,"Update people.js (#63)",   1, 11 
4720d85,Ainul,Tue Jul 28 11:07:13 2020,"Update people.js (#62)",   1, 12 
9abe1d7,Adzanny,Tue Jul 28 11:06:06 2020,"Update people.js (#61)",   1, 1, 1 
0864e11,Riza Fahmi,Fri Jul 24 13:50:19 2020,"Update README.md",   1, 6 
b59ce85,Bahyu Sanciko,Fri Jul 24 12:18:44 2020,"update data lokasi dan blog saya (#60)",   1, 5, 3 
f4b5082,dependabot[bot],Sat Jul 18 20:03:34 2020,"Bump lodash from 4.17.15 to 4.17.19 (#59)",   2, 6, 6 
3945dff,Arief Luthfi Aulia,Thu Jul 16 11:43:51 2020,"[ADD] Data employer (#58)",   1, 7 
53ee250,Mychael Go,Wed Jul 1 23:37:31 2020,"add xendit as employer (#55)",   1, 8, 1 
272550e,Adib Firman,Wed Jul 1 23:36:15 2020,"adding filter location (#56)",   1, 43, 3 
6a9aaf7,Mardiansyah N,Wed Jul 1 10:16:07 2020,"Add Mardiansyah to people.js (#53)",   1, 13, 3 
fd3f89f,Hasobi Ro'id Radityo,Wed Jul 1 10:13:37 2020,"added hasobi (#52)",   1, 12 
ad2f003,Doddy Rizal Novianto,Sun Jun 28 21:25:08 2020,"Hiring page sort alphabetically (#51)",   1, 33, 4 
091db9c,Doddy Rizal Novianto,Sun Jun 28 21:23:00 2020,"add more color on tech stack (#50)",   1, 24 
5500e7f,Mamun,Sun Jun 28 21:20:07 2020,"Rev employer.js (#49)",   1, 3, 3 
62db628,mfsyahrz,Sun Jun 28 21:15:12 2020,"Add Doku to employer list (#48)",   1, 7 
96451c7,spiritbro1,Sat Jun 27 09:33:42 2020,"Update people.js (#46)",   1, 1, 14 
4782627,Zainal Arifin,Sat Jun 27 09:27:58 2020,"feat(People): add profile for: Zainal Arifin (#45)",   1, 13, 1 
ee88c28,Ilham Bintang,Sat Jun 27 09:03:34 2020,"Add Ilham Bintang (#42)",   1, 14, 1 
48c63dd,Ahmad Anshorimuslim Syuhada,Sat Jun 27 09:01:54 2020,"feat(employers): add efishery (#40)",   1, 7 
ec0c2ad,Sofian Hadiwijaya,Thu Jun 25 14:25:14 2020,"Add Warung Pintar (#43)",   1, 7 
830f6ba,Adzanny,Tue Jun 23 21:59:05 2020,"Update People (#39)",   1, 12 
e5530a5,spiritbro1,Tue Jun 23 17:06:25 2020,"update people.js (#37)",   1, 15 
24d8b9f,Mamun,Tue Jun 23 12:12:23 2020,"add Widya Inovasi Indonesia (#35)",   1, 7 
ebd2d89,bitanco,Mon Jun 22 22:18:04 2020,"Update people.js (#34)",   1, 1, 1 
5df28ff,Abdul Malik Ikhsan,Mon Jun 22 18:59:47 2020,"add more social media for Abdul Malik Ikhsan (#33)",   1, 6, 1 
5932727,Abdul Malik Ikhsan,Mon Jun 22 18:59:09 2020,"ensure sort social keys media before loop (#32)",   1, 1, 1 
1644ef9,Afrian Junior,Mon Jun 22 13:44:40 2020,"feat: add rikki novar profile (#31)",   1, 9 
a7bdd25,Bherly Novrandy,Mon Jun 22 12:59:33 2020,"Add Kitabisa in employer.js (#29)",   1, 7 
2181615,Bahyu Sanciko,Mon Jun 22 12:58:39 2020,"Bahyu sanciko profile (#30)",   1, 12 
3937e8a,Alfian Oktafireza,Mon Jun 22 11:09:53 2020,"add tech badge color and html class filter (#27)",   1, 35, 2 
0440394,Abdul Malik Ikhsan,Mon Jun 22 11:08:54 2020,"add Abdul Malik Ikhsan to people.js (#24)",   1, 9 
390fc70,Abdul Malik Ikhsan,Mon Jun 22 11:05:48 2020,"add ability to input multi social media (#25)",   2, 24, 3 
b6c9a50,Riza Fahmi,Mon Jun 22 11:02:39 2020,"Pr/23 (#28)",   1, 7 
9da0944,Rizqy Hidayat,Mon Jun 22 10:42:20 2020,"Add Dicoding as employer (#22)",   1, 7 
5f70b4f,Yoga Hanggara,Sun Jun 21 23:39:43 2020,"add jabar digital service (#20)",   1, 7 
b463fb6,Muhammad Rizqi,Sun Jun 21 21:45:50 2020,"Update people.js (rizafahmi#19) (#19)",   1, 9 
03abac5,R,Sun Jun 21 10:31:58 2020,"Adding sekolah.mu in the list of hiring companies (#17)",   1, 7 
5daaf6e,Hardyin Alexander,Sun Jun 21 10:31:09 2020,"Update people.js (#18)",   1, 10, 1 
b137e6c,Matthew Tanudjaja,Thu Jun 18 21:34:43 2020,"fix: typo in README (#16)",   1, 1, 1 
d856546,Riza Fahmi,Thu Jun 18 13:19:24 2020,"Resorted by hired and by alphabetically",   1, 3, 1 
4c950d3,sudonosugianto,Thu Jun 18 13:18:06 2020,"Sort People by Hired Descending, Prioritize Unemployed Developers (#15)",   1, 1, 1 
68e2d82,northern-king,Thu Jun 18 07:35:01 2020,"Bismillah (#13)",   3, 2465, 86 
2c3573f,Riza Fahmi,Thu Jun 18 07:27:56 2020,"Change hired overlay (#14)",   1, 13, 10 
487e00c,karoldanutama,Thu Jun 18 00:07:42 2020,"Add datasaur.ai entry (#12)",   1, 7 
bf99e63,ryanakbar20,Wed Jun 17 22:34:40 2020,"Update people.js (#11)",   1, 9 
cff9ffb,Riza Fahmi,Wed Jun 17 00:45:26 2020,"Add hired label (#10)",   2, 42, 9 
c0e16ef,Riza Fahmi,Mon Jun 15 18:55:15 2020,"Remove Budhi and Bambang (#9)",   1, 16 
03aa8ef,bitanco,Mon Jun 15 18:11:53 2020,"Update people.js (#8)",   1, 8 
b205418,Riza Fahmi,Mon Jun 8 17:02:42 2020,"Revisi copy setelah review (#7)",   2, 6, 6 
f14a0a7,Riza Fahmi,Fri Jun 5 21:05:50 2020,"Improve copy (#6)",   6, 39, 76 
37e13ec,berlirmp,Fri Jun 5 16:44:23 2020,"tokenomy is hiring (#5)",   1, 5 
0504708,M. Alfin Syahruddin,Wed Jun 3 09:45:30 2020,"Merapikan layout badge dan Menambahkan fitur Dark Mode (#4)",   6, 2012, 6 
585411b,Mohammad Anwari,Tue Jun 2 22:12:53 2020,"Add Citra Digital Lintas in employer list (#2)",   1, 6 
75b1481,Riza Fahmi,Tue Jun 2 22:11:38 2020,"Metadata (#3)",   4, 26 
10d2905,Riza Fahmi,Tue Jun 2 19:24:02 2020,"add __sapper__/export folder",   23, 43, 2 
8cabe11,Riza Fahmi,Sat May 16 21:31:36 2020,"Change name with more positive vibe :)",   6, 15, 15 
97aa3a0,Riza Fahmi,Sat May 16 21:20:23 2020,"Add employers",   2, 21, 3 
9aa2be3,Riza Fahmi,Sat May 16 19:06:06 2020,"Add tech stack",   2, 49 
129ca04,Riza Fahmi,Sat May 16 17:07:37 2020,"Add direct github for edit data",   3, 24 
b841ca7,Riza Fahmi,Sat May 16 17:00:51 2020,"Update additional info",   2, 29, 7 
172f9b5,Riza Fahmi,Sat May 16 16:57:01 2020,"Add repo info",   3, 14, 6 
42803e6,Riza Fahmi,Sat May 16 16:52:47 2020,"Add repo info",   1, 2 
6fd9095,Riza Fahmi,Sat May 16 16:37:36 2020,"Merge branch 'master' of github.com:rizafahmi/phkid", 
d25d7da,Riza Fahmi,Sat May 16 16:36:55 2020,"Update readme",   1, 2, 2 
0d5de1b,Riza Fahmi,Sat May 16 16:33:29 2020,"Update readme",   1, 8, 104 
a6d0e06,Riza Fahmi,Sat May 16 15:47:01 2020,"Add employer page",   4, 35 
ba83bcf,Riza Fahmi,Sat May 16 15:46:52 2020,"sort by name",   1, 11, 1 
9f48266,Riza Fahmi,Sat May 16 15:46:39 2020,"Add more people data",   1, 35 
4bb595b,Riza Fahmi,Sat May 16 14:44:15 2020,"About page",   2, 8, 3 
e867d98,Riza Fahmi,Sat May 16 14:33:42 2020,"Basic template",   13, 99, 397 
d2da4f6,Riza Fahmi,Fri May 15 07:26:42 2020,"Initial commit",   31, 2986 