commit id,author,date,comment,changed files,lines added,lines deleted

8a2f075,Ryan Lindskog,Sat Aug 1 00:45:40 2020,"Merge pull request #17 from unpolaco/patch-1", 
b3bfa77,dependabot[bot],Sun Jun 7 08:03:12 2020,"Bump apollo-server-core from 2.11.0 to 2.14.2",   1, 258, 125 
6e3bec2,dependabot[bot],Sun Jun 7 04:26:43 2020,"Bump apollo-server-micro from 2.11.0 to 2.14.2",   2, 98, 73 
2a39355,Ryan Lindskog,Fri May 8 07:08:41 2020,"Merge pull request #14 from rickkln/patch-1", 
3187fda,Ryan Lindskog,Thu Apr 2 07:06:19 2020,"Merge pull request #12 from keyzt/patch-1", 
197918c,Ryan Lindskog,Thu Mar 26 08:45:09 2020,"Update README.md",   1, 2, 2 
f343bb1,Ryan Lindskog,Thu Mar 26 07:14:25 2020,"Merge pull request #10 from cryptodoct0r/patch-2", 
885c1c0,Ryan Lindskog,Sat Mar 21 01:49:06 2020,"Merge pull request #7 from msbit/update-date-format-example", 
cebd8b9,Ryan Lindskog,Fri Mar 20 03:26:50 2020,"Update README.md",   1, 1, 1 
e1dd58b,Ryan Lindskog,Thu Mar 19 07:14:34 2020,"Merge pull request #6 from rlindskog/staging", 
d164eae,Ryan Lindskog,Thu Mar 19 07:12:06 2020,"added cors",   6, 32, 9 
a35286f,Ryan Lindskog,Thu Mar 19 03:02:34 2020,"merge from master", 
9662539,Ryan Lindskog,Thu Mar 19 03:00:55 2020,"update deps",   2, 1, 9 
1c94200,Ryan Lindskog,Thu Mar 19 02:58:37 2020,"removing old deps",   3, 6, 87 
5d28cc9,Ryan Lindskog,Thu Mar 19 02:07:11 2020,"Merge pull request #4 from jeetiss/add-date-formatter", 
7fdd23b,Ryan Lindskog,Wed Mar 18 05:44:58 2020,"Update README.md",   1, 1 
9e4a34d,Ryan Lindskog,Wed Mar 18 05:43:20 2020,"Update README.md",   1, 6, 2 
205e0ad,Ryan Lindskog,Wed Mar 18 05:32:43 2020,"Update README.md",   1, 4 
251e137,Ryan Lindskog,Wed Mar 18 05:24:46 2020,"Merge pull request #2 from rlindskog/staging", 
b0e02ca,Ryan Lindskog,Wed Mar 18 05:24:08 2020,"fix for lt queries",   1, 5, 4 
211135e,Ryan Lindskog,Wed Mar 18 05:13:21 2020,"rollback",   1, 2, 1 
02511a1,Ryan Lindskog,Wed Mar 18 05:12:39 2020,"Fix for date conditionals",   1, 1, 1 
027cbf7,Ryan Lindskog,Tue Mar 17 13:59:51 2020,"Merge branch 'master' of https://github.com/rlindskog/covid19-graphql", 
b42ef99,Ryan Lindskog,Tue Mar 17 13:59:47 2020,"Added growth rate",   2, 32, 7 
ab9231f,Ryan Lindskog,Tue Mar 17 11:46:42 2020,"Caching the fetch between queries",   2, 25, 17 
f8feabc,Ryan Lindskog,Tue Mar 17 11:17:02 2020,"added country queries",   3, 74, 5 
46d81e2,Ryan Lindskog,Tue Mar 17 10:10:11 2020,"Merge branch 'master' of https://github.com/rlindskog/covid19-graphql", 
cd412b3,Ryan Lindskog,Tue Mar 17 10:10:03 2020,"Add a default date for result query",   3, 16, 20 
421dcf5,Ryan Lindskog,Tue Mar 17 09:32:55 2020,"updated readme",   1, 18, 1 
7e3ca72,Ryan Lindskog,Tue Mar 17 09:31:59 2020,"initial commit",   13, 5325 