commit id,author,date,comment,changed files,lines added,lines deleted

3b6ec8b,Rahul Pandey,Thu Jul 9 14:47:51 2020,"Update version after bugfixes",   1, 2, 2 
9f8a0b7,Rahul Pandey,Thu Jul 9 14:46:17 2020,"[bugfix] More graceful handling of negative deltas in the data for some states, e.g. D.C on May 24",   1, 12, 1 
0c373f5,Rahul Pandey,Thu Jul 9 14:22:05 2020,"[bugfix] Skip data which has null dateChecked field from API",   1, 1, 1 
4412472,Rahul Pandey,Thu Jul 9 12:24:46 2020,"Add link to F-Droid download",   1, 2 
0a05c1e,Rahul Pandey,Wed Jul 1 07:27:46 2020,"Update screenshots to not be framed",   4, 0, 0 
abe782d,Rahul Pandey,Tue Jun 30 11:34:50 2020,"Merge branch 'master' of https://github.com/rpandey1234/Covid19Tracker", 
7360351,Rahul Pandey,Tue Jun 30 11:33:56 2020,"Add fastlane directory structure",   13, 25 
519845d,Rahul Pandey,Sun Jun 14 14:10:24 2020,"Less repeated code + formatting",   2, 16, 11 
43c7572,Rahul Pandey,Tue Jun 2 07:17:20 2020,"Update README.md",   1, 33, 2 
3a6ae08,Rahul Pandey,Tue Jun 2 05:35:11 2020,"Update app name",   2, 2, 1 
e7622e5,Rahul Pandey,Tue Jun 2 03:35:36 2020,"Update action bar title + app icon",   21, 76, 170 
b04911a,Rahul Pandey,Tue Jun 2 03:17:28 2020,"Add state list drawable and color for radio buttons",   6, 45 
719d88a,Rahul Pandey,Tue Jun 2 03:01:35 2020,"Integrate ticker library, add background color, and change color scheme",   4, 17, 7 
03d2236,Rahul Pandey,Tue Jun 2 02:47:48 2020,"Add state selection drop down + respond to selection",   4, 40, 2 
da13a15,Rahul Pandey,Tue Jun 2 02:20:28 2020,"Update UI when the metric or time range is changed",   2, 45 
a6e1125,Rahul Pandey,Tue Jun 2 01:38:12 2020,"Add enums for metric and daysAgo, implement getDataBounds, and add scrub listener",   3, 49, 4 
19801d3,Rahul Pandey,Tue Jun 2 01:18:19 2020,"Create basic spark adapter so chart is rendered",   2, 30, 1 
ec4a5b3,Rahul Pandey,Mon Jun 1 15:24:44 2020,"Setup UI + add comments for integrating spark chart",   3, 101, 6 
5fd049a,Rahul Pandey,Mon Jun 1 13:11:32 2020,"Able to make the API call and get data back using retrofit and gson",   6, 92, 2 
99c9956,Rahul Pandey,Mon Jun 1 11:50:24 2020,"Initial commit, empty project",   43, 946 