commit id,author,date,comment,changed files,lines added,lines deleted

1da48f9,dan aronson,Mon Aug 3 10:31:30 2020,"Merge pull request #196 from Safe2COVIDApp/bug_config_integers", 
8ec9f07,Mitra Ardron,Sun Aug 2 12:05:34 2020,"Unwind Jamison's non PR-ed changes",   1, 1, 4 
6c9b2f1,jmday,Sun Aug 2 12:02:21 2020,"Add storage directory if not exists",   1, 4, 1 
9ba5676,jmday,Sun Aug 2 10:50:24 2020,"Merge pull request #194 from justledbetter/patch-3", 
fad78e4,jmday,Sun Aug 2 10:49:59 2020,"Merge pull request #193 from justledbetter/patch-1", 
0b16396,Mitra Ardron,Thu Jul 9 09:04:30 2020,"Merge pull request #191 from Safe2COVIDApp/bug_bad_bounding_box_error", 
dcbf916,Mitra Ardron,Thu Jul 9 08:52:47 2020,"Fix bounding box error message",   3, 3, 3 
22d30fc,Dan,Fri Jul 3 12:36:31 2020,"update datetime with colons",   1, 2, 2 
3395a54,Dan,Fri Jul 3 12:13:55 2020,"add runtime python version",   1, 1 
c93a414,Dan,Fri Jul 3 09:07:24 2020,"Merge tag '1.1.0' into heroku-develop", 
225b52a,Dan,Fri Jul 3 08:54:45 2020,"update readme",   1, 4, 2 
de20b26,Dan,Fri Jul 3 08:37:34 2020,"back to a web process",   1, 1, 1 
bc825d1,dan aronson,Thu Jul 2 14:12:04 2020,"Merge pull request #189 from Safe2COVIDApp/develop", 
c9119c0,Dan,Thu Jul 2 13:20:11 2020,"add heroku Port check",   1, 10, 1 
0982174,Dan,Wed Jul 1 11:31:17 2020,"change from web to worker",   1, 1, 1 
0458797,Dan,Wed Jul 1 11:13:32 2020,"rm rtree",   1, 1 
885ffc6,Dan,Wed Jul 1 10:52:27 2020,"add procfile for heroku",   2, 8 
a9fe5ab,dan aronson,Wed Jun 3 13:28:29 2020,"Merge pull request #186 from Safe2COVIDApp/feature/refactor_rename_gets", 
bc83671,dan aronson,Wed Jun 3 13:27:27 2020,"Merge pull request #185 from Safe2COVIDApp/feature/code_inspect_cleanup", 
d48c1a6,dan aronson,Wed Jun 3 02:21:26 2020,"Merge pull request #184 from Safe2COVIDApp/feature/temp_merge", 
c15d101,dan aronson,Tue Jun 2 15:31:28 2020,"Merge pull request #175 from Safe2COVIDApp/feature/minor_optimizations", 
a187382,dan aronson,Tue Jun 2 14:58:03 2020,"Merge pull request #174 from Safe2COVIDApp/feature/pseudoclient_delete_alerts_on_test", 
7448af7,dan aronson,Tue Jun 2 14:57:03 2020,"Merge pull request #172 from Safe2COVIDApp/feature/in_memory_data_lru", 
d2dc8c9,Mitra Ardron,Sun May 31 16:51:14 2020,"Merge pull request #167 from Safe2COVIDApp/feature/perf_geographic_refactor", 
dfdbe39,dan aronson,Sun May 31 16:17:03 2020,"Merge pull request #169 from Safe2COVIDApp/feature/too_many_open_files", 
b56be18,dan aronson,Fri May 29 09:07:34 2020,"first part of ssl support for checking client certificates for sync",   1, 28, 2 
3adbbc6,Mitra Ardron,Fri May 29 08:15:43 2020,"Merge pull request #161 from Safe2COVIDApp/feature/cleaned_some_todos", 
a31c32a,dan aronson,Fri May 29 05:11:15 2020,"Merge pull request #160 from Safe2COVIDApp/feature/server_perf", 
43dc55b,dan aronson,Wed May 27 09:03:34 2020,"Merge pull request #158 from Safe2COVIDApp/server_testing", 
d1535e0,dan aronson,Tue May 26 08:39:05 2020,"Merge pull request #156 from Safe2COVIDApp/feature/location_time_150", 
60e1463,dan aronson,Mon May 25 17:11:30 2020,"Merge pull request #155 from Safe2COVIDApp/feature/add_result", 
c609eff,Mitra Ardron,Mon May 25 12:24:03 2020,"Merge pull request #154 from Safe2COVIDApp/feature/add_result", 
9478703,dan aronson,Tue May 19 09:55:23 2020,"Merge pull request #147 from Safe2COVIDApp/feature/add_result", 
e7de510,dan aronson,Sun May 17 15:29:51 2020,"Merge pull request #145 from Safe2COVIDApp/feature/add_log_level_cmd_line_arg", 
b5ec492,Mitra Ardron,Sun May 17 14:46:07 2020,"Merge pull request #146 from Safe2COVIDApp/feature/fix_sync_logging_problem", 
0af5022,dan aronson,Sun May 17 13:45:55 2020,"Revert "fixed error logging"",   1, 2, 2 
69ca08f,dan aronson,Sun May 17 13:42:53 2020,"fixed error logging",   1, 2, 2 
7a10207,dan aronson,Sun May 17 11:43:57 2020,"Merge pull request #144 from Safe2COVIDApp/feature/docs_server_test", 
21a96a1,Mitra Ardron,Sun May 17 09:53:17 2020,"Merge pull request #141 from Safe2COVIDApp/feature/add_external_server_for_pytest", 
4fa8dcd,dan aronson,Sun May 17 09:26:19 2020,"Merge pull request #139 from Safe2COVIDApp/feature/add_earliest_date", 
91a97d9,dan aronson,Sun May 17 08:02:30 2020,"Merge pull request #140 from Safe2COVIDApp/feature/expire_old_updateddict", 
8ca8481,Mitra Ardron,Sat May 16 18:37:41 2020,"Merge pull request #138 from Safe2COVIDApp/feature/add_scan_limit", 
4664690,Mitra Ardron,Sat May 16 08:28:30 2020,"Merge pull request #135 from Safe2COVIDApp/feature/save_unusedids", 
08654d4,Mitra Ardron,Fri May 15 11:25:20 2020,"Merge pull request #136 from Safe2COVIDApp/feature/address_dan_todos", 
504d640,dan aronson,Thu May 14 12:05:39 2020,"Merge pull request #133 from Safe2COVIDApp/feature/refactor_load_insert", 
2f62390,dan aronson,Thu May 14 00:28:23 2020,"Merge pull request #131 from Safe2COVIDApp/feature/minor_fixes", 
0ba3734,dan aronson,Wed May 13 17:51:28 2020,"Merge pull request #130 from Safe2COVIDApp/feature/code_cleanup", 
eb52919,Mitra Ardron,Tue May 12 15:22:58 2020,"Oops - debug error",   1, 1, 1 
4383894,dan aronson,Tue May 12 14:42:10 2020,"Merge pull request #128 from Safe2COVIDApp/add_server_path_119", 
2832116,dan aronson,Tue May 12 14:41:05 2020,"Merge pull request #129 from Safe2COVIDApp/feature/add_more_data", 
9e56c3e,dan aronson,Mon May 11 21:25:25 2020,"Merge pull request #127 from Safe2COVIDApp/feature/refactor_test_client", 
8ab4f14,Mitra Ardron,Sun May 10 19:00:05 2020,"Merge pull request #123 from Safe2COVIDApp/feature/add_data_expiry", 
e429c95,dan aronson,Sat May 9 16:27:10 2020,"Merge pull request #105 from Safe2COVIDApp/feature/app_versions_83", 
98a5e6f,dan aronson,Fri May 8 15:34:50 2020,"Merge branch 'release/1.0.0'", 
ec2c7dc,Mitra Ardron,Fri May 8 14:56:22 2020,"Merge pull request #118 from Safe2COVIDApp/feature/minor_fixes", 
4ad8a67,Mitra Ardron,Wed May 6 19:44:26 2020,"Merge branch 'feature/health_portal' of https://github.com/Safe2COVIDApp/bct-server into feature/health_portal", 
ebcf28d,Mitra Ardron,Wed May 6 14:40:35 2020,"Health portal start",   7, 325, 31 
f0fb3ec,dan aronson,Wed May 6 12:32:38 2020,"Merge pull request #113 from mitra42/test/backgroundable_client", 
c643f76,dan aronson,Tue May 5 15:56:42 2020,"Merge pull request #107 from mitra42/feature/add_real_twisted_logging_and_file_support", 
19a2aac,dan aronson,Tue May 5 15:46:26 2020,"Merge pull request #103 from mitra42/feature/init_status", 
f3830e1,dan aronson,Tue May 5 15:42:09 2020,"Merge pull request #104 from mitra42/feature/rename_contacts_95", 
abf663e,dan aronson,Mon May 4 23:34:02 2020,"Merge pull request #102 from mitra42/feature/testing_performance", 
ccc09bd,Mitra Ardron,Mon May 4 08:05:34 2020,"Merge pull request #101 from mitra42/feature/fix_spatial_startup_issue", 
1d7357c,dan aronson,Sat May 2 17:48:01 2020,"Merge pull request #98 from mitra42/feature/edit-readme", 
b0b5b0c,dan aronson,Sat May 2 09:45:21 2020,"Merge pull request #93 from mitra42/feature/refactor-pep8", 
0288f57,dan aronson,Fri May 1 16:19:28 2020,"Merge pull request #91 from mitra42/feature/update_token_saving", 
17051e9,dan aronson,Fri May 1 16:18:47 2020,"Merge pull request #92 from mitra42/feature/app_versioning", 
e913f0a,dan aronson,Fri May 1 16:09:02 2020,"Merge pull request #86 from mitra42/feature/signon", 
6ba4b16,dan aronson,Fri May 1 00:38:20 2020,"Merge pull request #89 from mitra42/feature/add_async_support_2", 
83c7507,dan aronson,Fri May 1 00:36:51 2020,"Merge pull request #90 from mitra42/refactor_rename_ids", 
f666925,Mitra Ardron,Thu Apr 30 17:26:02 2020,"Merge pull request #87 from mitra42/feature/add_async_support_2", 
e054624,dan aronson,Wed Apr 29 18:02:45 2020,"Merge pull request #82 from mitra42/code_cleanup", 
9bd3c3f,dan aronson,Wed Apr 29 17:50:52 2020,"Merge pull request #79 from mitra42/feature/add_boundingbox_min_dp", 
2c0e6a2,dan aronson,Wed Apr 29 17:45:01 2020,"Merge pull request #78 from mitra42/feature/add_some_logging", 
a1f3f49,dan aronson,Wed Apr 29 17:44:05 2020,"Merge pull request #81 from mitra42/remove_sequences", 
a89688b,Mitra Ardron,Wed Apr 29 17:21:27 2020,"Merge pull request #77 from mitra42/feature/add_async_twisted_support", 
e64d2f4,dan aronson,Sun Apr 26 17:27:16 2020,"Merge pull request #58 from mitra42/refactor_time", 
2a24457,dan aronson,Sun Apr 26 14:51:25 2020,"Merge pull request #52 from mitra42/test_pseudoclient", 
62f8486,Mitra Ardron,Sun Apr 26 08:06:51 2020,"Merge pull request #53 from mitra42/feature/build_test_for_sync", 
e95714e,Mitra Ardron,Sun Apr 26 08:02:48 2020,"Merge pull request #54 from mitra42/feature/add_circle_ci_integratioin", 
f7dc816,dan aronson,Sun Apr 26 05:29:29 2020,"Merge pull request #51 from mitra42/code_cleanup", 
947cae8,Mitra Ardron,Sat Apr 25 11:18:20 2020,"Merge pull request #47 from mitra42/feature/add_updatetoken", 
fc151ff,Mitra Ardron,Thu Apr 23 17:34:47 2020,"Merge pull request #45 from mitra42/feature/change_date_format", 
ff4dd1d,dan aronson,Wed Apr 22 04:27:24 2020,"Merge pull request #40 from mitra42/feature/docker_git_config_38", 
35b0409,Mitra Ardron,Tue Apr 21 18:57:58 2020,"Merge pull request #39 from mitra42/feature/add_admin", 
b1a3ab0,dan aronson,Tue Apr 21 08:57:47 2020,"Merge pull request #37 from mitra42/feature/add_docker", 
dfc0c3d,dan aronson,Mon Apr 20 16:22:39 2020,"Merge pull request #35 from mitra42/circleci-project-setup", 
0a5ad86,Mitra Ardron,Sun Apr 19 18:50:26 2020,"Merge pull request #32 from mitra42/feature/test_seq1", 
38cce93,dan aronson,Sun Apr 19 11:41:51 2020,"Merge pull request #30 from mitra42/feature/add_status_field", 
8d77273,Mitra Ardron,Sat Apr 18 11:26:59 2020,"Merge pull request #23 from mitra42/feature/rename_endpoints", 
95c2475,dan aronson,Sat Apr 18 00:39:21 2020,"Merge pull request #20 from mitra42/feature/add_geolocation_support", 
ab4a504,dan aronson,Tue Apr 14 14:02:08 2020,"Merge pull request #18 from mitra42/feature/support_multiple_payloads_for_contact_id", 
8dcf473,Mitra Ardron,Mon Apr 13 10:22:38 2020,"Merge pull request #16 from mitra42/feature/add_inital_testing", 
ca4926f,Mitra Ardron,Mon Apr 13 07:20:43 2020,"Merge pull request #14 from mitra42/feature/add_support_for_multiple_servers", 
5322c5a,Mitra Ardron,Sun Apr 12 15:43:35 2020,"Merge pull request #12 from mitra42/feature/fix_sync_to_return_json", 
59c5627,Mitra Ardron,Sat Apr 11 12:59:58 2020,"Merge pull request #10 from mitra42/feature/add_sync", 
9d37898,dan aronson,Sat Apr 11 12:14:18 2020,"Merge pull request #9 from mitra42/feature/transition_to_twisted", 
9fc93c8,dan aronson,Sat Apr 11 00:32:16 2020,"Merge pull request #6 from mitra42/feature/add_green", 
abd4a99,dan aronson,Fri Apr 10 00:35:37 2020,"Merge pull request #1 from mitra42/feature/add_initial_server", 
7bc2e2b,Mitra Ardron,Wed Apr 8 10:22:33 2020,"Initial commit",   1, 2 