commit id,author,date,comment,changed files,lines added,lines deleted

abc5a5c,Sai Vittal B,Sun Sep 13 16:50:18 2020,"Merge pull request #4 from saivittalb/dependabot/npm_and_yarn/firestore/functions/node-fetch-2.6.1", 
c34e867,Sai Vittal B,Sat Jul 25 22:55:32 2020,"Merge pull request #3 from saivittalb/dependabot/npm_and_yarn/firestore/functions/lodash-4.17.19", 
5a8b997,Sai Vittal B,Mon Jun 8 22:10:44 2020,"Merge pull request #2 from saivittalb/dependabot/npm_and_yarn/firestore/functions/websocket-extensions-0.1.4", 
abd3ccc,Sai Vittal B,Wed May 27 09:14:49 2020,"Update LICENSE",   1, 2, 2 
75d03c2,Sai Vittal B,Mon Apr 27 04:50:45 2020,"Fixed a typo",   1, 1, 1 
f7b1552,Sai Vittal B,Mon Apr 27 02:12:08 2020,"Updated .apk build link",   1, 2, 2 
1bf70d9,Sai Vittal B,Mon Apr 27 01:55:09 2020,"Updated docs for bash error",   1, 2, 2 
8376830,Sai Vittal B,Mon Apr 27 01:48:49 2020,"Delete output.json",   1, 1 
964676e,Sai Vittal B,Mon Apr 27 01:48:29 2020,"Delete app-debug.apk",   1, 0, 0 
28636e8,Sai Vittal B,Mon Apr 27 01:32:56 2020,"Fixed some bugs and updated demo and .apk build in documentation",   11, 43, 23 
275587e,Sai Vittal B,Sun Apr 26 09:14:41 2020,"Updated documentation for installation",   2, 2, 1 
abd65e7,Sai Vittal B,Sun Apr 26 09:07:53 2020,"Updated documentation",   3, 12 
cc45df0,Sai Vittal B,Sun Apr 26 08:39:20 2020,"Remove Travis-CI",   1, 1, 3 
92093d4,Sai Vittal B,Sun Apr 26 08:38:13 2020,"Delete .travis.yml",   1, 24 
3fae293,Sai Vittal B,Sun Apr 26 08:30:22 2020,"Adding Travis-CI badge",   1, 5, 1 
937953e,Sai Vittal B,Sun Apr 26 08:21:48 2020,"Setup .travis.yml",   1, 24 
2d18ee2,Sai Vittal B,Sun Apr 26 08:19:20 2020,"Merge pull request #1 from codacy-badger/codacy-badge", 
6e18a38,Sai Vittal B,Sun Apr 26 08:00:00 2020,"Initial set-up commit",   77, 8959 