commit id,author,date,comment,changed files,lines added,lines deleted

7ff4a79,Satadru Bhattacharjee,Sun Jun 28 20:14:17 2020,"updating the exposure screenshot in readme",   1, 1, 1 
b96e48d,Satadru Bhattacharjee,Sun Jun 28 19:43:55 2020,"resigning screenshot in readme",   1, 1, 1 
27616a9,Satadru Bhattacharjee,Sun Jun 28 19:42:18 2020,"resigning screenshot in readme",   1, 4, 1 
b9ec48b,Satadru Bhattacharjee,Sun Jun 28 19:37:26 2020,"Updating the screenshots",   2, 21, 6 
2d54903,Satadru Bhattacharjee,Sun Jun 28 18:28:06 2020,"Updating the Readme file",   2, 59, 10 
288e6b8,Satadru Bhattacharjee,Sun Jun 14 15:48:26 2020,"Report Confirm UI",   7, 163, 1 
2395646,Satadru Bhattacharjee,Sun Jun 14 07:13:21 2020,"Report Page UI",   14, 380, 72 
35c5751,Satadru Bhattacharjee,Sat Jun 13 18:17:04 2020,"Fixing the Phone Auth for iOS",   3, 16, 3 
ec17368,Satadru Bhattacharjee,Sun Jun 7 03:48:38 2020,"Setup Finish Screen",   4, 86, 27 
2494cef,Satadru Bhattacharjee,Sat Jun 6 23:41:13 2020,"Adding Local Notification Service for Android and iOS",   11, 121, 7 
f05f73a,Satadru Bhattacharjee,Sun May 31 16:40:51 2020,"refactoring the login to auth service",   11, 309, 62 
ddbaef9,Satadru Bhattacharjee,Sun May 31 03:17:41 2020,"Firebase Phone Authentication",   23, 716, 33 
b562dd6,Satadru Bhattacharjee,Thu May 28 19:33:31 2020,"Adding Firebase configurations for Android and iOS",   9, 144, 9 
69fee93,Satadru Bhattacharjee,Thu May 28 18:32:23 2020,"Background Fetch Implementation",   9, 94, 8 
45fad52,Satadru Bhattacharjee,Wed May 27 17:42:01 2020,"location setup flow",   12, 192, 7 
7ecfab9,Satadru Bhattacharjee,Wed May 27 03:28:56 2020,"Adding background location plugin",   9, 188, 20 
af57840,Satadru Bhattacharjee,Tue May 26 18:27:35 2020,"Conditional Onboarding based upon the stored preference",   13, 245, 102 
9164762,Satadru Bhattacharjee,Tue May 26 01:23:40 2020,"the intersect notification service and required models",   14, 687, 5 
49f19d3,Satadru Bhattacharjee,Sun May 24 05:40:41 2020,"Adding a Shared Preference Storage Service for key-value store",   9, 291 
3a16e14,Satadru Bhattacharjee,Sat May 23 17:30:07 2020,"Adding Navigation with auto_router",   15, 676, 66 
500817c,Satadru Bhattacharjee,Fri May 22 17:33:08 2020,"Adding Components for Test report screen",   11, 460, 17 
6edb9e3,Satadru Bhattacharjee,Tue May 19 07:47:04 2020,"Location Setup Screen added",   19, 117, 5 
600fe1a,Satadru Bhattacharjee,Sun May 17 16:42:16 2020,"Onboarding slides",   9, 207, 5 
b547b68,Satadru Bhattacharjee,Sat May 16 17:18:36 2020,"Setting up MVVM architecture",   18, 426, 157 
49a1dda,Satadru Bhattacharjee,Tue May 12 06:10:26 2020,"Adding App Icon",   44, 30, 1 
ab509d4,Satadru Bhattacharjee,Tue May 12 00:49:27 2020,"Merge branch 'master' of https://github.com/SatadruBhattacharjee/covid_care_flutter_app", 
bb55fdb,Satadru Bhattacharjee,Tue May 12 00:40:00 2020,"Initializing the App",   67, 1734 