commit id,author,date,comment,changed files,lines added,lines deleted

cec2ffd,Bob Kubinec,Thu Sep 17 23:02:26 2020,"Merge branch 'master' of https://github.com/saudiwin/corona_tscs", 
ce18749,Bob Kubinec,Thu Sep 17 23:02:04 2020,"new stuff",   2, 78, 55 
1994c2a,Bob Kubinec,Wed Sep 16 22:06:30 2020,"best up to date fitted model",   1, 0, 0 
4e60fe5,Bob Kubinec,Wed Sep 16 21:50:14 2020,"efficiency changes",   1, 18, 6 
856a4ac,Bob Kubinec,Wed Sep 16 21:33:24 2020,"latest poll time series",   4, 171300, 158950 
097ca4c,Bob Kubinec,Wed Sep 16 21:31:42 2020,"current count of policies",   1, 0, 0 
78ff045,Bob Kubinec,Wed Sep 16 21:29:41 2020,"added in fear as mediator",   5, 9219, 5840 
65fa737,Bob Kubinec,Wed Sep 16 18:16:39 2020,"Merge branch 'master' of https://github.com/saudiwin/corona_tscs", 
972c80f,Bob Kubinec,Wed Sep 16 18:13:56 2020,"new tikz diagram",   2, 9, 4 
979d7c3,Bob Kubinec,Thu Sep 10 01:43:25 2020,"upload estimate of population density",   1, 53 
8930a28,Bob Kubinec,Thu Sep 10 01:26:06 2020,"Merge branch 'master' of https://github.com/saudiwin/corona_tscs", 
2f1576e,Bob Kubinec,Thu Sep 10 01:23:11 2020,"ACLED data",   1, 0, 0 
9f9efe2,Bob Kubinec,Thu Aug 20 06:35:36 2020,"Merge branch 'master' of https://github.com/saudiwin/corona_tscs", 
240ebac,Bob Kubinec,Thu Aug 20 06:35:29 2020,"updated paper",   1, 148, 102 
f29936d,Bob Kubinec,Wed Aug 19 03:43:22 2020,"Merge branch 'master' of https://github.com/saudiwin/corona_tscs a", 
e9073f0,Bob Kubinec,Wed Aug 19 03:43:17 2020,"paper to work on",   1, 319, 236 
a75752b,Bob Kubinec,Tue Aug 18 04:07:23 2020,"Merge branch 'master' of https://github.com/saudiwin/corona_tscs", 
000a824,Bob Kubinec,Tue Aug 18 04:07:10 2020,"recoded us policy data",   1, 3495 
237dcf0,Bob Kubinec,Sat Aug 15 02:56:16 2020,"presentation for PACSS 2020",   1, 75, 9 
2690ba3,Bob Kubinec,Fri Aug 14 07:11:14 2020,"paper",   1, 1, 1 
2b5f639,Bob Kubinec,Fri Aug 14 06:32:49 2020,"Merge branch 'master' of https://github.com/saudiwin/corona_tscs", 
06b205f,Bob Kubinec,Fri Aug 14 06:32:20 2020,"more changes",   1, 48, 3 
921f963,Bob Kubinec,Thu Aug 13 06:05:20 2020,"again",   1, 2, 12 
2d80706,Bob Kubinec,Thu Aug 13 05:06:28 2020,"upload presentation",   4, 60 
14d3ed3,Bob Kubinec,Thu Aug 13 04:12:00 2020,"Merge branch 'master' of https://github.com/saudiwin/corona_tscs", 
179b635,Bob Kubinec,Thu Aug 13 04:11:57 2020,"working ordered model",   3, 571, 65 
f30fa2e,Bob Kubinec,Sat Aug 8 02:40:20 2020,"Merge branch 'master' of https://github.com/saudiwin/corona_tscs", 
f061e21,Bob Kubinec,Sat Aug 8 01:44:31 2020,"working on adding CDC data. also branching out positive transformation.",   6, 2653, 119 
1d4bec8,Bob Kubinec,Thu Jul 23 00:14:37 2020,"Merge branch 'master' of https://github.com/saudiwin/corona_tscs", 
a2ac4e7,Bob Kubinec,Thu Jul 23 00:14:27 2020,"upload to run on AWS server",   4, 20406, 116 
28aee46,Bob Kubinec,Fri Jul 17 07:10:54 2020,"paper update",   2, 166, 163 
ad0c0ad,Bob Kubinec,Thu Jul 16 23:57:09 2020,"all files needed to run paper",   14, 170895, 66 
e682e9c,Bob Kubinec,Thu Jul 16 04:54:37 2020,"Merge branch 'master' of https://github.com/saudiwin/corona_tscs", 
ba30f95,Bob Kubinec,Thu Jul 16 04:54:20 2020,"working on final version of covid-19 paper",   2, 187, 503 
a06cb8a,Bob Kubinec,Sat Jul 11 04:01:38 2020,"preparing for new release",   2, 544, 342 
a471441,timothymodel,Mon Jun 29 07:39:26 2020,"Data update 2020-06-28",   2, 1064, 120 
d402b18,timothymodel,Sun Jun 28 13:07:58 2020,"Merge branch 'master' of https://github.com/saudiwin/corona_tscs", 
abd7e41,timothymodel,Sun Jun 28 13:07:44 2020,"Data update 2020-06-27",   2, 18781, 18199 
d71c67a,Luca Messerschmidt,Sat Jun 27 04:49:36 2020,"unemployment data",   3, 8079 
c6e717c,Luca Messerschmidt,Sat Jun 27 03:45:30 2020,"update protest population",   2, 131, 126 
e252633,Luca Messerschmidt,Sat Jun 27 03:27:36 2020,"Update",   2, 283, 277 
c08554c,Luca Messerschmidt,Sat Jun 27 03:20:11 2020,"update data protest population",   2, 3196, 3065 
0ce65cf,Luca Messerschmidt,Sat Jun 27 02:07:51 2020,"data protest population",   1, 3059 
71ec867,Luca Messerschmidt,Sat Jun 27 01:18:54 2020,"Merge remote-tracking branch 'origin/master'", 
b3e7c9d,Luca Messerschmidt,Sat Jun 27 01:18:52 2020,"merge cities and protests",   2, 26 
2f8f46d,Luca Messerschmidt,Sat Jun 27 00:35:32 2020,"simulation data",   37, 2643994 
6895772,timothymodel,Fri Jun 26 16:14:25 2020,"Data update 2020-06-25",   2, 6976, 6529 
62fac2a,timothymodel,Thu Jun 25 15:18:17 2020,"Data update 2020-06-24",   2, 646, 87 
8aaadd6,Luca Messerschmidt,Thu Jun 25 01:20:07 2020,"-data",   36, 2562559 
4805ca8,Luca Messerschmidt,Wed Jun 24 21:10:51 2020,"protest data",   2, 1468 
7b36661,Luca Messerschmidt,Wed Jun 24 19:25:31 2020,"Update Protest",   3, 8832 
40dcca7,Luca Messerschmidt,Wed Jun 24 19:10:35 2020,"Merge remote-tracking branch 'origin/master'", 
6ebcafa,Luca Messerschmidt,Wed Jun 24 19:10:33 2020,"update data",   8, 247756, 5701 
80c364f,Luca Messerschmidt,Fri Jun 19 19:48:19 2020,"protest data",   4, 1567513 
8cbe2cd,Luca Messerschmidt,Fri Jun 19 18:53:00 2020,"simulation data",   24, 742691 
22882d3,Luca Messerschmidt,Fri Jun 19 16:26:31 2020,"contribution update",   1, 380, 311 
8594461,Bob Kubinec,Tue Jun 16 04:10:11 2020,"state emergency file",   1, 0, 0 
47bdc5b,Bob Kubinec,Mon Jun 15 01:50:44 2020,"adjusting informative prior",   4, 213, 266 
4a3da44,Bob Kubinec,Tue Jun 9 07:39:08 2020,"added testing max parameter",   1, 20, 1 
76c67ff,Bob Kubinec,Tue Jun 9 07:18:21 2020,"added info about github repos",   1, 16, 24 
884bfe9,Bob Kubinec,Sun Jun 7 05:58:05 2020,"Merge branch 'master' of https://github.com/saudiwin/corona_tscs", 
746f5ed,Bob Kubinec,Sun Jun 7 05:57:58 2020,"updating paper",   9, 360, 6 
eee9483,Bob Kubinec,Sat Jun 6 07:20:43 2020,"updates for paper with mediation analysis",   6, 459323, 332 
b8cd58f,modelta1112,Fri Jun 5 11:33:42 2020,"Date update 2020-06-04",   2, 675, 120 
ec4eef4,modelta1112,Thu Jun 4 12:08:56 2020,"Data update 2020-06-03",   2, 476, 226 
ddb1e4e,modelta1112,Wed Jun 3 10:01:27 2020,"Data update 2020-06-02",   2, 1267, 556 
b1515e3,Bob Kubinec,Tue Jun 2 23:54:45 2020,"figure 5 and figure 4 updated",   3, 3, 3 
1fbc232,cindyyawencheng,Tue Jun 2 22:37:14 2020,"small changes to figures",   1, 11, 12 
c5fdc30,cindyyawencheng,Tue Jun 2 22:11:06 2020,"test", 
8e33a5c,cindyyawencheng,Tue Jun 2 22:05:40 2020,"test", 
9d63be3,cindyyawencheng,Mon Jun 1 08:45:02 2020,"second revision final edits",   3, 27, 26 
5e4f9cb,Bob Kubinec,Mon Jun 1 00:42:44 2020,"updated figures",   4, 3, 1 
72edccd,cindyyawencheng,Sun May 31 23:04:55 2020,"last few edits",   8, 478, 235 
4e5a47d,Bob Kubinec,Sun May 31 10:52:05 2020,"mediation model",   3, 262, 74 
44c812d,modelta1112,Sat May 30 09:14:02 2020,"Merge branch 'master' of https://github.com/saudiwin/corona_tscs", 
509c379,modelta1112,Sat May 30 09:12:35 2020,"Update data 2020-05-29",   2, 368, 80 
3356fc7,modelta1112,Fri May 29 06:36:17 2020,"Data updates 2020-05-28",   2, 52258, 56344 
0e03563,Luca Messerschmidt,Thu May 28 18:42:35 2020,"update wp",   1, 1, 1 
ebe7808,Luca Messerschmidt,Thu May 28 08:11:12 2020,"update contribution",   1, 311, 296 
55f75f8,Luca Messerschmidt,Thu May 28 07:26:21 2020,"paper update",   1, 1, 2 
c29b94b,Luca Messerschmidt,Thu May 28 06:59:12 2020,"Merge remote-tracking branch 'origin/master'", 
ef9d531,Luca Messerschmidt,Thu May 28 06:59:05 2020,"WP2",   5, 1455, 266 
6cf2a58,Bob Kubinec,Sun May 24 05:41:01 2020,"revised code",   2, 94, 17 
a7caab9,Bob Kubinec,Fri May 22 05:24:50 2020,"data release",   2, 47700, 50403 
440f057,cindyyawencheng,Sat May 16 23:07:20 2020,"change abstract position",   2, 395, 942 
09d285c,cindyyawencheng,Sat May 16 22:52:13 2020,"merge fix", 
62936c0,cindyyawencheng,Sat May 16 22:50:43 2020,"change supplementary materials to supplementary information",   1, 1, 1 
a9a7634,cindyyawencheng,Sat May 16 20:32:00 2020,"fix merge", 
38a7e70,cindyyawencheng,Sat May 16 20:31:38 2020,"add language about interactive plot",   1, 1, 1 
47236b9,Luca Messerschmidt,Sat May 16 20:10:28 2020,"update bib",   1, 759, 15132 
eb93a7d,cindyyawencheng,Sat May 16 19:21:08 2020,"fix merge", 
49b6105,cindyyawencheng,Sat May 16 19:20:52 2020,"add 2 citations",   1, 14 
47129eb,cindyyawencheng,Sat May 16 19:15:29 2020,"fix small typo",   1, 6, 4 
564f4c0,cindyyawencheng,Sat May 16 18:36:46 2020,"adjust language on appendices",   1, 5, 5 
91369c3,cindyyawencheng,Sat May 16 18:32:44 2020,"add supplementary materials for nature hb",   1, 178 
4152024,cindyyawencheng,Sat May 16 18:19:57 2020,"fix merge", 
67b8e94,cindyyawencheng,Sat May 16 18:18:53 2020,"fix merge",   1, 29, 26 
132528e,cindyyawencheng,Sat May 16 18:17:46 2020,"edits and formatting -- move appendix to supplementary material",   1, 46, 174 
1264439,cindyyawencheng,Sat May 16 17:40:09 2020,"push up pdf of paper",   1, 0, 0 
d68fda2,cindyyawencheng,Sat May 16 17:37:43 2020,"add figures",   4, 0, 0 
53a7698,cindyyawencheng,Sat May 16 17:36:19 2020,"add edits to second half of the paper",   1, 206, 58 
f0a8cb9,cindyyawencheng,Sat May 16 15:51:37 2020,"fix merge", 
a943401,cindyyawencheng,Sat May 16 15:51:24 2020,"fix merge",   1, 1, 1 
1216cab,cindyyawencheng,Sat May 16 07:06:51 2020,"add new data fields",   1, 33, 29 
34f637d,cindyyawencheng,Sat May 16 03:27:18 2020,"fix merge", 
c7b9ca1,cindyyawencheng,Sat May 16 03:26:19 2020,"small edits",   1, 2, 2 
0d1fe84,cindyyawencheng,Sat May 16 01:38:28 2020,"add in new fig 2", 
9764307,cindyyawencheng,Sat May 16 01:29:29 2020,"add in new fig 2",   1, 89, 89 
b5adf62,cindyyawencheng,Fri May 15 21:30:24 2020,"put orig fig 2 back",   1, 82, 84 
e8e4ddf,cindyyawencheng,Fri May 15 21:00:38 2020,"add in new fig2 manually", 
4510f20,cindyyawencheng,Fri May 15 21:00:21 2020,"add in new fig2 manually",   1, 107, 104 
6f2e39c,Luca Messerschmidt,Fri May 15 18:41:59 2020,"update WP",   1, 7, 7 
f81f7a4,Luca Messerschmidt,Fri May 15 18:13:18 2020,"update",   1, 1, 3 
0685e55,cindyyawencheng,Fri May 15 17:14:33 2020,"fix table 1", 
d2dcb74,cindyyawencheng,Fri May 15 17:14:07 2020,"fix table 1",   1, 29, 48 
8ff8a06,cindyyawencheng,Fri May 15 17:05:28 2020,"resolve merge?", 
d4d67a9,cindyyawencheng,Fri May 15 17:00:51 2020,"fix table 1",   1, 344, 178 
087aa40,Bob Kubinec,Fri May 15 02:52:26 2020,"Merge branch 'master' of https://github.com/saudiwin/corona_tscs", 
8d4bce4,Bob Kubinec,Fri May 15 02:52:17 2020,"trimmed the fat",   1, 1, 1 
6737412,Bob Kubinec,Thu May 14 20:08:50 2020,"high cost",   1, 1, 1 
4aa4960,Bob Kubinec,Thu May 14 20:04:27 2020,"typos",   1, 7, 7 
280a5d3,cindyyawencheng,Thu May 14 07:38:16 2020,"resolve merge conflict", 
f615b35,cindyyawencheng,Thu May 14 07:35:46 2020,"small edits to intro, data schema",   1, 18, 143 
43f1821,cindyyawencheng,Thu May 14 03:41:58 2020,"remove old paragraph",   1, 5 
ab28c10,cindyyawencheng,Thu May 14 03:37:21 2020,"edit and add refs to intro", 
3399cb7,cindyyawencheng,Thu May 14 03:35:49 2020,"edit and add refs to intro",   1, 503 
b9a0825,cindyyawencheng,Thu May 14 03:34:32 2020,"Paper/BibTexDatabase.bib",   1, 15, 3 
fe2fa17,joanbarcelosoler,Wed May 13 00:26:07 2020,"Table 3",   1, 29, 8 
c0c18d1,Bob Kubinec,Tue May 12 17:44:44 2020,"few updates",   1, 5, 4 
ce57be9,Bob Kubinec,Tue May 12 01:09:43 2020,"variance params",   1, 0, 0 
650953a,Bob Kubinec,Mon May 11 23:29:35 2020,"Merge branch 'master' of https://github.com/saudiwin/corona_tscs", 
fa9cad4,Bob Kubinec,Mon May 11 23:29:25 2020,"uploading everything we need",   115, 18, 8 
4386253,Bob Kubinec,Sun May 10 22:54:34 2020,"updated re R3",   1, 1, 1 
1c653af,Bob Kubinec,Sun May 10 22:49:08 2020,"met most reviewer's comments",   2, 35, 16 
aaec4fa,Bob Kubinec,Sun May 10 19:50:42 2020,"updating tables/etc",   1, 157, 5 
bf4e975,cindyyawencheng,Sun May 10 02:21:56 2020,"untangle update/correction records knot",   3, 244, 66 
9475dd3,Bob Kubinec,Sat May 9 19:55:41 2020,"reworking plot",   2, 15, 14 
1ef114d,Bob Kubinec,Sat May 9 19:17:30 2020,"Merge branch 'master' of https://github.com/saudiwin/corona_tscs", 
d63a1e1,Bob Kubinec,Sat May 9 19:17:22 2020,"full model with all parameters",   3, 50, 5 
b5846c6,Bob Kubinec,Sat May 9 03:53:29 2020,"Merge branch 'master' of https://github.com/saudiwin/corona_tscs", 
8fbe8c8,Bob Kubinec,Sat May 9 03:53:26 2020,"merge in changes",   1, 4, 4 
fc1adc8,Bob Kubinec,Fri May 8 02:35:59 2020,"Merge branch 'master' of https://github.com/saudiwin/corona_tscs", 
1a14a87,Bob Kubinec,Fri May 8 02:35:50 2020,"new updates to index",   4, 156, 73 
e13e941,Bob Kubinec,Wed May 6 20:39:17 2020,"start work on R&R!",   1, 865 
7e759c5,Bob Kubinec,Wed May 6 19:32:32 2020,"only post Feb. 15 entries",   1, 2, 1 
ff7686a,Bob Kubinec,Wed May 6 19:27:50 2020,"push everything to cluster",   2, 428, 33 
758429e,Bob Kubinec,Wed May 6 18:59:19 2020,"fixed some merge typos",   2, 44836, 42667 
6b543dd,Bob Kubinec,Wed May 6 18:56:49 2020,"Merge branch 'master' of https://github.com/saudiwin/corona_tscs", 
9329bd5,Bob Kubinec,Wed May 6 18:56:46 2020,"merge",   1, 5, 2 
f9e55bc,Bob Kubinec,Tue May 5 23:49:34 2020,"date update with date_updated field added",   9, 47492, 37420 
e71248e,Bob Kubinec,Tue May 5 22:33:21 2020,"Merge branch 'master' of https://github.com/saudiwin/corona_tscs", 
3384e02,Bob Kubinec,Tue May 5 22:33:15 2020,"merge fix",   3, 52, 177 
b90b7b1,Bob Kubinec,Wed Apr 29 15:30:57 2020,"simplifying file names",   12, 0, 0 
2aedad1,Bob Kubinec,Tue Apr 28 17:12:59 2020,"Merge branch 'master' of https://github.com/saudiwin/corona_tscs", 
b5e2511,Bob Kubinec,Tue Apr 28 17:12:49 2020,"updates to paper for PNAS",   1, 47, 21 
0ff1ca5,Bob Kubinec,Sun Apr 26 18:50:50 2020,"added domestic policy variable for new schema release",   6, 36046, 35503 
78c32cc,Bob Kubinec,Sun Apr 26 16:33:54 2020,"Merge branch 'master' of https://github.com/saudiwin/corona_tscs", 
cb88b86,Bob Kubinec,Sun Apr 26 16:33:34 2020,"latest updates",   3, 988, 64 
90c135a,cindyyawencheng,Sat Apr 25 02:05:40 2020,"FINAL VERSION",   1, 277, 236 
f601e87,Bob Kubinec,Sat Apr 25 01:32:49 2020,"added png file",   2, 1 
2f7655c,Bob Kubinec,Sat Apr 25 01:29:29 2020,"new data release",   8, 35908, 38423 
964fcb3,cindyyawencheng,Fri Apr 24 18:39:48 2020,"recode target countries for internal border restrictions",   2, 61 
3fb7f19,cindyyawencheng,Fri Apr 24 18:38:51 2020,"fix target countries for internal border restrictions",   1, 1 
c8f59b9,cindyyawencheng,Fri Apr 24 17:02:52 2020,"update april 23",   1, 7061, 10644 
6f651a8,cindyyawencheng,Fri Apr 24 07:32:27 2020,"final editsgit add corona_wp.Rmd",   1, 30, 23 
3f0e16f,cindyyawencheng,Fri Apr 24 03:21:44 2020,"final edits?",   1, 66, 60 
b094cbe,cindyyawencheng,Fri Apr 24 03:10:19 2020,"clean RA contributions file",   2, 250 
2c1df05,cindyyawencheng,Thu Apr 23 23:08:27 2020,"fix record_id duplicates bug",   1, 18, 4 
4456848,cindyyawencheng,Thu Apr 23 18:09:11 2020,"add some records to recode for target country vars",   2, 50 
1020ef1,cindyyawencheng,Thu Apr 23 18:08:07 2020,"make small changes",   1, 12, 10 
6b9db94,cindyyawencheng,Thu Apr 23 18:06:32 2020,"adjust fields for targets of monadic policy types  and for compliance of some policy types",   1, 62, 11 
2e307c2,Luca Messerschmidt,Thu Apr 23 15:34:18 2020,"contribution",   1, 56, 42 
085a0a6,cindyyawencheng,Thu Apr 23 08:11:24 2020,"more small edits",   11, 15188, 686 
548ca65,cindyyawencheng,Thu Apr 23 07:35:03 2020,"small edits", 
e6faafc,cindyyawencheng,Thu Apr 23 07:34:06 2020,"small edits",   1, 87, 73 
a6249a6,Bob Kubinec,Wed Apr 22 19:50:49 2020,"upload all necessary files",   5, 9, 10 
ab0504a,Bob Kubinec,Wed Apr 22 17:50:40 2020,"update paper & upate activity fit model",   4, 386, 264 
4b7630c,Bob Kubinec,Tue Apr 21 22:50:34 2020,"Merge branch 'master' of https://github.com/saudiwin/corona_tscs", 
c98520e,Bob Kubinec,Tue Apr 21 22:50:28 2020,"merge",   1, 2, 2 
88b7ca8,Bob Kubinec,Tue Apr 21 19:58:30 2020,"Merge branch 'master' of https://github.com/saudiwin/corona_tscs", 
61a6e02,Bob Kubinec,Tue Apr 21 19:58:19 2020,"extra field added to dataset schema, type_sub_cat broken down into unique records for each policy sub-type",   4, 13408, 13402 
7daf0e8,Bob Kubinec,Tue Apr 21 17:30:12 2020,"now have release data with long vars",   9, 64997, 76048 
d44e7df,Bob Kubinec,Tue Apr 21 15:46:12 2020,"Merge branch 'master' of https://github.com/saudiwin/corona_tscs", 
1d6c528,Bob Kubinec,Tue Apr 21 15:46:10 2020,"merge",   1, 1, 1 
1a1c68e,Bob Kubinec,Mon Apr 20 16:52:07 2020,"Merge branch 'master' of https://github.com/saudiwin/corona_tscs", 
1340782,cindyyawencheng,Mon Apr 20 00:20:29 2020,"small edits to enhance consistency of language",   8, 42, 48 
c39a6e0,cindyyawencheng,Sun Apr 19 23:04:43 2020,"add additional sentence for biofabric plot",   8, 1467, 11 
4b8876b,cindyyawencheng,Sun Apr 19 22:22:12 2020,"add more descriptive stats and references",   5, 16244 
2681994,cindyyawencheng,Sun Apr 19 22:15:32 2020,"more references and more detail on descriptive stats",   9, 731, 712 
b43b3a0,cindyyawencheng,Sun Apr 19 18:33:44 2020,"edit to paper",   1, 1, 1 
aa80256,cindyyawencheng,Sun Apr 19 18:29:07 2020,"small edits to wp", 
df291b4,cindyyawencheng,Sun Apr 19 18:19:49 2020,"small edits to wp",   13, 12277, 12327 
d7438a4,Bob Kubinec,Sun Apr 19 17:19:54 2020,"new data release v0.3",   3, 10712, 39663 
db9e01c,Bob Kubinec,Sun Apr 19 17:16:19 2020,"merge fix", 
e9ebdc3,Bob Kubinec,Sun Apr 19 17:13:50 2020,"further update to schema",   2, 41, 27 
728dae1,Bob Kubinec,Sun Apr 19 16:55:54 2020,"all files revised",   9, 28182, 25895 
af6b366,Bob Kubinec,Sun Apr 19 15:03:40 2020,"Merge branch 'master' of https://github.com/saudiwin/corona_tscs", 
b7bb5f9,Bob Kubinec,Sun Apr 19 15:02:43 2020,"lua files for paper",   3, 364 
d22eb48,cindyyawencheng,Sun Apr 19 01:06:09 2020,"small edits to paper",   1, 7, 5 
a2bd9e5,cindyyawencheng,Sat Apr 18 23:51:04 2020,"add variable descriptions and some refs to working paper",   1, 154, 113 
51b8d49,cindyyawencheng,Sat Apr 18 04:13:55 2020,"edits to paper", 
d35a778,cindyyawencheng,Sat Apr 18 04:10:14 2020,"edits to paper",   14, 2024, 1721 
a2e4547,Bob Kubinec,Sat Apr 18 04:04:18 2020,"Merge branch 'master' of https://github.com/saudiwin/corona_tscs", 
dae4346,Bob Kubinec,Sat Apr 18 04:04:11 2020,"adding some more updates",   5, 12265, 12169 
347d3b2,Bob Kubinec,Fri Apr 17 23:05:53 2020,"change to date_start v 0.2",   3, 2939, 2771 
c776e71,Bob Kubinec,Fri Apr 17 23:00:12 2020,"update schema for data release to v0.2",   8, 39008, 53742 
9681372,cindyyawencheng,Fri Apr 17 06:53:31 2020,"add references to paper", 
fd143d2,cindyyawencheng,Fri Apr 17 06:51:00 2020,"add references to paper",   2, 137, 112 
c68c5b6,cindyyawencheng,Fri Apr 17 06:49:20 2020,"moved and renamed files",   1, 31, 17 
b1302d4,cindyyawencheng,Fri Apr 17 06:47:04 2020,"move and relabel country_regions.R code",   1, 0, 0 
5446b8d,cindyyawencheng,Fri Apr 17 06:46:10 2020,"moved release_data.R file into cleanData folder and relabeled filenames to 1_cleanQualtrics and 2_releaseData",   2, 0, 0 
5fccc48,cindyyawencheng,Thu Apr 16 18:34:37 2020,"fix bug for matching provinces to countries",   3, 126, 13 
879b2a3,cindyyawencheng,Thu Apr 16 02:58:46 2020,"add code and wp language for biofabric plots",   6, 662, 13 
3bf779d,cindyyawencheng,Wed Apr 15 19:56:45 2020,"make sure all countries accounted for and clean up code to match countries to regional groups",   9, 15129, 67 
8b1c2b8,cindyyawencheng,Wed Apr 15 19:23:59 2020,"add code to save file oranaNetData_recode_records_countries.rds to clean text entries for countries", 
ede14df,cindyyawencheng,Wed Apr 15 19:23:40 2020,"add code to save file oranaNetData_recode_records_countries.rds to clean text entries for countries",   1, 3, 3 
7362a9d,cindyyawencheng,Tue Apr 14 19:16:52 2020,"change affiliation for cindy and luca", 
09b06da,cindyyawencheng,Tue Apr 14 19:16:25 2020,"change affiliation for cindy and luca",   1, 1, 1 
0908625,Bob Kubinec,Mon Apr 13 18:23:40 2020,"update to README file - version 0.1 release",   1, 19, 17 
007e30c,Bob Kubinec,Mon Apr 13 18:19:42 2020,"Merge branch 'master' of https://github.com/saudiwin/corona_tscs", 
fd35e05,Bob Kubinec,Mon Apr 13 18:19:01 2020,"latest data update",   8, 63841, 52000 
964585c,Luca Messerschmidt,Sun Apr 12 21:35:00 2020,"contribution",   1, 14, 14 
6967a6d,Luca Messerschmidt,Sun Apr 12 21:34:40 2020,"Merge remote-tracking branch 'origin/master'", 
6b212e4,Bob Kubinec,Sun Apr 12 16:02:40 2020,"up to date paper",   3, 2, 2 
2ff3ef7,Bob Kubinec,Sun Apr 12 01:13:07 2020,"current version",   2, 2, 2 
f533522,Bob Kubinec,Sun Apr 12 01:11:56 2020,"bib file",   4, 14455, 5 
7a88956,Bob Kubinec,Sun Apr 12 01:10:41 2020,"merge",   1, 1, 1 
29169e2,Robert Kubinec,Sat Apr 11 21:46:06 2020,"Merge pull request #6 from joanbarcelosoler/master", 
b00709d,cindyyawencheng,Sat Apr 11 21:45:48 2020,"remove municipal as example in wp", 
95bc23c,cindyyawencheng,Sat Apr 11 21:45:13 2020,"remove municipal as example in wp",   1, 1, 1 
b1ff765,Bob Kubinec,Sat Apr 11 21:39:17 2020,"up to date file", 
82ffd52,Bob Kubinec,Sat Apr 11 21:37:32 2020,"mergin paper", 
b5c245f,cindyyawencheng,Sat Apr 11 20:40:29 2020,"add footnote about adding more countries to the dataset to the wp",   1, 1, 1 
3a17eeb,cindyyawencheng,Sat Apr 11 20:25:39 2020,"cindy fixed small typos to paper",   2, 10, 10 
882cb7b,Bob Kubinec,Sat Apr 11 19:36:27 2020,"merge",   1, 1, 1 
bc0dc08,cindyyawencheng,Sat Apr 11 18:41:47 2020,"cindys edits to working paper", 
ea99942,cindyyawencheng,Sat Apr 11 18:35:04 2020,"cindys edits to working paper",   6, 1071, 1045 
c3b71e7,Bob Kubinec,Sat Apr 11 17:30:44 2020,"Merge branch 'master' of https://github.com/saudiwin/corona_tscs", 
03c311f,Bob Kubinec,Sat Apr 11 17:30:30 2020,"revisions",   1, 7, 5 
c3cb329,ashartnett,Sat Apr 11 01:25:26 2020,"ASH name change",   1, 1, 1 
20d289d,Bob Kubinec,Fri Apr 10 23:58:19 2020,"redid everything", 
2233af4,Bob Kubinec,Fri Apr 10 23:43:23 2020,"merge",   4, 63, 64 
0b6d75c,Bob Kubinec,Fri Apr 10 21:27:14 2020,"fixed path issues", 
8ce0e73,Bob Kubinec,Fri Apr 10 21:24:49 2020,"readme too",   1, 1, 1 
d068365,Bob Kubinec,Fri Apr 10 21:24:41 2020,"updated data",   9, 978, 23745 
8abfe42,Cindy Cheng,Fri Apr 10 18:09:12 2020,"comment out code which disaggregates all countries",   1, 4, 4 
9d04ba3,Cindy Cheng,Fri Apr 10 18:08:51 2020,"comment out code which disaggegrates 'all countries'; add .csv file for all countries in /data/regions/all_countries.csv",   3, 209, 11 
6f2eb04,Robert Kubinec,Fri Apr 10 17:47:27 2020,"Merge pull request #3 from saudiwin/luiz_edits", 
9caa6a3,Cindy Cheng,Fri Apr 10 17:01:28 2020,"adjusted code so that when the target is 'all countries', you get all the component countries (i.e. Afghanistan... Zimbabwe) instead of just the text 'all countries'",   2, 42, 15 
830a84f,Cindy Cheng,Fri Apr 10 07:15:57 2020,"rename file and small edits to recode/filter bad records",   4, 66, 66 
5ca2575,Cindy Cheng,Fri Apr 10 07:15:26 2020,"disaggregate target regions into component countries",   2, 138, 44 
a888277,Cindy Cheng,Fri Apr 10 07:14:58 2020,"small edits to paper",   2, 18, 15 
bfda553,Luiz Max Carvalho,Fri Apr 10 06:25:21 2020,"comments and fixes to SI",   1, 182, 135 
4b7d2bc,cindyyawencheng,Fri Apr 10 05:19:42 2020,"more detail to slack",   1, 22 
c221c60,Bob Kubinec,Fri Apr 10 04:11:00 2020,"Merge branch 'master' of https://github.com/saudiwin/corona_tscs", 
64f3b61,Bob Kubinec,Fri Apr 10 04:10:52 2020,"edits made",   1, 14, 8 
72935ae,Bob Kubinec,Fri Apr 10 03:38:27 2020,"added bibtex",   2, 14429, 1 
0b13412,Cindy Cheng,Fri Apr 10 02:20:41 2020,"change slack path", 
68d51b1,Cindy Cheng,Fri Apr 10 02:12:37 2020,"change filepath for slackAnalytics.R",   1, 1, 1 
f33f015,Bob Kubinec,Fri Apr 10 01:36:36 2020,"changes to abstract", 
b262c6b,Bob Kubinec,Fri Apr 10 01:34:21 2020,"updates to abstract",   1, 15, 14 
d8d7311,cindyyawencheng,Thu Apr 9 23:34:37 2020,"add code and write-up for slack usage analaytics",   7, 1935, 86 
ca332f9,Bob Kubinec,Thu Apr 9 22:00:01 2020,"disclaimer",   2, 7 
8bddb27,Bob Kubinec,Thu Apr 9 21:53:22 2020,"remove .Renviron",   1, 1 
134550d,Bob Kubinec,Thu Apr 9 21:52:36 2020,"cleaning repo",   8, 1164 
08d382a,Bob Kubinec,Thu Apr 9 21:48:15 2020,"re-arranging files",   16, 17552, 17170 
c25db11,Bob Kubinec,Thu Apr 9 21:37:31 2020,"up to date codebook",   1, 80, 4 
c1336ed,Bob Kubinec,Thu Apr 9 20:42:45 2020,"Merge branch 'master' of https://github.com/saudiwin/corona_tscs", 
e62a2bf,Bob Kubinec,Thu Apr 9 20:42:36 2020,"preparing for data release",   8, 53917, 4372 
e6c032e,Bob Kubinec,Thu Apr 9 15:43:01 2020,"up to date ra coding & paper fix",   2, 23, 8 
540a5c9,cindyyawencheng,Wed Apr 8 22:36:30 2020,"add jhu data",   11, 3501, 8711 
dd73262,Bob Kubinec,Wed Apr 8 20:43:27 2020,"update paper",   2, 7, 1 
6918aec,Bob Kubinec,Wed Apr 8 20:23:25 2020,"latest version of paper",   10, 540, 84 
a6aae60,Bob Kubinec,Wed Apr 8 16:35:46 2020,"typo fix",   1, 1, 1 
a1cd52a,Bob Kubinec,Wed Apr 8 14:43:00 2020,"update readme",   2, 8, 4 
702797a,Bob Kubinec,Wed Apr 8 14:41:20 2020,"typo",   1, 2, 2 
92fb48b,Bob Kubinec,Wed Apr 8 06:23:09 2020,"formatting",   1, 2, 4 
443c1c0,Bob Kubinec,Wed Apr 8 06:05:24 2020,"new version of paper",   3, 79, 24 
e3a0c5a,Bob Kubinec,Wed Apr 8 04:32:28 2020,"Merge branch 'master' of https://github.com/saudiwin/corona_tscs", 
b1dfb9c,Bob Kubinec,Wed Apr 8 04:32:20 2020,"latest paper update",   4, 187, 81 
6ec6e10,Bob Kubinec,Tue Apr 7 23:09:23 2020,"updates to stan code",   4, 85, 27 
cb2a9be,Bob Kubinec,Tue Apr 7 20:40:52 2020,"Merge branch 'master' of https://github.com/saudiwin/corona_tscs", 
59eaf34,Bob Kubinec,Tue Apr 7 20:40:43 2020,"most recent model updates",   4, 48, 34 
0383891,Bob Kubinec,Mon Apr 6 17:33:40 2020,"Merge branch 'master' of https://github.com/saudiwin/corona_tscs", 
2d57dbb,Bob Kubinec,Mon Apr 6 17:33:05 2020,"minor updates cleaning up code",   5, 54, 36 
f111d38,Bob Kubinec,Mon Apr 6 02:03:27 2020,"Merge branch 'master' of https://github.com/saudiwin/corona_tscs", 
d3e2338,Bob Kubinec,Mon Apr 6 02:02:48 2020,"update simulation to remove intercepts",   5, 3985, 180 
27752c1,Bob Kubinec,Sun Apr 5 16:45:59 2020,"Merge branch 'master' of https://github.com/saudiwin/corona_tscs", 
c400374,Bob Kubinec,Sun Apr 5 16:45:51 2020,"most recent updates",   6, 435, 162 
8268c69,Rstudio Cloud,Sun Apr 5 02:06:28 2020,"having working cleaning code",   5, 607, 6514 
56379ae,Rstudio Cloud,Sat Apr 4 16:56:43 2020,"bob edits to initial code",   4, 6871, 290 
538888e,Bob Kubinec,Sat Apr 4 16:07:39 2020,"latest changes",   18, 24749, 68 
e951025,Bob Kubinec,Fri Apr 3 22:33:40 2020,"updating code on github",   12, 7739, 95 
949bf82,Bob Kubinec,Thu Apr 2 21:05:43 2020,"style files",   3, 248, 3 
09d7b24,Bob Kubinec,Thu Apr 2 19:25:35 2020,"update readme",   2, 4, 3 
d114da4,Bob Kubinec,Thu Apr 2 16:54:11 2020,"updated files",   7, 2556, 49 
95af74e,Bob Kubinec,Wed Apr 1 23:46:19 2020,"up to date with preprint files",   11, 665, 201 
b83c94c,Bob Kubinec,Mon Mar 30 21:34:47 2020,"updating with new files",   14, 36343, 381 
84f0097,Bob Kubinec,Mon Mar 30 02:36:49 2020,"uploading paper files",   41, 63638 
73fa430,Bob Kubinec,Sun Mar 29 02:21:05 2020,"typo",   1, 2, 2 
0010fdd,Bob Kubinec,Sun Mar 29 01:59:37 2020,"fixed typos",   1, 21, 21 
9465d28,Bob Kubinec,Sun Mar 29 00:46:27 2020,"inital commit",   29, 84244 