commit id,author,date,comment,changed files,lines added,lines deleted

a22ace6,Steven Byrnes,Sun May 24 03:56:26 2020,"Update README.md",   1, 1, 1 
d5d23d5,Steven Byrnes,Sun May 24 03:54:59 2020,"minor",   1, 10, 2 
ae44610,Steven Byrnes,Sun May 24 03:39:11 2020,"minor",   1, 4, 2 
80a558e,Steven Byrnes,Sat May 23 00:14:44 2020,"link ROC curve, fix typo",   1, 2, 2 
633e7aa,Steven Byrnes,Thu May 21 21:52:03 2020,"minor",   1, 1, 1 
e09d33a,Steven Byrnes,Thu May 21 04:28:11 2020,"minor",   1, 1, 1 
3964fa1,Steven Byrnes,Thu May 21 04:20:05 2020,"Update README.md",   1, 1, 1 
814f966,Steven Byrnes,Thu May 21 04:18:23 2020,"minor",   1, 1, 1 
b193934,Steven Byrnes,Thu May 21 03:59:39 2020,"minor",   1, 5, 1 
2c431d9,DESKTOP-1TSGJTD\steve,Thu May 21 02:04:58 2020,"better discussion of battery",   1, 4, 2 
3e10bb5,DESKTOP-1TSGJTD\steve,Thu May 21 00:12:20 2020,"minor",   1, 4, 2 
bc4b730,DESKTOP-1TSGJTD\steve,Thu May 21 00:05:47 2020,"add FAQ",   1, 61, 2 
2f24096,Steven Byrnes,Wed May 20 22:29:41 2020,"Initial commit",   2, 23 