commit id,author,date,comment,changed files,lines added,lines deleted

32393e665,scc-usc,Thu Sep 17 21:02:40 2020,"Updated forecasts",   119, 13475, 12416 
8530b4b13,scc-usc,Wed Sep 16 21:02:41 2020,"Updated forecasts",   119, 11657, 10600 
9fdfb8ecc,Ajitesh,Wed Sep 16 15:55:56 2020,"Updated daily run to store data in history",   4, 34, 22 
2c4e48020,Ajitesh,Wed Sep 16 15:43:41 2020,"Converted JHU format to USC format",   1180, 66392, 976384 
80789ba31,Frost Tianjian Xu,Wed Sep 16 10:13:35 2020,"update time series in historical reports",   552, 983360 
a97e00658,Frost Tianjian Xu,Wed Sep 16 08:27:14 2020,"Merge branch 'master' of https://github.com/scc-usc/ReCOVER-COVID-19", 
3496e2d35,Frost Tianjian Xu,Wed Sep 16 08:27:02 2020,"update other biweekly",   396, 12958876, 2463 
2ebed21a3,Ajitesh,Wed Sep 16 07:23:23 2020,"Updates",   20, 50, 50 
abbe6bc90,Xiaochen Yang,Tue Sep 15 17:41:26 2020,"Updates",   29, 73, 73 
52e06cf15,scc-usc,Tue Sep 15 03:58:23 2020,"Merge branch 'master' of https://github.com/scc-usc/ReCOVER-COVID-19", 
cee9443d6,scc-usc,Tue Sep 15 03:58:22 2020,"Updated forecasts",   112, 10976, 10439 
e9c52056d,Ajitesh,Mon Sep 14 15:30:53 2020,"Updates",   20, 50, 50 
422cc6045,Frost Tianjian Xu,Mon Sep 14 12:30:56 2020,"Updates",   24, 53, 53 
f69028628,scc-usc,Mon Sep 14 09:27:52 2020,"Merge branch 'master' of https://github.com/scc-usc/ReCOVER-COVID-19 into HEAD", 
5e2313279,scc-usc,Mon Sep 14 09:04:59 2020,"Updated forecasts",   32, 2896, 7 
156ef8847,scc-usc,Mon Sep 14 08:58:45 2020,"Updated forecasts",   1, 18 
c81e7d1ca,scc-usc,Mon Sep 14 08:40:35 2020,"Test merge from server", 
28cdd3385,scc-usc,Mon Sep 14 08:40:33 2020,"Updated forecasts",   113, 6720, 6974 
4667897ef,Ajitesh,Mon Sep 14 07:06:57 2020,"Fixing corrupt heper parmaters",   46, 5, 3 
7992ac385,Ajitesh,Mon Sep 14 05:12:20 2020,"Updated forecasts",   97, 14936, 11309 
5d93a153c,Frost Tianjian Xu,Sun Sep 13 15:18:14 2020,"Merge branch 'master' of https://github.com/scc-usc/ReCOVER-COVID-19", 
1e6b32d6d,Frost Tianjian Xu,Sun Sep 13 15:18:12 2020,"Update biweekly reports",   211, 10263, 11305 
70d58c55b,Frost Tianjian Xu,Sat Sep 12 18:26:51 2020,"Merge branch 'master' of https://github.com/scc-usc/ReCOVER-COVID-19", 
b5497444e,Frost Tianjian Xu,Sat Sep 12 16:04:51 2020,"Merge branch 'master' of https://github.com/scc-usc/ReCOVER-COVID-19", 
703e897b1,Frost Tianjian Xu,Sat Sep 12 16:04:49 2020,"Update WEB_APP_INSTRUCTIONS.md",   1, 3 
d3ad24fda,Frost Tianjian Xu,Thu Sep 10 09:29:35 2020,"Update biweekly other reports",   215, 11304, 2282418 
fe2c0175c,Ajitesh,Thu Sep 10 05:12:13 2020,"Updated forecasts",   85, 10971, 10451 
dd4644e7f,Ajitesh,Wed Sep 9 05:12:43 2020,"Merge branch 'master' of https://github.com/scc-usc/ReCOVER-COVID-19", 
296c1849d,Ajitesh,Wed Sep 9 05:12:35 2020,"Updated forecasts",   83, 10839, 10319 
e691c9bb7,Ajitesh,Tue Sep 8 06:00:05 2020,"Updated forecasts",   83, 10945, 10425 
e44dc1d39,Ajitesh,Mon Sep 7 12:30:11 2020,"Updated leaderboard",   2, 37, 37 
69bdc8b84,Ajitesh,Mon Sep 7 10:08:37 2020,"Updates",   20, 50, 50 
4f8805639,Frost Tianjian Xu,Mon Sep 7 09:39:53 2020,"Update other reports",   15, 80920, 48 
c64b2df4f,Frost Tianjian Xu,Mon Sep 7 08:01:36 2020,"Update highlights",   2, 0, 0 
618869eab,Frost Tianjian Xu,Mon Sep 7 07:57:45 2020,"Updates",   9, 16, 16 
71006d7e8,Frost Tianjian Xu,Mon Sep 7 07:42:21 2020,"Update data formatting",   9, 27145, 3452 
0ba42d2c0,Ajitesh,Mon Sep 7 07:37:08 2020,"Fixed county forecasts",   1, 3106 
1964a710b,Ajitesh,Mon Sep 7 05:12:33 2020,"Updated forecasts",   97, 11828, 14414 
b51e5a9e2,Ajitesh,Sun Sep 6 05:12:06 2020,"Updated forecasts",   84, 11073, 10553 
e824ac4f9,Ajitesh,Sat Sep 5 05:12:01 2020,"Updated forecasts",   83, 11318, 10798 
54e2fd432,Ajitesh,Fri Sep 4 05:11:56 2020,"Updated forecasts",   83, 12931, 12409 
dc7593da3,Ajitesh,Thu Sep 3 05:12:01 2020,"Updated forecasts",   87, 11031, 10511 
fbfd28bc1,Ajitesh,Wed Sep 2 05:37:50 2020,"resolved db conflict", 
6b3f3dd23,Ajitesh,Wed Sep 2 05:12:15 2020,"Updated forecasts",   87, 10955, 10419 
079a38a1b,Frost Tianjian Xu,Tue Sep 1 07:56:53 2020,"Updates",   31, 77, 77 
ac345e4ad,Frost Tianjian Xu,Tue Sep 1 07:41:18 2020,"Update model's names",   5, 20, 29 
38b5104b5,Frost Tianjian Xu,Tue Sep 1 07:19:03 2020,"Update layouts",   3, 37, 33 
583f31d58,Ajitesh,Tue Sep 1 05:11:56 2020,"Updated forecasts",   83, 10925, 10405 
f04634a52,Ajitesh,Mon Aug 31 14:28:41 2020,"Updated leaderboard and highlights",   31, 1678, 25 
870c47c64,Ajitesh,Mon Aug 31 14:28:17 2020,"Updates",   20, 50, 50 
aa9192567,Frost Tianjian Xu,Mon Aug 31 14:10:06 2020,"Updates",   9, 16, 16 
e3329b52b,Frost Tianjian Xu,Mon Aug 31 14:09:37 2020,"Update highlights",   2, 0, 0 
2964fbdd8,Frost Tianjian Xu,Mon Aug 31 08:40:15 2020,"Update other forecasts",   28, 2202275, 1967139 
033309f41,Frost Tianjian Xu,Mon Aug 31 07:50:26 2020,"Update formatter",   9, 27113, 3462 
1f74d5c81,Frost Tianjian Xu,Mon Aug 31 07:39:39 2020,"Change styles",   1, 1, 1 
82fd7486f,Ajitesh,Mon Aug 31 05:11:51 2020,"Updated forecasts",   97, 14916, 14396 
9f61fef09,Ajitesh,Sun Aug 30 05:12:30 2020,"Updated forecasts",   85, 11032, 10512 
c03fc3613,Ajitesh,Sat Aug 29 05:12:17 2020,"Updated forecasts",   83, 11320, 10798 
22a589e5c,Ajitesh,Fri Aug 28 11:08:04 2020,"Updated forecasts",   4, 423, 423 
88761e023,Ajitesh,Fri Aug 28 10:06:25 2020,"Updated forecasts",   79, 10994, 10954 
5b157170e,Ajitesh,Fri Aug 28 05:12:24 2020,"Updated forecasts",   79, 6570, 6086 
6655491e5,Ajitesh,Thu Aug 27 05:12:32 2020,"Updated forecasts",   79, 5919, 5435 
de329a16e,Ajitesh,Wed Aug 26 05:12:21 2020,"Updated forecasts",   77, 5923, 5439 
b2dda3c73,Ajitesh,Tue Aug 25 05:48:20 2020,"Updated forecasts",   77, 5809, 5325 
5ddaf57d3,Ajitesh,Tue Aug 25 05:11:47 2020,"Updated forecasts",   1, 0, 0 
b0f796824,Tianjian Xu,Mon Aug 24 16:54:01 2020,"Update Overview",   3, 132, 29 
496b66c71,Tianjian Xu,Mon Aug 24 07:21:46 2020,"Update formatter",   9, 27077, 3451 
343e70659,Tianjian Xu,Mon Aug 24 07:00:48 2020,"Update layout",   3, 209, 206 
a7efd7272,Tianjian Xu,Mon Aug 24 06:02:11 2020,"Updates",   21, 50, 50 
9e3274ede,Tianjian Xu,Mon Aug 24 06:00:24 2020,"Update highlights",   2, 0, 0 
08a166eef,Tianjian Xu,Mon Aug 24 05:57:37 2020,"Update highlights",   2, 0, 0 
3b6ec3ee7,Ajitesh,Mon Aug 24 05:51:03 2020,"Updates",   6, 13, 13 
29ca0651a,Ajitesh,Mon Aug 24 05:48:44 2020,"Fixed leader-board page date",   1, 1, 1 
2766b3cdd,Ajitesh,Mon Aug 24 05:46:50 2020,"Updates",   8, 16, 16 
60f757ec8,Tianjian Xu,Mon Aug 24 05:31:27 2020,"Update control instructions",   1, 70, 55 
90ce3f874,Ajitesh,Mon Aug 24 05:13:28 2020,"Merge branch 'master' of https://github.com/scc-usc/ReCOVER-COVID-19", 
4e9d4d337,Ajitesh,Mon Aug 24 05:11:54 2020,"Updated forecasts",   99, 14942, 14422 
735242ec2,Tianjian Xu,Mon Aug 24 04:57:08 2020,"Set up instructions",   3, 252, 105 
e08fde92e,Ajitesh,Sun Aug 23 05:13:03 2020,"Updated forecasts",   81, 10624, 10138 
aabffa958,Ajitesh,Sat Aug 22 05:24:02 2020,"Updated forecasts",   93, 1040 
477721bd6,Ajitesh,Sat Aug 22 05:14:20 2020,"Updated forecasts",   1, 0, 0 
86b855fae,Ajitesh,Sat Aug 22 05:10:23 2020,"Updated forecasts",   1, 0, 0 
e3e8a4599,Ajitesh,Fri Aug 21 05:10:19 2020,"Updated forecasts",   81, 0, 0 
3b1cfcd62,Ajitesh,Thu Aug 20 05:31:27 2020,"Updated forecasts",   83, 10613, 10091 
fa5745cf0,Ajitesh,Wed Aug 19 15:33:27 2020,"load and generate forecasts for Germany states",   11, 195, 10 
a58cd1a05,Ajitesh,Wed Aug 19 05:12:10 2020,"Updated forecasts",   84, 10599, 10079 
a7c7513d3,Ajitesh,Tue Aug 18 05:11:59 2020,"Updated forecasts",   91, 11692, 11208 
da0eecdc9,Ajitesh,Mon Aug 17 15:09:02 2020,"Added German state forecasts",   217, 4073 
0491dde0b,Ajitesh,Mon Aug 17 13:59:09 2020,"Updated highlights and leaderboard",   4, 23, 23 
c8474a0ee,Ajitesh,Mon Aug 17 10:23:49 2020,"Updates",   11, 19, 19 
2abe86af3,Tianjian Xu,Mon Aug 17 09:18:46 2020,"Update data formatter",   9, 27048, 3435 
6ae15b8f4,Ajitesh,Mon Aug 17 09:11:19 2020,"Updated county forecasts",   4, 4968, 4960 
f746ce490,Tianjian Xu,Mon Aug 17 09:03:08 2020,"Merge branch 'master' of https://github.com/scc-usc/ReCOVER-COVID-19", 
57eccec5b,Tianjian Xu,Mon Aug 17 09:03:06 2020,"Update foreign reports",   41, 1967829, 805 
57af70314,Ajitesh,Mon Aug 10 10:28:27 2020,"Updates",   23, 53, 53 
9cb3b984f,Tianjian Xu,Mon Aug 10 09:33:53 2020,"Update formatting",   13, 27031, 3945 
d29548979,Ajitesh,Mon Aug 10 05:37:19 2020,"Updated forecasts Aug 9, 2020",   84, 12250, 11762 
5bff902eb,Ajitesh,Sun Aug 9 12:32:09 2020,"Updated forecasts Aug 8, 2020",   76, 5913, 5429 
b98bee5f7,Ajitesh,Sat Aug 8 06:42:43 2020,"Merge branch 'master' of https://github.com/scc-usc/ReCOVER-COVID-19", 
174d79ddb,Ajitesh,Sat Aug 8 06:42:35 2020,"Updated forecasts, Aug 7, 2020",   76, 6117, 5633 
29b33b890,Xiaochen Yang,Fri Aug 7 18:16:18 2020,"Updates",   21, 56, 56 
41056e9b9,Ajitesh,Fri Aug 7 10:21:13 2020,"Updated forecasts, Aug 6, 2020",   78, 6558, 6074 
e305369d9,Xiaochen Yang,Fri Aug 7 09:43:26 2020,"fix score dynamic map",   2, 5, 6 
0c911cac7,Ajitesh,Thu Aug 6 14:30:20 2020,"Updated forecasts, Aug 5, 2020",   79, 5909, 5425 
829a94bd1,Ajitesh,Wed Aug 5 13:42:36 2020,"Updated leaderboard layout",   92, 7258, 6059 
9b388c98e,Ajitesh,Wed Aug 5 10:30:12 2020,"Updates",   22, 60, 60 
dc91ea7df,Ajitesh,Tue Aug 4 16:49:12 2020,"Updated forecasts, Aug 3, 2020",   198, 1236, 1235 
7008708fa,Ajitesh,Tue Aug 4 12:41:29 2020,"Updates",   17, 28, 28 
bc427d871,Tianjian Xu,Tue Aug 4 07:14:27 2020,"Update foreign forecasts",   99, 805, 4720 
51ab370d7,Tianjian Xu,Mon Aug 3 09:03:20 2020,"Update data formatting",   10, 27068, 3027 
1ef110937,Tianjian Xu,Mon Aug 3 08:17:12 2020,"Merge branch 'master' of https://github.com/scc-usc/ReCOVER-COVID-19", 
aa6619f33,Tianjian Xu,Mon Aug 3 08:14:59 2020,"Update data formatting",   10, 26999, 3379 
7717d2464,Ajitesh,Mon Aug 3 05:57:59 2020,"Updates",   20, 57, 57 
067b19374,Ajitesh,Thu Jul 30 08:21:01 2020,"Updates",   18, 46, 46 
fac4ff548,Xiaochen Yang,Wed Jul 29 08:38:25 2020,"Updates",   19, 47, 47 
a921bf5a5,Ajitesh,Tue Jul 28 15:01:13 2020,"Updates",   17, 28, 28 
ecbab80c7,Ajitesh,Tue Jul 28 07:34:41 2020,"Adding today's forecast in historical forecasts",   4, 484 
c66f6bc4e,Ajitesh,Tue Jul 28 06:50:16 2020,"Updated forecasts, July 27, 2020",   56, 8510, 8502 
3e39f2b0f,Ajitesh,Mon Jul 27 10:18:10 2020,"Merge branch 'master' of https://github.com/scc-usc/ReCOVER-COVID-19", 
33bb75620,Ajitesh,Mon Jul 27 10:18:06 2020,"Patched decreasing cumulative cases",   4, 13, 7 
3a5652dc2,Ajitesh,Mon Jul 27 08:57:33 2020,"Moved from Sunday forecasts to Saturday forecasts",   56, 11424, 11424 
a084151d4,Ajitesh,Mon Jul 27 06:50:08 2020,"Updated forecast, July 26, 2020",   200, 10892, 10374 
5388cffaf,Ajitesh,Sun Jul 26 11:26:02 2020,"Added old historical forecasts",   474, 45442, 4615 
62d88a0cd,Ajitesh,Fri Jul 24 14:45:18 2020,"Updates",   19, 47, 47 
c52ebaf18,Xiaochen Yang,Fri Jul 24 14:04:36 2020,"Merge branch 'master' of https://github.com/scc-usc/ReCOVER-COVID-19", 
dc2379680,Xiaochen Yang,Fri Jul 24 14:03:51 2020,"fix disjunction in new case",   2, 3, 3 
ce2f78eb4,Xiaochen Yang,Thu Jul 23 16:49:04 2020,"fix graph disjuction",   1, 3, 2 
10f35d962,Ajitesh,Thu Jul 23 09:55:28 2020,"Fixed scorepage horizontal line",   3, 4, 4 
8e565c9fe,Ajitesh,Thu Jul 23 07:07:17 2020,"switched to weekly forcasts",   158, 6320, 16402576 
29ceeeae2,Ajitesh,Thu Jul 23 06:24:04 2020,"switched to weekly forecasts",   60, 5104, 17720 
fe88ec8c0,Tianjian Xu,Thu Jul 23 05:55:47 2020,"Update foregin models",   2, 11, 7 
58f75f2f2,Tianjian Xu,Thu Jul 23 05:08:39 2020,"Read historical data from local files",   3, 94, 197 
b59a009f3,Xiaochen Yang,Wed Jul 22 12:27:58 2020,"Updates",   8, 13, 13 
87067469b,Xiaochen Yang,Wed Jul 22 12:26:39 2020,"change default model and day",   1, 5, 4 
a17bc3ec8,Xiaochen Yang,Wed Jul 22 08:59:01 2020,"push db",   2, 1, 2 
5d5de00ba,Xiaochen Yang,Wed Jul 22 08:46:05 2020,"Updates",   25, 64, 64 
273d9818d,Xiaochen Yang,Wed Jul 22 08:04:30 2020,"fix navbar when refreshing highlight page",   2, 1, 1 
930dae89e,Xiaochen Yang,Wed Jul 22 07:59:21 2020,"fix first date for new views method",   1, 1, 1 
d34172c80,Xiaochen Yang,Wed Jul 22 07:32:17 2020,"Merge branch 'yx-frontend'", 
c339a1d45,Xiaochen Yang,Wed Jul 22 07:30:54 2020,"rm db.sqlite3 from git repo",   2, 1 
fa8184dca,Xiaochen Yang,Wed Jul 22 07:26:30 2020,"remove database from repo",   2, 1 
efb9314bc,Xiaochen Yang,Tue Jul 21 14:49:32 2020,"add y = 1 bar",   1, 8, 1 
ae9c0c520,Xiaochen Yang,Tue Jul 21 14:32:00 2020,"update mfr dynamic map",   3, 114, 29 
ef8a4c58a,Ajitesh,Tue Jul 21 09:59:51 2020,"Updates",   19, 28, 28 
c95f3df52,Ajitesh,Tue Jul 21 09:46:22 2020,"Updated forecasts, leader-board, highlights",   81, 9570, 9569 
95e41ce1a,Xiaochen Yang,Tue Jul 21 08:44:10 2020,"implement mfr graph",   5, 114, 38 
8741012a4,Xiaochen Yang,Mon Jul 20 15:55:29 2020,"fill data for mrf scores",   2, 111 
3c2f527ec,Ajitesh,Mon Jul 20 10:42:25 2020,"Updates",   23, 62, 62 
bd37e71f9,Ajitesh,Mon Jul 20 10:38:14 2020,"Added highlights page",   4, 28, 7 
049c0173c,Tianjian Xu,Mon Jul 20 07:35:46 2020,"Update formatting scripts",   7, 26618, 3208 
00345e196,Tianjian Xu,Mon Jul 20 07:30:02 2020,"Update fetch foreign forecasts script",   31, 2196182, 11 
a1404fdd0,Ajitesh,Mon Jul 20 07:16:43 2020,"Updated forecasts July 19, 2020",   63, 14741, 14669 
e32be4cbb,Ajitesh,Sat Jul 18 15:21:26 2020,"Updates",   6, 13, 13 
def32903b,Ajitesh,Sat Jul 18 15:17:16 2020,"Implemented auto-search for death hyper-parameters",   104, 5838, 5825 
e9f02b5bc,Ajitesh,Thu Jul 16 18:28:57 2020,"Updates",   47, 55489, 95 
d90fad3ed,Ajitesh,Thu Jul 16 18:11:51 2020,"Updated leaderboard and forecasts",   23, 1086, 1086 
6b3632efd,Ajitesh,Thu Jul 16 16:46:58 2020,"Updated forecasts July 15, 2020", 
e7406bd51,Ajitesh,Thu Jul 16 16:45:35 2020,"Updated forecasts July 15, 2020",   77, 6111, 6077 
0313a018d,Xiaochen Yang,Tue Jul 14 17:06:47 2020,"Updates",   21, 48, 48 
05c39cc87,Tianjian Xu,Mon Jul 13 14:09:56 2020,"Update format-covid-forecast folder",   9, 11302, 15760 
337eab3a0,Ajitesh,Mon Jul 13 13:19:56 2020,"Format conversion for forecasts",   6, 39901, 2017 
c1a0f400b,Ajitesh,Mon Jul 13 11:35:46 2020,"Updates",   20, 47, 47 
84c60ce1b,Ajitesh,Mon Jul 13 11:33:01 2020,"Added link to paper in readme",   1, 1, 1 
a29de19b1,Ajitesh,Mon Jul 13 11:28:59 2020,"Added latest paper",   2, 8, 3 
b1eed45b1,Ajitesh,Mon Jul 13 06:38:10 2020,"Updated forecasts July 12, 2020",   61, 14506, 14434 
cb63feaac,Tianjian Xu,Sun Jul 12 09:31:56 2020,"Updates",   16, 41, 41 
a01f8a5cf,Tianjian Xu,Sun Jul 12 08:12:43 2020,"Update the database",   1, 0, 0 
277de0e95,Tianjian Xu,Sun Jul 12 08:05:33 2020,"Update  foreign reports",   1, 6, 6 
11252ef8c,Ajitesh,Sat Jul 11 15:51:00 2020,"Update README.md",   1, 7, 4 
b9b8b399c,Ajitesh,Sat Jul 11 15:40:48 2020,"Fixed typo",   2, 1, 1 
43dcb817e,Ajitesh,Sat Jul 11 15:34:37 2020,"Updated readme",   2, 41, 39 
1dbfffa0c,dependabot[bot],Sat Jul 11 06:28:09 2020,"Bump tensorflow from 1.14.0 to 1.15.2 in /backend",   1, 1, 1 
8fc1b1626,dependabot[bot],Sat Jul 11 06:28:08 2020,"Bump django from 3.0.4 to 3.0.7 in /backend",   1, 1, 1 
325098992,dependabot[bot],Sat Jul 11 06:28:06 2020,"Bump bleach from 3.1.3 to 3.1.4 in /backend",   1, 1, 1 
20315179c,Ajitesh,Sat Jul 11 06:26:52 2020,"Updated forecasts July 10, 2020",   75, 6153, 6107 
58aac220f,Ajitesh,Fri Jul 10 10:55:44 2020,"Updated forecasts July 9, 2020",   63, 6039, 5399 
7628ad89d,Ajitesh,Tue Jul 7 11:55:30 2020,"model-based fatality rates updated",   14, 627, 861 
5c703dc57,Xiaochen Yang,Tue Jul 7 08:53:12 2020,"Updates",   15, 25, 25 
6ebc5d139,Xiaochen Yang,Tue Jul 7 08:51:08 2020,"Merge branch 'master' of https://github.com/scc-usc/ReCOVER-COVID-19", 
1b557e4a2,Xiaochen Yang,Tue Jul 7 08:50:50 2020,"remove graph animation",   1, 1, 1 
4aa123116,Xiaochen Yang,Tue Jul 7 08:13:00 2020,"Updates",   7, 13, 13 
f8e8cd784,Xiaochen Yang,Tue Jul 7 08:11:34 2020,"make score page slider less dense",   2, 32, 18 
14a324894,Xiaochen Yang,Tue Jul 7 06:36:44 2020,"Updates",   32, 70, 68 
9b37bab0b,Xiaochen Yang,Tue Jul 7 06:32:04 2020,"implement error bar",   1, 11, 6 
663717fa6,Ajitesh,Tue Jul 7 05:03:23 2020,"Merge branch 'master' of https://github.com/scc-usc/ReCOVER-COVID-19", 
d3baa897b,Ajitesh,Tue Jul 7 05:03:18 2020,"All county forecasts",   4, 4292 
a342179d5,Ajitesh,Mon Jul 6 16:15:04 2020,"Updated database with forecasts",   1, 0, 0 
a8aac79bc,Ajitesh,Mon Jul 6 15:51:38 2020,"Optimized code and added county level forecasts",   10, 78, 149 
b38fb7c44,Ajitesh,Mon Jul 6 12:13:02 2020,"Updated forecasts July 5, 2020",   60, 13156, 11139 
4ed41c12f,Tianjian Xu,Mon Jul 6 07:03:27 2020,"Update other forecasts",   13, 741 
f9126096a,Tianjian Xu,Sat Jul 4 01:20:38 2020,"Merge branch 'master' of https://github.com/scc-usc/ReCOVER-COVID-19", 
7caa28605,Tianjian Xu,Sat Jul 4 01:20:36 2020,"Update county-level refomat script",   6, 10737, 113669 
45e36100c,Tianjian Xu,Wed Jul 1 12:03:14 2020,"Update instructions.",   17, 240531 
a206e0fca,Tianjian Xu,Wed Jul 1 07:03:52 2020,"Update WEB_APP_INSTRUCTIONS.md",   1, 1, 1 
c5afe210a,Tianjian Xu,Wed Jul 1 06:55:56 2020,"Update instructions",   1, 11, 9 
e3342dd25,Tianjian Xu,Wed Jul 1 06:54:11 2020,"Update reproduction number",   11, 810, 728 
132d4ff77,Tianjian Xu,Wed Jul 1 04:23:14 2020,"Updates",   23, 53, 53 
e0b9bd619,Tianjian Xu,Wed Jul 1 04:21:41 2020,"Update forecasts",   56, 5172, 8120 
373b86c09,Ajitesh,Tue Jun 30 15:47:48 2020,"Updated leader board content",   5, 44, 42 
5e293207f,Ajitesh,Tue Jun 30 15:11:22 2020,"Fixed death evaluations",   5, 3227, 265 
f98f1819d,Xiaochen Yang,Tue Jun 30 13:53:32 2020,"Updates",   22, 60, 60 
07a66aa75,Xiaochen Yang,Tue Jun 30 13:51:31 2020,"modify map loading algorithm",   4, 96, 177 
250876dd9,Tianjian Xu,Tue Jun 30 05:27:49 2020,"Update previous predictions",   56, 4525, 5340 
cbe5708d8,Xiaochen Yang,Sun Jun 28 16:56:22 2020,"Updates",   8, 13, 13 
a14d9f089,Xiaochen Yang,Sun Jun 28 16:52:57 2020,"implement error bar",   2, 45, 14 
33a132d6a,Xiaochen Yang,Sun Jun 28 08:54:36 2020,"Updates",   15, 40, 40 
e021c0618,Xiaochen Yang,Sun Jun 28 08:49:37 2020,"graphing different color for each model",   4, 35, 70 
d7ac19639,Tianjian Xu,Sat Jun 27 10:51:43 2020,"Delete invalid files",   6, 342 
978b84fc1,Tianjian Xu,Fri Jun 26 08:38:33 2020,"Merge branch 'master' of https://github.com/scc-usc/ReCOVER-COVID-19", 
a58e981dc,Tianjian Xu,Fri Jun 26 08:38:24 2020,"Update fetch_forecasts_script folder",   218, 14211847 
4f4e17a27,Xiaochen Yang,Thu Jun 25 14:02:13 2020,"Updates",   10, 25, 25 
3a4969dca,Xiaochen Yang,Thu Jun 25 13:28:22 2020,"Update segmentCount",   1, 1, 1 
9fe5772b1,Xiaochen Yang,Thu Jun 25 13:26:01 2020,"Create a custom 404 page",   1, 42 
6a5f3a73c,Xiaochen Yang,Thu Jun 25 13:08:36 2020,"Updates",   4, 4, 4 
2a7ad4d1c,Xiaochen Yang,Thu Jun 25 13:06:40 2020,"another try to fix refresh issue",   2, 74 
6be5b3765,Xiaochen Yang,Thu Jun 25 12:31:56 2020,"Updates",   7, 13, 13 
1389ae732,Xiaochen Yang,Thu Jun 25 12:30:49 2020,"try fix refresh issue again",   1, 6, 1 
d91827f6b,Xiaochen Yang,Thu Jun 25 11:59:28 2020,"Updates",   15, 41, 41 
8cced287d,Xiaochen Yang,Thu Jun 25 11:58:23 2020,"try fix navbar",   1, 1, 1 
e084ff87c,Tianjian Xu,Thu Jun 25 11:12:49 2020,"Updates",   23, 53, 53 
07b76329a,Tianjian Xu,Thu Jun 25 11:11:57 2020,"Update leaderboard",   4, 0, 0 
d9468cded,Tianjian Xu,Thu Jun 25 11:07:19 2020,"Update leaderboard",   1, 13, 13 
cd6390d5d,Ajitesh,Thu Jun 25 10:48:25 2020,"Updated US forecasts (June 24, 2020)",   26, 1320, 1320 
e6f6266f9,Ajitesh,Thu Jun 25 10:18:44 2020,"Merge branch 'master' of https://github.com/scc-usc/ReCOVER-COVID-19", 
2b4c335e4,Ajitesh,Thu Jun 25 10:18:35 2020,"Fixed a bug in JHU death data",   2, 1, 1 
e93493e38,Xiaochen Yang,Thu Jun 25 08:21:17 2020,"Updates",   7, 13, 13 
3ab8bd88e,Xiaochen Yang,Thu Jun 25 08:15:51 2020,"Updates",   7, 13, 13 
1f00e1041,Xiaochen Yang,Thu Jun 25 07:13:14 2020,"Updates",   15, 41, 41 
103ea4a69,Tianjian Xu,Thu Jun 25 05:23:10 2020,"Updates",   10, 20, 20 
60bb5fa59,Ajitesh,Wed Jun 24 13:29:47 2020,"Updated leaderboard page",   1, 6, 2 
4f3e69c97,Tianjian Xu,Wed Jun 24 13:01:11 2020,"Updates",   7, 13, 13 
81005ee48,Tianjian Xu,Wed Jun 24 13:00:39 2020,"Update disclaimer",   1, 1, 3 
4d4b482c7,Tianjian Xu,Wed Jun 24 12:44:31 2020,"Update leaderboard",   6, 34, 47 
a79b4c5f3,Tianjian Xu,Wed Jun 24 12:42:52 2020,"Updates",   6, 13, 13 
10ba0da2d,Tianjian Xu,Wed Jun 24 12:36:12 2020,"Updates",   10, 20, 20 
9f3ba4b2d,Tianjian Xu,Wed Jun 24 12:29:44 2020,"Updates",   56, 103, 83 
1dccf171b,Frost Tianjian Xu,Wed Jun 24 11:57:28 2020,"Merge pull request #8 from scc-usc/fx-frontend", 
86bed54fa,Ajitesh,Wed Jun 24 11:44:10 2020,"Updated leader-borad results",   55, 973, 1373 
2c3af17f1,Ajitesh,Wed Jun 24 09:00:23 2020,"Other's forecasts",   43, 2395 
6fea48bfd,Ajitesh,Wed Jun 24 05:32:01 2020,"Added confidence scores for Rt and added death forecast comparison script",   16, 764, 755 
d19ee9a03,Tianjian Xu,Tue Jun 23 09:39:10 2020,"Update predictions",   58, 5127, 5071 
807d7ddcb,Ajitesh,Tue Jun 23 08:23:59 2020,"Updated missing files",   3, 106, 5 
4d972e09f,Ajitesh,Tue Jun 23 06:16:13 2020,"Updated US results",   26, 1326, 1326 
19f587a61,Xiaochen Yang,Mon Jun 22 13:59:05 2020,"Updates",   22, 60, 60 
110aef518,Xiaochen Yang,Mon Jun 22 13:57:40 2020,"fix navbar name",   2, 2, 2 
100318a97,Xiaochen Yang,Sun Jun 21 11:08:44 2020,"fix scoreGraph's name",   3, 326, 9 
198855d32,Ajitesh,Sat Jun 20 07:13:24 2020,"Updated forecasts Jun 19th",   59, 4964, 4876 
654938a77,Xiaochen Yang,Fri Jun 19 13:14:54 2020,"Updates",   15, 41, 41 
f1f475d37,Xiaochen Yang,Fri Jun 19 13:13:22 2020,"fix no data",   1, 1 
512dcf66f,Tianjian Xu,Fri Jun 19 11:19:03 2020,"Updates",   11, 25, 25 
52817f21c,Tianjian Xu,Fri Jun 19 11:10:24 2020,"Update models' names",   4, 16, 16 
22afaf7d9,Tianjian Xu,Fri Jun 19 10:47:16 2020,"Update a migration shell script",   3, 32, 6 
e004c2400,Tianjian Xu,Fri Jun 19 10:08:07 2020,"Update data",   2, 4 
b2a9f2c5d,Xiaochen Yang,Fri Jun 19 08:21:06 2020,"Merge branch 'yx-frontend'", 
24d7f9c79,Ajitesh,Fri Jun 19 07:40:32 2020,"Merge branch 'master' of https://github.com/scc-usc/ReCOVER-COVID-19", 
db4750003,Ajitesh,Fri Jun 19 07:40:28 2020,"Updated forecasts June 18th",   58, 5366, 5368 
a35319b7b,Tianjian Xu,Fri Jun 19 05:19:06 2020,"Updates",   8, 13, 13 
32174b6d6,Tianjian Xu,Thu Jun 18 13:03:15 2020,"Updates",   7, 13, 13 
7303169d0,Ajitesh,Wed Jun 17 13:12:42 2020,"Added death forecast files and removed unnecessary forecasts",   53, 5105 
997790970,Ajitesh,Wed Jun 17 13:09:55 2020,"removed old forecast files",   100, 9724 
e02e7acc3,Ajitesh,Wed Jun 17 12:59:14 2020,"Merge branch 'master' of https://github.com/scc-usc/ReCOVER-COVID-19", 
f497040b4,Ajitesh,Wed Jun 17 12:55:24 2020,"Added death forecasting",   110, 5059, 7319 
3f53deae2,Tianjian Xu,Wed Jun 17 05:11:10 2020,"Updates",   7, 13, 13 
b3b4e4869,Tianjian Xu,Tue Jun 16 12:36:04 2020,"Updates",   6, 13, 13 
3e8c34446,Tianjian Xu,Mon Jun 15 12:35:55 2020,"Update db.sqlite3",   1, 0, 0 
7ada289f3,Tianjian Xu,Mon Jun 15 12:21:52 2020,"Merge branch 'master' of https://github.com/scc-usc/ReCOVER-COVID-19", 
fe60d1272,Tianjian Xu,Mon Jun 15 12:20:06 2020,"update migration filenames",   43, 2040, 1888 
9a6f16843,Ajitesh,Mon Jun 15 11:50:42 2020,"removed unnecessary variables from mat files",   31, 177, 177 
5a2c6fcd9,Ajitesh,Mon Jun 15 09:34:51 2020,"Fixed file location",   2, 2, 2 
13ce1ecc0,Ajitesh,Mon Jun 15 09:26:02 2020,"Fixed folder not found issue",   11, 1, 1054 
3f5025fc3,Ajitesh,Mon Jun 15 08:56:30 2020,"Deleted unnecessary mat and csv files",   4, 255 
26c233aa3,Ajitesh,Mon Jun 15 08:55:34 2020,"Merge branch 'master' of https://github.com/scc-usc/ReCOVER-COVID-19", 
2e9051dc5,Ajitesh,Mon Jun 15 08:42:31 2020,"Restructured directories in matlab-scripts",   166, 7499, 7954 
4701a00c6,Tianjian Xu,Sun Jun 14 14:23:49 2020,"Updates",   18, 50, 50 
8144c25c1,Xiaochen Yang,Sun Jun 14 11:50:50 2020,"fix show/hide botton",   2, 9, 2 
6ea7c3470,Tianjian Xu,Sat Jun 13 17:12:54 2020,"Updates",   16, 41, 41 
54be30c9b,Tianjian Xu,Sat Jun 13 17:05:01 2020,"Make UI  optimizations.",   4, 9, 13 
c0ea7c3a5,Xiaochen Yang,Sat Jun 13 15:15:32 2020,"Updates",   29, 74, 74 
0f62ca119,Xiaochen Yang,Sat Jun 13 14:46:14 2020,"remove some country's state due to lack of data",   1, 17, 16 
a9790afab,Xiaochen Yang,Sat Jun 13 14:32:48 2020,"update before merge", 
d58501589,Xiaochen Yang,Sat Jun 13 14:29:19 2020,"update format and add conf value",   2, 5, 4 
368e7c756,Xiaochen Yang,Sat Jun 13 14:27:32 2020,"Merge branch 'master' into fx-quarantine-score", 
fb321918a,Xiaochen Yang,Fri Jun 12 18:04:07 2020,"implement map",   2, 253, 8 
360509002,Xiaochen Yang,Thu Jun 11 15:29:27 2020,"score form and graph",   5, 351, 11 
6be59c8c0,Xiaochen Yang,Thu Jun 11 08:08:56 2020,"routing for score page and make the map larger",   7, 63, 14 
e8f8f1087,Tianjian Xu,Thu Jun 11 06:44:26 2020,"Add confidence level field for quarantine score datapoints",   5, 35, 14 
5940daad8,Tianjian Xu,Wed Jun 10 08:57:17 2020,"Merge branch 'master' into fx-quarantine-score", 
2a23db110,Tianjian Xu,Wed Jun 10 08:52:26 2020,"Update scores_all endpoint",   2, 29, 2 
d727e749a,Xiaochen Yang,Tue Jun 9 13:47:53 2020,"Updates",   17, 46, 46 
7acd362db,Tianjian Xu,Tue Jun 9 11:46:10 2020,"Publish api to get quarantine scores data points for a  specific area",   7, 81, 9 
07b4133b6,Tianjian Xu,Tue Jun 9 11:12:26 2020,"Merge branch 'master' into fx-quarantine-score", 
ca984a5ef,Xiaochen Yang,Mon Jun 8 14:09:10 2020,"Updates",   31, 80, 80 
2b68f8abf,Tianjian Xu,Mon Jun 8 11:02:27 2020,"Updates",   6, 13, 13 
c3b959ca7,Tianjian Xu,Mon Jun 8 10:59:08 2020,"Updates",   6, 13, 13 
fdacddad2,Tianjian Xu,Mon Jun 8 10:32:06 2020,"Updates",   7, 13, 13 
24a3cc19d,Tianjian Xu,Mon Jun 8 10:15:51 2020,"Updates",   10, 20, 20 
acfc5fbf5,Tianjian Xu,Mon Jun 8 09:47:22 2020,"Update quarantine scores to the database.",   5, 92, 1 
ba5e14ac5,Tianjian Xu,Sun Jun 7 11:03:43 2020,"Update predictions on 6/6",   82, 14118, 14118 
858f40ae4,Tianjian Xu,Fri Jun 5 13:05:39 2020,"Update predictions",   82, 14100, 13846 
73072701d,Ajitesh,Thu Jun 4 14:12:32 2020,"Added comments",   2, 12, 18 
7d1595d8f,Ajitesh,Thu Jun 4 12:57:12 2020,"deleted unnecessary files",   3, 422 
f612ab708,Ajitesh,Thu Jun 4 12:56:28 2020,"Merge branch 'master' of https://github.com/scc-usc/ReCOVER-COVID-19", 
083622411,Ajitesh,Thu Jun 4 12:56:10 2020,"Updated "social distancing off" models",   35, 15, 13 
0b2d4dedd,Tianjian Xu,Wed Jun 3 08:58:39 2020,"Updates",   24, 67, 67 
5434578cd,Tianjian Xu,Wed Jun 3 08:50:14 2020,"Updates",   32, 80, 80 
474e9c501,Tianjian Xu,Wed Jun 3 08:42:40 2020,"Updates",   51, 3441, 123 
b7c5f8dcd,Ajitesh,Mon Jun 1 12:50:13 2020,"Merge branch 'master' of https://github.com/scc-usc/ReCOVER-COVID-19", 
f0f0e4e9b,Ajitesh,Mon Jun 1 12:49:33 2020,"Update hyperparam_tuning.m",   1, 1 
c62d0bf52,Tianjian Xu,Mon Jun 1 08:29:44 2020,"Updates",   29, 101, 101 
ea8844f2a,Ajitesh,Sun May 31 15:53:14 2020,"Added smoothing",   3, 17, 17 
fd6d81e2d,Ajitesh,Sun May 31 15:52:19 2020,"Added smoothing to pre-process data",   81, 7866, 7494 
83d395c4e,Ajitesh,Sun May 31 14:12:21 2020,"Merge branch 'master' of https://github.com/scc-usc/ReCOVER-COVID-19", 
33c4f014c,Ajitesh,Sun May 31 14:10:36 2020,"Refined hyper-parameter search",   17, 745, 353 
8b0f16089,Ajitesh,Mon May 25 08:30:34 2020,"Updated scripts to write current data",   3, 9, 2 
1699c54c7,Ajitesh,Mon May 25 08:29:17 2020,"Merge branch 'master' of https://github.com/scc-usc/ReCOVER-COVID-19", 
63bb21f9d,Ajitesh,Mon May 25 08:29:11 2020,"Updataed data in CSV",   2, 242 
96062c625,Tianjian Xu,Mon May 25 07:21:46 2020,"Recover backend migration", 
4c8788ed5,Tianjian Xu,Mon May 25 05:49:15 2020,"Migrate data and update 'aboutus' page",   80, 2, 7238 
ce6e04e42,Tianjian Xu,Mon May 25 05:36:01 2020,"Updates",   27, 106, 106 
d53714277,Tianjian Xu,Mon May 25 05:03:18 2020,"Merge branch 'fx-frontend'", 
51278c024,Tianjian Xu,Mon May 25 03:46:31 2020,"Updates",   6, 13, 13 
62963679a,Tianjian Xu,Mon May 25 03:44:52 2020,"Updates",   8, 13, 13 
afdf9b16b,Tianjian Xu,Mon May 25 03:29:58 2020,"Updates",   6, 13, 13 
258a1caf7,Tianjian Xu,Sun May 24 17:44:59 2020,"Updates",   6, 13, 13 
d9d859a8c,Tianjian Xu,Sun May 24 17:40:13 2020,"Updates",   37, 123, 113 
86379d836,Tianjian Xu,Sat May 23 10:48:55 2020,"Copy the matlab scripts from previous repo",   179, 17099, 11913 
8c28525fe,Tianjian Xu,Sat May 23 10:33:14 2020,"Update the social distancing popover messages",   2, 15, 5 
da52d655e,Tianjian Xu,Sat May 23 10:32:55 2020,"Updates",   29, 107, 107 
6c8268a5c,Tianjian Xu,Sat May 23 09:46:11 2020,"Fix the backend logic and deploy the website.",   6, 1, 613 
3be9fe9dd,Tianjian Xu,Sat May 23 09:37:06 2020,"Updates",   13, 93, 93 
08ac72920,Tianjian Xu,Sat May 23 09:19:42 2020,"Updates",   63858, 93, 6768286 
ffcfce001,Tianjian Xu,Sat May 23 09:13:52 2020,"Deploy the react app",   63845, 6768193 
e51d4d5fa,Tianjian Xu,Sat May 23 09:04:43 2020,"Updates",   30, 298 
cc62a5390,Ajitesh,Thu May 21 07:18:38 2020,"Fixed color bugs",   17, 4367, 3720 
855229692,Ajitesh,Thu May 21 06:54:54 2020,"Updated forecasts",   74, 6620, 6546 
1371978fc,Ajitesh,Mon May 11 11:42:38 2020,"fixed forecasts",   36, 4002, 48 
53bcf6135,Ajitesh,Mon May 11 10:35:14 2020,"Updated forecasts",   81, 2898, 7999 
c4047012b,Ajitesh,Thu May 7 06:16:01 2020,"Updated results",   86, 7413, 8158 
bb627968a,Ajitesh,Thu Apr 30 09:06:46 2020,"Fixed Readme",   1, 13, 1 
06322413a,Ajitesh,Thu Apr 30 08:58:39 2020,"Added code to run live script",   5, 9, 7 
ba37e8b5e,Ajitesh,Wed Apr 29 09:55:07 2020,"Fixed typos and updated forecasts",   82, 12047, 7390 
6200ad448,Ajitesh,Mon Apr 27 13:39:24 2020,"Updated scripts and forecasts",   94, 9913, 1547 
99a1bbdb2,Ajitesh,Sun Apr 26 09:43:52 2020,"Initial commit",   322, 408763 