commit id,author,date,comment,changed files,lines added,lines deleted

044b6d5,dependabot[bot],Sat Sep 12 02:24:07 2020,"Bump http-proxy from 1.18.0 to 1.18.1 (#8)",   1, 11, 13 
25cdf31,David Schnurr,Sun Aug 2 08:30:56 2020,"Merge pull request #3 from schnerd/dependabot/npm_and_yarn/jquery-3.5.0", 
66bf3f7,David Schnurr,Sun Aug 2 08:30:44 2020,"Merge pull request #7 from schnerd/dependabot/npm_and_yarn/elliptic-6.5.3", 
1154443,David Schnurr,Mon Jul 20 08:46:03 2020,"Merge pull request #6 from schnerd/dependabot/npm_and_yarn/lodash-4.17.19", 
91a87ec,David Schnurr,Mon Jul 20 08:09:13 2020,"build",   9, 31, 32 
7d73939,David Schnurr,Mon Jul 20 08:07:55 2020,"Merge branch 'd3trim'", 
813110b,David Schnurr,Mon Jul 20 07:58:33 2020,"build",   8, 32, 31 
26fbe4c,David Schnurr,Mon Jul 20 07:58:06 2020,"fix style",   1, 1 
2eadd07,David Schnurr,Mon Jul 20 07:28:13 2020,"build",   7, 36, 8 
6c62c2f,David Schnurr,Mon Jul 20 07:27:41 2020,"fix mobile formatting",   3, 41, 10 
2cbd2c7,David Schnurr,Sat Jun 27 15:22:22 2020,"build",   4, 4, 4 
97e80e1,David Schnurr,Sat Jun 27 15:21:50 2020,"better scrolling logic",   1, 8, 4 
fdaa18f,David Schnurr,Mon Jun 8 13:08:59 2020,"Merge pull request #5 from schnerd/dependabot/npm_and_yarn/websocket-extensions-0.1.4", 
d4561d3,David Schnurr,Sat Jun 6 02:11:59 2020,"build",   4, 4, 4 
2d030aa,David Schnurr,Sat Jun 6 02:11:23 2020,"Avoid promise.finally since it does not get transpiled or polyfilled by babel",   1, 12, 4 
986ca81,David Schnurr,Sat Jun 6 02:01:33 2020,"build",   8, 16, 6 
b98c0aa,David Schnurr,Fri Jun 5 14:59:48 2020,"Switch to new data files from covid-tracker-data to improve perf",   3, 154, 171 
4297520,David Schnurr,Fri Jun 5 14:59:48 2020,"render using new data source",   3, 154, 171 
877d67d,David Schnurr,Fri Jun 5 12:39:42 2020,"build",   5, 29, 29 
8e8b647,David Schnurr,Fri Jun 5 12:39:12 2020,"remove probable cases banner",   1, 4 
2e565ea,David Schnurr,Mon May 11 04:17:20 2020,"build",   5, 4, 4 
6c75ea7,David Schnurr,Mon May 11 04:16:57 2020,"add moving averages into extent calculations",   1, 29, 15 
dfbb77f,David Schnurr,Sat May 9 03:13:57 2020,"build",   1, 1, 1 
875af51,David Schnurr,Sat May 9 03:13:23 2020,"probable cases note",   1, 2, 2 
d6222bc,David Schnurr,Fri May 8 08:40:06 2020,"build",   4, 12, 3 
001ef8d,David Schnurr,Fri May 8 08:39:04 2020,"add may 6th notice",   2, 13 
940f311,David Schnurr,Sat May 2 10:21:24 2020,"build",   4, 4, 4 
da7d624,David Schnurr,Sat May 2 10:20:21 2020,"fix negatives for moving average",   1, 1, 1 
9e795e1,David Schnurr,Sat May 2 08:15:56 2020,"build",   6, 7, 7 
f9ddc47,David Schnurr,Sat May 2 08:15:29 2020,"tweak scrolling behavior",   2, 3, 3 
331d0ea,David Schnurr,Sat May 2 08:11:36 2020,"build",   11, 31, 15 
da5b314,David Schnurr,Sat May 2 08:08:48 2020,"finish implementing moving averages",   3, 164, 30 
4c7e94e,David Schnurr,Sat May 2 04:13:22 2020,"use sortedIndexBy",   1, 12, 8 
b8cd27c,David Schnurr,Thu Apr 16 06:23:01 2020,"build",   3, 4, 4 
7cbe8fd,David Schnurr,Thu Apr 16 06:22:44 2020,"fix scrollTo",   1, 1, 1 
0058cff,David Schnurr,Thu Apr 16 06:18:55 2020,"build",   5, 4, 4 
f305067,David Schnurr,Thu Apr 16 06:18:37 2020,"fix KC county exception population numbers",   1, 5, 5 
f7e3a17,David Schnurr,Thu Apr 16 05:58:25 2020,"build",   5, 4, 4 
2607421,David Schnurr,Thu Apr 16 05:58:08 2020,"attempt to fix obscure safari bug where browser immediately navigates back on load",   1, 49, 33 
025efd5,David Schnurr,Thu Apr 16 03:22:33 2020,"build",   4, 4, 4 
2e966b4,David Schnurr,Thu Apr 16 03:22:12 2020,"more decimals for small per 100k values",   1, 2, 1 
8f9dfe9,David Schnurr,Wed Apr 15 05:08:28 2020,"build",   5, 4, 4 
2a79149,David Schnurr,Wed Apr 15 05:08:10 2020,"add updated kansas city populations. fixes #1",   1, 20, 8 
e17ed3c,David Schnurr,Thu Apr 9 04:37:00 2020,"build",   3, 4, 4 
97965f1,David Schnurr,Thu Apr 9 04:36:42 2020,"change testing data url",   1, 1, 1 
cbd7712,David Schnurr,Tue Apr 7 12:21:21 2020,"build",   4, 3, 39 
902f32d,David Schnurr,Tue Apr 7 12:20:58 2020,"remove ph banner",   2, 45 
2388df0,David Schnurr,Tue Apr 7 03:09:02 2020,"use 'Announced' nomenclature",   1, 3, 3 
6e7b95d,David Schnurr,Mon Apr 6 23:02:39 2020,"build",   4, 39, 3 
14957b9,David Schnurr,Mon Apr 6 04:07:49 2020,"add product hunt banner",   2, 45 
70eea19,David Schnurr,Mon Apr 6 03:15:51 2020,"build",   5, 4, 4 
6cf9d29,David Schnurr,Mon Apr 6 03:15:35 2020,"fix missing negative/pending test values",   1, 13, 9 
edf6c35,David Schnurr,Mon Apr 6 02:03:00 2020,"generate sourcemaps",   9, 17, 4 
56be236,David Schnurr,Mon Apr 6 01:48:55 2020,"generate sourcemaps in prod",   1, 1 
1ac2efb,David Schnurr,Mon Apr 6 01:36:52 2020,"remove startsWith for browser compat",   1, 2, 2 
49c9c0e,David Schnurr,Mon Apr 6 01:34:33 2020,"build",   2, 2, 2 
ac27890,David Schnurr,Mon Apr 6 01:29:12 2020,"fix fips lookups with no data",   1, 3 
4c57699,David Schnurr,Sun Apr 5 08:37:07 2020,"build",   2, 2, 2 
0fb9f6f,David Schnurr,Sun Apr 5 08:36:52 2020,"fix datediff function",   1, 1, 1 
8394358,David Schnurr,Sun Apr 5 07:02:50 2020,"build",   4, 4, 4 
a22caeb,David Schnurr,Sun Apr 5 07:02:20 2020,"ios tooltip tap workaround",   2, 7, 4 
72ea41a,David Schnurr,Sun Apr 5 06:27:31 2020,"better scrolling",   1, 11, 3 
bca6730,David Schnurr,Sun Apr 5 06:12:58 2020,"build",   3, 2, 2 
f3971c0,David Schnurr,Sun Apr 5 06:12:45 2020,"update deploy script",   1, 1, 1 
fe54887,David Schnurr,Sun Apr 5 06:12:08 2020,"fix plus in urls",   1, 2 
af5db48,David Schnurr,Sun Apr 5 06:04:59 2020,"fix tooltip positioning",   1, 22, 8 
f28e9f8,David Schnurr,Sun Apr 5 05:46:07 2020,"fix map",   1, 1 
634afdd,David Schnurr,Sun Apr 5 05:46:03 2020,"fix map",   3, 6, 9 
0196b0d,David Schnurr,Sun Apr 5 05:44:52 2020,"build",   3, 27, 27 
17f5576,David Schnurr,Sun Apr 5 05:44:24 2020,"add dist-dev to gitignore, just in case",   1, 1 
e6e6690,David Schnurr,Sat Apr 4 02:13:55 2020,"finish webpack config w css extraction",   24, 6502, 385 
beff475,David Schnurr,Sat Apr 4 02:13:55 2020,"finish webpack config w css extraction",   24, 6501, 385 
b933eba,David Schnurr,Sun Apr 5 05:06:42 2020,"Revert "limit to es5 syntax"",   4, 59, 63 
1654669,David Schnurr,Sun Apr 5 03:37:07 2020,"finish webpack config w css extraction",   12, 768, 80 
2cebd12,David Schnurr,Sat Apr 4 05:24:40 2020,"babel compilation working",   9, 1111, 77 
6da3d21,David Schnurr,Sat Apr 4 04:00:25 2020,"temp",   8, 688, 74 
6b91f1a,David Schnurr,Sat Apr 4 03:39:28 2020,"temp",   8, 1262, 193 
8848f40,David Schnurr,Sat Apr 4 03:22:39 2020,"temp",   4, 14, 11 
30f6208,David Schnurr,Sat Apr 4 02:42:59 2020,"limit to es5 syntax",   4, 63, 59 
ee92c15,David Schnurr,Sat Apr 4 02:27:57 2020,"Revert "Add warning for IE"",   3, 18 
2c1c7ef,David Schnurr,Sat Apr 4 02:24:20 2020,"Add warning for IE",   3, 18 
3fa868e,David Schnurr,Sat Apr 4 02:18:15 2020,"temp",   2, 32 
e120f05,David Schnurr,Sat Apr 4 02:13:55 2020,"temp",   4, 3466, 22 
b2339d0,David Schnurr,Fri Apr 3 08:19:23 2020,"remove downtime notice",   1, 5 
e7df699,David Schnurr,Fri Apr 3 08:16:02 2020,"fix issue with logs + negative datapoints",   1, 1, 1 
4ba2c47,David Schnurr,Fri Apr 3 07:55:15 2020,"Adding population data to map tooltip also",   1, 1 
e868cb8,David Schnurr,Fri Apr 3 07:50:28 2020,"Add bugsnag",   1, 4 
74fd925,David Schnurr,Fri Apr 3 07:44:20 2020,"dont show NaN in tooltip",   1, 5, 1 
0ed6553,David Schnurr,Fri Apr 3 07:42:29 2020,"edge case for kansas city per 100k",   1, 25, 6 
949fac1,David Schnurr,Fri Apr 3 06:54:43 2020,"downtime notice",   1, 5 
f71567f,David Schnurr,Fri Apr 3 01:59:35 2020,"update og-img",   1, 1, 1 
1135884,David Schnurr,Wed Apr 1 07:26:45 2020,"Implement map + overview chart, fix a number of bugs",   3, 996, 218 
9c5fcca,David Schnurr,Thu Apr 2 09:43:54 2020,"map legend spacing",   1, 7 
7075eb5,David Schnurr,Thu Apr 2 09:34:52 2020,"tweaks",   1, 3, 3 
897cd6e,David Schnurr,Thu Apr 2 09:20:58 2020,"better tooltip positioning",   3, 36, 7 
b876f76,David Schnurr,Thu Apr 2 09:10:06 2020,"interaction tweaks",   3, 32, 10 
14ddeea,David Schnurr,Thu Apr 2 08:43:05 2020,"new york remappings",   1, 41, 4 
cc5964b,David Schnurr,Thu Apr 2 08:14:25 2020,"map tooltip",   3, 77, 19 
51796ee,David Schnurr,Thu Apr 2 07:38:50 2020,"aggregate map data",   1, 64, 19 
bf90555,David Schnurr,Thu Apr 2 06:49:54 2020,"temp",   1, 53, 23 
c0524d2,David Schnurr,Thu Apr 2 06:07:54 2020,"map working",   3, 116, 47 
5057caa,David Schnurr,Thu Apr 2 04:08:16 2020,"us chart rendering with test data",   3, 128, 45 
d679c7c,David Schnurr,Thu Apr 2 03:24:05 2020,"temp",   3, 116, 67 
763f22e,David Schnurr,Thu Apr 2 01:53:41 2020,"temp",   1, 13, 9 
23478c8,David Schnurr,Wed Apr 1 12:51:10 2020,"better map legend ticks",   1, 38, 41 
d2d27c3,David Schnurr,Wed Apr 1 12:46:01 2020,"fix lastData",   1, 20, 12 
1b50930,David Schnurr,Wed Apr 1 12:31:28 2020,"map legend",   3, 101, 19 
3312695,David Schnurr,Wed Apr 1 11:41:40 2020,"implement data filtering",   2, 148, 87 
15e453f,David Schnurr,Wed Apr 1 07:58:46 2020," map rendering",   2, 19, 15 
1bc31cb,David Schnurr,Wed Apr 1 07:26:45 2020,"temp",   3, 174, 18 
f05b2ed,David Schnurr,Thu Apr 2 01:54:06 2020,"add populations for guam, us virgin islands, northern mariana islands",   1, 3 
4eb1861,David Schnurr,Wed Apr 1 07:33:36 2020,"switch to covid tracking json api instead of csv",   1, 4, 4 
649f3a5,David Schnurr,Wed Apr 1 07:29:12 2020,"forgivable test data",   1, 4, 1 
c26b3e7,David Schnurr,Wed Apr 1 06:49:46 2020,"add us counties topojson",   1, 1 
abb957c,David Schnurr,Wed Apr 1 05:50:11 2020,"add decimal for per100k data",   1, 2, 1 
e32f6b5,David Schnurr,Wed Apr 1 05:43:56 2020,"last 30 days instead of month",   1, 1, 1 
5249f9c,David Schnurr,Wed Apr 1 05:41:24 2020,"fix mobile title wrapping",   1, 6, 1 
f9b03a7,David Schnurr,Wed Apr 1 05:28:21 2020,"update repository references",   4, 6, 12 
ffb0e53,David Schnurr,Wed Apr 1 04:30:48 2020,"Create CNAME",   1, 1 
402f998,David Schnurr,Wed Apr 1 04:30:39 2020,"Delete CNAME",   1, 1 
2955b50,David Schnurr,Wed Apr 1 04:24:51 2020,"Update CNAME",   1, 1, 1 
8375cf0,David Schnurr,Wed Apr 1 04:24:01 2020,"Create CNAME",   1, 1 
3413016,David Schnurr,Wed Apr 1 04:23:56 2020,"Delete CNAME",   1, 1 
93868f8,David Schnurr,Wed Apr 1 04:19:59 2020,"Create CNAME",   1, 1 
777b08f,David Schnurr,Wed Apr 1 04:14:43 2020,"virus icon",   3, 28, 2 
6036a96,David Schnurr,Wed Apr 1 04:05:50 2020,"add favicon",   8, 11, 5 
d4473be,David Schnurr,Wed Apr 1 03:01:46 2020,"fix undefined query param",   1, 1, 1 
5af303f,David Schnurr,Wed Apr 1 02:56:22 2020,"add routing",   2, 824, 676 
021b2eb,David Schnurr,Wed Apr 1 01:38:15 2020,"eslint",   4, 899, 7 
d2ca413,David Schnurr,Wed Apr 1 01:31:56 2020,"move js into its own file",   2, 765, 783 
99bd184,David Schnurr,Wed Apr 1 01:23:15 2020,"smaller legend labels on mobile",   1, 6, 1 
ccc3f30,David Schnurr,Wed Apr 1 01:20:12 2020,"fix axes",   1, 2, 2 
e2ee325,David Schnurr,Wed Apr 1 01:09:25 2020,"use nice scales",   1, 1, 1 
84aeb27,David Schnurr,Tue Mar 31 14:16:36 2020,"fix tooltip positioning in firefox",   1, 2, 1 
b06f096,David Schnurr,Tue Mar 31 12:38:27 2020,"fix dark styles",   1, 12, 7 
ee452e1,David Schnurr,Tue Mar 31 12:23:20 2020,"smaller minimum domain max for per 100k filter",   1, 1, 1 
b7ab77b,David Schnurr,Tue Mar 31 12:11:32 2020,"Dark theme tweaks",   1, 4, 4 
840a1ba,David Schnurr,Tue Mar 31 12:04:36 2020,"more scroll resets",   1, 2 
770dcde,David Schnurr,Tue Mar 31 12:02:38 2020,"dark mode",   1, 41, 25 
b9600cc,David Schnurr,Tue Mar 31 11:38:10 2020,"Add percents to testing data",   2, 47, 12 
3ecc1a5,David Schnurr,Tue Mar 31 11:02:46 2020,"hide log scale in testing data for now",   1, 49, 56 
aa796db,David Schnurr,Tue Mar 31 06:57:59 2020,"fix tooltip",   1, 2, 2 
850aeed,David Schnurr,Tue Mar 31 06:55:57 2020,"fix daily new tests + per 100k",   1, 3, 1 
dbe76c4,David Schnurr,Tue Mar 31 06:13:52 2020,"ssl",   1, 1, 1 
71ef46c,David Schnurr,Tue Mar 31 06:10:29 2020,"hide legend appropriately",   2, 17, 4 
9e21c3c,David Schnurr,Tue Mar 31 06:02:29 2020,"testing data part 2",   2, 166, 37 
6aca57e,David Schnurr,Tue Mar 31 04:30:34 2020,"testing initial commit",   1, 65, 25 
9120e44,David Schnurr,Tue Mar 31 03:28:22 2020,"same cdn & minified",   1, 3, 3 
788ff78,David Schnurr,Tue Mar 31 03:11:48 2020,"Add open graph tags",   1, 11, 1 
542ae44,David Schnurr,Tue Mar 31 03:02:23 2020,"fix sort for new vs cumulative fields",   1, 8, 2 
584af09,David Schnurr,Tue Mar 31 02:53:43 2020,"fix field",   1, 1, 1 
5020da8,David Schnurr,Tue Mar 31 02:41:05 2020,"enforce 0 domain",   1, 1, 1 
01cc91f,David Schnurr,Tue Mar 31 02:39:50 2020,"Add per 100k functionality, state label",   2, 140, 49 
d3296ee,David Schnurr,Tue Mar 31 01:37:29 2020,"just sort by total cumulative cases",   1, 2, 1 
e099a0d,David Schnurr,Tue Mar 31 01:29:35 2020,"cursor pointer on states",   2, 5 
610eaa5,David Schnurr,Tue Mar 31 01:21:35 2020,"add state population data",   2, 3248 
e054d9c,David Schnurr,Sun Mar 29 07:09:21 2020,"fix x axis after file update",   1, 4, 1 
881f6a0,David Schnurr,Sun Mar 29 03:48:37 2020,"fix crosshair issue on touch devices",   1, 1 
5a9a2be,David Schnurr,Sun Mar 29 02:21:14 2020,"fix touch events",   3, 55, 37 
21c0e5e,David Schnurr,Sun Mar 29 02:03:45 2020,"touch device tweaks",   2, 33, 3 
65d59d7,David Schnurr,Sat Mar 28 13:02:19 2020,"ga",   1, 10 
7c107dd,David Schnurr,Sat Mar 28 12:08:41 2020,"alphabetize select",   1, 1 
82e1b58,David Schnurr,Sat Mar 28 11:54:04 2020,"minimum domain max",   1, 1, 1 
259c0be,David Schnurr,Sat Mar 28 11:36:48 2020,"Update README.md",   1, 3, 1 
25d0447,David Schnurr,Sat Mar 28 11:31:47 2020,"style tweaks",   2, 6 
68614aa,David Schnurr,Sat Mar 28 11:28:19 2020,"drilldown",   3, 152, 61 
521b89c,David Schnurr,Sat Mar 28 10:45:46 2020,"start county drill-down",   1, 80, 31 
4c75daa,David Schnurr,Sat Mar 28 10:27:13 2020,"move daily new cases as first item",   1, 2, 2 
a7a7ae4,David Schnurr,Sat Mar 28 10:26:32 2020,"fix responsive styles",   2, 6, 3 
b6e16a8,David Schnurr,Sat Mar 28 10:22:47 2020,"consistency with media query",   1, 1, 1 
59141aa,David Schnurr,Sat Mar 28 10:20:47 2020,"responsive styles",   2, 22, 6 
10d34cc,David Schnurr,Sat Mar 28 10:06:29 2020,"dont sort tooltip items",   1, 2, 5 
002e54e,David Schnurr,Sat Mar 28 10:03:44 2020,"fix log scale issues",   1, 14, 2 
9441413,David Schnurr,Sat Mar 28 09:57:17 2020,"fix first instance of new cases/deaths metric",   1, 2, 2 
5dcb374,David Schnurr,Sat Mar 28 09:46:42 2020,"add license",   1, 2, 2 
b2c8059,David Schnurr,Sat Mar 28 09:45:13 2020,"add license",   2, 11, 1 
687663f,David Schnurr,Sat Mar 28 09:42:39 2020,"update readme",   1, 2 
1c2836d,David Schnurr,Sat Mar 28 09:40:26 2020,"update readme",   1, 3, 2 
867ee3e,David Schnurr,Sat Mar 28 09:33:38 2020,"fix tooltip",   2, 14, 7 
8f0a47c,David Schnurr,Sat Mar 28 09:25:58 2020,"dates fixed, tooltip rendering",   2, 141, 3 
18e687e,David Schnurr,Sat Mar 28 08:28:19 2020,"Initial commit",   8, 623 