commit id,author,date,comment,changed files,lines added,lines deleted

ca3cdd1,Shahin Heidarian,Fri Aug 21 03:20:37 2020,"Update README.md",   1, 1, 1 
9ba6ae3,Shahin Heidarian,Fri Aug 21 03:20:07 2020,"Update README.md",   1, 1, 1 
d9d8905,Shahin Heidarian,Fri Aug 21 03:19:24 2020,"Update README.md",   1, 1, 1 
3155e88,Shahin Heidarian,Fri Aug 21 03:17:59 2020,"Update README.md",   1, 1, 1 
82899b4,Shahin Heidarian,Fri Aug 21 03:16:40 2020,"Update README.md",   1, 1, 1 
118557b,Shahin Heidarian,Fri Aug 21 03:16:03 2020,"Update README.md",   1, 1, 1 
5de15cc,Shahin Heidarian,Fri Aug 21 03:15:29 2020,"Update README.md",   1, 2 
b4d6217,Shahin Heidarian,Mon Aug 17 11:03:30 2020,"Update README.md",   1, 1 
0316286,Shahin Heidarian,Mon Aug 17 11:02:33 2020,"Update README.md",   1, 12 
fd600c8,Shahin Heidarian,Fri Aug 7 01:50:07 2020,"Update README.md",   1, 1, 1 
ccca264,Shahin Heidarian,Mon Jul 13 08:57:11 2020,"Update README.md",   1, 10, 1 
2758d55,Shahin Heidarian,Sat Jun 13 01:08:06 2020,"Update README.md",   1, 1 
6eca866,Shahin Heidarian,Sat Jun 13 01:06:45 2020,"Update README.md",   1, 1 
55c98fb,Shahin Heidarian,Fri Jun 12 00:13:06 2020,"Update preprocess.py",   1, 2 
bd55daa,Shahin Heidarian,Thu Jun 11 23:58:43 2020,"Add files via upload",   4, 15233 
a4ced48,Shahin Heidarian,Tue May 5 08:12:03 2020,"Delete model.png",   1, 0, 0 
4fadf97,Shahin Heidarian,Tue May 5 08:11:56 2020,"Delete data-resized.png",   1, 0, 0 
9ba2b0e,Shahin Heidarian,Tue May 5 08:10:34 2020,"Update README.md",   1, 1, 1 
a76c74f,Shahin Heidarian,Tue May 5 08:10:09 2020,"Delete cover-caps",   1, 1 
8851933,Shahin Heidarian,Tue May 5 08:09:50 2020,"Add files via upload",   2, 0, 0 
2092e3a,Shahin Heidarian,Tue May 5 08:09:24 2020,"Create cover-caps",   1, 1 
a3fc157,Shahin Heidarian,Wed Apr 22 05:00:26 2020,"Update README.md",   1, 1, 1 
a64a235,Shahin Heidarian,Wed Apr 22 04:59:42 2020,"Update README.md",   1, 1, 1 
5fdb800,Shahin Heidarian,Tue Apr 14 03:47:43 2020,"Update README.md",   1, 1 
ce35dd0,Shahin Heidarian,Tue Apr 14 03:46:03 2020,"Update README.md",   1, 8, 6 
9a0dfe5,Shahin Heidarian,Tue Apr 14 03:41:02 2020,"Update README.md",   1, 10, 9 
4c2db9d,Shahin Heidarian,Tue Apr 14 03:35:08 2020,"Update README.md",   1, 18, 2 
19348aa,Shahin Heidarian,Tue Apr 14 03:18:39 2020,"Update README.md",   1, 12 
136d8f1,Shahin Heidarian,Tue Apr 14 02:58:59 2020,"Create Readme.txt",   1, 27 
a78c5bc,Shahin Heidarian,Tue Apr 14 02:50:50 2020,"Add files via upload",   3, 112120 
5f446df,Shahin Heidarian,Tue Apr 14 02:49:48 2020,"Add files via upload",   3, 112261 
5894929,Shahin Heidarian,Tue Apr 14 02:48:28 2020,"Update test_binary.py",   1, 85, 25 
70d8b8e,Shahin Heidarian,Tue Apr 14 02:47:42 2020,"Update binary.py",   1, 2, 5 
ab29447,Shahin Heidarian,Tue Apr 14 02:38:40 2020,"Add files via upload",   4, 415 
b6db336,Shahin Heidarian,Tue Apr 7 14:46:50 2020,"Update README.md",   1, 2, 2 
e536177,Shahin Heidarian,Tue Apr 7 14:46:09 2020,"Update README.md",   1, 2, 2 
5240157,Shahin Heidarian,Tue Apr 7 14:43:49 2020,"Update README.md",   1, 1 
b2e7de1,Shahin Heidarian,Sun Apr 5 15:45:52 2020,"Update README.md",   1, 1, 1 
d53e8bf,Shahin Heidarian,Sun Apr 5 15:45:02 2020,"Update README.md",   1, 1, 1 
8b2c7c1,Shahin Heidarian,Sun Apr 5 15:41:32 2020,"Update README.md",   1, 1 
da67543,Shahin Heidarian,Sun Apr 5 15:39:25 2020,"Delete capsnet",   1, 1 
d54e5d9,Shahin Heidarian,Sun Apr 5 15:39:10 2020,"Add files via upload",   2, 0, 0 
fb13e1e,Shahin Heidarian,Sun Apr 5 15:38:33 2020,"Create capsnet",   1, 1 
21138e7,Shahin Heidarian,Sun Apr 5 15:31:34 2020,"Delete COVID-CAPS",   1, 1 
c2241ee,Shahin Heidarian,Sun Apr 5 15:31:01 2020,"Create COVID-CAPS",   1, 1 
8922dc7,Shahin Heidarian,Sun Apr 5 05:25:52 2020,"Update README.md",   1, 4 
3bd3f18,ParnianAfshar,Sun Apr 5 02:33:17 2020,"Update README.md",   1, 1, 1 
ac92fa1,ShahinSHH,Sat Apr 4 11:40:19 2020,"Update README.md",   1, 4, 4 
8af6985,ShahinSHH,Sat Apr 4 11:38:16 2020,"Update README.md",   1, 7 
b5a25b7,ShahinSHH,Sat Apr 4 11:31:18 2020,"Add files via upload",   3, 472 
a485af3,ShahinSHH,Sat Apr 4 10:46:30 2020,"Update README.md",   1, 4 
f125afd,ShahinSHH,Sat Apr 4 10:20:20 2020,"Update README.md",   1, 1, 1 
9c57c5d,ShahinSHH,Sat Apr 4 10:19:03 2020,"Create README.md",   1, 33 