commit id,author,date,comment,changed files,lines added,lines deleted

9b3cc01,shankari,Thu Jul 16 09:22:46 2020,"Merge pull request #30 from c19x/patch-1", 
84ace22,shankari,Thu Jul 16 03:33:43 2020,"Fix broken link",   1, 1, 1 
14e24c5,shankari,Fri May 22 00:34:51 2020,"Merge pull request #27 from dspinellis/patch-1", 
363bf4a,shankari,Fri May 22 00:34:19 2020,"Merge pull request #28 from dspinellis/patch-2", 
c020651,shankari,Fri May 22 00:31:36 2020,"Merge pull request #29 from dspinellis/patch-3", 
d095c26,shankari,Thu May 14 08:18:57 2020,"Merge pull request #26 from RaphaelJ/add-covid-tracer", 
272b753,shankari,Tue May 12 23:38:33 2020,"Merge pull request #25 from evger/master", 
1f3c258,shankari,Thu Apr 30 04:37:04 2020,"Merge pull request #24 from tallakt/master", 
8e5a9be,K. Shankari,Thu Apr 16 01:20:36 2020,"Merge branch 'covidtrace-master'", 
101629f,shankari,Wed Apr 15 16:09:01 2020,"Merge pull request #23 from sinakiaei/patch-1", 
2915abb,shankari,Wed Apr 15 16:08:20 2020,"Merge pull request #22 from pzingg/master", 
19fb0be,shankari,Wed Apr 15 15:59:01 2020,"Merge pull request #20 from tyleryasaka/patch-2", 
256b1b8,shankari,Sun Apr 12 00:59:33 2020,"Merge pull request #19 from dougnukem/patch-1", 
7cb2b3f,shankari,Fri Apr 10 05:35:02 2020,"Merge pull request #18 from jssmith/master", 
12f1f84,shankari,Fri Apr 10 02:34:44 2020,"Merge pull request #17 from jssmith/master", 
15c680e,shankari,Thu Apr 9 10:57:10 2020,"Merge pull request #16 from gaurav-nelson/patch-1", 
e012f8a,shankari,Wed Apr 8 03:50:19 2020,"Merge pull request #14 from maxheld83/master", 
f649a99,shankari,Wed Apr 8 03:31:20 2020,"Moved DP-3T to the specs section",   1, 1, 1 
eb6cddc,shankari,Wed Apr 8 03:23:08 2020,"Merge pull request #13 from jssmith/master", 
bd128c1,shankari,Wed Apr 8 03:07:11 2020,"Merge pull request #12 from tyleryasaka/patch-1", 
793bf60,shankari,Wed Apr 8 03:00:06 2020,"Merge pull request #11 from maxheld83/master", 
907224b,shankari,Thu Apr 2 06:44:55 2020,"Merge pull request #9 from mitra42/master", 
1c92124,shankari,Thu Apr 2 06:44:39 2020,"Merge pull request #8 from jssmith/master", 
e642089,shankari,Wed Apr 1 07:07:37 2020,"Merge pull request #7 from jssmith/master", 
9e80838,shankari,Wed Apr 1 02:36:55 2020,"Add link to comparison of BLE apps",   1, 1 
5e91d8b,shankari,Wed Apr 1 02:20:43 2020,"Merge pull request #6 from henningschwabe2030/patch-2", 
1ec0e0c,shankari,Sun Mar 29 07:12:35 2020,"Merge pull request #5 from jssmith/master", 
ef738a8,shankari,Sat Mar 28 11:03:09 2020,"add in couple more links",   1, 2 
1f23519,shankari,Sat Mar 28 09:54:47 2020,"Merge pull request #4 from jssmith/master", 
72ce139,shankari,Sat Mar 28 03:09:10 2020,"Fix formatting",   1, 1 
9d29051,shankari,Sat Mar 28 03:08:33 2020,"Adding the public dataset",   1, 2, 1 
f981e48,shankari,Sat Mar 28 00:34:20 2020,"Added some more links",   1, 4 
a4bf355,shankari,Fri Mar 27 23:45:53 2020,"Merge pull request #3 from henningschwabe2030/patch-1", 
fde02f1,shankari,Fri Mar 27 23:37:18 2020,"Enable CI",   2, 17, 1 
00ffe45,shankari,Fri Mar 27 08:39:41 2020,"Add link checker status key",   1, 2 
0c8d710,shankari,Fri Mar 27 08:37:53 2020,"Fix broken link",   1, 1, 1 
8c5211d,shankari,Fri Mar 27 08:31:09 2020,"Fix yml syntax",   1, 1, 1 
ac36f21,shankari,Fri Mar 27 08:29:42 2020,"Create link-checks.yml",   1, 14 
232722e,shankari,Fri Mar 27 06:49:08 2020,"Merge pull request #1 from avi33tbtt/master", 
2b623eb,shankari,Thu Mar 26 09:38:01 2020,"Added in link to cell tower analysis",   1, 9, 1 
66e84e3,shankari,Thu Mar 26 05:21:46 2020,"Add in the openminded information",   1, 1 
9aed5fb,shankari,Thu Mar 26 04:03:07 2020,"Race for projects",   1, 2 
9a02820,shankari,Thu Mar 26 04:02:15 2020,"Add in manually reported values as well",   1, 9, 2 
1dc2998,shankari,Thu Mar 26 03:54:33 2020,"Add some more projects",   1, 4 
6b46afc,shankari,Thu Mar 26 03:36:39 2020,"Rename index.md to README.md",   1, 0, 0 
ac5b367,shankari,Thu Mar 26 03:35:28 2020,"Add in privacy preserving matching as an option",   1, 16, 11 
fd9e0bf,shankari,Thu Mar 26 01:04:35 2020,"Create initial list",   1, 32 
ba9f64a,shankari,Thu Mar 26 00:36:44 2020,"Set theme jekyll-theme-cayman",   1, 1 
d1cc1e0,shankari,Thu Mar 26 00:25:50 2020,"Initial commit",   1, 29 