commit id,author,date,comment,changed files,lines added,lines deleted

40a09a9,Emmanuel Hayford,Sat Jun 6 20:41:38 2020,"Bump version",   1, 1, 1 
78c68a8,Jorge Oliveira Santos,Sat Jun 6 20:40:14 2020,"Fix column mismatched on Country comparisons (#118)",   3, 8, 6 
cc5a72c,Emmanuel Hayford,Sat Jun 6 10:35:27 2020,"Bump version",   1, 1, 1 
edf4953,Emmanuel Hayford,Sat Jun 6 10:34:15 2020,"CLI Table shows Active Cases on the Recovered column (#117)",   2, 23, 6 
432605f,Emmanuel Hayford,Sat Jun 6 08:39:34 2020,"Bundle update",   1, 10, 10 
d06d09d,Jamie,Sun May 24 03:40:35 2020,"refactor historian methods (#115)",   4, 58, 56 
3624cb4,Emmanuel Hayford,Thu May 14 06:51:28 2020,"Merge branch 'master' of https://github.com/siaw23/kovid", 
013305d,Emmanuel Hayford,Thu May 14 06:50:20 2020,"Use a ternary operator",   3, 5, 6 
1944efd,Emmanuel Hayford,Wed May 13 23:27:12 2020,"Bump version",   2, 7, 7 
7581a02,Hazhir Derakhshi,Wed May 13 23:12:26 2020,"New command: kovid top n (#113)",   7, 180, 9 
1d6dfaf,Emmanuel Hayford,Mon May 11 22:14:46 2020,"Fix variable",   2, 2, 2 
51911cf,Emmanuel Hayford,Sat May 9 06:41:22 2020,"Update data sources",   1, 1, 1 
967fb0c,Emmanuel Hayford,Sat May 9 06:39:02 2020,"Bump",   1, 1, 1 
661245b,Emmanuel Hayford,Sat May 9 06:38:37 2020,"Name column in multiple countries check",   3, 4, 3 
351de30,Emmanuel Hayford,Fri May 8 07:32:03 2020,"Bump",   1, 1, 1 
5fdc12b,Emmanuel Hayford,Fri May 8 07:30:58 2020,"Format",   6, 44, 43 
c8bbb75,Emmanuel Hayford,Sat May 2 20:02:12 2020,"Bump",   2, 1, 3 
16acc37,Emmanuel Hayford,Sat May 2 20:00:25 2020,"Add tests column",   5, 9, 4 
5959fa6,Emmanuel Hayford,Sat May 2 04:43:02 2020,"Bump version",   1, 1, 1 
11450d4,Jamie,Sat May 2 04:38:53 2020,"add state history (#112)",   7, 150, 37 
e0892e8,Emmanuel Hayford,Thu Apr 23 01:32:17 2020,"Update sources",   1, 2, 2 
a1611bf,Emmanuel Hayford,Fri Apr 17 23:13:52 2020,"Update copyrights",   2, 20, 20 
330be9a,Emmanuel Hayford,Fri Apr 17 23:10:05 2020,"Exclude lib/kovid/ascii_charts.rb from test coverage",   1, 3, 1 
bf66b6c,Emmanuel Hayford,Fri Apr 17 22:39:08 2020,"Pull asciicharts code (#110)",   7, 282, 10 
34383ab,Emmanuel Hayford,Fri Apr 17 21:57:48 2020,"Bump version",   1, 1, 1 
9b51962,Emmanuel Hayford,Fri Apr 17 21:56:42 2020,"Bump version",   1, 1, 1 
d7b527a,Emmanuel Hayford,Fri Apr 17 21:54:28 2020,"Fix API path",   1, 4, 4 
8f60572,Emmanuel Hayford,Fri Apr 17 21:41:59 2020,"Fix dependency in lock file",   1, 2, 2 
3619a1e,Josh LeBlanc,Fri Apr 17 21:29:35 2020,"move dependency to correct location (#109)",   2, 2, 5 
d2db8f3,Emmanuel Hayford,Fri Apr 17 05:18:17 2020,"Bump kovid to 0.6.7",   1, 1, 1 
db490f4,Jamie,Fri Apr 17 05:15:52 2020,"add state abbreviations (#108)",   6, 54, 6 
7ba6abb,Emmanuel Hayford,Tue Apr 14 17:58:01 2020,"Use constant directly",   1, 1, 2 
9303bbf,Emmanuel Hayford,Tue Apr 14 17:53:20 2020,"Remove Error class",   1, 2 
cc80a8e,Emmanuel Hayford,Tue Apr 14 17:52:37 2020,"Fix comments",   10, 5, 15 
f6cf445,Emmanuel Hayford,Sat Apr 11 23:46:29 2020,"Refactor",   1, 1, 3 
e0a4fe8,Emmanuel Hayford,Sat Apr 11 23:24:20 2020,"Bump kovid to 0.6.6",   1, 1, 1 
98ae8af,Emmanuel Hayford,Sat Apr 11 23:24:06 2020,"Quick fix for netherlands (#107)",   2, 5, 1 
94dda8a,Luis Arantes,Sat Apr 11 13:21:20 2020,"Rubocop Fix of major offenses (#101)",   15, 349, 204 
f1d5989,Emmanuel Hayford,Fri Apr 10 05:16:15 2020,"Bump kovid to 0.6.5",   1, 1, 1 
44fa601,Emmanuel Hayford,Fri Apr 10 05:15:32 2020,"Update lock",   1, 1, 1 
84aabe2,Josh LeBlanc,Fri Apr 10 05:14:48 2020,"fix states --all option (#105)",   1, 8, 10 
2e235dd,Emmanuel Hayford,Fri Apr 10 03:31:02 2020,"Bump kovid to 0.6.4",   1, 1, 1 
a266b9e,Emmanuel Hayford,Fri Apr 10 03:30:42 2020,"Change our keys are checked in responses (#103)",   2, 11, 13 
87ece19,Emmanuel Hayford,Fri Apr 10 02:15:26 2020,"Bump kovid to 0.6.3",   1, 1, 1 
56036a8,Emmanuel Hayford,Fri Apr 10 02:15:06 2020,"Quick fix (#102)",   1, 12, 10 
ed65201,Emmanuel Hayford,Thu Apr 9 08:07:10 2020,"Refactor (#100)",   2, 20, 20 
4702061,Emmanuel Hayford,Wed Apr 8 02:04:10 2020,"Refactor (#99)",   6, 232, 209 
75a30bf,Emmanuel Hayford,Tue Apr 7 07:20:36 2020,"Bump kovid to 0.6.2",   1, 1, 1 
bb2fb63,Emmanuel Hayford,Tue Apr 7 07:19:57 2020,"Change command name for all US states (#98)",   2, 4, 4 
d7f5f84,Emmanuel Hayford,Mon Apr 6 03:35:27 2020,"Differentiate rows (#97)",   3, 25, 10 
a93d6a6,Emmanuel Hayford,Mon Apr 6 02:28:56 2020,"Bump kovid to 0.6.1",   1, 1, 1 
2726fff,Dylan Andrews,Mon Apr 6 02:25:53 2020,"Allow for all US state comparison and fix specified state comparison (#95)",   5, 45, 9 
64e9eda,Emmanuel Hayford,Mon Apr 6 00:43:40 2020,"Refactor fetch methods (#96)",   2, 7, 12 
3fdd6da,Emmanuel Hayford,Sat Apr 4 02:41:30 2020,"Bump version",   1, 1, 1 
b9e2c8c,Emmanuel Hayford,Sat Apr 4 02:40:28 2020,"Rearrage columns",   1, 6, 6 
c54e31c,Emmanuel Hayford,Fri Apr 3 10:14:09 2020,"Bump version (#93)",   2, 2, 2 
569167d,Emmanuel Hayford,Fri Apr 3 07:56:44 2020,"Bump kovid to 0.5.8",   1, 1, 1 
c71703a,Emmanuel Hayford,Fri Apr 3 07:56:28 2020,"Align timestamp in CLI (#92)",   1, 2, 2 
4c47259,Emmanuel Hayford,Fri Apr 3 05:55:24 2020,"Rubocop",   9, 49, 40 
fd03c9b,Emmanuel Hayford,Fri Apr 3 05:30:21 2020,"Bump kovid to 0.5.7",   1, 1, 1 
998192a,Emmanuel Hayford,Fri Apr 3 05:26:23 2020,"Add dates_source to #states/#provinces" "",   1, 2 
63f5a28,Emmanuel Hayford,Fri Apr 3 05:10:47 2020,"Remove redundant data source info",   1, 4 
3e98164,Emmanuel Hayford,Fri Apr 3 05:04:45 2020,"Bump kovid to 0.5.6",   1, 1, 1 
6fe9a4d,Emmanuel Hayford,Fri Apr 3 05:04:17 2020,"Add time (#90)",   5, 14, 7 
38ed84e,Emmanuel Hayford,Fri Apr 3 02:57:19 2020,"Bump kovid to 0.5.5",   1, 1, 1 
89ddb91,Emmanuel Hayford,Fri Apr 3 02:57:06 2020,"Update README",   1, 1, 1 
a293945,Emmanuel Hayford,Thu Apr 2 22:32:47 2020,"Updaate README",   1, 2 
868f090,James Silberbauer,Thu Apr 2 20:23:36 2020,"Right-align columns in comparison tables (#89)",   1, 28, 4 
23400ff,Emmanuel Hayford,Thu Apr 2 09:09:37 2020,"Break long lines (#88)",   3, 14, 7 
342eabe,Emmanuel Hayford,Thu Apr 2 07:36:23 2020,"Bump kovid to 0.5.4",   1, 1, 1 
fb4a133,Emmanuel Hayford,Thu Apr 2 07:26:29 2020,"Add info on job search",   1, 3, 7 
706e7a1,Emmanuel Hayford,Wed Apr 1 21:18:35 2020,"Bump kovid to 0.5.3",   1, 1, 1 
99c4ce4,Emmanuel Hayford,Wed Apr 1 21:18:31 2020,"Bump version in lock file",   1, 1, 1 
5918689,Josh LeBlanc,Wed Apr 1 21:14:33 2020,"Add provinces functionality (#87)",   6, 121 
5b43340,Emmanuel Hayford,Wed Apr 1 07:17:19 2020,"Remove comments",   1, 10 
90d4aa6,Emmanuel Hayford,Tue Mar 31 08:51:42 2020,"Bump kovid to 0.5.2",   1, 1, 1 
98657c5,Emmanuel Hayford,Tue Mar 31 08:51:33 2020,"Merge branch 'master' of https://github.com/siaw23/kovid", 
5a6357c,Emmanuel Hayford,Tue Mar 31 08:51:26 2020,"Bump kovid to 0.5.1",   1, 1, 1 
aca07f0,Emmanuel Hayford,Tue Mar 31 07:03:42 2020,"Bump required_ruby_version",   1, 1, 1 
9cacc1e,Emmanuel Hayford,Mon Mar 30 12:56:12 2020,"Verion bump",   1, 1, 1 
665a7cf,Emmanuel Hayford,Mon Mar 30 12:55:15 2020,"Compare US states (#82)",   5, 64, 29 
d169d9c,Emmanuel Hayford,Mon Mar 30 08:57:22 2020,"Fix a few things (#81)",   2, 6, 3 
4dca257,Emmanuel Hayford,Mon Mar 30 08:47:46 2020,"Bump kovid to 0.4.11",   1, 1, 1 
ff86ed3,Emmanuel Hayford,Mon Mar 30 08:43:41 2020,"Take care of older Ruby versions (#80)",   4, 20, 8 
9abf921,Josh LeBlanc,Mon Mar 30 07:58:39 2020,"Handle case where state is not found (#79)",   1, 5, 2 
6f1b645,Emmanuel Hayford,Mon Mar 30 06:30:51 2020,"Bump kovid to 0.4.10",   1, 1, 1 
55aa5ca,Emmanuel Hayford,Mon Mar 30 06:30:40 2020,"Fix history checks",   1, 2, 1 
a6b50ab,Emmanuel Hayford,Mon Mar 30 06:26:29 2020,"Add more messages to when the future is checked",   3, 9, 3 
343e51f,Emmanuel Hayford,Mon Mar 30 06:06:37 2020,"Bump kovid to 0.4.9",   1, 1, 1 
2317934,Emmanuel Hayford,Mon Mar 30 06:05:59 2020,"Update command description",   1, 1, 1 
3a8f844,Josh LeBlanc,Mon Mar 30 06:04:33 2020,"fix nil reference (#76)",   1, 1, 1 
f1a0ea6,Josh LeBlanc,Mon Mar 30 05:58:57 2020,"Return a non-zero exit code on failure (#75)",   1, 4 
7b79127,Emmanuel Hayford,Sun Mar 29 20:05:44 2020,"Bump kovid to 0.4.8",   1, 1, 1 
fbcb579,Emmanuel Hayford,Sun Mar 29 20:00:58 2020,"Update README",   1, 2, 3 
26d6481,Emmanuel Hayford,Sun Mar 29 19:57:44 2020,"Update README",   1, 2, 24 
e826781,Emmanuel Hayford,Sun Mar 29 19:53:27 2020,"Asia (#74)",   6, 42, 7 
ee25d19,Emmanuel Hayford,Sun Mar 29 07:58:52 2020,"Bump kovid to 0.4.7",   1, 1, 1 
e0a2991,Emmanuel Hayford,Sun Mar 29 07:54:14 2020,"South America (#73)",   6, 31, 3 
3c22ad4,Emmanuel Hayford,Sun Mar 29 07:24:44 2020,"Remove comments (#72)",   2, 3, 4 
1805ea7,Emmanuel Hayford,Sun Mar 29 07:13:23 2020,"Bump kovid to 0.4.6",   1, 1, 1 
50eab17,Emmanuel Hayford,Sun Mar 29 07:12:40 2020,"Complete Europe (#71)",   6, 78, 61 
ce659e4,Emmanuel Hayford,Sun Mar 29 01:50:06 2020,"Bump kovid to 0.4.5",   1, 1, 1 
4091cef,Emmanuel Hayford,Sun Mar 29 01:49:01 2020,"Merge branch 'master' of https://github.com/siaw23/kovid", 
f571098,Emmanuel Hayford,Sun Mar 29 01:48:54 2020,"Update README",   1, 1 
d7ce72b,Emmanuel Hayford,Sun Mar 29 00:15:58 2020,"Update README",   1, 4, 4 
3684872,Emmanuel Hayford,Sat Mar 28 23:27:08 2020,"Update lock",   2, 1, 2 
6d7c781,Emmanuel Hayford,Sat Mar 28 23:24:18 2020,"Bump kovid to 0.4.4",   1, 1, 1 
202c09d,Emmanuel Hayford,Sat Mar 28 23:22:49 2020,"Refactor",   1, 17, 14 
a8e0a93,Emmanuel Hayford,Sat Mar 28 22:54:55 2020,"Rearrange tabel columns",   3, 8, 8 
e2b186b,Emmanuel Hayford,Sat Mar 28 10:09:38 2020,"Bump kovid to 0.4.3",   1, 1, 1 
132327d,Emmanuel Hayford,Sat Mar 28 10:09:14 2020,"Update README",   1, 11 
cc98cca,Emmanuel Hayford,Sat Mar 28 09:40:31 2020,"Update lock",   1, 2, 8 
d68a680,Emmanuel Hayford,Sat Mar 28 09:38:46 2020,"Histogram experimental (#69)",   9, 114, 9 
47a2c28,Michał Olejniczak,Sat Mar 28 02:49:04 2020,"Show version (#67)",   1, 5 
66917a1,Emmanuel Hayford,Fri Mar 27 23:58:58 2020,"Refactor (#66)",   3, 26, 27 
89806ed,Emmanuel Hayford,Fri Mar 27 10:55:17 2020,"Fix constant",   1, 1, 1 
92d556f,Emmanuel Hayford,Fri Mar 27 10:51:52 2020,"Extract to constant",   3, 12, 11 
0cacaf9,Emmanuel Hayford,Fri Mar 27 10:41:55 2020,"Update",   1, 3, 3 
2fb4079,Emmanuel Hayford,Fri Mar 27 10:40:32 2020,"Bump kovid to 0.4.2",   1, 1, 1 
33427b0,Emmanuel Hayford,Fri Mar 27 10:40:19 2020,"Remove emojis",   2, 4, 4 
0911cad,Emmanuel Hayford,Fri Mar 27 10:21:39 2020,"Delimit with comma (#65)",   1, 3, 3 
29bf1e5,Emmanuel Hayford,Fri Mar 27 10:13:39 2020,"Bump kovid to 0.4.1",   1, 1, 1 
19dfc57,Emmanuel Hayford,Fri Mar 27 08:11:20 2020,"Fix test",   2, 2, 2 
3330978,Emmanuel Hayford,Fri Mar 27 07:55:52 2020,"Add EU emoji (#63)",   1, 1, 1 
c87d923,Emmanuel Hayford,Fri Mar 27 07:41:27 2020,"Bump version",   1, 1, 1 
5b68087,Emmanuel Hayford,Fri Mar 27 07:39:50 2020,"Update emojis (#62)",   1, 11, 6 
527ff67,Emmanuel Hayford,Fri Mar 27 07:15:52 2020,"Add emoji flags (#60)",   2, 9, 10 
d9c50b5,Emmanuel Hayford,Fri Mar 27 05:30:28 2020,"Bump kovid to 0.3.16",   1, 1, 1 
f09f2c5,Emmanuel Hayford,Fri Mar 27 05:30:01 2020,"Fix history (#59)",   2, 3, 2 
2a2f8ea,Emmanuel Hayford,Fri Mar 27 05:00:16 2020,"Mini refactor (#58)",   2, 11, 9 
41e5445,Emmanuel Hayford,Fri Mar 27 04:49:30 2020,"Bump kovid to 0.3.15",   1, 1, 1 
9d23696,Michał Olejniczak,Fri Mar 27 04:48:07 2020,"Remove empty days in history (#57)",   1, 3 
3947d39,Emmanuel Hayford,Fri Mar 27 03:18:35 2020,"Bump kovid to 0.3.14",   1, 1, 1 
07aa1be,Emmanuel Hayford,Fri Mar 27 03:18:14 2020,"Save progress rescue error (#56)",   4, 39, 2 
e71c0ac,Emmanuel Hayford,Fri Mar 27 00:16:57 2020,"Bump kovid to 0.3.13",   1, 1, 1 
e3ad6e0,Emmanuel Hayford,Fri Mar 27 00:14:47 2020,"Add some tests (#55)",   4, 57, 22 
6edfe3b,Emmanuel Hayford,Thu Mar 26 23:00:27 2020,"Add more details to basic commands (#54)",   3, 30, 11 
af42bda,Emmanuel Hayford,Thu Mar 26 20:46:10 2020,"Move message",   2, 2, 1 
40fd04d,Emmanuel Hayford,Thu Mar 26 19:49:24 2020,"Bump kovid to 0.3.12",   1, 1, 1 
ba6737c,Emmanuel Hayford,Thu Mar 26 19:48:57 2020,"fix (#53)",   1, 1 
d215401,Emmanuel Hayford,Thu Mar 26 19:07:31 2020,"Shorten lines (#52)",   3, 23, 11 
cc1b000,Emmanuel Hayford,Thu Mar 26 16:48:55 2020,"Bump kovid to 0.3.11",   1, 1, 1 
df31fb7,Emmanuel Hayford,Thu Mar 26 16:48:43 2020,"Quick fix; coerce nil into Float (#51)",   1, 2 
f08df27,Emmanuel Hayford,Thu Mar 26 09:30:09 2020,"Bump kovid to 0.3.10",   1, 1, 1 
c019ca0,Emmanuel Hayford,Thu Mar 26 09:28:45 2020,"Save small changes",   3, 3, 3 
ad4ad60,Emmanuel Hayford,Thu Mar 26 08:13:22 2020,"Update README",   1, 1, 1 
e1b3605,Emmanuel Hayford,Thu Mar 26 08:05:54 2020,"Update README",   1, 6, 6 
ebf190b,Emmanuel Hayford,Thu Mar 26 08:01:25 2020,"Update README",   3, 19, 46 
ca1acc2,Emmanuel Hayford,Thu Mar 26 06:56:13 2020,"Bump kovid to 0.3.9",   1, 1, 1 
1e37d92,Emmanuel Hayford,Thu Mar 26 06:56:03 2020,"Update images",   2, 10, 10 
dfe4555,Emmanuel Hayford,Thu Mar 26 06:19:51 2020,"Small refactor",   4, 24, 12 
3317565,Emmanuel Hayford,Thu Mar 26 05:24:10 2020,"Bump kovid to 0.3.8",   1, 1, 1 
f891651,Emmanuel Hayford,Thu Mar 26 05:24:00 2020,"Small update",   2, 2, 1 
9d033cd,Emmanuel Hayford,Thu Mar 26 05:16:35 2020,"Bump kovid to 0.3.7",   1, 1, 1 
2a2db50,Emmanuel Hayford,Thu Mar 26 05:16:22 2020,"Update data sources",   3, 6, 6 
2bfe2b6,Emmanuel Hayford,Thu Mar 26 04:51:35 2020,"Bump kovid to 0.3.6",   1, 1, 1 
2975475,Emmanuel Hayford,Thu Mar 26 04:51:23 2020,"Add data source and update history source", 
0de835c,Emmanuel Hayford,Thu Mar 26 04:49:27 2020,"Bump kovid to 0.3.5",   1, 1, 1 
f51eb38,Emmanuel Hayford,Thu Mar 26 03:54:50 2020,"Bump kovid to 0.3.4",   1, 1, 1 
5ea74c2,Emmanuel Hayford,Thu Mar 26 03:54:41 2020,"Fix typos",   1, 2, 2 
5478ca9,Emmanuel Hayford,Thu Mar 26 03:22:25 2020,"Bump kovid to 0.3.3",   1, 1, 1 
0b321ab,Emmanuel Hayford,Thu Mar 26 03:21:43 2020,"Fetch aggregated EU data (#49)",   5, 50 
987036b,Emmanuel Hayford,Wed Mar 25 23:37:04 2020,"Remove covid definition (#48)",   4, 1, 18 
e47bd6e,Emmanuel Hayford,Wed Mar 25 22:08:58 2020,"Bump kovid to 0.3.2",   1, 1, 1 
77d9a2d,Emmanuel Hayford,Wed Mar 25 22:08:36 2020,"Routine check (#47)",   6, 44, 42 
8878c22,Emmanuel Hayford,Wed Mar 25 19:14:39 2020,"Update README",   1, 22, 26 
9433c61,Emmanuel Hayford,Wed Mar 25 12:32:06 2020,"Bump kovid to 0.3.1",   1, 1, 1 
94b8018,Emmanuel Hayford,Wed Mar 25 12:30:06 2020,"fix",   1, 7, 7 
75c9df7,Emmanuel Hayford,Wed Mar 25 12:20:25 2020,"Update lockfile",   1, 1, 1 
336a9e8,Emmanuel Hayford,Wed Mar 25 12:19:44 2020,"Bump version",   1, 1, 1 
4a90bb6,Emmanuel Hayford,Wed Mar 25 12:18:50 2020,"Fixes (#45)",   4, 25, 11 
0ee99a0,Emmanuel Hayford,Wed Mar 25 11:52:45 2020,"Bump kovid to 0.2.8",   1, 1, 1 
ece66a0,Emmanuel Hayford,Wed Mar 25 11:52:23 2020,"fix (#44)",   1, 2, 1 
32d260c,Emmanuel Hayford,Wed Mar 25 11:43:59 2020,"Bump kovid to 0.2.7",   1, 1, 1 
0e01b4d,Emmanuel Hayford,Wed Mar 25 09:41:20 2020,"Add flag emojis to headings (#43)",   1, 24, 6 
42604ee,Viktor Fonic,Wed Mar 25 09:07:34 2020,"Switch from 'colorize' to 'rainbow' (#41)",   3, 9, 9 
8d70b5c,Emmanuel Hayford,Wed Mar 25 07:14:47 2020,"Refactor (#39)",   4, 14, 12 
e56c02a,Emmanuel Hayford,Wed Mar 25 05:20:15 2020,"Bump kovid to 0.2.6",   1, 1, 1 
9e14bca,Emmanuel Hayford,Wed Mar 25 05:19:47 2020,"Remove warning",   1, 4 
4d9633f,Emmanuel Hayford,Wed Mar 25 05:16:15 2020,"Update test",   1, 2, 2 
4501e64,Emmanuel Hayford,Wed Mar 25 03:32:15 2020,"Small update",   2, 1, 2 
b1f6ce7,Emmanuel Hayford,Wed Mar 25 03:27:01 2020,"Update READMNE (#38)",   4, 9, 7 
cbfa675,Emmanuel Hayford,Wed Mar 25 01:47:42 2020,"Bump kovid to 0.2.5",   1, 1, 1 
3a84942,Emmanuel Hayford,Wed Mar 25 01:45:02 2020,"Add params to history checking (#36)",   6, 42, 24 
48b00dc,Emmanuel Hayford,Wed Mar 25 00:22:00 2020,"Update README (#35)",   4, 14, 13 
a86026d,Emmanuel Hayford,Tue Mar 24 23:49:32 2020,"Specify gem versions (#34)",   1, 4, 4 
a77142c,Emmanuel Hayford,Tue Mar 24 23:33:40 2020,"Bump kovid to 0.2.4",   1, 1, 1 
d757601,Emmanuel Hayford,Tue Mar 24 23:33:08 2020,"Add note (#33)",   1, 3 
5c5642b,Emmanuel Hayford,Tue Mar 24 23:12:24 2020,"Bump kovid to 0.2.3",   1, 1, 1 
b20defa,Emmanuel Hayford,Tue Mar 24 23:12:04 2020,"Post note on Active value (#32)",   1, 2 
c7e5e49,Emmanuel Hayford,Tue Mar 24 22:49:22 2020,"Refactor (#31)",   6, 55, 28 
f611536,Emmanuel Hayford,Tue Mar 24 09:38:31 2020,"Bump kovid to 0.2.2",   1, 1, 1 
5046a19,Emmanuel Hayford,Tue Mar 24 09:37:06 2020,"Small fix",   4, 7, 6 
269a848,Emmanuel Hayford,Tue Mar 24 07:57:41 2020,"Remove pry",   1, 4, 9 
e26ef6f,Emmanuel Hayford,Tue Mar 24 07:38:25 2020,"Bump kovid to 0.2.1",   1, 1, 1 
a8d51cc,Emmanuel Hayford,Tue Mar 24 07:38:15 2020,"Update README",   1, 1, 1 
eccae09,Emmanuel Hayford,Tue Mar 24 07:35:27 2020,"Add historical data (#30)",   7, 71, 14 
750e854,Emmanuel Hayford,Tue Mar 24 01:37:27 2020,"Bump version number",   2, 4, 4 
0eb502d,Emmanuel Hayford,Tue Mar 24 01:12:31 2020,"Bump kovid to 0.1.15",   1, 1, 1 
0f34068,Emmanuel Hayford,Tue Mar 24 01:11:58 2020,"Post install msg (#29)",   2, 18, 1 
45efdfb,Emmanuel Hayford,Tue Mar 24 00:05:57 2020,"Small fix (#28)",   3, 3, 4 
831b343,Emmanuel Hayford,Mon Mar 23 23:50:50 2020,"Bump kovid to 0.1.14",   1, 1, 1 
4b7968e,Emmanuel Hayford,Mon Mar 23 23:49:55 2020,"Colour (#27)",   8, 95, 46 
2de47eb,Emmanuel Hayford,Mon Mar 23 18:05:10 2020,"More fixes (#26)",   4, 13, 16 
db547fb,Emmanuel Hayford,Mon Mar 23 15:58:37 2020,"Few fixes (#25)",   8, 134, 124 
45f5dbd,Emmanuel Hayford,Mon Mar 23 15:09:57 2020,"Bump kovid to 0.1.13",   1, 1, 1 
f4e75e1,Emmanuel Hayford,Mon Mar 23 15:09:41 2020,"Remove require pry",   2, 3, 2 
f12a53e,Emmanuel Hayford,Mon Mar 23 03:30:14 2020,"Bump kovid to 0.1.12",   1, 1, 1 
3e59bde,Emmanuel Hayford,Mon Mar 23 03:29:24 2020,"Move execs to their folder",   5, 4, 4 
55819c8,Emmanuel Hayford,Mon Mar 23 02:51:12 2020,"Update README",   1, 5, 4 
e053a98,Emmanuel Hayford,Mon Mar 23 01:36:25 2020,"Bump kovid to 0.1.11",   1, 1, 1 
f750c6b,Emmanuel Hayford,Mon Mar 23 01:36:14 2020,"Update README",   3, 17, 8 
c5fb6f7,Emmanuel Hayford,Mon Mar 23 00:37:40 2020,"Bump kovid to 0.1.10",   1, 1, 1 
ab7fe7f,Emmanuel Hayford,Mon Mar 23 00:37:15 2020,"States (#23)",   4, 5, 8 
8f4505c,Emmanuel Hayford,Mon Mar 23 00:27:23 2020,"States (#22)",   1, 1, 1 
3969714,Emmanuel Hayford,Mon Mar 23 00:24:45 2020,"Fetch state data (#21)",   5, 43 
13f6376,Emmanuel Hayford,Sun Mar 22 22:47:00 2020,"Testing (#20)",   3, 60, 22 
77ef2e1,Emmanuel Hayford,Sun Mar 22 21:52:03 2020,"Add basic testing (#19)",   10, 79, 37 
6720295,Emmanuel Hayford,Sun Mar 22 19:06:47 2020,"Bump kovid to 0.1.9",   1, 1, 1 
a5e8805,Emmanuel Hayford,Sun Mar 22 19:06:23 2020,"More refactor (#18)",   2, 2, 2 
a2f47f2,Emmanuel Hayford,Sun Mar 22 18:41:33 2020,"Refactorise (#17)",   2, 44, 29 
2899edc,Emmanuel Hayford,Sun Mar 22 18:12:51 2020,"Bump kovid to 0.1.8",   1, 1, 1 
c3c6651,Emmanuel Hayford,Sun Mar 22 18:11:52 2020,"Add sorting (#16)",   2, 11, 6 
a5fc621,Emmanuel Hayford,Sun Mar 22 04:24:49 2020,"Update definition and README (#15)",   5, 32, 29 
511bfce,Emmanuel Hayford,Sun Mar 22 03:14:14 2020,"Bump kovid to 0.1.7",   1, 1, 1 
65509b6,Emmanuel Hayford,Sun Mar 22 03:13:38 2020,"Handle more errors (#12)",   1, 18, 15 
e51e572,Emmanuel Hayford,Sun Mar 22 02:56:23 2020,"Bump kovid to 0.1.6",   1, 1, 1 
22d6fdf,Emmanuel Hayford,Sun Mar 22 02:52:40 2020,"4 zero case error (#11)",   1, 19, 4 
04c7bec,Emmanuel Hayford,Sun Mar 22 01:19:55 2020,"Remove exe folder (#9)",   2, 2, 2 
fcaa3e6,Emmanuel Hayford,Sun Mar 22 00:17:44 2020,"Update README",   1, 20, 5 
388ed0d,Emmanuel Hayford,Sun Mar 22 00:00:39 2020,"Add new command (#8)",   8, 77, 18 
9d52ffa,Emmanuel Hayford,Sat Mar 21 21:13:50 2020,"Bump kovid to 0.1.4",   1, 1, 1 
0cb5439,Emmanuel Hayford,Sat Mar 21 21:13:30 2020,"Merge pull request #7 from siaw23/6_full_table_comparision", 
c44c17a,Emmanuel Hayford,Sat Mar 21 20:45:10 2020,"Basic functionality",   11, 308, 29 
1acf3ec,Emmanuel Hayford,Sat Mar 21 19:45:43 2020,"Bump kovid to 0.1.3",   1, 1, 1 
38d987b,Emmanuel Hayford,Sat Mar 21 19:45:24 2020,"Add basic functionality",   11, 266, 29 
518aa66,Emmanuel Hayford,Sat Mar 21 09:50:19 2020,"Bump kovid to 0.1.2",   1, 1, 1 
41c47bb,Emmanuel Hayford,Sat Mar 21 09:50:09 2020,"Update README",   11, 219, 29 
443df3d,Emmanuel Hayford,Sat Mar 21 09:06:04 2020,"Bump kovid to 0.1.1",   1, 1, 1 
bd3e284,Emmanuel Hayford,Sat Mar 21 09:04:55 2020,"update",   1, 2 
1b9fe10,Emmanuel Hayford,Sat Mar 21 08:53:57 2020,"update",   1, 1 
bb1b42d,Emmanuel Hayford,Sat Mar 21 08:52:17 2020,"update",   1, 4, 9 
c0819eb,Emmanuel Hayford,Sat Mar 21 08:38:55 2020,"add",   1, 2 
09bcd5c,Emmanuel Hayford,Sat Mar 21 08:38:11 2020,"update",   1, 1, 1 
da527d9,Emmanuel Hayford,Sat Mar 21 08:37:03 2020,"Update",   1, 10, 4 
f78ae9b,Emmanuel Hayford,Sat Mar 21 07:46:17 2020,"Basic working version",   10, 198, 9 
5baf910,Emmanuel Hayford,Sat Mar 21 01:46:08 2020,"Add basic details",   2, 40, 6 
2e65dac,Emmanuel Hayford,Sat Mar 21 01:39:42 2020,"Initial commit",   15, 255 