commit id,author,date,comment,changed files,lines added,lines deleted

54b2ce9,dependabot[bot],Fri Sep 11 19:52:07 2020,"Bump http-proxy from 1.18.0 to 1.18.1 in /www",   1, 8, 3 
10c5d69,dependabot[bot],Sat Sep 5 15:46:55 2020,"Bump 
hapi/hoek from 8.5.0 to 8.5.1 in /www",   1, 8, 3 
e2c9c7a,dependabot[bot],Sun Aug 2 01:13:04 2020,"Bump elliptic from 6.5.2 to 6.5.3 in /www",   1, 8, 3 
fd72509,dependabot[bot],Mon Jul 20 03:37:28 2020,"Bump lodash from 4.17.15 to 4.17.19 in /www",   1, 8, 3 
5ca7ca6,dependabot[bot],Mon Jun 8 08:11:12 2020,"Bump websocket-extensions from 0.1.3 to 0.1.4 in /www",   1, 8, 3 
5a10806,dependabot[bot],Mon Apr 6 09:14:44 2020,"Bump acorn from 6.4.0 to 6.4.1 in /www",   1, 8, 3 
a365585,simonblowsnow,Fri Mar 20 16:17:16 2020,"Update README.md",   1, 1, 1 
f807d88,simon,Sun Mar 1 04:03:25 2020,"repaire start shell for linux",   1, 1, 1 
9622830,simon,Sun Mar 1 03:52:58 2020,"整理项目结构",   71, 0, 0 
d2fd027,simon,Sun Mar 1 03:51:03 2020,"整理项目结构",   721, 2, 4578 
f74e0fb,simonblowsnow,Tue Feb 25 05:17:14 2020,"Delete redisEx2.pyc",   1, 0, 0 
a99b2ba,simonblowsnow,Tue Feb 25 05:17:02 2020,"Delete redisEx2.py",   1, 285 
ea5a167,simon,Thu Feb 20 05:50:54 2020,"完成疫情小区三种可视化效果",   8, 6, 7 
5fa2f65,simon,Thu Feb 20 05:38:48 2020,"完成疫情小区三种可视化效果",   32, 361, 164 
7d28885,simon,Wed Feb 19 20:13:43 2020,"完美实现3D暗黑地图增加小区名Label效果",   6, 37, 20 
624445b,simon,Wed Feb 19 09:32:24 2020,"完成3D建筑物和流动线条，3D标签初步调试",   1, 1, 1 
bfa5e40,simon,Wed Feb 19 09:29:42 2020,"完成3D建筑物和流动线条，3D标签初步调试",   31, 1811, 84 
3f8e11b,simon,Tue Feb 18 04:05:04 2020,"完成疫情小区数据入库及行政区域清洗",   30, 440697, 56 
b8c7a29,simon,Mon Feb 17 03:41:40 2020,"国内及各省数据定时更新",   1, 3, 2 
5ba52f8,simon,Mon Feb 17 03:39:01 2020,"国内及各省数据定时更新",   1, 18, 5 
8ba997b,simon,Mon Feb 17 03:24:15 2020,"国内及各省数据定时更新",   30, 696, 52 
9d53d4d,simon,Sun Feb 16 17:54:04 2020,"省级数据增加增量更新机制",   4, 22, 17 
c70d77f,simon,Sun Feb 16 02:51:23 2020,"back",   4, 42, 7 
29c8241,simon,Sat Feb 15 05:17:40 2020,"数据更新时判断地区行政级别",   7, 10, 10 
27431ad,simon,Sat Feb 15 05:08:25 2020,"数据更新时判断地区行政级别",   4, 42538, 4 
49464d2,simon,Sat Feb 15 04:47:30 2020,"数据更新时判断地区行政级别",   10, 17, 11 
5e00122,simon,Fri Feb 14 07:07:11 2020,"曲线分析图优化移动端显示",   148, 110, 102 
eab0628,simon,Fri Feb 14 02:15:50 2020,"lines test",   9, 98, 49 
9ce2abe,simon,Thu Feb 13 16:00:15 2020,"add lines",   3, 3, 2 
b6dd6bd,simon,Wed Feb 12 23:12:00 2020,"v1.0测试版",   133, 242, 205 
ccba1bc,simon,Wed Feb 12 16:03:58 2020,"v1.1 测试版",   2, 129, 184 
6f2bac2,simon,Wed Feb 12 15:19:10 2020,"v1.1 测试版",   51, 96, 645 
c56644c,simon,Wed Feb 12 00:14:25 2020,"v1.0测试版",   1, 5, 6 
37e38ee,simon,Tue Feb 11 23:45:34 2020,"v1.0测试版",   1, 4, 6 
27552f5,simon,Tue Feb 11 23:39:14 2020,"v1.0测试版",   148, 123, 11 
fc0704b,simon,Tue Feb 11 20:45:34 2020,"v1.0测试版",   145, 80, 42 
264fbd1,simon,Tue Feb 11 15:48:58 2020,"优化移动端显示",   8, 19, 14 
512767c,simon,Tue Feb 11 03:51:25 2020,"完成四种数据视图切换",   9, 1, 234 
afa6c6b,simon,Tue Feb 11 03:50:04 2020,"完成四种数据视图切换",   9, 327, 166 
afefc9e,simon,Mon Feb 10 04:44:55 2020,"完成全国、省两级的地图和条形图时间序列动效",   1, 22, 3 
97db196,simon,Mon Feb 10 04:38:06 2020,"完成全国、省两级的地图和条形图时间序列动效",   22, 4089, 133 
0af835f,simon,Sat Feb 8 02:41:13 2020,"初步完成区域数据条形图时间序列动效",   9, 336, 44 
43a8f0e,simon,Fri Feb 7 05:19:23 2020,"完成数据清洗，前端完成下钻到二级地图和条形图",   1, 5, 4 
ed41be0,simon,Fri Feb 7 05:12:18 2020,"完成数据清洗，前端完成下钻到二级地图和条形图",   4, 32, 13 
6c73c1f,simon,Fri Feb 7 04:44:00 2020,"完成数据清洗，前端完成下钻到二级地图和条形图",   1, 1, 1 
5afda9b,simon,Fri Feb 7 04:43:37 2020,"完成数据清洗，前端完成下钻到二级地图和条形图",   27, 416, 130 
d28bfad,simon,Thu Feb 6 03:56:28 2020,"增加全国所有三级地图文件，统一不同级别地图和数据加载逻辑",   1, 3, 1 
5eed16a,simon,Thu Feb 6 03:50:20 2020,"增加全国所有三级地图文件，统一不同级别地图和数据加载逻辑",   3, 1, 1 
af8a1d0,simon,Thu Feb 6 03:40:00 2020,"增加全国所有三级地图文件，统一不同级别地图和数据加载逻辑",   3, 9, 7 
8052016,simon,Thu Feb 6 03:22:08 2020,"增加全国所有三级地图文件，统一不同级别地图和数据加载逻辑",   384, 451, 100 
e0b7897,simon,Wed Feb 5 19:53:58 2020,"完成全国地图和条形图，优化移动端自适应",   8, 64, 15 
7e42488,simon,Wed Feb 5 05:10:08 2020,"完成各省数据分类对比图",   323, 39764, 45 
b789aef,simon,Tue Feb 4 20:28:43 2020,"init",   3, 88, 1 
dae1754,simon,Tue Feb 4 19:00:50 2020,"init",   565, 96094 